#usda 1.0
(
    defaultPrim = "Track"
    metersPerUnit = 1
    upAxis = "Z"
)
def Xform "Track"
{
    def Mesh "mesh" (apiSchemas = ["PhysicsCollisionAPI", "PhysicsMeshCollisionAPI"])
    {
        uniform token physics:approximation = "none"
        int[] faceVertexCounts = [3, 3, 3, 3, 3, 3, 3, 3, 3, 3, 3, 3, 3, 3, 3, 3, 3, 3, 3, 3, 3, 3, 3, 3, 3, 3, 3, 3, 3, 3, 3, 3, 3, 3, 3, 3, 3, 3, 3, 3, 3, 3, 3, 3, 3, 3, 3, 3, 3, 3, 3, 3, 3, 3, 3, 3, 3, 3, 3, 3, 3, 3, 3, 3, 3, 3, 3, 3, 3, 3, 3, 3, 3, 3, 3, 3, 3, 3, 3, 3, 3, 3, 3, 3, 3, 3, 3, 3, 3, 3, 3, 3, 3, 3, 3, 3, 3, 3, 3, 3, 3, 3, 3, 3, 3, 3, 3, 3, 3, 3, 3, 3, 3, 3, 3, 3, 3, 3, 3, 3, 3, 3, 3, 3, 3, 3, 3, 3, 3, 3, 3, 3, 3, 3, 3, 3, 3, 3, 3, 3, 3, 3, 3, 3, 3, 3, 3, 3, 3, 3, 3, 3, 3, 3, 3, 3, 3, 3, 3, 3, 3, 3, 3, 3, 3, 3, 3, 3, 3, 3, 3, 3, 3, 3, 3, 3, 3, 3, 3, 3, 3, 3, 3, 3, 3, 3, 3, 3, 3, 3, 3, 3, 3, 3, 3, 3, 3, 3, 3, 3, 3, 3, 3, 3, 3, 3, 3, 3, 3, 3, 3, 3, 3, 3, 3, 3, 3, 3, 3, 3, 3, 3, 3, 3, 3, 3, 3, 3, 3, 3, 3, 3, 3, 3, 3, 3, 3, 3, 3, 3, 3, 3, 3, 3, 3, 3, 3, 3, 3, 3, 3, 3, 3, 3, 3, 3, 3, 3, 3, 3, 3, 3, 3, 3, 3, 3, 3, 3, 3, 3, 3, 3, 3, 3, 3, 3, 3, 3, 3, 3, 3, 3, 3, 3, 3, 3, 3, 3, 3, 3, 3, 3, 3, 3, 3, 3, 3, 3, 3, 3, 3, 3, 3, 3, 3, 3, 3, 3, 3, 3, 3, 3, 3, 3, 3, 3, 3, 3, 3, 3, 3, 3, 3, 3, 3, 3, 3, 3, 3, 3, 3, 3, 3, 3, 3, 3, 3, 3, 3, 3, 3, 3, 3, 3, 3, 3, 3, 3, 3, 3, 3, 3, 3, 3, 3, 3, 3, 3, 3, 3, 3, 3, 3, 3, 3, 3, 3, 3, 3, 3, 3, 3, 3, 3, 3, 3, 3, 3, 3, 3, 3, 3, 3, 3, 3, 3, 3, 3, 3, 3, 3, 3, 3, 3, 3, 3, 3, 3, 3, 3, 3, 3, 3, 3, 3, 3, 3, 3, 3, 3, 3, 3, 3, 3, 3, 3, 3, 3, 3, 3, 3, 3, 3, 3, 3, 3, 3, 3, 3, 3, 3, 3, 3, 3, 3, 3, 3, 3, 3, 3, 3, 3, 3, 3, 3, 3, 3, 3, 3, 3, 3, 3, 3, 3, 3, 3, 3, 3, 3, 3, 3, 3, 3, 3, 3, 3, 3, 3, 3, 3, 3, 3, 3, 3, 3, 3, 3, 3, 3, 3, 3, 3, 3, 3, 3, 3, 3, 3, 3, 3, 3, 3, 3, 3, 3, 3, 3, 3, 3, 3, 3, 3, 3, 3, 3, 3, 3, 3, 3, 3, 3, 3, 3, 3, 3, 3, 3, 3, 3, 3, 3, 3, 3, 3, 3, 3, 3, 3, 3, 3, 3, 3, 3, 3, 3, 3, 3, 3, 3, 3, 3, 3, 3, 3, 3, 3, 3, 3, 3, 3, 3, 3, 3, 3, 3, 3, 3, 3, 3, 3, 3, 3, 3, 3, 3, 3, 3, 3, 3, 3, 3, 3, 3, 3, 3, 3, 3, 3, 3, 3, 3, 3, 3, 3, 3, 3, 3, 3, 3, 3, 3, 3, 3, 3, 3, 3, 3, 3, 3, 3, 3, 3, 3, 3, 3, 3, 3, 3, 3, 3, 3, 3, 3, 3, 3, 3, 3, 3, 3, 3, 3, 3, 3, 3, 3, 3, 3, 3, 3, 3, 3, 3, 3, 3, 3, 3, 3, 3, 3, 3, 3, 3, 3, 3, 3, 3, 3, 3, 3, 3, 3, 3, 3, 3, 3, 3, 3, 3, 3, 3, 3, 3, 3, 3, 3, 3, 3, 3, 3, 3, 3, 3, 3, 3, 3, 3, 3, 3, 3, 3, 3, 3, 3, 3, 3, 3, 3, 3, 3, 3, 3, 3, 3, 3, 3, 3, 3, 3, 3, 3, 3, 3, 3, 3, 3, 3, 3, 3, 3, 3, 3, 3, 3, 3, 3, 3, 3, 3, 3, 3, 3, 3, 3, 3, 3, 3, 3, 3, 3, 3, 3, 3, 3, 3, 3, 3, 3, 3, 3, 3, 3, 3, 3, 3, 3, 3, 3, 3, 3, 3, 3, 3, 3, 3, 3, 3, 3, 3, 3, 3, 3, 3, 3, 3, 3, 3, 3, 3, 3, 3, 3, 3, 3, 3, 3, 3, 3, 3, 3, 3, 3, 3, 3, 3, 3, 3, 3, 3, 3, 3, 3, 3, 3, 3, 3, 3, 3, 3, 3, 3, 3, 3, 3, 3, 3, 3, 3, 3, 3, 3, 3, 3, 3, 3, 3, 3, 3, 3, 3, 3, 3, 3, 3, 3, 3, 3, 3, 3, 3, 3, 3, 3, 3, 3, 3, 3, 3, 3, 3, 3, 3, 3, 3, 3, 3, 3, 3, 3, 3, 3, 3, 3, 3, 3, 3, 3, 3, 3, 3, 3, 3, 3, 3, 3, 3, 3, 3, 3, 3, 3, 3, 3, 3, 3, 3, 3, 3, 3, 3, 3, 3, 3, 3, 3, 3, 3, 3, 3, 3, 3, 3, 3, 3, 3, 3, 3, 3, 3, 3, 3, 3, 3, 3, 3, 3, 3, 3, 3, 3, 3, 3, 3, 3, 3, 3, 3, 3, 3, 3, 3, 3, 3, 3, 3, 3, 3, 3, 3, 3, 3, 3, 3, 3, 3, 3, 3, 3, 3, 3, 3, 3, 3, 3, 3, 3, 3, 3, 3, 3, 3, 3, 3, 3, 3, 3, 3, 3, 3, 3, 3, 3, 3, 3, 3, 3, 3, 3, 3, 3, 3, 3, 3, 3, 3, 3, 3, 3, 3, 3, 3, 3, 3, 3, 3, 3, 3, 3, 3, 3, 3, 3, 3, 3, 3, 3, 3, 3, 3, 3, 3, 3, 3, 3, 3, 3, 3, 3, 3, 3, 3, 3, 3, 3, 3, 3, 3, 3, 3, 3, 3, 3, 3, 3, 3, 3, 3, 3, 3, 3, 3, 3, 3, 3, 3, 3, 3, 3, 3, 3, 3, 3, 3, 3, 3, 3, 3, 3, 3, 3, 3, 3, 3, 3, 3, 3, 3, 3, 3, 3, 3, 3, 3, 3, 3, 3, 3, 3, 3, 3, 3, 3, 3, 3, 3, 3, 3, 3, 3, 3, 3, 3, 3, 3, 3, 3, 3, 3, 3, 3, 3, 3, 3, 3, 3, 3, 3, 3, 3, 3, 3, 3, 3, 3, 3, 3, 3, 3, 3, 3, 3, 3, 3, 3, 3, 3, 3, 3, 3, 3, 3, 3, 3, 3, 3, 3, 3, 3, 3, 3, 3, 3, 3, 3, 3, 3, 3, 3, 3, 3, 3, 3, 3, 3, 3, 3, 3, 3, 3, 3, 3, 3, 3, 3, 3, 3, 3, 3, 3, 3, 3, 3, 3, 3, 3, 3, 3, 3, 3, 3, 3, 3, 3, 3, 3, 3, 3, 3, 3, 3, 3, 3, 3, 3, 3, 3, 3, 3, 3, 3, 3, 3, 3, 3, 3, 3, 3, 3, 3, 3, 3, 3, 3, 3, 3, 3, 3, 3, 3, 3, 3, 3, 3, 3, 3, 3, 3, 3, 3, 3, 3, 3, 3, 3, 3, 3, 3, 3, 3, 3, 3, 3, 3, 3, 3, 3, 3, 3, 3, 3, 3, 3, 3, 3, 3, 3, 3, 3, 3, 3, 3, 3, 3, 3, 3, 3, 3, 3, 3, 3, 3, 3, 3, 3, 3, 3, 3, 3, 3, 3, 3, 3, 3, 3, 3, 3, 3, 3, 3, 3, 3, 3, 3, 3, 3, 3, 3, 3, 3, 3, 3, 3, 3, 3, 3, 3, 3, 3, 3, 3, 3, 3, 3, 3, 3, 3, 3, 3, 3, 3, 3, 3, 3, 3, 3, 3, 3, 3, 3, 3, 3, 3, 3, 3, 3, 3, 3, 3, 3, 3, 3, 3, 3, 3, 3, 3, 3, 3, 3, 3, 3, 3, 3, 3, 3, 3, 3, 3, 3, 3, 3, 3, 3, 3, 3, 3, 3, 3, 3, 3, 3, 3, 3, 3, 3, 3, 3, 3, 3, 3, 3, 3, 3, 3, 3, 3, 3, 3, 3, 3, 3, 3, 3, 3, 3, 3, 3, 3, 3, 3, 3, 3, 3, 3, 3, 3, 3, 3, 3, 3, 3, 3, 3, 3, 3, 3, 3, 3, 3, 3, 3, 3, 3, 3, 3, 3, 3, 3, 3, 3, 3, 3, 3, 3, 3, 3, 3, 3, 3, 3, 3, 3, 3, 3, 3, 3, 3, 3, 3, 3, 3, 3, 3, 3, 3, 3, 3, 3, 3, 3, 3, 3, 3, 3, 3, 3, 3, 3, 3, 3, 3, 3, 3, 3, 3, 3, 3, 3, 3, 3, 3, 3, 3, 3, 3, 3, 3, 3, 3, 3, 3, 3, 3, 3, 3, 3, 3, 3, 3, 3, 3, 3, 3, 3, 3, 3, 3, 3, 3, 3, 3, 3, 3, 3, 3, 3, 3, 3, 3, 3, 3, 3, 3, 3, 3, 3, 3, 3, 3, 3, 3, 3, 3, 3, 3, 3, 3, 3, 3, 3, 3, 3, 3, 3, 3, 3, 3, 3, 3, 3, 3, 3, 3, 3, 3, 3, 3, 3, 3, 3, 3, 3, 3, 3, 3, 3, 3, 3, 3, 3, 3, 3, 3, 3, 3, 3, 3, 3, 3, 3, 3, 3, 3, 3, 3, 3, 3, 3, 3, 3, 3, 3, 3, 3, 3, 3, 3, 3, 3, 3, 3, 3, 3, 3, 3, 3, 3, 3, 3, 3, 3, 3, 3, 3, 3, 3, 3, 3, 3, 3, 3, 3, 3, 3, 3, 3, 3, 3, 3, 3, 3, 3, 3, 3, 3, 3, 3, 3, 3, 3, 3, 3, 3, 3, 3, 3, 3, 3, 3, 3, 3, 3, 3, 3, 3, 3, 3, 3, 3, 3, 3, 3, 3, 3, 3, 3, 3, 3, 3, 3, 3, 3, 3, 3, 3, 3, 3, 3, 3, 3, 3, 3, 3, 3, 3, 3, 3, 3, 3, 3, 3, 3, 3, 3, 3, 3, 3, 3, 3, 3, 3, 3, 3, 3, 3, 3, 3, 3, 3, 3, 3, 3, 3, 3, 3, 3, 3, 3, 3, 3, 3, 3, 3, 3, 3, 3, 3, 3, 3, 3, 3, 3, 3, 3, 3, 3, 3, 3, 3, 3, 3, 3, 3, 3, 3, 3, 3, 3, 3, 3, 3, 3, 3, 3, 3, 3, 3, 3, 3, 3, 3, 3, 3, 3, 3, 3, 3, 3, 3, 3, 3, 3, 3, 3, 3, 3, 3, 3, 3, 3, 3, 3, 3, 3, 3, 3, 3, 3, 3, 3, 3, 3, 3, 3, 3, 3, 3, 3, 3, 3, 3, 3, 3, 3, 3, 3, 3, 3, 3, 3, 3, 3, 3, 3, 3, 3, 3, 3, 3, 3, 3, 3, 3, 3, 3, 3, 3, 3, 3, 3, 3, 3, 3, 3, 3, 3, 3, 3, 3, 3, 3, 3, 3, 3, 3, 3, 3, 3, 3, 3, 3, 3, 3, 3, 3, 3, 3, 3, 3, 3, 3, 3, 3, 3, 3, 3, 3, 3, 3, 3, 3, 3, 3, 3, 3, 3, 3, 3, 3, 3, 3, 3, 3, 3, 3, 3, 3, 3, 3, 3, 3, 3, 3, 3, 3, 3, 3, 3, 3, 3, 3, 3, 3, 3, 3, 3, 3, 3, 3, 3, 3, 3, 3, 3, 3, 3, 3, 3, 3, 3, 3, 3, 3, 3, 3, 3, 3, 3, 3, 3, 3, 3, 3, 3, 3, 3, 3, 3, 3, 3, 3, 3, 3, 3, 3, 3, 3, 3, 3, 3, 3, 3, 3, 3, 3, 3, 3, 3, 3, 3, 3, 3, 3, 3, 3, 3, 3, 3, 3, 3, 3, 3, 3, 3, 3, 3, 3, 3, 3, 3, 3, 3, 3, 3, 3, 3, 3, 3, 3, 3, 3, 3, 3, 3, 3, 3, 3, 3, 3, 3, 3, 3, 3, 3, 3, 3, 3, 3, 3, 3, 3, 3, 3, 3, 3, 3, 3, 3, 3, 3, 3, 3, 3, 3, 3, 3, 3, 3, 3, 3, 3, 3, 3, 3, 3, 3, 3, 3, 3, 3, 3, 3, 3, 3, 3, 3, 3, 3, 3, 3, 3, 3, 3, 3, 3, 3, 3, 3, 3, 3, 3, 3, 3, 3, 3, 3, 3, 3, 3, 3, 3, 3, 3, 3, 3, 3, 3, 3, 3, 3, 3, 3, 3, 3, 3, 3, 3, 3, 3, 3, 3, 3, 3, 3, 3, 3, 3, 3, 3, 3, 3, 3, 3, 3, 3, 3, 3, 3, 3, 3, 3, 3, 3, 3, 3, 3, 3, 3, 3, 3, 3, 3, 3, 3, 3, 3, 3, 3, 3, 3, 3, 3, 3, 3, 3, 3, 3, 3, 3, 3, 3, 3, 3, 3, 3, 3, 3, 3, 3, 3, 3, 3, 3, 3, 3, 3, 3, 3, 3, 3, 3, 3, 3, 3, 3, 3, 3, 3, 3, 3, 3, 3, 3, 3, 3, 3, 3, 3, 3, 3, 3, 3, 3, 3, 3, 3, 3, 3, 3, 3, 3, 3, 3, 3, 3, 3, 3, 3, 3, 3, 3, 3, 3, 3, 3, 3, 3, 3, 3, 3, 3, 3, 3, 3, 3, 3, 3, 3, 3, 3, 3, 3, 3, 3, 3, 3, 3, 3, 3, 3, 3, 3, 3, 3, 3, 3, 3, 3, 3, 3, 3, 3, 3, 3, 3, 3, 3, 3, 3, 3, 3, 3, 3, 3, 3, 3, 3, 3, 3, 3, 3, 3, 3, 3, 3, 3, 3, 3, 3, 3, 3, 3, 3, 3, 3, 3, 3, 3, 3, 3, 3, 3, 3, 3, 3, 3, 3, 3, 3, 3, 3, 3, 3, 3, 3, 3, 3, 3, 3, 3, 3, 3, 3, 3, 3, 3, 3, 3, 3, 3, 3, 3, 3, 3, 3, 3, 3, 3, 3, 3, 3, 3, 3, 3, 3, 3, 3, 3, 3, 3, 3, 3, 3, 3, 3, 3, 3, 3, 3, 3, 3, 3, 3, 3, 3, 3, 3, 3, 3, 3, 3, 3, 3, 3, 3, 3, 3, 3, 3, 3, 3, 3, 3, 3, 3, 3, 3, 3, 3, 3, 3, 3, 3, 3, 3, 3, 3, 3, 3, 3, 3, 3, 3, 3, 3, 3, 3, 3, 3, 3, 3, 3, 3, 3, 3, 3, 3, 3, 3, 3, 3, 3, 3, 3, 3, 3, 3, 3, 3, 3, 3, 3, 3, 3, 3, 3, 3, 3, 3, 3, 3, 3, 3, 3, 3, 3, 3, 3, 3, 3, 3, 3, 3, 3, 3, 3, 3, 3, 3, 3, 3, 3, 3, 3, 3, 3, 3, 3, 3, 3, 3, 3, 3, 3, 3, 3, 3, 3, 3, 3, 3, 3, 3, 3, 3, 3, 3, 3, 3, 3, 3, 3, 3, 3, 3, 3, 3, 3, 3, 3, 3, 3, 3, 3, 3, 3, 3, 3, 3, 3, 3, 3, 3, 3, 3, 3, 3, 3, 3, 3, 3, 3, 3, 3, 3, 3, 3, 3, 3, 3, 3, 3, 3, 3, 3, 3, 3, 3, 3, 3, 3, 3, 3, 3, 3, 3, 3, 3, 3, 3, 3, 3, 3, 3, 3, 3, 3, 3, 3, 3, 3, 3, 3, 3, 3, 3, 3, 3, 3, 3, 3, 3, 3, 3, 3, 3, 3, 3, 3, 3, 3, 3, 3, 3, 3, 3, 3, 3, 3, 3, 3, 3, 3, 3, 3, 3, 3, 3, 3, 3, 3, 3, 3, 3, 3, 3, 3, 3, 3, 3, 3, 3, 3, 3, 3, 3, 3, 3, 3, 3, 3, 3, 3, 3, 3, 3, 3, 3, 3, 3, 3, 3, 3, 3, 3, 3, 3, 3, 3, 3, 3, 3, 3, 3, 3, 3, 3, 3, 3, 3, 3, 3, 3, 3, 3, 3, 3, 3, 3, 3, 3, 3, 3, 3, 3, 3, 3, 3, 3, 3, 3, 3, 3, 3, 3, 3, 3, 3, 3, 3, 3, 3, 3, 3, 3, 3, 3, 3, 3, 3, 3, 3, 3, 3, 3, 3, 3, 3, 3, 3, 3, 3, 3, 3, 3, 3, 3, 3, 3, 3, 3, 3, 3, 3, 3, 3, 3, 3, 3, 3, 3, 3, 3, 3, 3, 3, 3, 3, 3, 3, 3, 3, 3, 3, 3, 3, 3, 3, 3, 3, 3, 3, 3, 3, 3, 3, 3, 3, 3, 3, 3, 3, 3, 3, 3, 3, 3, 3, 3, 3, 3, 3, 3, 3, 3, 3, 3, 3, 3, 3, 3, 3, 3, 3, 3, 3, 3, 3, 3, 3, 3, 3, 3, 3, 3, 3, 3, 3, 3, 3, 3, 3, 3, 3, 3, 3, 3, 3, 3, 3, 3, 3, 3, 3, 3, 3, 3, 3, 3, 3, 3, 3, 3, 3, 3, 3, 3, 3, 3, 3, 3, 3, 3, 3, 3, 3, 3, 3, 3, 3, 3, 3, 3, 3, 3, 3, 3, 3, 3, 3, 3, 3, 3, 3, 3, 3, 3, 3, 3, 3, 3, 3, 3, 3, 3, 3, 3, 3, 3, 3, 3, 3, 3, 3, 3, 3, 3, 3, 3, 3, 3, 3, 3, 3, 3, 3, 3, 3, 3, 3, 3, 3, 3, 3, 3, 3, 3, 3, 3, 3, 3, 3, 3, 3, 3, 3, 3, 3, 3, 3, 3, 3, 3, 3, 3, 3, 3, 3, 3, 3, 3, 3, 3, 3, 3, 3, 3, 3, 3, 3, 3, 3, 3, 3, 3, 3, 3, 3, 3, 3, 3, 3, 3, 3, 3, 3, 3, 3, 3, 3, 3, 3, 3, 3, 3, 3, 3, 3, 3, 3, 3, 3, 3, 3, 3, 3, 3, 3, 3, 3, 3, 3, 3, 3, 3, 3, 3, 3, 3, 3, 3, 3, 3, 3, 3, 3, 3, 3, 3, 3, 3, 3, 3, 3, 3, 3, 3, 3, 3, 3, 3, 3, 3, 3, 3, 3, 3, 3, 3, 3, 3, 3, 3, 3, 3, 3, 3, 3, 3, 3, 3, 3, 3, 3, 3, 3, 3, 3, 3, 3, 3, 3, 3, 3, 3, 3, 3, 3, 3, 3, 3, 3, 3, 3, 3, 3, 3, 3, 3, 3, 3, 3, 3, 3, 3, 3, 3, 3, 3, 3, 3, 3, 3, 3, 3, 3, 3, 3, 3, 3, 3, 3, 3, 3, 3, 3, 3, 3, 3, 3, 3, 3, 3, 3, 3, 3, 3, 3, 3, 3, 3, 3, 3, 3, 3, 3, 3, 3, 3, 3, 3, 3, 3, 3, 3, 3, 3, 3, 3, 3, 3, 3, 3, 3, 3, 3, 3, 3, 3, 3, 3, 3, 3, 3, 3, 3, 3, 3, 3, 3, 3, 3, 3, 3, 3, 3, 3, 3, 3, 3, 3, 3, 3, 3, 3, 3, 3, 3, 3, 3, 3, 3, 3, 3, 3, 3, 3, 3, 3, 3, 3, 3, 3, 3, 3, 3, 3, 3, 3, 3, 3, 3, 3, 3, 3, 3, 3, 3, 3, 3, 3, 3, 3, 3, 3, 3, 3, 3, 3, 3, 3, 3, 3, 3, 3, 3, 3, 3, 3, 3, 3, 3, 3, 3, 3, 3, 3, 3, 3, 3, 3, 3, 3, 3, 3, 3, 3, 3, 3, 3, 3, 3, 3, 3, 3, 3, 3, 3, 3, 3, 3, 3, 3, 3, 3, 3, 3, 3, 3, 3, 3, 3, 3, 3, 3, 3, 3, 3, 3, 3, 3, 3, 3, 3, 3, 3, 3, 3, 3, 3, 3, 3, 3, 3, 3, 3, 3, 3, 3, 3, 3, 3, 3, 3, 3, 3, 3, 3, 3, 3, 3, 3, 3, 3, 3, 3, 3, 3, 3, 3, 3, 3, 3, 3, 3, 3, 3, 3, 3, 3, 3, 3, 3, 3, 3, 3, 3, 3, 3, 3, 3, 3, 3, 3, 3, 3, 3, 3, 3, 3, 3, 3, 3, 3, 3, 3, 3, 3, 3, 3, 3, 3, 3, 3, 3, 3, 3, 3, 3, 3, 3, 3, 3, 3, 3, 3, 3, 3, 3, 3, 3, 3, 3, 3, 3, 3, 3, 3, 3, 3, 3, 3, 3, 3, 3, 3, 3, 3, 3, 3, 3, 3, 3, 3, 3, 3, 3, 3, 3, 3, 3, 3, 3, 3, 3, 3, 3, 3, 3, 3, 3, 3, 3, 3, 3, 3, 3, 3, 3, 3, 3, 3, 3, 3, 3, 3, 3, 3, 3, 3, 3, 3, 3, 3, 3, 3, 3, 3, 3, 3, 3, 3, 3, 3, 3, 3, 3, 3, 3, 3, 3, 3, 3, 3, 3, 3, 3, 3, 3, 3, 3, 3, 3, 3, 3, 3, 3, 3, 3, 3, 3, 3, 3, 3, 3, 3, 3, 3, 3, 3, 3, 3, 3, 3, 3, 3, 3, 3, 3, 3, 3, 3, 3, 3, 3, 3, 3, 3, 3, 3, 3, 3, 3, 3, 3, 3, 3, 3, 3, 3, 3, 3, 3, 3, 3, 3, 3, 3, 3, 3, 3, 3, 3, 3, 3, 3, 3, 3, 3, 3, 3, 3, 3, 3, 3, 3, 3, 3, 3, 3, 3, 3, 3, 3, 3, 3, 3, 3, 3, 3, 3, 3, 3, 3, 3, 3, 3, 3, 3, 3, 3, 3, 3, 3, 3, 3, 3, 3, 3, 3, 3, 3, 3, 3, 3, 3, 3, 3, 3, 3, 3, 3, 3, 3, 3, 3, 3, 3, 3, 3, 3, 3, 3, 3, 3, 3, 3, 3, 3, 3, 3, 3, 3, 3, 3, 3, 3, 3, 3, 3, 3, 3, 3, 3, 3, 3, 3, 3, 3, 3, 3, 3, 3, 3, 3, 3, 3, 3, 3, 3, 3, 3, 3, 3, 3, 3, 3, 3, 3, 3, 3, 3, 3, 3, 3, 3, 3, 3, 3, 3, 3, 3, 3, 3, 3, 3, 3, 3, 3, 3, 3, 3, 3, 3, 3, 3, 3, 3, 3, 3, 3, 3, 3, 3, 3, 3, 3, 3, 3, 3, 3, 3, 3, 3, 3, 3, 3, 3, 3, 3, 3, 3, 3, 3, 3, 3, 3, 3, 3, 3, 3, 3, 3, 3, 3, 3, 3, 3, 3, 3, 3, 3, 3, 3, 3, 3, 3, 3, 3, 3, 3, 3, 3, 3, 3, 3, 3, 3, 3, 3, 3, 3, 3, 3, 3, 3, 3, 3, 3, 3, 3, 3, 3, 3, 3, 3, 3, 3, 3, 3, 3, 3, 3, 3, 3, 3, 3, 3, 3, 3, 3, 3, 3, 3, 3, 3, 3, 3, 3, 3, 3, 3, 3, 3, 3, 3, 3, 3, 3, 3, 3, 3, 3, 3, 3, 3, 3, 3, 3, 3, 3, 3, 3, 3, 3, 3, 3, 3, 3, 3, 3, 3, 3, 3, 3, 3, 3, 3, 3, 3, 3, 3, 3, 3, 3, 3, 3, 3, 3, 3, 3, 3, 3, 3, 3, 3, 3, 3, 3, 3, 3, 3, 3, 3, 3, 3, 3, 3, 3, 3, 3, 3, 3, 3, 3, 3, 3, 3, 3, 3, 3, 3, 3, 3, 3, 3, 3, 3, 3, 3, 3, 3, 3, 3, 3, 3, 3, 3, 3, 3, 3, 3, 3, 3, 3, 3, 3, 3, 3, 3, 3, 3, 3, 3, 3, 3, 3, 3, 3, 3, 3, 3, 3, 3, 3, 3, 3, 3, 3, 3, 3, 3, 3, 3, 3, 3, 3, 3, 3, 3, 3, 3, 3, 3, 3, 3, 3, 3, 3, 3, 3, 3, 3, 3, 3, 3, 3, 3, 3, 3, 3, 3, 3, 3, 3, 3, 3, 3, 3, 3, 3, 3, 3, 3, 3, 3, 3, 3, 3, 3, 3, 3, 3, 3, 3, 3, 3, 3, 3, 3, 3, 3, 3, 3, 3, 3, 3, 3, 3, 3, 3, 3, 3, 3, 3, 3, 3, 3, 3, 3, 3, 3, 3, 3, 3, 3, 3, 3, 3, 3, 3, 3, 3, 3, 3, 3, 3, 3, 3, 3, 3, 3, 3, 3, 3, 3, 3, 3, 3, 3, 3, 3, 3, 3, 3, 3, 3, 3, 3, 3, 3, 3, 3, 3, 3, 3, 3, 3, 3, 3, 3, 3, 3, 3, 3, 3, 3, 3, 3, 3, 3, 3, 3, 3, 3, 3, 3, 3, 3, 3, 3, 3, 3, 3, 3, 3, 3, 3, 3, 3, 3, 3, 3, 3, 3, 3, 3, 3, 3, 3, 3, 3, 3, 3, 3, 3, 3, 3, 3, 3, 3, 3, 3, 3, 3, 3, 3, 3, 3, 3, 3, 3, 3, 3, 3, 3, 3, 3, 3, 3, 3, 3, 3, 3, 3, 3, 3, 3, 3, 3, 3, 3, 3, 3, 3, 3, 3, 3, 3, 3, 3, 3, 3, 3, 3, 3, 3, 3, 3, 3, 3, 3, 3, 3, 3, 3, 3, 3, 3, 3, 3, 3, 3, 3, 3, 3, 3, 3, 3, 3, 3, 3, 3, 3, 3, 3, 3, 3, 3, 3, 3, 3, 3, 3, 3, 3, 3, 3, 3, 3, 3, 3, 3, 3, 3, 3, 3, 3, 3, 3, 3, 3, 3, 3, 3, 3, 3, 3, 3, 3, 3, 3, 3, 3, 3, 3, 3, 3, 3, 3, 3, 3, 3, 3, 3, 3, 3, 3, 3, 3, 3, 3, 3, 3, 3, 3, 3, 3, 3, 3, 3, 3, 3, 3, 3, 3, 3, 3, 3, 3, 3, 3, 3, 3, 3, 3, 3, 3, 3, 3, 3, 3, 3, 3, 3, 3, 3, 3, 3, 3, 3, 3, 3, 3, 3, 3, 3, 3, 3, 3, 3, 3, 3, 3, 3, 3, 3, 3, 3, 3, 3, 3, 3, 3, 3, 3, 3, 3, 3, 3, 3, 3, 3, 3, 3, 3, 3, 3, 3, 3, 3, 3, 3, 3, 3, 3, 3, 3, 3, 3, 3, 3, 3, 3, 3, 3, 3, 3, 3, 3, 3, 3, 3, 3, 3, 3, 3, 3, 3, 3, 3, 3, 3, 3, 3, 3, 3, 3, 3, 3, 3, 3, 3, 3, 3, 3, 3, 3, 3, 3, 3, 3, 3, 3, 3, 3, 3, 3, 3, 3, 3, 3, 3, 3, 3, 3, 3, 3, 3, 3, 3, 3, 3, 3, 3, 3, 3, 3, 3, 3, 3, 3, 3, 3, 3, 3, 3, 3, 3, 3, 3, 3, 3, 3, 3, 3, 3, 3, 3, 3, 3, 3, 3, 3, 3, 3, 3, 3, 3, 3, 3, 3, 3, 3, 3, 3, 3, 3, 3, 3, 3, 3, 3, 3, 3, 3, 3, 3, 3, 3, 3, 3, 3, 3, 3, 3, 3, 3, 3, 3, 3, 3, 3, 3, 3, 3, 3, 3, 3, 3, 3, 3, 3, 3, 3, 3, 3, 3, 3, 3, 3, 3, 3, 3, 3, 3, 3, 3, 3, 3, 3, 3, 3, 3, 3, 3, 3, 3, 3, 3, 3, 3, 3, 3, 3, 3, 3, 3, 3, 3, 3, 3, 3, 3, 3, 3, 3, 3, 3, 3, 3, 3, 3, 3, 3, 3, 3, 3, 3, 3, 3, 3, 3, 3, 3, 3, 3, 3, 3, 3, 3, 3, 3, 3, 3, 3, 3, 3, 3, 3, 3, 3, 3, 3, 3, 3, 3, 3, 3, 3, 3, 3, 3, 3, 3, 3, 3, 3, 3, 3, 3, 3, 3, 3, 3, 3, 3, 3, 3, 3, 3, 3, 3, 3, 3, 3, 3, 3, 3, 3, 3, 3, 3, 3, 3, 3, 3, 3, 3, 3, 3, 3, 3, 3, 3, 3, 3, 3, 3, 3, 3, 3, 3, 3, 3, 3, 3, 3, 3, 3, 3, 3, 3, 3, 3, 3, 3, 3, 3, 3, 3, 3, 3, 3, 3, 3, 3, 3, 3, 3, 3, 3, 3, 3, 3, 3, 3, 3, 3, 3, 3, 3, 3, 3, 3, 3, 3, 3, 3, 3, 3, 3, 3, 3, 3, 3, 3, 3, 3, 3, 3, 3, 3, 3, 3, 3, 3, 3, 3, 3, 3, 3, 3, 3, 3, 3, 3, 3, 3, 3, 3, 3, 3, 3, 3, 3, 3, 3, 3, 3, 3, 3, 3, 3, 3, 3, 3, 3, 3, 3, 3, 3, 3, 3, 3, 3, 3, 3, 3, 3, 3, 3, 3, 3, 3, 3, 3, 3, 3, 3, 3, 3, 3, 3, 3, 3, 3, 3, 3, 3, 3, 3, 3, 3, 3, 3, 3, 3, 3, 3, 3, 3, 3, 3, 3, 3, 3, 3, 3, 3, 3, 3, 3, 3, 3, 3, 3, 3, 3, 3, 3, 3, 3, 3, 3, 3, 3, 3, 3, 3, 3, 3, 3, 3, 3, 3, 3, 3, 3, 3, 3, 3, 3, 3, 3, 3, 3, 3, 3, 3, 3, 3, 3, 3, 3, 3, 3, 3, 3, 3, 3, 3, 3, 3, 3, 3, 3, 3, 3, 3, 3, 3, 3, 3, 3, 3, 3, 3, 3, 3, 3, 3, 3, 3, 3, 3, 3, 3, 3, 3, 3, 3, 3, 3, 3, 3, 3, 3, 3, 3, 3, 3, 3, 3, 3, 3, 3, 3, 3, 3, 3, 3, 3, 3, 3, 3, 3, 3, 3, 3, 3, 3, 3, 3, 3, 3, 3, 3, 3, 3, 3, 3, 3, 3, 3, 3, 3, 3, 3, 3, 3, 3, 3, 3, 3, 3, 3, 3, 3, 3, 3, 3, 3, 3, 3, 3, 3, 3, 3, 3, 3, 3, 3, 3, 3, 3, 3, 3, 3, 3, 3, 3, 3, 3, 3, 3, 3, 3, 3, 3, 3, 3, 3, 3, 3, 3, 3, 3, 3, 3, 3, 3, 3, 3, 3, 3, 3, 3, 3, 3, 3, 3, 3, 3, 3, 3, 3, 3, 3, 3, 3, 3, 3, 3, 3, 3, 3, 3, 3, 3, 3, 3, 3, 3, 3, 3, 3, 3, 3, 3, 3, 3, 3, 3, 3, 3, 3, 3, 3, 3, 3, 3, 3, 3, 3, 3, 3, 3, 3, 3, 3, 3, 3, 3, 3, 3, 3, 3, 3, 3, 3, 3, 3, 3, 3, 3, 3, 3, 3, 3, 3, 3, 3, 3, 3, 3, 3, 3, 3, 3, 3, 3, 3, 3, 3, 3, 3, 3, 3, 3, 3, 3, 3, 3, 3, 3, 3, 3, 3, 3, 3, 3, 3, 3, 3, 3, 3, 3, 3, 3, 3, 3, 3, 3, 3, 3, 3, 3, 3, 3, 3, 3, 3, 3, 3, 3, 3, 3, 3, 3, 3, 3, 3, 3, 3, 3, 3, 3, 3, 3, 3, 3, 3, 3, 3, 3, 3, 3, 3, 3, 3, 3, 3, 3, 3, 3, 3, 3, 3, 3, 3, 3, 3, 3, 3, 3, 3, 3, 3, 3, 3, 3, 3, 3, 3, 3, 3, 3, 3, 3, 3, 3, 3, 3, 3, 3, 3, 3, 3, 3, 3, 3, 3, 3, 3, 3, 3, 3, 3, 3, 3, 3, 3, 3, 3, 3, 3, 3, 3, 3, 3, 3, 3, 3, 3, 3, 3, 3, 3, 3, 3, 3, 3, 3, 3, 3, 3, 3, 3, 3, 3, 3, 3, 3, 3, 3, 3, 3, 3, 3, 3, 3, 3, 3, 3, 3, 3, 3, 3, 3, 3, 3, 3, 3, 3, 3, 3, 3, 3, 3, 3, 3, 3, 3, 3, 3, 3, 3, 3, 3, 3, 3, 3, 3, 3, 3, 3, 3, 3, 3, 3, 3, 3, 3, 3, 3, 3, 3, 3, 3, 3, 3, 3, 3, 3, 3, 3, 3, 3, 3, 3, 3, 3, 3, 3, 3, 3, 3, 3, 3, 3, 3, 3, 3, 3, 3, 3, 3, 3, 3, 3, 3, 3, 3, 3, 3, 3, 3, 3, 3, 3, 3, 3, 3, 3, 3, 3, 3, 3, 3, 3, 3, 3, 3, 3, 3, 3, 3, 3, 3, 3, 3, 3, 3, 3, 3, 3, 3, 3, 3, 3, 3, 3, 3, 3, 3, 3, 3, 3, 3, 3, 3, 3, 3, 3, 3, 3, 3, 3, 3, 3, 3, 3, 3, 3, 3, 3, 3, 3, 3, 3, 3, 3, 3, 3, 3, 3, 3, 3, 3, 3, 3, 3, 3, 3, 3, 3, 3, 3, 3, 3, 3, 3, 3, 3, 3, 3, 3, 3, 3, 3, 3, 3, 3, 3, 3, 3, 3, 3, 3, 3, 3, 3, 3, 3, 3, 3, 3, 3, 3, 3, 3, 3, 3, 3, 3, 3, 3, 3, 3, 3, 3, 3, 3, 3, 3, 3, 3, 3, 3, 3, 3, 3, 3, 3, 3, 3, 3, 3, 3, 3, 3, 3, 3, 3, 3, 3, 3, 3, 3, 3, 3, 3, 3, 3, 3, 3, 3, 3, 3, 3, 3, 3, 3, 3, 3, 3, 3, 3, 3, 3, 3, 3, 3, 3, 3, 3, 3, 3, 3, 3, 3, 3, 3, 3, 3, 3, 3, 3, 3, 3, 3, 3, 3, 3, 3, 3, 3, 3, 3, 3, 3, 3, 3, 3, 3, 3, 3, 3, 3, 3, 3, 3, 3, 3, 3, 3, 3, 3, 3, 3, 3, 3, 3, 3, 3, 3, 3, 3, 3, 3, 3, 3, 3, 3, 3, 3, 3, 3, 3, 3, 3, 3, 3, 3, 3, 3, 3, 3, 3, 3, 3, 3, 3, 3, 3, 3, 3, 3, 3, 3, 3, 3, 3, 3, 3, 3, 3, 3, 3, 3, 3, 3, 3, 3, 3, 3, 3, 3, 3, 3, 3, 3, 3, 3, 3, 3, 3, 3, 3, 3, 3, 3, 3, 3, 3, 3, 3, 3, 3, 3, 3, 3, 3, 3, 3, 3, 3, 3, 3, 3, 3, 3, 3, 3, 3, 3, 3, 3, 3, 3, 3, 3, 3, 3, 3, 3, 3, 3, 3, 3, 3, 3, 3, 3, 3, 3, 3, 3, 3, 3, 3, 3, 3, 3, 3, 3, 3, 3, 3, 3, 3, 3, 3, 3, 3, 3, 3, 3, 3, 3, 3, 3, 3, 3, 3, 3, 3, 3, 3, 3, 3, 3, 3, 3, 3, 3, 3, 3, 3, 3, 3, 3, 3, 3, 3, 3, 3, 3, 3, 3, 3, 3, 3, 3, 3, 3, 3, 3, 3, 3, 3, 3, 3, 3, 3, 3, 3, 3, 3, 3, 3, 3, 3, 3, 3, 3, 3, 3, 3, 3, 3, 3, 3, 3, 3, 3, 3, 3, 3, 3, 3, 3, 3, 3, 3, 3, 3, 3, 3, 3, 3, 3, 3, 3, 3, 3, 3, 3, 3, 3, 3, 3, 3, 3, 3, 3, 3, 3, 3, 3, 3, 3, 3, 3, 3, 3, 3, 3, 3, 3, 3, 3, 3, 3, 3, 3, 3, 3, 3, 3, 3, 3, 3, 3, 3, 3, 3, 3, 3, 3, 3, 3, 3, 3, 3, 3, 3, 3, 3, 3, 3, 3, 3, 3, 3, 3, 3, 3, 3, 3, 3, 3, 3, 3, 3, 3, 3, 3, 3, 3, 3, 3, 3, 3, 3, 3, 3, 3, 3, 3, 3, 3, 3, 3, 3, 3, 3, 3, 3, 3, 3, 3, 3, 3, 3, 3, 3, 3, 3, 3, 3, 3, 3, 3, 3, 3, 3, 3, 3, 3, 3, 3, 3, 3, 3, 3, 3, 3, 3, 3, 3, 3, 3, 3, 3, 3, 3, 3, 3, 3, 3, 3, 3, 3, 3, 3, 3, 3, 3, 3, 3, 3, 3, 3, 3, 3, 3, 3, 3, 3, 3, 3, 3, 3, 3, 3, 3, 3, 3, 3, 3, 3, 3, 3, 3, 3, 3, 3, 3, 3, 3, 3, 3, 3, 3, 3, 3, 3, 3, 3, 3, 3, 3, 3, 3, 3, 3, 3, 3, 3, 3, 3, 3, 3, 3, 3, 3, 3, 3, 3, 3, 3, 3, 3, 3, 3, 3, 3, 3, 3, 3, 3, 3, 3, 3, 3, 3, 3, 3, 3, 3, 3, 3, 3, 3, 3, 3, 3, 3, 3, 3, 3, 3, 3, 3, 3, 3, 3, 3, 3, 3, 3, 3, 3, 3, 3, 3, 3, 3, 3, 3, 3, 3, 3, 3, 3, 3, 3, 3, 3, 3, 3, 3, 3, 3, 3, 3, 3, 3, 3, 3, 3, 3, 3, 3, 3, 3, 3, 3, 3, 3, 3, 3, 3, 3, 3, 3, 3, 3, 3, 3, 3, 3, 3, 3, 3, 3, 3, 3, 3, 3, 3, 3, 3, 3, 3, 3, 3, 3, 3, 3, 3, 3, 3, 3, 3, 3, 3, 3, 3, 3, 3, 3, 3, 3, 3, 3, 3, 3, 3, 3, 3, 3, 3, 3, 3, 3, 3, 3, 3, 3, 3, 3, 3, 3, 3, 3, 3, 3, 3, 3, 3, 3, 3, 3, 3, 3, 3, 3, 3, 3, 3, 3, 3, 3, 3, 3, 3, 3, 3, 3, 3, 3, 3, 3, 3, 3, 3, 3, 3, 3, 3, 3, 3, 3, 3, 3, 3, 3, 3, 3, 3, 3, 3, 3, 3, 3, 3, 3, 3, 3, 3, 3, 3, 3, 3, 3, 3, 3, 3, 3, 3, 3, 3, 3, 3, 3, 3, 3, 3, 3, 3, 3, 3, 3, 3, 3, 3, 3, 3, 3, 3, 3, 3, 3, 3, 3, 3, 3, 3, 3, 3, 3, 3, 3, 3, 3, 3, 3, 3, 3, 3, 3, 3, 3, 3, 3, 3, 3, 3, 3, 3, 3, 3, 3, 3, 3, 3, 3, 3, 3, 3, 3, 3, 3, 3, 3, 3, 3, 3, 3, 3, 3, 3, 3, 3, 3, 3, 3, 3, 3, 3, 3, 3, 3, 3, 3, 3, 3, 3, 3, 3, 3, 3, 3, 3, 3, 3, 3, 3, 3, 3, 3, 3, 3, 3, 3, 3, 3, 3, 3, 3, 3, 3, 3, 3, 3, 3, 3, 3, 3, 3, 3, 3, 3, 3, 3, 3, 3, 3, 3, 3, 3, 3, 3, 3, 3, 3, 3, 3, 3, 3, 3, 3, 3, 3, 3, 3, 3, 3, 3, 3, 3, 3, 3, 3, 3, 3, 3, 3, 3, 3, 3, 3, 3, 3, 3, 3, 3, 3, 3, 3, 3, 3, 3, 3, 3, 3, 3, 3, 3, 3, 3, 3, 3, 3, 3, 3, 3, 3, 3, 3, 3, 3, 3, 3, 3, 3, 3, 3, 3, 3, 3, 3, 3, 3, 3, 3, 3, 3, 3, 3, 3, 3, 3, 3, 3, 3, 3, 3, 3, 3, 3, 3, 3, 3, 3, 3, 3, 3, 3, 3, 3, 3, 3, 3, 3, 3, 3, 3, 3, 3, 3, 3, 3, 3, 3, 3, 3, 3, 3, 3, 3, 3, 3, 3, 3, 3, 3, 3, 3, 3, 3, 3, 3, 3, 3, 3, 3, 3, 3, 3, 3, 3, 3, 3, 3, 3, 3, 3, 3, 3, 3, 3, 3, 3, 3, 3, 3, 3, 3, 3, 3, 3, 3, 3, 3, 3, 3, 3, 3, 3, 3, 3, 3, 3, 3, 3, 3, 3, 3, 3, 3, 3, 3, 3, 3, 3, 3, 3, 3, 3, 3, 3, 3, 3, 3, 3, 3, 3, 3, 3, 3, 3, 3, 3, 3, 3, 3, 3, 3, 3, 3, 3, 3, 3, 3, 3, 3, 3, 3, 3, 3, 3, 3, 3, 3, 3, 3, 3, 3, 3, 3, 3, 3, 3, 3, 3, 3, 3, 3, 3, 3, 3, 3, 3, 3, 3, 3, 3, 3, 3, 3, 3, 3, 3, 3, 3, 3, 3, 3, 3, 3, 3, 3, 3, 3, 3, 3, 3, 3, 3, 3, 3, 3, 3, 3, 3, 3, 3, 3, 3, 3, 3, 3, 3, 3, 3, 3, 3, 3, 3, 3, 3, 3, 3, 3, 3, 3, 3, 3, 3, 3, 3, 3, 3, 3, 3, 3, 3, 3, 3, 3, 3, 3, 3, 3, 3, 3, 3, 3, 3, 3, 3, 3, 3, 3, 3, 3, 3, 3, 3, 3, 3, 3, 3, 3, 3, 3, 3, 3, 3, 3, 3, 3, 3, 3, 3, 3, 3, 3, 3, 3, 3, 3, 3, 3, 3, 3, 3, 3, 3, 3, 3, 3, 3, 3, 3, 3, 3, 3, 3, 3, 3, 3, 3, 3, 3, 3, 3, 3, 3, 3, 3, 3, 3, 3, 3, 3, 3, 3, 3, 3, 3, 3, 3, 3, 3, 3, 3, 3, 3, 3, 3, 3, 3, 3, 3, 3, 3, 3, 3, 3, 3, 3, 3, 3, 3, 3, 3, 3, 3, 3, 3, 3, 3, 3, 3, 3, 3, 3, 3, 3, 3, 3, 3, 3, 3, 3, 3, 3, 3, 3, 3, 3, 3, 3, 3, 3, 3, 3, 3, 3, 3, 3, 3, 3, 3, 3, 3, 3, 3, 3, 3, 3, 3, 3, 3, 3, 3, 3, 3, 3, 3, 3, 3, 3, 3, 3, 3, 3, 3, 3, 3, 3, 3, 3, 3, 3, 3, 3, 3, 3, 3, 3, 3, 3, 3, 3, 3, 3, 3, 3, 3, 3, 3, 3, 3, 3, 3, 3, 3, 3, 3, 3, 3, 3, 3, 3, 3, 3, 3, 3, 3, 3, 3, 3, 3, 3, 3, 3, 3, 3, 3, 3, 3, 3, 3, 3, 3, 3, 3, 3, 3, 3, 3, 3, 3, 3, 3, 3, 3, 3, 3, 3, 3, 3, 3, 3, 3, 3, 3, 3, 3, 3, 3, 3, 3, 3, 3, 3, 3, 3, 3, 3, 3, 3, 3, 3, 3, 3, 3, 3, 3, 3, 3, 3, 3, 3, 3, 3, 3, 3, 3, 3, 3, 3, 3, 3, 3, 3, 3, 3, 3, 3, 3, 3, 3, 3, 3, 3, 3, 3, 3, 3, 3, 3, 3, 3, 3, 3, 3, 3, 3, 3, 3, 3, 3, 3, 3, 3, 3, 3, 3, 3, 3, 3, 3, 3, 3, 3, 3, 3, 3, 3, 3, 3, 3, 3, 3, 3, 3, 3, 3, 3, 3, 3, 3, 3, 3, 3, 3, 3, 3, 3, 3, 3, 3, 3, 3, 3, 3, 3, 3, 3, 3, 3, 3, 3, 3, 3, 3, 3, 3, 3, 3, 3, 3, 3, 3, 3, 3, 3, 3, 3, 3, 3, 3, 3, 3, 3, 3, 3, 3, 3, 3, 3, 3, 3, 3, 3, 3, 3, 3, 3, 3, 3, 3, 3, 3, 3, 3, 3, 3, 3, 3, 3, 3, 3, 3, 3, 3, 3, 3, 3, 3, 3, 3, 3, 3, 3, 3, 3, 3, 3, 3, 3, 3, 3, 3, 3, 3, 3, 3, 3, 3, 3, 3, 3, 3, 3, 3, 3, 3, 3, 3, 3, 3, 3, 3, 3, 3, 3, 3, 3, 3, 3, 3, 3, 3, 3, 3, 3, 3, 3, 3, 3, 3, 3, 3, 3, 3, 3, 3, 3, 3, 3, 3, 3, 3, 3, 3, 3, 3, 3, 3, 3, 3, 3, 3, 3, 3, 3, 3, 3, 3, 3, 3, 3, 3, 3, 3, 3, 3, 3, 3, 3, 3, 3, 3, 3, 3, 3, 3, 3, 3, 3, 3, 3, 3, 3, 3, 3, 3, 3, 3, 3, 3, 3, 3, 3, 3, 3, 3, 3, 3, 3, 3, 3, 3, 3, 3, 3, 3, 3, 3, 3, 3, 3, 3, 3, 3, 3, 3, 3, 3, 3, 3, 3, 3, 3, 3, 3, 3, 3, 3, 3, 3, 3, 3, 3, 3, 3, 3, 3, 3, 3, 3, 3, 3, 3, 3, 3, 3, 3, 3, 3, 3, 3, 3, 3, 3, 3, 3, 3, 3, 3, 3, 3, 3, 3, 3, 3, 3, 3, 3, 3, 3, 3, 3, 3, 3, 3, 3, 3, 3, 3, 3, 3, 3, 3, 3, 3, 3, 3, 3, 3, 3, 3, 3, 3, 3, 3, 3, 3, 3, 3, 3, 3, 3, 3, 3, 3, 3, 3, 3, 3, 3, 3, 3, 3, 3, 3, 3, 3, 3, 3, 3, 3, 3, 3, 3, 3, 3, 3, 3, 3, 3, 3, 3, 3, 3, 3, 3, 3, 3, 3, 3, 3, 3, 3, 3, 3, 3, 3, 3, 3, 3, 3, 3, 3, 3, 3, 3, 3, 3, 3, 3, 3, 3, 3, 3, 3, 3, 3, 3, 3, 3, 3, 3, 3, 3, 3, 3, 3, 3, 3, 3, 3, 3, 3, 3, 3, 3, 3, 3, 3, 3, 3, 3, 3, 3, 3, 3, 3, 3, 3, 3, 3, 3, 3, 3, 3, 3, 3, 3, 3, 3, 3, 3, 3, 3, 3, 3, 3, 3, 3, 3, 3, 3, 3, 3, 3, 3, 3, 3, 3, 3, 3, 3, 3, 3, 3, 3, 3, 3, 3, 3, 3, 3, 3, 3, 3, 3, 3, 3, 3, 3, 3, 3, 3, 3, 3, 3, 3, 3, 3, 3, 3, 3, 3, 3, 3, 3, 3, 3, 3, 3, 3, 3, 3, 3, 3, 3, 3, 3, 3, 3, 3, 3, 3, 3, 3, 3, 3, 3, 3, 3, 3, 3, 3, 3, 3, 3, 3, 3, 3, 3, 3, 3, 3, 3, 3, 3, 3, 3, 3, 3, 3, 3, 3, 3, 3, 3, 3, 3, 3, 3, 3, 3, 3, 3, 3, 3, 3, 3, 3, 3, 3, 3, 3, 3, 3, 3, 3, 3, 3, 3, 3, 3, 3, 3, 3, 3, 3, 3, 3, 3, 3, 3, 3, 3, 3, 3, 3, 3, 3, 3, 3, 3, 3, 3, 3, 3, 3, 3, 3, 3, 3, 3, 3, 3, 3, 3, 3, 3, 3, 3, 3, 3, 3, 3, 3, 3, 3, 3, 3, 3, 3, 3, 3, 3, 3, 3, 3, 3, 3, 3, 3, 3, 3, 3, 3, 3, 3, 3, 3, 3, 3, 3, 3, 3, 3, 3, 3, 3, 3, 3, 3, 3, 3, 3, 3, 3, 3, 3, 3, 3, 3, 3, 3, 3, 3, 3, 3, 3, 3, 3, 3, 3, 3, 3, 3, 3, 3, 3, 3, 3, 3, 3, 3, 3, 3, 3, 3, 3, 3, 3, 3, 3, 3, 3, 3, 3, 3, 3, 3, 3, 3, 3, 3, 3, 3, 3, 3, 3, 3, 3, 3, 3, 3, 3, 3, 3, 3, 3, 3, 3, 3, 3, 3, 3, 3, 3, 3, 3, 3, 3, 3, 3, 3, 3, 3, 3, 3, 3, 3, 3, 3, 3, 3, 3, 3, 3, 3, 3, 3, 3, 3, 3, 3, 3, 3, 3, 3, 3, 3, 3, 3, 3, 3, 3, 3, 3, 3, 3, 3, 3, 3, 3, 3, 3, 3, 3, 3, 3, 3, 3, 3, 3, 3, 3, 3, 3, 3, 3, 3, 3, 3, 3, 3, 3, 3, 3, 3, 3, 3, 3, 3, 3, 3, 3, 3, 3, 3, 3, 3, 3, 3, 3, 3, 3, 3, 3, 3, 3, 3, 3, 3, 3, 3, 3, 3, 3, 3, 3, 3, 3, 3, 3, 3, 3, 3, 3, 3, 3, 3, 3, 3, 3, 3, 3, 3, 3, 3, 3, 3, 3, 3, 3, 3, 3, 3, 3, 3, 3, 3, 3, 3, 3, 3, 3, 3, 3, 3, 3, 3, 3, 3, 3, 3, 3, 3, 3, 3, 3, 3, 3, 3, 3, 3, 3, 3, 3, 3, 3, 3, 3, 3, 3, 3, 3, 3, 3, 3, 3, 3, 3, 3, 3, 3, 3, 3, 3, 3, 3, 3, 3, 3, 3, 3, 3, 3, 3, 3, 3, 3, 3, 3, 3, 3, 3, 3, 3, 3, 3, 3, 3, 3, 3, 3, 3, 3, 3, 3, 3, 3, 3, 3, 3, 3, 3, 3, 3, 3, 3, 3, 3, 3, 3, 3, 3, 3, 3, 3, 3, 3, 3, 3, 3, 3, 3, 3, 3, 3, 3, 3, 3, 3, 3, 3, 3, 3, 3, 3, 3, 3, 3, 3, 3, 3, 3, 3, 3, 3, 3, 3, 3, 3, 3, 3, 3, 3, 3, 3, 3, 3, 3, 3, 3, 3, 3, 3, 3, 3, 3, 3, 3, 3, 3, 3, 3, 3, 3, 3, 3, 3, 3, 3, 3, 3, 3, 3, 3, 3, 3, 3, 3, 3, 3, 3, 3, 3, 3, 3, 3, 3, 3, 3, 3, 3, 3, 3, 3, 3, 3, 3, 3, 3, 3, 3, 3, 3, 3, 3, 3, 3, 3, 3, 3, 3, 3, 3, 3, 3, 3, 3, 3, 3, 3, 3, 3, 3, 3, 3, 3, 3, 3, 3, 3, 3, 3, 3, 3, 3, 3, 3, 3, 3, 3, 3, 3, 3, 3, 3, 3, 3, 3, 3, 3, 3, 3, 3, 3, 3, 3, 3, 3, 3, 3, 3, 3, 3, 3, 3, 3, 3, 3, 3, 3, 3, 3, 3, 3, 3, 3, 3, 3, 3, 3, 3, 3, 3, 3, 3, 3, 3, 3, 3, 3, 3, 3, 3, 3, 3, 3, 3, 3, 3, 3, 3, 3, 3, 3, 3, 3, 3, 3, 3, 3, 3, 3, 3, 3, 3, 3, 3, 3, 3, 3, 3, 3, 3, 3, 3, 3, 3, 3, 3, 3, 3, 3, 3, 3, 3, 3, 3, 3, 3, 3, 3, 3, 3, 3, 3, 3, 3, 3, 3, 3, 3, 3, 3, 3, 3, 3, 3, 3, 3, 3, 3, 3, 3, 3, 3, 3, 3, 3, 3, 3, 3, 3, 3, 3, 3, 3, 3, 3, 3, 3, 3, 3, 3, 3, 3, 3, 3, 3, 3, 3, 3, 3, 3, 3, 3, 3, 3, 3, 3, 3, 3, 3, 3, 3, 3, 3, 3, 3, 3, 3, 3, 3, 3, 3, 3, 3, 3, 3, 3, 3, 3, 3, 3, 3, 3, 3, 3, 3, 3, 3, 3, 3, 3, 3, 3, 3, 3, 3, 3, 3, 3, 3, 3, 3, 3, 3, 3, 3, 3, 3, 3, 3, 3, 3, 3, 3, 3, 3, 3, 3, 3, 3, 3, 3, 3, 3, 3, 3, 3, 3, 3, 3, 3, 3, 3, 3, 3, 3, 3, 3, 3, 3, 3, 3, 3, 3, 3, 3, 3, 3, 3, 3, 3, 3, 3, 3, 3, 3, 3, 3, 3, 3, 3, 3, 3, 3, 3, 3, 3, 3, 3, 3, 3, 3, 3, 3, 3, 3, 3, 3, 3, 3, 3, 3, 3, 3, 3, 3, 3, 3, 3, 3, 3, 3, 3, 3, 3, 3, 3, 3, 3, 3, 3, 3, 3, 3, 3, 3, 3, 3, 3, 3, 3, 3, 3, 3, 3, 3, 3, 3, 3, 3, 3, 3, 3, 3, 3, 3, 3, 3, 3, 3, 3, 3, 3, 3, 3, 3, 3, 3, 3, 3, 3, 3, 3, 3, 3, 3, 3, 3, 3, 3, 3, 3, 3, 3, 3, 3, 3, 3, 3, 3, 3, 3, 3, 3, 3, 3, 3, 3, 3, 3, 3, 3, 3, 3, 3, 3, 3, 3, 3, 3, 3, 3, 3, 3, 3, 3, 3, 3, 3, 3, 3, 3, 3, 3, 3, 3, 3, 3, 3, 3, 3, 3, 3, 3, 3, 3, 3, 3, 3, 3, 3, 3, 3, 3, 3, 3, 3, 3, 3, 3, 3, 3, 3, 3, 3, 3, 3, 3, 3, 3, 3, 3, 3, 3, 3, 3, 3, 3, 3, 3, 3, 3, 3, 3, 3, 3, 3, 3, 3, 3, 3, 3, 3, 3, 3, 3, 3, 3, 3, 3, 3, 3, 3, 3, 3, 3, 3, 3, 3, 3, 3, 3, 3, 3, 3, 3, 3, 3, 3, 3, 3, 3, 3, 3, 3, 3, 3, 3, 3, 3, 3, 3, 3, 3, 3, 3, 3, 3, 3, 3, 3, 3, 3, 3, 3, 3, 3, 3, 3, 3, 3, 3, 3, 3, 3, 3, 3, 3, 3, 3, 3, 3, 3, 3, 3, 3, 3, 3, 3, 3, 3, 3, 3, 3, 3, 3, 3, 3, 3, 3, 3, 3, 3, 3, 3, 3, 3, 3, 3, 3, 3, 3, 3, 3, 3, 3, 3, 3, 3, 3, 3, 3, 3, 3, 3, 3, 3, 3, 3, 3, 3, 3, 3, 3, 3, 3, 3, 3, 3, 3, 3, 3, 3, 3, 3, 3, 3, 3, 3, 3, 3, 3, 3, 3, 3, 3, 3, 3, 3, 3, 3, 3, 3, 3, 3, 3, 3, 3, 3, 3, 3, 3, 3, 3, 3, 3, 3, 3, 3, 3, 3, 3, 3, 3, 3, 3, 3, 3, 3, 3, 3, 3, 3, 3, 3, 3, 3, 3, 3, 3, 3, 3, 3, 3, 3, 3, 3, 3, 3, 3, 3, 3, 3, 3, 3, 3, 3, 3, 3, 3, 3, 3, 3, 3, 3, 3, 3, 3, 3, 3, 3, 3, 3, 3, 3, 3, 3, 3, 3, 3, 3, 3, 3, 3, 3, 3, 3, 3, 3, 3, 3, 3, 3, 3, 3, 3, 3, 3, 3, 3, 3, 3, 3, 3, 3, 3, 3, 3, 3, 3, 3, 3, 3, 3, 3, 3, 3, 3, 3, 3, 3, 3, 3, 3, 3, 3, 3, 3, 3, 3, 3, 3, 3, 3, 3, 3, 3, 3, 3, 3, 3, 3, 3, 3, 3, 3, 3, 3, 3, 3, 3, 3, 3, 3, 3, 3, 3, 3, 3, 3, 3, 3, 3, 3, 3, 3, 3, 3, 3, 3, 3, 3, 3, 3, 3, 3, 3, 3, 3, 3, 3, 3, 3, 3, 3, 3, 3, 3, 3, 3, 3, 3, 3, 3, 3, 3, 3, 3, 3, 3, 3, 3, 3, 3, 3, 3, 3, 3, 3, 3, 3, 3, 3, 3, 3, 3, 3, 3, 3, 3, 3, 3, 3, 3, 3, 3, 3, 3, 3, 3, 3, 3, 3, 3, 3, 3, 3, 3, 3, 3, 3, 3, 3, 3, 3, 3, 3, 3, 3, 3, 3, 3, 3, 3, 3, 3, 3, 3, 3, 3, 3, 3, 3, 3, 3, 3, 3, 3, 3, 3, 3, 3, 3, 3, 3, 3, 3, 3, 3, 3, 3, 3, 3, 3, 3, 3, 3, 3, 3, 3, 3, 3, 3, 3, 3, 3, 3, 3, 3, 3, 3, 3, 3, 3, 3, 3, 3, 3, 3, 3, 3, 3, 3, 3, 3, 3, 3, 3, 3, 3, 3, 3, 3, 3, 3, 3, 3, 3, 3, 3, 3, 3, 3, 3, 3, 3, 3, 3, 3, 3, 3, 3, 3, 3, 3, 3, 3, 3, 3, 3, 3, 3, 3, 3, 3, 3, 3, 3, 3, 3, 3, 3, 3, 3, 3, 3, 3, 3, 3, 3, 3, 3, 3, 3, 3, 3, 3, 3, 3, 3, 3, 3, 3, 3, 3, 3, 3, 3, 3, 3, 3, 3, 3, 3, 3, 3, 3, 3, 3, 3, 3, 3, 3, 3, 3, 3, 3, 3, 3, 3, 3, 3, 3, 3, 3, 3, 3, 3, 3, 3, 3, 3, 3, 3, 3, 3, 3, 3, 3, 3, 3, 3, 3, 3, 3, 3, 3, 3, 3, 3, 3, 3, 3, 3, 3, 3, 3, 3, 3, 3, 3, 3, 3, 3, 3, 3, 3, 3, 3, 3, 3, 3, 3, 3, 3, 3, 3, 3, 3, 3, 3, 3, 3, 3, 3, 3, 3, 3, 3, 3, 3, 3, 3, 3, 3, 3, 3, 3, 3, 3, 3, 3, 3, 3, 3, 3, 3, 3, 3, 3, 3, 3, 3, 3, 3, 3, 3, 3, 3, 3, 3, 3, 3, 3, 3, 3, 3, 3, 3, 3, 3, 3, 3, 3, 3, 3, 3, 3, 3, 3, 3, 3, 3, 3, 3, 3, 3, 3, 3, 3, 3, 3, 3, 3, 3, 3, 3, 3, 3, 3, 3, 3, 3, 3, 3, 3, 3, 3, 3, 3, 3, 3, 3, 3, 3, 3, 3, 3, 3, 3, 3, 3, 3, 3, 3, 3, 3, 3, 3, 3, 3, 3, 3, 3, 3, 3, 3, 3, 3, 3, 3, 3, 3, 3, 3, 3, 3, 3, 3, 3, 3, 3, 3, 3, 3, 3, 3, 3, 3, 3, 3, 3, 3, 3, 3, 3, 3, 3, 3, 3, 3, 3, 3, 3, 3, 3, 3, 3, 3, 3, 3, 3, 3, 3, 3, 3, 3, 3, 3, 3, 3, 3, 3, 3, 3, 3, 3, 3, 3, 3, 3, 3, 3, 3, 3, 3, 3, 3, 3, 3, 3, 3, 3, 3, 3, 3, 3, 3, 3, 3, 3, 3, 3, 3, 3, 3, 3, 3, 3, 3, 3, 3, 3, 3, 3, 3, 3, 3, 3, 3, 3, 3, 3, 3, 3, 3, 3, 3, 3, 3, 3, 3, 3, 3, 3, 3, 3, 3, 3, 3, 3, 3, 3, 3, 3, 3, 3, 3, 3, 3, 3, 3, 3, 3, 3, 3, 3, 3, 3, 3, 3, 3, 3, 3, 3, 3, 3, 3, 3, 3, 3, 3, 3, 3, 3, 3, 3, 3, 3, 3, 3, 3, 3, 3, 3, 3, 3, 3, 3, 3, 3, 3, 3, 3, 3, 3, 3, 3, 3, 3, 3, 3, 3, 3, 3, 3, 3, 3, 3, 3, 3, 3, 3, 3, 3, 3, 3, 3, 3, 3, 3, 3, 3, 3, 3, 3, 3, 3, 3, 3, 3, 3, 3, 3, 3, 3, 3, 3, 3, 3, 3, 3, 3, 3, 3, 3, 3, 3, 3, 3, 3, 3, 3, 3, 3, 3, 3, 3, 3, 3, 3, 3, 3, 3, 3, 3, 3, 3, 3, 3, 3, 3, 3, 3, 3, 3, 3, 3, 3, 3, 3, 3, 3, 3, 3, 3, 3, 3, 3, 3, 3, 3, 3, 3, 3, 3, 3, 3, 3, 3, 3, 3, 3, 3, 3, 3, 3, 3, 3, 3, 3, 3, 3, 3, 3, 3, 3, 3, 3, 3, 3, 3, 3, 3, 3, 3, 3, 3, 3, 3, 3, 3, 3, 3, 3, 3, 3, 3, 3, 3, 3, 3, 3, 3, 3, 3, 3, 3, 3, 3, 3, 3, 3, 3, 3, 3, 3, 3, 3, 3, 3, 3, 3, 3, 3, 3, 3, 3, 3, 3, 3, 3, 3, 3, 3, 3, 3, 3, 3, 3, 3, 3, 3, 3, 3, 3, 3, 3, 3, 3, 3, 3, 3, 3, 3, 3, 3, 3, 3, 3, 3, 3, 3, 3, 3, 3, 3, 3, 3, 3, 3, 3, 3, 3, 3, 3, 3, 3, 3, 3, 3, 3, 3, 3, 3, 3, 3, 3, 3, 3, 3, 3, 3, 3, 3, 3, 3, 3, 3, 3, 3, 3, 3, 3, 3, 3, 3, 3, 3, 3, 3, 3, 3, 3, 3, 3, 3, 3, 3, 3, 3, 3, 3, 3, 3, 3, 3, 3, 3, 3, 3, 3, 3, 3, 3, 3, 3, 3, 3, 3, 3, 3, 3, 3, 3, 3, 3, 3, 3, 3, 3, 3, 3, 3, 3, 3, 3, 3, 3, 3, 3, 3, 3, 3, 3, 3, 3, 3, 3, 3, 3, 3, 3, 3, 3, 3, 3, 3, 3, 3, 3, 3, 3, 3, 3, 3, 3, 3, 3, 3, 3, 3, 3, 3, 3, 3, 3, 3, 3, 3, 3, 3, 3, 3, 3, 3, 3, 3, 3, 3, 3, 3, 3, 3, 3, 3, 3, 3, 3, 3, 3, 3, 3, 3, 3, 3, 3, 3, 3, 3, 3, 3, 3, 3, 3, 3, 3, 3, 3, 3, 3, 3, 3, 3, 3, 3, 3, 3, 3, 3, 3, 3, 3, 3, 3, 3, 3, 3, 3, 3, 3, 3, 3, 3, 3, 3, 3, 3, 3, 3, 3, 3, 3, 3, 3, 3, 3, 3, 3, 3, 3, 3, 3, 3, 3, 3, 3, 3, 3, 3, 3, 3, 3, 3, 3, 3, 3, 3, 3, 3, 3, 3, 3, 3, 3, 3, 3, 3, 3, 3, 3, 3, 3, 3, 3, 3, 3, 3, 3, 3, 3, 3, 3, 3, 3, 3, 3, 3, 3, 3, 3, 3, 3, 3, 3, 3, 3, 3, 3, 3, 3, 3, 3, 3, 3, 3, 3, 3, 3, 3, 3, 3, 3, 3, 3, 3, 3, 3, 3, 3, 3, 3, 3, 3, 3, 3, 3, 3, 3, 3, 3, 3, 3, 3, 3, 3, 3, 3, 3, 3, 3, 3, 3, 3, 3, 3, 3, 3, 3, 3, 3, 3, 3, 3, 3, 3, 3, 3, 3, 3, 3, 3, 3, 3, 3, 3, 3, 3, 3, 3, 3, 3, 3, 3, 3, 3, 3, 3, 3, 3, 3, 3, 3, 3, 3, 3, 3, 3, 3, 3, 3, 3, 3, 3, 3, 3, 3, 3, 3, 3, 3, 3, 3, 3, 3, 3, 3, 3, 3, 3, 3, 3, 3, 3, 3, 3, 3, 3, 3, 3, 3, 3, 3, 3, 3, 3, 3, 3, 3, 3, 3, 3, 3, 3, 3, 3, 3, 3, 3, 3, 3, 3, 3, 3, 3, 3, 3, 3, 3, 3, 3, 3, 3, 3, 3, 3, 3, 3, 3, 3, 3, 3, 3, 3, 3, 3, 3, 3, 3, 3, 3, 3, 3, 3, 3, 3, 3, 3, 3, 3, 3, 3, 3, 3, 3, 3, 3, 3, 3, 3, 3, 3, 3, 3, 3, 3, 3, 3, 3, 3, 3, 3, 3, 3, 3, 3, 3, 3, 3, 3, 3, 3, 3, 3, 3, 3, 3, 3, 3, 3, 3, 3, 3, 3, 3, 3, 3, 3, 3, 3, 3, 3, 3, 3, 3, 3, 3, 3, 3, 3, 3, 3, 3, 3, 3, 3, 3, 3, 3, 3, 3, 3, 3, 3, 3, 3, 3, 3, 3, 3, 3, 3, 3, 3, 3, 3, 3, 3, 3, 3, 3, 3, 3, 3, 3, 3, 3, 3, 3, 3, 3, 3, 3, 3, 3, 3, 3, 3, 3, 3, 3, 3, 3, 3, 3, 3, 3, 3, 3, 3, 3, 3, 3, 3, 3, 3, 3, 3, 3, 3, 3, 3, 3, 3, 3, 3, 3, 3, 3, 3, 3, 3, 3, 3, 3, 3, 3, 3, 3, 3, 3, 3, 3, 3, 3, 3, 3, 3, 3, 3, 3, 3, 3, 3, 3, 3, 3, 3, 3, 3, 3, 3, 3, 3, 3, 3, 3, 3, 3, 3, 3, 3, 3, 3, 3, 3, 3, 3, 3, 3, 3, 3, 3, 3, 3, 3, 3, 3, 3, 3, 3, 3, 3, 3, 3, 3, 3, 3, 3, 3, 3, 3, 3, 3, 3, 3, 3, 3, 3, 3, 3, 3, 3, 3, 3, 3, 3, 3, 3, 3, 3, 3, 3, 3, 3, 3, 3, 3, 3, 3, 3, 3, 3, 3, 3, 3, 3, 3, 3, 3, 3, 3, 3, 3, 3, 3, 3, 3, 3, 3, 3, 3, 3, 3, 3, 3, 3, 3, 3, 3, 3, 3, 3, 3, 3, 3, 3, 3, 3, 3, 3, 3, 3, 3, 3, 3, 3, 3, 3, 3, 3, 3, 3, 3, 3, 3, 3, 3, 3, 3, 3, 3, 3, 3, 3, 3, 3, 3, 3, 3, 3, 3, 3, 3, 3, 3, 3, 3, 3, 3, 3, 3, 3, 3, 3, 3, 3, 3, 3, 3, 3, 3, 3, 3, 3, 3, 3, 3, 3, 3, 3, 3, 3, 3, 3, 3, 3, 3, 3, 3, 3, 3, 3, 3, 3, 3, 3, 3, 3, 3, 3, 3, 3, 3, 3, 3, 3, 3, 3, 3, 3, 3, 3, 3, 3, 3, 3, 3, 3, 3, 3, 3, 3, 3, 3, 3, 3, 3, 3, 3, 3, 3, 3, 3, 3, 3, 3, 3, 3, 3, 3, 3, 3, 3, 3, 3, 3, 3, 3, 3, 3, 3, 3, 3, 3, 3, 3, 3, 3, 3, 3, 3, 3, 3, 3, 3, 3, 3, 3, 3, 3, 3, 3, 3, 3, 3, 3, 3, 3, 3, 3, 3, 3, 3, 3, 3, 3, 3, 3, 3, 3, 3, 3, 3, 3, 3, 3, 3, 3, 3, 3, 3, 3, 3, 3, 3, 3, 3, 3, 3, 3, 3, 3, 3, 3, 3, 3, 3, 3, 3, 3, 3, 3, 3, 3, 3, 3, 3, 3, 3, 3, 3, 3, 3, 3, 3, 3, 3, 3, 3, 3, 3, 3, 3, 3, 3, 3, 3, 3, 3, 3, 3, 3, 3, 3, 3, 3, 3, 3, 3, 3, 3, 3, 3, 3, 3, 3, 3, 3, 3, 3, 3, 3, 3, 3, 3, 3, 3, 3, 3, 3, 3, 3, 3, 3, 3, 3, 3, 3, 3, 3, 3, 3, 3, 3, 3, 3, 3, 3, 3, 3, 3, 3, 3, 3, 3, 3, 3, 3, 3, 3, 3, 3, 3, 3, 3, 3, 3, 3, 3, 3, 3, 3, 3, 3, 3, 3, 3, 3, 3, 3, 3, 3, 3, 3, 3, 3, 3, 3, 3, 3, 3, 3, 3, 3, 3, 3, 3, 3, 3, 3, 3, 3, 3, 3, 3, 3, 3, 3, 3, 3, 3, 3, 3, 3, 3, 3, 3, 3, 3, 3, 3, 3, 3, 3, 3, 3, 3, 3, 3, 3, 3, 3, 3, 3, 3, 3, 3, 3, 3, 3, 3, 3, 3, 3, 3, 3, 3, 3, 3, 3, 3, 3, 3, 3, 3, 3, 3, 3, 3, 3, 3, 3, 3, 3, 3, 3, 3, 3, 3, 3, 3, 3, 3, 3, 3, 3, 3, 3, 3, 3, 3, 3, 3, 3, 3, 3, 3, 3, 3, 3, 3, 3, 3, 3, 3, 3, 3, 3, 3, 3, 3, 3, 3, 3, 3, 3, 3, 3, 3, 3, 3, 3, 3, 3, 3, 3, 3, 3, 3, 3, 3, 3, 3, 3, 3, 3, 3, 3, 3, 3, 3, 3, 3, 3, 3, 3, 3, 3, 3, 3, 3, 3, 3, 3, 3, 3, 3, 3, 3, 3, 3, 3, 3, 3, 3, 3, 3, 3, 3, 3, 3, 3, 3, 3, 3, 3, 3, 3, 3, 3, 3, 3, 3, 3, 3, 3, 3, 3, 3, 3, 3, 3, 3, 3, 3, 3, 3, 3, 3, 3, 3, 3, 3, 3, 3, 3, 3, 3, 3, 3, 3, 3, 3, 3, 3, 3, 3, 3, 3, 3, 3, 3, 3, 3, 3, 3, 3, 3, 3, 3, 3, 3, 3, 3, 3, 3, 3, 3, 3, 3, 3, 3, 3, 3, 3, 3, 3, 3, 3, 3, 3, 3, 3, 3, 3, 3, 3, 3, 3, 3, 3, 3, 3, 3, 3, 3, 3, 3, 3, 3, 3, 3, 3, 3, 3, 3, 3, 3, 3, 3, 3, 3, 3, 3, 3, 3, 3, 3, 3, 3, 3, 3, 3, 3, 3, 3, 3, 3, 3, 3, 3, 3, 3, 3, 3, 3, 3, 3, 3, 3, 3, 3, 3, 3, 3, 3, 3, 3, 3, 3, 3, 3, 3, 3, 3, 3, 3, 3, 3, 3, 3, 3, 3, 3, 3, 3, 3, 3, 3, 3, 3, 3, 3, 3, 3, 3, 3, 3, 3, 3, 3, 3, 3, 3, 3, 3, 3, 3, 3, 3, 3, 3, 3, 3, 3, 3, 3, 3, 3, 3, 3, 3, 3, 3, 3, 3, 3, 3, 3, 3, 3, 3, 3, 3, 3, 3, 3, 3, 3, 3, 3, 3, 3, 3, 3, 3, 3, 3, 3, 3, 3, 3, 3, 3, 3, 3, 3, 3, 3, 3, 3, 3, 3, 3, 3, 3, 3, 3, 3, 3, 3, 3, 3, 3, 3, 3, 3, 3, 3, 3, 3, 3, 3, 3, 3, 3, 3, 3, 3, 3, 3, 3, 3, 3, 3, 3, 3, 3, 3, 3, 3, 3, 3, 3, 3, 3, 3, 3, 3, 3, 3, 3, 3, 3, 3, 3, 3, 3, 3, 3, 3, 3, 3, 3, 3, 3, 3, 3, 3, 3, 3, 3, 3, 3, 3, 3, 3, 3, 3, 3, 3, 3, 3, 3, 3, 3, 3, 3, 3, 3, 3, 3, 3, 3, 3, 3, 3, 3, 3, 3, 3, 3, 3, 3, 3, 3, 3, 3, 3, 3, 3, 3, 3, 3, 3, 3, 3, 3, 3, 3, 3, 3, 3, 3, 3, 3, 3, 3, 3, 3, 3, 3, 3, 3, 3, 3, 3, 3, 3, 3, 3, 3, 3, 3, 3, 3, 3, 3, 3, 3, 3, 3, 3, 3, 3, 3, 3, 3, 3, 3, 3, 3, 3, 3, 3, 3, 3, 3, 3, 3, 3, 3, 3, 3, 3, 3, 3, 3, 3, 3, 3, 3, 3, 3, 3, 3, 3, 3, 3, 3, 3, 3, 3, 3, 3, 3, 3, 3, 3, 3, 3, 3, 3, 3, 3, 3, 3, 3, 3, 3, 3, 3, 3, 3, 3, 3, 3, 3, 3, 3, 3, 3, 3, 3, 3, 3, 3, 3, 3, 3, 3, 3, 3, 3, 3, 3, 3, 3, 3, 3, 3, 3, 3, 3, 3, 3, 3, 3, 3, 3, 3, 3, 3, 3, 3, 3, 3, 3, 3, 3, 3, 3, 3, 3, 3, 3, 3, 3, 3, 3, 3, 3, 3, 3, 3, 3, 3, 3, 3, 3, 3, 3, 3, 3, 3, 3, 3, 3, 3, 3, 3, 3, 3, 3, 3, 3, 3, 3, 3, 3, 3, 3, 3, 3, 3, 3, 3, 3, 3, 3, 3, 3, 3, 3, 3, 3, 3, 3, 3, 3, 3, 3, 3, 3, 3, 3, 3, 3, 3, 3, 3, 3, 3, 3, 3, 3, 3, 3, 3, 3, 3, 3, 3, 3, 3, 3, 3, 3, 3, 3, 3, 3, 3, 3, 3, 3, 3, 3, 3, 3, 3, 3, 3, 3, 3, 3, 3, 3, 3, 3, 3, 3, 3, 3, 3, 3, 3, 3, 3, 3, 3, 3, 3, 3, 3, 3, 3, 3, 3, 3, 3, 3, 3, 3, 3, 3, 3, 3, 3, 3, 3, 3, 3, 3, 3, 3, 3, 3, 3, 3, 3, 3, 3, 3, 3, 3, 3, 3, 3, 3, 3, 3, 3, 3, 3, 3, 3, 3, 3, 3, 3, 3, 3, 3, 3, 3, 3, 3, 3, 3, 3, 3, 3, 3, 3, 3, 3, 3, 3, 3, 3, 3, 3, 3, 3, 3, 3, 3, 3, 3, 3, 3, 3, 3, 3, 3, 3, 3, 3, 3, 3, 3, 3, 3, 3, 3, 3, 3, 3, 3, 3, 3, 3, 3, 3, 3, 3, 3, 3, 3, 3, 3, 3, 3, 3, 3, 3, 3, 3, 3, 3, 3, 3, 3, 3, 3, 3, 3, 3, 3, 3, 3, 3, 3, 3, 3, 3, 3, 3, 3, 3, 3, 3, 3, 3, 3, 3, 3, 3, 3, 3, 3, 3, 3, 3, 3, 3, 3, 3, 3, 3, 3, 3, 3, 3, 3, 3, 3, 3, 3, 3, 3, 3, 3, 3, 3, 3, 3, 3, 3, 3, 3, 3, 3, 3, 3, 3, 3, 3, 3, 3, 3, 3, 3, 3, 3, 3, 3, 3, 3, 3, 3, 3, 3, 3, 3, 3, 3, 3, 3, 3, 3, 3, 3, 3, 3, 3, 3, 3, 3, 3, 3, 3, 3, 3, 3, 3, 3, 3, 3, 3, 3, 3, 3, 3, 3, 3, 3, 3, 3, 3, 3, 3, 3, 3, 3, 3, 3, 3, 3, 3, 3, 3, 3, 3, 3, 3, 3, 3, 3, 3, 3, 3, 3, 3, 3, 3, 3, 3, 3, 3, 3, 3, 3, 3, 3, 3, 3, 3, 3, 3, 3, 3, 3, 3, 3, 3, 3, 3, 3, 3, 3, 3, 3, 3, 3, 3, 3, 3, 3, 3, 3, 3, 3, 3, 3, 3, 3, 3, 3, 3, 3, 3, 3, 3, 3, 3, 3, 3, 3, 3, 3, 3, 3, 3, 3, 3, 3, 3, 3, 3, 3, 3, 3, 3, 3, 3, 3, 3, 3, 3, 3, 3, 3, 3, 3, 3, 3, 3, 3, 3, 3, 3, 3, 3, 3, 3, 3, 3, 3, 3, 3, 3, 3, 3, 3, 3, 3, 3, 3, 3, 3, 3, 3, 3, 3, 3, 3, 3, 3, 3, 3, 3, 3, 3, 3, 3, 3, 3, 3, 3, 3, 3, 3, 3, 3, 3, 3, 3, 3, 3, 3, 3, 3, 3, 3, 3, 3, 3, 3, 3, 3, 3, 3, 3, 3, 3, 3, 3, 3, 3, 3, 3, 3, 3, 3, 3, 3, 3, 3, 3, 3, 3, 3, 3, 3, 3, 3, 3, 3, 3, 3, 3, 3, 3, 3, 3, 3, 3, 3, 3, 3, 3, 3, 3, 3, 3, 3, 3, 3, 3, 3, 3, 3, 3, 3, 3, 3, 3, 3, 3, 3, 3, 3, 3, 3, 3, 3, 3, 3, 3, 3, 3, 3, 3, 3, 3, 3, 3, 3, 3, 3, 3, 3, 3, 3, 3, 3, 3, 3, 3, 3, 3, 3, 3, 3, 3, 3, 3, 3, 3, 3, 3, 3, 3, 3, 3, 3, 3, 3, 3, 3, 3, 3, 3, 3, 3, 3, 3, 3, 3, 3, 3, 3, 3, 3, 3, 3, 3, 3, 3, 3, 3, 3, 3, 3, 3, 3, 3, 3, 3, 3, 3, 3, 3, 3, 3, 3, 3, 3, 3, 3, 3, 3, 3, 3, 3, 3, 3, 3, 3, 3, 3, 3, 3, 3, 3, 3, 3, 3, 3, 3, 3, 3, 3, 3, 3, 3, 3, 3, 3, 3, 3, 3, 3, 3, 3, 3, 3, 3, 3, 3, 3, 3, 3, 3, 3, 3, 3, 3, 3, 3, 3, 3, 3, 3, 3, 3, 3, 3, 3, 3, 3, 3, 3, 3, 3, 3, 3, 3, 3, 3, 3, 3, 3, 3, 3, 3, 3, 3, 3, 3, 3, 3, 3, 3, 3, 3, 3, 3, 3, 3, 3, 3, 3, 3, 3, 3, 3, 3, 3, 3, 3, 3, 3, 3, 3, 3, 3, 3, 3, 3, 3, 3, 3, 3, 3, 3, 3, 3, 3, 3, 3, 3, 3, 3, 3, 3, 3, 3, 3, 3, 3, 3, 3, 3, 3, 3, 3, 3, 3, 3, 3, 3, 3, 3, 3, 3, 3, 3, 3, 3, 3, 3, 3, 3, 3, 3, 3, 3, 3, 3, 3, 3, 3, 3, 3, 3, 3, 3, 3, 3, 3, 3, 3, 3, 3, 3, 3, 3, 3, 3, 3, 3, 3, 3, 3, 3, 3, 3, 3, 3, 3, 3, 3, 3, 3, 3, 3, 3, 3, 3, 3, 3, 3, 3, 3, 3, 3, 3, 3, 3, 3, 3, 3, 3, 3, 3, 3, 3, 3, 3, 3, 3, 3, 3, 3, 3, 3, 3, 3, 3, 3, 3, 3, 3, 3, 3, 3, 3, 3, 3, 3, 3, 3, 3, 3, 3, 3, 3, 3, 3, 3, 3, 3, 3, 3, 3, 3, 3, 3, 3, 3, 3, 3, 3, 3, 3, 3, 3, 3, 3, 3, 3, 3, 3, 3, 3, 3, 3, 3, 3, 3, 3, 3, 3, 3, 3, 3, 3, 3, 3, 3, 3, 3, 3, 3, 3, 3, 3, 3, 3, 3, 3, 3, 3, 3, 3, 3, 3, 3, 3, 3, 3, 3, 3, 3, 3, 3, 3, 3, 3, 3, 3, 3, 3, 3, 3, 3, 3, 3, 3, 3, 3, 3, 3, 3, 3, 3, 3, 3, 3, 3, 3, 3, 3, 3, 3, 3, 3, 3, 3, 3, 3, 3, 3, 3, 3, 3, 3, 3, 3, 3, 3, 3, 3, 3, 3, 3, 3, 3, 3, 3, 3, 3, 3, 3, 3, 3, 3, 3, 3, 3, 3, 3, 3, 3, 3, 3, 3, 3, 3, 3, 3, 3, 3, 3, 3, 3, 3, 3, 3, 3, 3, 3, 3, 3, 3, 3, 3, 3, 3, 3, 3, 3, 3, 3, 3, 3, 3, 3, 3, 3, 3, 3, 3, 3, 3, 3, 3, 3, 3, 3, 3, 3, 3, 3, 3, 3, 3, 3, 3, 3, 3, 3, 3, 3, 3, 3, 3, 3, 3, 3, 3, 3, 3, 3, 3, 3, 3, 3, 3, 3, 3, 3, 3, 3, 3, 3, 3, 3, 3, 3, 3, 3, 3, 3, 3, 3, 3, 3, 3, 3, 3, 3, 3, 3, 3, 3, 3, 3, 3, 3, 3, 3, 3, 3, 3, 3, 3, 3, 3, 3, 3, 3, 3, 3, 3, 3, 3, 3, 3, 3, 3, 3, 3, 3, 3, 3, 3, 3, 3, 3, 3, 3, 3, 3, 3, 3, 3, 3, 3, 3, 3, 3, 3, 3, 3, 3, 3, 3, 3, 3, 3, 3, 3, 3, 3, 3, 3, 3, 3, 3, 3, 3, 3, 3, 3, 3, 3, 3, 3, 3, 3, 3, 3, 3, 3, 3, 3, 3, 3, 3, 3, 3, 3, 3, 3, 3, 3, 3, 3, 3, 3, 3, 3, 3, 3, 3, 3, 3, 3, 3, 3, 3, 3, 3, 3, 3, 3, 3, 3, 3, 3, 3, 3, 3, 3, 3, 3, 3, 3, 3, 3, 3, 3, 3, 3, 3, 3, 3, 3, 3, 3, 3, 3, 3, 3, 3, 3, 3, 3, 3, 3, 3, 3, 3, 3, 3, 3, 3, 3, 3, 3, 3, 3, 3, 3, 3, 3, 3, 3, 3, 3, 3, 3, 3, 3, 3, 3, 3, 3, 3, 3, 3, 3, 3, 3, 3, 3, 3, 3, 3, 3, 3, 3, 3, 3, 3, 3, 3, 3, 3, 3, 3, 3, 3, 3, 3, 3, 3, 3, 3, 3, 3, 3, 3, 3, 3, 3, 3, 3, 3, 3, 3, 3, 3, 3, 3, 3, 3, 3, 3, 3, 3, 3, 3, 3, 3, 3, 3, 3, 3, 3, 3, 3, 3, 3, 3, 3, 3, 3, 3, 3, 3, 3, 3, 3, 3, 3, 3, 3, 3, 3, 3, 3, 3, 3, 3, 3, 3, 3, 3, 3, 3, 3, 3, 3, 3, 3, 3, 3, 3, 3, 3, 3, 3, 3, 3, 3, 3, 3, 3, 3, 3, 3, 3, 3, 3, 3, 3, 3, 3, 3, 3, 3, 3, 3, 3, 3, 3, 3, 3, 3, 3, 3, 3, 3, 3, 3, 3, 3, 3, 3, 3, 3, 3, 3, 3, 3, 3, 3, 3, 3, 3, 3, 3, 3, 3, 3, 3, 3, 3, 3, 3, 3, 3, 3, 3, 3, 3, 3, 3, 3, 3, 3, 3, 3, 3, 3, 3, 3, 3, 3, 3, 3, 3, 3, 3, 3, 3, 3, 3, 3, 3, 3, 3, 3, 3, 3, 3, 3, 3, 3, 3, 3, 3, 3, 3, 3, 3, 3, 3, 3, 3, 3, 3, 3, 3, 3, 3, 3, 3, 3, 3, 3, 3, 3, 3, 3, 3, 3, 3, 3, 3, 3, 3, 3, 3, 3, 3, 3, 3, 3, 3, 3, 3, 3, 3, 3, 3, 3, 3, 3, 3, 3, 3, 3, 3, 3, 3, 3, 3, 3, 3, 3, 3, 3, 3, 3, 3, 3, 3, 3, 3, 3, 3, 3, 3, 3, 3, 3, 3, 3, 3, 3, 3, 3, 3, 3, 3, 3, 3, 3, 3, 3, 3, 3, 3, 3, 3, 3, 3, 3, 3, 3, 3, 3, 3, 3, 3, 3, 3, 3, 3, 3, 3, 3, 3, 3, 3, 3, 3, 3, 3, 3, 3, 3, 3, 3, 3, 3, 3, 3, 3, 3, 3, 3, 3, 3, 3, 3, 3, 3, 3, 3, 3, 3, 3, 3, 3, 3, 3, 3, 3, 3, 3, 3, 3, 3, 3, 3, 3, 3, 3, 3, 3, 3, 3, 3, 3, 3, 3, 3, 3, 3, 3, 3, 3, 3, 3, 3, 3, 3, 3, 3, 3, 3, 3, 3, 3, 3, 3, 3, 3, 3, 3, 3, 3, 3, 3, 3, 3, 3, 3, 3, 3, 3, 3, 3, 3, 3, 3, 3, 3, 3, 3, 3, 3, 3, 3, 3, 3, 3, 3, 3, 3, 3, 3, 3, 3, 3, 3, 3, 3, 3, 3, 3, 3, 3, 3, 3, 3, 3, 3, 3, 3, 3, 3, 3, 3, 3, 3, 3, 3, 3, 3, 3, 3, 3, 3, 3, 3, 3, 3, 3, 3, 3, 3, 3, 3, 3, 3, 3, 3, 3, 3, 3, 3, 3, 3, 3, 3, 3, 3, 3, 3, 3, 3, 3, 3, 3, 3, 3, 3, 3, 3, 3, 3, 3, 3, 3, 3, 3, 3, 3, 3, 3, 3, 3, 3, 3, 3, 3, 3, 3, 3, 3, 3, 3, 3, 3, 3, 3, 3, 3, 3, 3, 3, 3, 3, 3, 3, 3, 3, 3, 3, 3, 3, 3, 3, 3, 3, 3, 3, 3, 3, 3, 3, 3, 3, 3, 3, 3, 3, 3, 3, 3, 3, 3, 3, 3, 3, 3, 3, 3, 3, 3, 3, 3, 3, 3, 3, 3, 3, 3, 3, 3, 3, 3, 3, 3, 3, 3, 3, 3, 3, 3, 3, 3, 3, 3, 3, 3, 3, 3, 3, 3, 3, 3, 3, 3, 3, 3, 3, 3, 3, 3, 3, 3, 3, 3, 3, 3, 3, 3, 3, 3, 3, 3, 3, 3, 3, 3, 3, 3, 3, 3, 3, 3, 3, 3, 3, 3, 3, 3, 3, 3, 3, 3, 3, 3, 3, 3, 3, 3, 3, 3, 3, 3, 3, 3, 3, 3, 3, 3, 3, 3, 3, 3, 3, 3, 3, 3, 3, 3, 3, 3, 3, 3, 3, 3, 3, 3, 3, 3, 3, 3, 3, 3, 3, 3, 3, 3, 3, 3, 3, 3, 3, 3, 3, 3, 3, 3, 3, 3, 3, 3, 3, 3, 3, 3, 3, 3, 3, 3, 3, 3, 3, 3, 3, 3, 3, 3, 3, 3, 3, 3, 3, 3, 3, 3, 3, 3, 3, 3, 3, 3, 3, 3, 3, 3, 3, 3, 3, 3, 3, 3, 3, 3, 3, 3, 3, 3, 3, 3, 3, 3, 3, 3, 3, 3, 3, 3, 3, 3, 3, 3, 3, 3, 3, 3, 3, 3, 3, 3, 3, 3, 3, 3, 3, 3, 3, 3, 3, 3, 3, 3, 3, 3, 3, 3, 3, 3, 3, 3, 3, 3, 3, 3, 3, 3, 3, 3, 3, 3, 3, 3, 3, 3, 3, 3, 3, 3, 3, 3, 3, 3, 3, 3, 3, 3, 3, 3, 3, 3, 3, 3, 3, 3, 3, 3, 3, 3, 3, 3, 3, 3, 3, 3, 3, 3, 3, 3, 3, 3, 3, 3, 3, 3, 3, 3, 3, 3, 3, 3, 3, 3, 3, 3, 3, 3, 3, 3, 3, 3, 3, 3, 3, 3, 3, 3, 3, 3, 3, 3, 3, 3, 3, 3, 3, 3, 3, 3, 3, 3, 3, 3, 3, 3, 3, 3, 3, 3, 3, 3, 3, 3, 3, 3, 3, 3, 3, 3, 3, 3, 3, 3, 3, 3, 3, 3, 3, 3, 3, 3, 3, 3, 3, 3, 3, 3, 3, 3, 3, 3, 3, 3, 3, 3, 3, 3, 3, 3, 3, 3, 3, 3, 3, 3, 3, 3, 3, 3, 3, 3, 3, 3, 3, 3, 3, 3, 3, 3, 3, 3, 3, 3, 3, 3, 3, 3, 3, 3, 3, 3, 3, 3, 3, 3, 3, 3, 3, 3, 3, 3, 3, 3, 3, 3, 3, 3, 3, 3, 3, 3, 3, 3, 3, 3, 3, 3, 3, 3, 3, 3, 3, 3, 3, 3, 3, 3, 3, 3, 3, 3, 3, 3, 3, 3, 3, 3, 3, 3, 3, 3, 3, 3, 3, 3, 3, 3, 3, 3, 3, 3, 3, 3, 3, 3, 3, 3, 3, 3, 3, 3, 3, 3, 3, 3, 3, 3, 3, 3, 3, 3, 3, 3, 3, 3, 3, 3, 3, 3, 3, 3, 3, 3, 3, 3, 3, 3, 3, 3, 3, 3, 3, 3, 3, 3, 3, 3, 3, 3, 3, 3, 3, 3, 3, 3, 3, 3, 3, 3, 3, 3, 3, 3, 3, 3, 3, 3, 3, 3, 3, 3, 3, 3, 3, 3, 3, 3, 3, 3, 3, 3, 3, 3, 3, 3, 3, 3, 3, 3, 3, 3, 3, 3, 3, 3, 3, 3, 3, 3, 3, 3, 3, 3, 3, 3, 3, 3, 3, 3, 3, 3, 3, 3, 3, 3, 3, 3, 3, 3, 3, 3, 3, 3, 3, 3, 3, 3, 3, 3, 3, 3, 3, 3, 3, 3, 3, 3, 3, 3, 3, 3, 3, 3, 3, 3, 3, 3, 3, 3, 3, 3, 3, 3, 3, 3, 3, 3, 3, 3, 3, 3, 3, 3, 3, 3, 3, 3, 3, 3, 3, 3, 3, 3, 3, 3, 3, 3, 3, 3, 3, 3, 3, 3, 3, 3, 3, 3, 3, 3, 3, 3, 3, 3, 3, 3, 3, 3, 3, 3, 3, 3, 3, 3, 3, 3, 3, 3, 3, 3, 3, 3, 3, 3, 3, 3, 3, 3, 3, 3, 3, 3, 3, 3, 3, 3, 3, 3, 3, 3, 3, 3, 3, 3, 3, 3, 3, 3, 3, 3, 3, 3, 3, 3, 3, 3, 3, 3, 3, 3, 3, 3, 3, 3, 3, 3, 3, 3, 3, 3, 3, 3, 3, 3, 3, 3, 3, 3, 3, 3, 3, 3, 3, 3, 3, 3, 3, 3, 3, 3, 3, 3, 3, 3, 3, 3, 3, 3, 3, 3, 3, 3, 3, 3, 3, 3, 3, 3, 3, 3, 3, 3, 3, 3, 3, 3, 3, 3, 3, 3, 3, 3, 3, 3, 3, 3, 3, 3, 3, 3, 3, 3, 3, 3, 3, 3, 3, 3, 3, 3, 3, 3, 3, 3, 3, 3, 3, 3, 3, 3, 3, 3, 3, 3, 3, 3, 3, 3, 3, 3, 3, 3, 3, 3, 3, 3, 3, 3, 3, 3, 3, 3, 3, 3, 3, 3, 3, 3, 3, 3, 3, 3, 3, 3, 3, 3, 3, 3, 3, 3, 3, 3, 3, 3, 3, 3, 3, 3, 3, 3, 3, 3, 3, 3, 3, 3, 3, 3, 3, 3, 3, 3, 3, 3, 3, 3, 3, 3, 3, 3, 3, 3, 3, 3, 3, 3, 3, 3, 3, 3, 3, 3, 3, 3, 3, 3, 3, 3, 3, 3, 3, 3, 3, 3, 3, 3, 3, 3, 3, 3, 3, 3, 3, 3, 3, 3, 3, 3, 3, 3, 3, 3, 3, 3, 3, 3, 3, 3, 3, 3, 3, 3, 3, 3, 3, 3, 3, 3, 3, 3, 3, 3, 3, 3, 3, 3, 3, 3, 3, 3, 3, 3, 3, 3, 3, 3, 3, 3, 3, 3, 3, 3, 3, 3, 3, 3, 3, 3, 3, 3, 3, 3, 3, 3, 3, 3, 3, 3, 3, 3, 3, 3, 3, 3, 3, 3, 3, 3, 3, 3, 3, 3, 3, 3, 3, 3, 3, 3, 3, 3, 3, 3, 3, 3, 3, 3, 3, 3, 3, 3, 3, 3, 3, 3, 3, 3, 3, 3, 3, 3, 3, 3, 3, 3, 3, 3, 3, 3, 3, 3, 3, 3, 3, 3, 3, 3, 3, 3, 3, 3, 3, 3, 3, 3, 3, 3, 3, 3, 3, 3, 3, 3, 3, 3, 3, 3, 3, 3, 3, 3, 3, 3, 3, 3, 3, 3, 3, 3, 3, 3, 3, 3, 3, 3, 3, 3, 3, 3, 3, 3, 3, 3, 3, 3, 3, 3, 3, 3, 3, 3, 3, 3, 3, 3, 3, 3, 3, 3, 3, 3, 3, 3, 3, 3, 3, 3, 3, 3, 3, 3, 3, 3, 3, 3, 3, 3, 3, 3, 3, 3, 3, 3, 3, 3, 3, 3, 3, 3, 3, 3, 3, 3, 3, 3, 3, 3, 3, 3, 3, 3, 3, 3, 3, 3, 3, 3, 3, 3, 3, 3, 3, 3, 3, 3, 3, 3, 3, 3, 3, 3, 3, 3, 3, 3, 3, 3, 3, 3, 3, 3, 3, 3, 3, 3, 3, 3, 3, 3, 3, 3, 3, 3, 3, 3, 3, 3, 3, 3, 3, 3, 3, 3, 3, 3, 3, 3, 3, 3, 3, 3, 3, 3, 3, 3, 3, 3, 3, 3, 3, 3, 3, 3, 3, 3, 3, 3, 3, 3, 3, 3, 3, 3, 3, 3, 3, 3, 3, 3, 3, 3, 3, 3, 3, 3, 3, 3, 3, 3, 3, 3, 3, 3, 3, 3, 3, 3, 3, 3, 3, 3, 3, 3, 3, 3, 3, 3, 3, 3, 3, 3, 3, 3, 3, 3, 3, 3, 3, 3, 3, 3, 3, 3, 3, 3, 3, 3, 3, 3, 3, 3, 3, 3, 3, 3, 3, 3, 3, 3, 3, 3, 3, 3, 3, 3, 3, 3, 3, 3, 3, 3, 3, 3, 3, 3, 3, 3, 3, 3, 3, 3, 3, 3, 3, 3, 3, 3, 3, 3, 3, 3, 3, 3, 3, 3, 3, 3, 3, 3, 3, 3, 3, 3, 3, 3, 3, 3, 3, 3, 3, 3, 3, 3, 3, 3, 3, 3, 3, 3, 3, 3, 3, 3, 3, 3, 3, 3, 3, 3, 3, 3, 3, 3, 3, 3, 3, 3, 3, 3, 3, 3, 3, 3, 3, 3, 3, 3, 3, 3, 3, 3, 3, 3, 3, 3, 3, 3, 3, 3, 3, 3, 3, 3, 3, 3, 3, 3, 3, 3, 3, 3, 3, 3, 3, 3, 3, 3, 3, 3, 3, 3, 3, 3, 3, 3, 3, 3, 3, 3, 3, 3, 3, 3, 3, 3, 3, 3, 3, 3, 3, 3, 3, 3, 3, 3, 3, 3, 3, 3, 3, 3, 3, 3, 3, 3, 3, 3, 3, 3, 3, 3, 3, 3, 3, 3, 3, 3, 3, 3, 3, 3, 3, 3, 3, 3, 3, 3, 3, 3, 3, 3, 3, 3, 3, 3, 3, 3, 3, 3, 3, 3, 3, 3, 3, 3, 3, 3, 3, 3, 3, 3, 3, 3, 3, 3, 3, 3, 3, 3, 3, 3, 3, 3, 3, 3, 3, 3, 3, 3, 3, 3, 3, 3, 3, 3, 3, 3, 3, 3, 3, 3, 3, 3, 3, 3, 3, 3, 3, 3, 3, 3, 3, 3, 3, 3, 3, 3, 3, 3, 3, 3, 3, 3, 3, 3, 3, 3, 3, 3, 3, 3, 3, 3, 3, 3, 3, 3, 3, 3, 3, 3, 3, 3, 3, 3, 3, 3, 3, 3, 3, 3, 3, 3, 3, 3, 3, 3, 3, 3, 3, 3, 3, 3, 3, 3, 3, 3, 3, 3, 3, 3, 3, 3, 3, 3, 3, 3, 3, 3, 3, 3, 3, 3, 3, 3, 3, 3, 3, 3, 3, 3, 3, 3, 3, 3, 3, 3, 3, 3, 3, 3, 3, 3, 3, 3, 3, 3, 3, 3, 3, 3, 3, 3, 3, 3, 3, 3, 3, 3, 3, 3, 3, 3, 3, 3, 3, 3, 3, 3, 3, 3, 3, 3, 3, 3, 3, 3, 3, 3, 3, 3, 3, 3, 3, 3, 3, 3, 3, 3, 3, 3, 3, 3, 3, 3, 3, 3, 3, 3, 3, 3, 3, 3, 3, 3, 3, 3, 3, 3, 3, 3, 3, 3, 3, 3, 3, 3, 3, 3, 3, 3, 3, 3, 3, 3, 3, 3, 3, 3, 3, 3, 3, 3, 3, 3, 3, 3, 3, 3, 3, 3, 3, 3, 3, 3, 3, 3, 3, 3, 3, 3, 3, 3, 3, 3, 3, 3, 3, 3, 3, 3, 3, 3, 3, 3, 3, 3, 3, 3, 3, 3, 3, 3, 3, 3, 3, 3, 3, 3, 3, 3, 3, 3, 3, 3, 3, 3, 3, 3, 3, 3, 3, 3, 3, 3, 3, 3, 3, 3, 3, 3, 3, 3, 3, 3, 3, 3, 3, 3, 3, 3, 3, 3, 3, 3, 3, 3, 3, 3, 3, 3, 3, 3, 3, 3, 3, 3, 3, 3, 3, 3, 3, 3, 3, 3, 3, 3, 3, 3, 3, 3, 3, 3, 3, 3, 3, 3, 3, 3, 3, 3, 3, 3, 3, 3, 3, 3, 3, 3, 3, 3, 3, 3, 3, 3, 3, 3, 3, 3, 3, 3, 3, 3, 3, 3, 3, 3, 3, 3, 3, 3, 3, 3, 3, 3, 3, 3, 3, 3, 3, 3, 3, 3, 3, 3, 3, 3, 3, 3, 3, 3, 3, 3, 3, 3, 3, 3, 3, 3, 3, 3, 3, 3, 3, 3, 3, 3, 3, 3, 3, 3, 3, 3, 3, 3, 3, 3, 3, 3, 3, 3, 3, 3, 3, 3, 3, 3, 3, 3, 3, 3, 3, 3, 3, 3, 3, 3, 3, 3, 3, 3, 3, 3, 3, 3, 3, 3, 3, 3, 3, 3, 3, 3, 3, 3, 3, 3, 3, 3, 3, 3, 3, 3, 3, 3, 3, 3, 3, 3, 3, 3, 3, 3, 3, 3, 3, 3, 3, 3, 3, 3, 3, 3, 3, 3, 3, 3, 3, 3, 3, 3, 3, 3, 3, 3, 3, 3, 3, 3, 3, 3, 3, 3, 3, 3, 3, 3, 3, 3, 3, 3, 3, 3, 3, 3, 3, 3, 3, 3, 3, 3, 3, 3, 3, 3, 3, 3, 3, 3, 3, 3, 3, 3, 3, 3, 3, 3, 3, 3, 3, 3, 3, 3, 3, 3, 3, 3, 3, 3, 3, 3, 3, 3, 3, 3, 3, 3, 3, 3, 3, 3, 3, 3, 3, 3, 3, 3, 3, 3, 3, 3, 3, 3, 3, 3, 3, 3, 3, 3, 3, 3, 3, 3, 3, 3, 3, 3, 3, 3, 3, 3, 3, 3, 3, 3, 3, 3, 3, 3, 3, 3, 3, 3, 3, 3, 3, 3, 3, 3, 3, 3, 3, 3, 3, 3, 3, 3, 3, 3, 3, 3, 3, 3, 3, 3, 3, 3, 3, 3, 3, 3, 3, 3, 3, 3, 3, 3, 3, 3, 3, 3, 3, 3, 3, 3, 3, 3, 3, 3, 3, 3, 3, 3, 3, 3, 3, 3, 3, 3, 3, 3, 3, 3, 3, 3, 3, 3, 3, 3, 3, 3, 3, 3, 3, 3, 3, 3, 3, 3, 3, 3, 3, 3, 3, 3, 3, 3, 3, 3, 3, 3, 3, 3, 3, 3, 3, 3, 3, 3, 3, 3, 3, 3, 3, 3, 3, 3, 3, 3, 3, 3, 3, 3, 3, 3, 3, 3, 3, 3, 3, 3, 3, 3, 3, 3, 3, 3, 3, 3, 3, 3, 3, 3, 3, 3, 3, 3, 3, 3, 3, 3, 3, 3, 3, 3, 3, 3, 3, 3, 3, 3, 3, 3, 3, 3, 3, 3, 3, 3, 3, 3, 3, 3, 3, 3, 3, 3, 3, 3, 3, 3, 3, 3, 3, 3, 3, 3, 3, 3, 3, 3, 3, 3, 3, 3, 3, 3, 3, 3, 3, 3, 3, 3, 3, 3, 3, 3, 3, 3, 3, 3, 3, 3, 3, 3, 3, 3, 3, 3, 3, 3, 3, 3, 3, 3, 3, 3, 3, 3, 3, 3, 3, 3, 3, 3, 3, 3, 3, 3, 3, 3, 3, 3, 3, 3, 3, 3, 3, 3, 3, 3, 3, 3, 3, 3, 3, 3, 3, 3, 3, 3, 3, 3, 3, 3, 3, 3, 3, 3, 3, 3, 3, 3, 3, 3, 3, 3, 3, 3, 3, 3, 3, 3, 3, 3, 3, 3, 3, 3, 3, 3, 3, 3, 3, 3, 3, 3, 3, 3, 3, 3, 3, 3, 3, 3, 3, 3, 3, 3, 3, 3, 3, 3, 3, 3, 3, 3, 3, 3, 3, 3, 3, 3, 3, 3, 3, 3, 3, 3, 3, 3, 3, 3, 3, 3, 3, 3, 3, 3, 3, 3, 3, 3, 3, 3, 3, 3, 3, 3, 3, 3, 3, 3, 3, 3, 3, 3, 3, 3, 3, 3, 3, 3, 3, 3, 3, 3, 3, 3, 3, 3, 3, 3, 3, 3, 3, 3, 3, 3, 3, 3, 3, 3, 3, 3, 3, 3, 3, 3, 3, 3, 3, 3, 3, 3, 3, 3, 3, 3, 3, 3, 3, 3, 3, 3, 3, 3, 3, 3, 3, 3, 3, 3, 3, 3, 3, 3, 3, 3, 3, 3, 3, 3, 3, 3, 3, 3, 3, 3, 3, 3, 3, 3, 3, 3, 3, 3, 3, 3, 3, 3, 3, 3, 3, 3, 3, 3, 3, 3, 3, 3, 3, 3, 3, 3, 3, 3, 3, 3, 3, 3, 3, 3, 3, 3, 3, 3, 3, 3, 3, 3, 3, 3, 3, 3, 3, 3, 3, 3, 3, 3, 3, 3, 3, 3, 3, 3, 3, 3, 3, 3, 3, 3, 3, 3, 3, 3, 3, 3, 3, 3, 3, 3, 3, 3, 3, 3, 3, 3, 3, 3, 3, 3, 3, 3, 3, 3, 3, 3, 3, 3, 3, 3, 3, 3, 3, 3, 3, 3, 3, 3, 3, 3, 3, 3, 3, 3, 3, 3, 3, 3, 3, 3, 3, 3, 3, 3, 3, 3, 3, 3, 3, 3, 3, 3, 3, 3, 3, 3, 3, 3, 3, 3, 3, 3, 3, 3, 3, 3, 3, 3, 3, 3, 3, 3, 3, 3, 3, 3, 3, 3, 3, 3, 3, 3, 3, 3, 3, 3, 3, 3, 3, 3, 3, 3, 3, 3, 3, 3, 3, 3, 3, 3, 3, 3, 3, 3, 3, 3, 3, 3, 3, 3, 3, 3, 3, 3, 3, 3, 3, 3, 3, 3, 3, 3, 3, 3, 3, 3, 3, 3, 3, 3, 3, 3, 3, 3, 3, 3, 3, 3, 3, 3, 3, 3, 3, 3, 3, 3, 3, 3, 3, 3, 3, 3, 3, 3, 3, 3, 3, 3, 3, 3, 3, 3, 3, 3, 3, 3, 3, 3, 3, 3, 3, 3, 3, 3, 3, 3, 3, 3, 3, 3, 3, 3, 3, 3, 3, 3, 3, 3, 3, 3, 3, 3, 3, 3, 3, 3, 3, 3, 3, 3, 3, 3, 3, 3, 3, 3, 3, 3, 3, 3, 3, 3, 3, 3, 3, 3, 3, 3, 3, 3, 3, 3, 3, 3, 3, 3, 3, 3, 3, 3, 3, 3, 3, 3, 3, 3, 3, 3, 3, 3, 3, 3, 3, 3, 3, 3, 3, 3, 3, 3, 3, 3, 3, 3, 3, 3, 3, 3, 3, 3, 3, 3, 3, 3, 3, 3, 3, 3, 3, 3, 3, 3, 3, 3, 3, 3, 3, 3, 3, 3, 3, 3, 3, 3, 3, 3, 3, 3, 3, 3, 3, 3, 3, 3, 3, 3, 3, 3, 3, 3, 3, 3, 3, 3, 3, 3, 3, 3, 3, 3, 3, 3, 3, 3, 3, 3, 3, 3, 3, 3, 3, 3, 3, 3, 3, 3, 3, 3, 3, 3, 3, 3, 3, 3, 3, 3, 3, 3, 3, 3, 3, 3, 3, 3, 3, 3, 3, 3, 3, 3, 3, 3, 3, 3, 3, 3, 3, 3, 3, 3, 3, 3, 3, 3, 3, 3, 3, 3, 3, 3, 3, 3, 3, 3, 3, 3, 3, 3, 3, 3, 3, 3, 3, 3, 3, 3, 3, 3, 3, 3, 3, 3, 3, 3, 3, 3, 3, 3, 3, 3, 3, 3, 3, 3, 3, 3, 3, 3, 3, 3, 3, 3, 3, 3, 3, 3, 3, 3, 3, 3, 3, 3, 3, 3, 3, 3, 3, 3, 3, 3, 3, 3, 3, 3, 3, 3, 3, 3, 3, 3, 3, 3, 3, 3, 3, 3, 3, 3, 3, 3, 3, 3, 3, 3, 3, 3, 3, 3, 3, 3, 3, 3, 3, 3, 3, 3, 3, 3, 3, 3, 3, 3, 3, 3, 3, 3, 3, 3, 3, 3, 3, 3, 3, 3, 3, 3, 3, 3, 3, 3, 3, 3, 3, 3, 3, 3, 3, 3, 3, 3, 3, 3, 3, 3, 3, 3, 3, 3, 3, 3, 3, 3, 3, 3, 3, 3, 3, 3, 3, 3, 3, 3, 3, 3, 3, 3, 3, 3, 3, 3, 3, 3, 3, 3, 3, 3, 3, 3, 3, 3, 3, 3, 3, 3, 3, 3, 3, 3, 3, 3, 3, 3, 3, 3, 3, 3, 3, 3, 3, 3, 3, 3, 3, 3, 3, 3, 3, 3, 3, 3, 3, 3, 3, 3, 3, 3, 3, 3, 3, 3, 3, 3, 3, 3, 3, 3, 3, 3, 3, 3, 3, 3, 3, 3, 3, 3, 3, 3, 3, 3, 3, 3, 3, 3, 3, 3, 3, 3, 3, 3, 3, 3, 3, 3, 3, 3, 3, 3, 3, 3, 3, 3, 3, 3, 3, 3, 3, 3, 3, 3, 3, 3, 3, 3, 3, 3, 3, 3, 3, 3, 3, 3, 3, 3, 3, 3, 3, 3, 3, 3, 3, 3, 3, 3, 3, 3, 3, 3, 3, 3, 3, 3, 3, 3, 3, 3, 3, 3, 3, 3, 3, 3, 3, 3, 3, 3, 3, 3, 3, 3, 3, 3, 3, 3, 3, 3, 3, 3, 3, 3, 3, 3, 3, 3, 3, 3, 3, 3, 3, 3, 3, 3, 3, 3, 3, 3, 3, 3, 3, 3, 3, 3, 3, 3, 3, 3, 3, 3, 3, 3, 3, 3, 3, 3, 3, 3, 3, 3, 3, 3, 3, 3, 3, 3, 3, 3, 3, 3, 3, 3, 3, 3, 3, 3, 3, 3, 3, 3, 3, 3, 3, 3, 3, 3, 3, 3, 3, 3, 3, 3, 3, 3, 3, 3, 3, 3, 3, 3, 3, 3, 3, 3, 3, 3, 3, 3, 3, 3, 3, 3, 3, 3, 3, 3, 3, 3, 3, 3, 3, 3, 3, 3, 3, 3, 3, 3, 3, 3, 3, 3, 3, 3, 3, 3, 3, 3, 3, 3, 3, 3, 3, 3, 3, 3, 3, 3, 3, 3, 3, 3, 3, 3, 3, 3, 3, 3, 3, 3, 3, 3, 3, 3, 3, 3, 3, 3, 3, 3, 3, 3, 3, 3, 3, 3, 3, 3, 3, 3, 3, 3, 3, 3, 3, 3, 3, 3, 3, 3, 3, 3, 3, 3, 3, 3, 3, 3, 3, 3, 3, 3, 3, 3, 3, 3, 3, 3, 3, 3, 3, 3, 3, 3, 3, 3, 3, 3, 3, 3, 3, 3, 3, 3, 3, 3, 3, 3, 3, 3, 3, 3, 3, 3, 3, 3, 3, 3, 3, 3, 3, 3, 3, 3, 3, 3, 3, 3, 3, 3, 3, 3, 3, 3, 3, 3, 3, 3, 3, 3, 3, 3, 3, 3, 3, 3, 3, 3, 3, 3, 3, 3, 3, 3, 3, 3, 3, 3, 3, 3, 3, 3, 3, 3, 3, 3, 3, 3, 3, 3, 3, 3, 3, 3, 3, 3, 3, 3, 3, 3, 3, 3, 3, 3, 3, 3, 3, 3, 3, 3, 3, 3, 3, 3, 3, 3, 3, 3, 3, 3, 3, 3, 3, 3, 3, 3, 3, 3, 3, 3, 3, 3, 3, 3, 3, 3, 3, 3, 3, 3, 3, 3, 3, 3, 3, 3, 3, 3, 3, 3, 3, 3, 3, 3, 3, 3, 3, 3, 3, 3, 3, 3, 3, 3, 3, 3, 3, 3, 3, 3, 3, 3, 3, 3, 3, 3, 3, 3, 3, 3, 3, 3, 3, 3, 3, 3, 3, 3, 3, 3, 3, 3, 3, 3, 3, 3, 3, 3, 3, 3, 3, 3, 3, 3, 3, 3, 3, 3, 3, 3, 3, 3, 3, 3, 3, 3, 3, 3, 3, 3, 3, 3, 3, 3, 3, 3, 3, 3, 3, 3, 3, 3, 3, 3, 3, 3, 3, 3, 3, 3, 3, 3, 3, 3, 3, 3, 3, 3, 3, 3, 3, 3, 3, 3, 3, 3, 3, 3, 3, 3, 3, 3, 3, 3, 3, 3, 3, 3, 3, 3, 3, 3, 3, 3, 3, 3, 3, 3, 3, 3, 3, 3, 3, 3, 3, 3, 3, 3, 3, 3, 3, 3, 3, 3, 3, 3, 3, 3, 3, 3, 3, 3, 3, 3, 3, 3, 3, 3, 3, 3, 3, 3, 3, 3, 3, 3, 3, 3, 3, 3, 3, 3, 3, 3, 3, 3, 3, 3, 3, 3, 3, 3, 3, 3, 3, 3, 3, 3, 3, 3, 3, 3, 3, 3, 3, 3, 3, 3, 3, 3, 3, 3, 3, 3, 3, 3, 3, 3, 3, 3, 3, 3, 3, 3, 3, 3, 3, 3, 3, 3, 3, 3, 3, 3, 3, 3, 3, 3, 3, 3, 3, 3, 3, 3, 3, 3, 3, 3, 3, 3, 3, 3, 3, 3, 3, 3, 3, 3, 3, 3, 3, 3, 3, 3, 3, 3, 3, 3, 3, 3, 3, 3, 3, 3, 3, 3, 3, 3, 3, 3, 3, 3, 3, 3, 3, 3, 3, 3, 3, 3, 3, 3, 3, 3, 3, 3, 3, 3, 3, 3, 3, 3, 3, 3, 3, 3, 3, 3, 3, 3, 3, 3, 3, 3, 3, 3, 3, 3, 3, 3, 3, 3, 3, 3, 3, 3, 3, 3, 3, 3, 3, 3, 3, 3, 3, 3, 3, 3, 3, 3, 3, 3, 3, 3, 3, 3, 3, 3, 3, 3, 3, 3, 3, 3, 3, 3, 3, 3, 3, 3, 3, 3, 3, 3, 3, 3, 3, 3, 3, 3, 3, 3, 3, 3, 3, 3, 3, 3, 3, 3, 3, 3, 3, 3, 3, 3, 3, 3, 3, 3, 3, 3, 3, 3, 3, 3, 3, 3, 3, 3, 3, 3, 3, 3, 3, 3, 3, 3, 3, 3, 3, 3, 3, 3, 3, 3, 3, 3, 3, 3, 3, 3, 3, 3, 3, 3, 3, 3, 3, 3, 3, 3, 3, 3, 3, 3, 3, 3, 3, 3, 3, 3, 3, 3, 3, 3, 3, 3, 3, 3, 3, 3, 3, 3, 3, 3, 3, 3, 3, 3, 3, 3, 3, 3, 3, 3, 3, 3, 3, 3, 3, 3, 3, 3, 3, 3, 3, 3, 3, 3, 3, 3, 3, 3, 3, 3, 3, 3, 3, 3, 3, 3, 3, 3, 3, 3, 3, 3, 3, 3, 3, 3, 3, 3, 3, 3, 3, 3, 3, 3, 3, 3, 3, 3, 3, 3, 3, 3, 3, 3, 3, 3, 3, 3, 3, 3, 3, 3, 3, 3, 3, 3, 3, 3, 3, 3, 3, 3, 3, 3, 3, 3, 3, 3, 3, 3, 3, 3, 3, 3, 3, 3, 3, 3, 3, 3, 3, 3, 3, 3, 3, 3, 3, 3, 3, 3, 3, 3, 3, 3, 3, 3, 3, 3, 3, 3, 3, 3, 3, 3, 3, 3, 3, 3, 3, 3, 3, 3, 3, 3, 3, 3, 3, 3, 3, 3, 3, 3, 3, 3, 3, 3, 3, 3, 3, 3, 3, 3, 3, 3, 3, 3, 3, 3, 3, 3, 3, 3, 3, 3, 3, 3, 3, 3, 3, 3, 3, 3, 3, 3, 3, 3, 3, 3, 3, 3, 3, 3, 3, 3, 3, 3, 3, 3, 3, 3, 3, 3, 3, 3, 3, 3, 3, 3, 3, 3, 3, 3, 3, 3, 3, 3, 3, 3, 3, 3, 3, 3, 3, 3, 3, 3, 3, 3, 3, 3, 3, 3, 3, 3, 3, 3, 3, 3, 3, 3, 3, 3, 3, 3, 3, 3, 3, 3, 3, 3, 3, 3, 3, 3, 3, 3, 3, 3, 3, 3, 3, 3, 3, 3, 3, 3, 3, 3, 3, 3, 3, 3, 3, 3, 3, 3, 3, 3, 3, 3, 3, 3, 3, 3, 3, 3, 3, 3, 3, 3, 3, 3, 3, 3, 3, 3, 3, 3, 3, 3, 3, 3, 3, 3, 3, 3, 3, 3, 3, 3, 3, 3, 3, 3, 3, 3, 3, 3, 3, 3, 3, 3, 3, 3, 3, 3, 3, 3, 3, 3, 3, 3, 3, 3, 3, 3, 3, 3, 3, 3, 3, 3, 3, 3, 3, 3, 3, 3, 3, 3, 3, 3, 3, 3, 3, 3, 3, 3, 3, 3, 3, 3, 3, 3, 3, 3, 3, 3, 3, 3, 3, 3, 3, 3, 3, 3, 3, 3, 3, 3, 3, 3, 3, 3, 3, 3, 3, 3, 3, 3, 3, 3, 3, 3, 3, 3, 3, 3, 3, 3, 3, 3, 3, 3, 3, 3, 3, 3, 3, 3, 3, 3, 3, 3, 3, 3, 3, 3, 3, 3, 3, 3, 3, 3, 3, 3, 3, 3, 3, 3, 3, 3, 3, 3, 3, 3, 3, 3, 3, 3, 3, 3, 3, 3, 3, 3, 3, 3, 3, 3, 3, 3, 3, 3, 3, 3, 3, 3, 3, 3, 3, 3, 3, 3, 3, 3, 3, 3, 3, 3, 3, 3, 3, 3, 3, 3, 3, 3, 3, 3, 3, 3, 3, 3, 3, 3, 3, 3, 3, 3, 3, 3, 3, 3, 3, 3, 3, 3, 3, 3, 3, 3, 3, 3, 3, 3, 3, 3, 3, 3, 3, 3, 3, 3, 3, 3, 3, 3, 3, 3, 3, 3, 3, 3, 3, 3, 3, 3, 3, 3, 3, 3, 3, 3, 3, 3, 3, 3, 3, 3, 3, 3, 3, 3, 3, 3, 3, 3, 3, 3, 3, 3, 3, 3, 3, 3, 3, 3, 3, 3, 3, 3, 3, 3, 3, 3, 3, 3, 3, 3, 3, 3, 3, 3, 3, 3, 3, 3, 3, 3, 3, 3, 3, 3, 3, 3, 3, 3, 3, 3, 3, 3, 3, 3, 3, 3, 3, 3, 3, 3, 3, 3, 3, 3, 3, 3, 3, 3, 3, 3, 3, 3, 3, 3, 3, 3, 3, 3, 3, 3, 3, 3, 3, 3, 3, 3, 3, 3, 3, 3, 3, 3, 3, 3, 3, 3, 3, 3, 3, 3, 3, 3, 3, 3, 3, 3, 3, 3, 3, 3, 3, 3, 3, 3, 3, 3, 3, 3, 3, 3, 3, 3, 3, 3, 3, 3, 3, 3, 3, 3, 3, 3, 3, 3, 3, 3, 3, 3, 3, 3, 3, 3, 3, 3, 3, 3, 3, 3, 3, 3, 3, 3, 3, 3, 3, 3, 3, 3, 3, 3, 3, 3, 3, 3, 3, 3, 3, 3, 3, 3, 3, 3, 3, 3, 3, 3, 3, 3, 3, 3, 3, 3, 3, 3, 3, 3, 3, 3, 3, 3, 3, 3, 3, 3, 3, 3, 3, 3, 3, 3, 3, 3, 3, 3, 3, 3, 3, 3, 3, 3, 3, 3, 3, 3, 3, 3, 3, 3, 3, 3, 3, 3, 3, 3, 3, 3, 3, 3, 3, 3, 3, 3, 3, 3, 3, 3, 3, 3, 3, 3, 3, 3, 3, 3, 3, 3, 3, 3, 3, 3, 3, 3, 3, 3, 3, 3, 3, 3, 3, 3, 3, 3, 3, 3, 3, 3, 3, 3, 3, 3, 3, 3, 3, 3, 3, 3, 3, 3, 3, 3, 3, 3, 3, 3, 3, 3, 3, 3, 3, 3, 3, 3, 3, 3, 3, 3, 3, 3, 3, 3, 3, 3, 3, 3, 3, 3, 3, 3, 3, 3, 3, 3, 3, 3, 3, 3, 3, 3, 3, 3, 3, 3, 3, 3, 3, 3, 3, 3, 3, 3, 3, 3, 3, 3, 3, 3, 3, 3, 3, 3, 3, 3, 3, 3, 3, 3, 3, 3, 3, 3, 3, 3, 3, 3, 3, 3, 3, 3, 3, 3, 3, 3, 3, 3, 3, 3, 3, 3, 3, 3, 3, 3, 3, 3, 3, 3, 3, 3, 3, 3, 3, 3, 3, 3, 3, 3, 3, 3, 3, 3, 3, 3, 3, 3, 3, 3, 3, 3, 3, 3, 3, 3, 3, 3, 3, 3, 3, 3, 3, 3, 3, 3, 3, 3, 3, 3, 3, 3, 3, 3, 3, 3, 3, 3, 3, 3, 3, 3, 3, 3, 3, 3, 3, 3, 3, 3, 3, 3, 3, 3, 3, 3, 3, 3, 3, 3, 3, 3, 3, 3, 3, 3, 3, 3, 3, 3, 3, 3, 3, 3, 3, 3, 3, 3, 3, 3, 3, 3, 3, 3, 3, 3, 3, 3, 3, 3, 3, 3, 3, 3, 3, 3, 3, 3, 3, 3, 3, 3, 3, 3, 3, 3, 3, 3, 3, 3, 3, 3, 3, 3, 3, 3, 3, 3, 3, 3, 3, 3, 3, 3, 3, 3, 3, 3, 3, 3, 3, 3, 3, 3, 3, 3, 3, 3, 3, 3, 3, 3, 3, 3, 3, 3, 3, 3, 3, 3, 3, 3, 3, 3, 3, 3, 3, 3, 3, 3, 3, 3, 3, 3, 3, 3, 3, 3, 3, 3, 3, 3, 3, 3, 3, 3, 3, 3, 3, 3, 3, 3, 3, 3, 3, 3, 3, 3, 3, 3, 3, 3, 3, 3, 3, 3, 3, 3, 3, 3, 3, 3, 3, 3, 3, 3, 3, 3, 3, 3, 3, 3, 3, 3, 3, 3, 3, 3, 3, 3, 3, 3, 3, 3, 3, 3, 3, 3, 3, 3, 3, 3, 3, 3, 3, 3, 3, 3, 3, 3, 3, 3, 3, 3, 3, 3, 3, 3, 3, 3, 3, 3, 3, 3, 3, 3, 3, 3, 3, 3, 3, 3, 3, 3, 3, 3, 3, 3, 3, 3, 3, 3, 3, 3, 3, 3, 3, 3, 3, 3, 3, 3, 3, 3, 3, 3, 3, 3, 3, 3, 3, 3, 3, 3, 3, 3, 3, 3, 3, 3, 3, 3, 3, 3, 3, 3, 3, 3, 3, 3, 3, 3, 3, 3, 3, 3, 3, 3, 3, 3, 3, 3, 3, 3, 3, 3, 3, 3, 3, 3, 3, 3, 3, 3, 3, 3, 3, 3, 3, 3, 3, 3, 3, 3, 3, 3, 3, 3, 3, 3, 3, 3, 3, 3, 3, 3, 3, 3, 3, 3, 3, 3, 3, 3, 3, 3, 3, 3, 3, 3, 3, 3, 3, 3, 3, 3, 3, 3, 3, 3, 3, 3, 3, 3, 3, 3, 3, 3, 3, 3, 3, 3, 3, 3, 3, 3, 3, 3, 3, 3, 3, 3, 3, 3, 3, 3, 3, 3, 3, 3, 3, 3, 3, 3, 3, 3, 3, 3, 3, 3, 3, 3, 3, 3, 3, 3, 3, 3, 3, 3, 3, 3, 3, 3, 3, 3, 3, 3, 3, 3, 3, 3, 3, 3, 3, 3, 3, 3, 3, 3, 3, 3, 3, 3, 3, 3, 3, 3, 3, 3, 3, 3, 3, 3, 3, 3, 3, 3, 3, 3, 3, 3, 3, 3, 3, 3, 3, 3, 3, 3, 3, 3, 3, 3, 3, 3, 3, 3, 3, 3, 3, 3, 3, 3, 3, 3, 3, 3, 3, 3, 3, 3, 3, 3, 3, 3, 3, 3, 3, 3, 3, 3, 3, 3, 3, 3, 3, 3, 3, 3, 3, 3, 3, 3, 3, 3, 3, 3, 3, 3, 3, 3, 3, 3, 3, 3, 3, 3, 3, 3, 3, 3, 3, 3, 3, 3, 3, 3, 3, 3, 3, 3, 3, 3, 3, 3, 3, 3, 3, 3, 3, 3, 3, 3, 3, 3, 3, 3, 3, 3, 3, 3, 3, 3, 3, 3, 3, 3, 3, 3, 3, 3, 3, 3, 3, 3, 3, 3, 3, 3, 3, 3, 3, 3, 3, 3, 3, 3, 3, 3, 3, 3, 3, 3, 3, 3, 3, 3, 3, 3, 3, 3, 3, 3, 3, 3, 3, 3, 3, 3, 3, 3, 3, 3, 3, 3, 3, 3, 3, 3, 3, 3, 3, 3, 3, 3, 3, 3, 3, 3, 3, 3, 3, 3, 3, 3, 3, 3, 3, 3, 3, 3, 3, 3, 3, 3, 3, 3, 3, 3, 3, 3, 3, 3, 3, 3, 3, 3, 3, 3, 3, 3, 3, 3, 3, 3, 3, 3, 3, 3, 3, 3, 3, 3, 3, 3, 3, 3, 3, 3, 3, 3, 3, 3, 3, 3, 3, 3, 3, 3, 3, 3, 3, 3, 3, 3, 3, 3, 3, 3, 3, 3, 3, 3, 3, 3, 3, 3, 3, 3, 3, 3, 3, 3, 3, 3, 3, 3, 3, 3, 3, 3, 3, 3, 3, 3, 3, 3, 3, 3, 3, 3, 3, 3, 3, 3, 3, 3, 3, 3, 3, 3, 3, 3, 3, 3, 3, 3, 3, 3, 3, 3, 3, 3, 3, 3, 3, 3, 3, 3, 3, 3, 3, 3, 3, 3, 3, 3, 3, 3, 3, 3, 3, 3, 3, 3, 3, 3, 3, 3, 3, 3, 3, 3, 3, 3, 3, 3, 3, 3, 3, 3, 3, 3, 3, 3, 3, 3, 3, 3, 3, 3, 3, 3, 3, 3, 3, 3, 3, 3, 3, 3, 3, 3, 3, 3, 3, 3, 3, 3, 3, 3, 3, 3, 3, 3, 3, 3, 3, 3, 3, 3, 3, 3, 3, 3, 3, 3, 3, 3, 3, 3, 3, 3, 3, 3, 3, 3, 3, 3, 3, 3, 3, 3, 3, 3, 3, 3, 3, 3, 3, 3, 3, 3, 3, 3, 3, 3, 3, 3, 3, 3, 3, 3, 3, 3, 3, 3, 3, 3, 3, 3, 3, 3, 3, 3, 3, 3, 3, 3, 3, 3, 3, 3, 3, 3, 3, 3, 3, 3, 3, 3, 3, 3, 3, 3, 3, 3, 3, 3, 3, 3, 3, 3, 3, 3, 3, 3, 3, 3, 3, 3, 3, 3, 3, 3, 3, 3, 3, 3, 3, 3, 3, 3, 3, 3, 3, 3, 3, 3, 3, 3, 3, 3, 3, 3, 3, 3, 3, 3, 3, 3, 3, 3, 3, 3, 3, 3, 3, 3, 3, 3, 3, 3, 3, 3, 3, 3, 3, 3, 3, 3, 3, 3, 3, 3, 3, 3, 3, 3, 3, 3, 3, 3, 3, 3, 3, 3, 3, 3, 3, 3, 3, 3, 3, 3, 3, 3, 3, 3, 3, 3, 3, 3, 3, 3, 3, 3, 3, 3, 3, 3, 3, 3, 3, 3, 3, 3, 3, 3, 3, 3, 3, 3, 3, 3, 3, 3, 3, 3, 3, 3, 3, 3, 3, 3, 3, 3, 3, 3, 3, 3, 3, 3, 3, 3, 3, 3, 3, 3, 3, 3, 3, 3, 3, 3, 3, 3, 3, 3, 3, 3, 3, 3, 3, 3, 3, 3, 3, 3, 3, 3, 3, 3, 3, 3, 3, 3, 3, 3, 3, 3, 3, 3, 3, 3, 3, 3, 3, 3, 3, 3, 3, 3, 3, 3, 3, 3, 3, 3, 3, 3, 3, 3, 3, 3, 3, 3, 3, 3, 3, 3, 3, 3, 3, 3, 3, 3, 3, 3, 3, 3, 3, 3, 3, 3, 3, 3, 3, 3, 3, 3, 3, 3, 3, 3, 3, 3, 3, 3, 3, 3, 3, 3, 3, 3, 3, 3, 3, 3, 3, 3, 3, 3, 3, 3, 3, 3, 3, 3, 3, 3, 3, 3, 3, 3, 3, 3, 3, 3, 3, 3, 3, 3, 3, 3, 3, 3, 3, 3, 3, 3, 3, 3, 3, 3, 3, 3, 3, 3, 3, 3, 3, 3, 3, 3, 3, 3, 3, 3, 3, 3, 3, 3, 3, 3, 3, 3, 3, 3, 3, 3, 3, 3, 3, 3, 3, 3, 3, 3, 3, 3, 3, 3, 3, 3, 3, 3, 3, 3, 3, 3, 3, 3, 3, 3, 3, 3, 3, 3, 3, 3, 3, 3, 3, 3, 3, 3, 3, 3, 3, 3, 3, 3, 3, 3, 3, 3, 3, 3, 3, 3, 3, 3, 3, 3, 3, 3, 3, 3, 3, 3, 3, 3, 3, 3, 3, 3, 3, 3, 3, 3, 3, 3, 3, 3, 3, 3, 3, 3, 3, 3, 3, 3, 3, 3, 3, 3, 3, 3, 3, 3, 3, 3, 3, 3, 3, 3, 3, 3, 3, 3, 3, 3, 3, 3, 3, 3, 3, 3, 3, 3, 3, 3, 3, 3, 3, 3, 3, 3, 3, 3, 3, 3, 3, 3, 3, 3, 3, 3, 3, 3, 3, 3, 3, 3, 3, 3, 3, 3, 3, 3, 3, 3, 3, 3, 3, 3, 3, 3, 3, 3, 3, 3, 3, 3, 3, 3, 3, 3, 3, 3, 3, 3, 3, 3, 3, 3, 3, 3, 3, 3, 3, 3, 3, 3, 3, 3, 3, 3, 3, 3, 3, 3, 3, 3, 3, 3, 3, 3, 3, 3, 3, 3, 3, 3, 3, 3, 3, 3, 3, 3, 3, 3, 3, 3, 3, 3, 3, 3, 3, 3, 3, 3, 3, 3, 3, 3, 3, 3, 3, 3, 3, 3, 3, 3, 3, 3, 3, 3, 3, 3, 3, 3, 3, 3, 3, 3, 3, 3, 3, 3, 3, 3, 3, 3, 3, 3, 3, 3, 3, 3, 3, 3, 3, 3, 3, 3, 3, 3, 3, 3, 3, 3, 3, 3, 3, 3, 3, 3, 3, 3, 3, 3, 3, 3, 3, 3, 3, 3, 3, 3, 3, 3, 3, 3, 3, 3, 3, 3, 3, 3, 3, 3, 3, 3, 3, 3, 3, 3, 3, 3, 3, 3, 3, 3, 3, 3, 3, 3, 3, 3, 3, 3, 3, 3, 3, 3, 3, 3, 3, 3, 3, 3, 3, 3, 3, 3, 3, 3, 3, 3, 3, 3, 3, 3, 3, 3, 3, 3, 3, 3, 3, 3, 3, 3, 3, 3, 3, 3, 3, 3, 3, 3, 3, 3, 3, 3, 3, 3, 3, 3, 3, 3, 3, 3, 3, 3, 3, 3, 3, 3, 3, 3, 3, 3, 3, 3, 3, 3, 3, 3, 3, 3, 3, 3, 3, 3, 3, 3, 3, 3, 3, 3, 3, 3, 3, 3, 3, 3, 3, 3, 3, 3, 3, 3, 3, 3, 3, 3, 3, 3, 3, 3, 3, 3, 3, 3, 3, 3, 3, 3, 3, 3, 3, 3, 3, 3, 3, 3, 3, 3, 3, 3, 3, 3, 3, 3, 3, 3, 3, 3, 3, 3, 3, 3, 3, 3, 3, 3, 3, 3, 3, 3, 3, 3, 3, 3, 3, 3, 3, 3, 3, 3, 3, 3, 3, 3, 3, 3, 3, 3, 3, 3, 3, 3, 3, 3, 3, 3, 3, 3, 3, 3, 3, 3, 3, 3, 3, 3, 3, 3, 3, 3, 3, 3, 3, 3, 3, 3, 3, 3, 3, 3, 3, 3, 3, 3, 3, 3, 3, 3, 3, 3, 3, 3, 3, 3, 3, 3, 3, 3, 3, 3, 3, 3, 3, 3, 3, 3, 3, 3, 3, 3, 3, 3, 3, 3, 3, 3, 3, 3, 3, 3, 3, 3, 3, 3, 3, 3, 3, 3, 3, 3, 3, 3, 3, 3, 3, 3, 3, 3, 3, 3, 3, 3, 3, 3, 3, 3, 3, 3, 3, 3, 3, 3, 3, 3, 3, 3, 3, 3, 3, 3, 3, 3, 3, 3, 3, 3, 3, 3, 3, 3, 3, 3, 3, 3, 3, 3, 3, 3, 3, 3, 3, 3, 3, 3, 3, 3, 3, 3, 3, 3, 3, 3, 3, 3, 3, 3, 3, 3, 3, 3, 3, 3, 3, 3, 3, 3, 3, 3, 3, 3, 3, 3, 3, 3, 3, 3, 3, 3, 3, 3, 3, 3, 3, 3, 3, 3, 3, 3, 3, 3, 3, 3, 3, 3, 3, 3, 3, 3, 3, 3, 3, 3, 3, 3, 3, 3, 3, 3, 3, 3, 3, 3, 3, 3, 3, 3, 3, 3, 3, 3, 3, 3, 3, 3, 3, 3, 3, 3, 3, 3, 3, 3, 3, 3, 3, 3, 3, 3, 3, 3, 3, 3, 3, 3, 3, 3, 3, 3, 3, 3, 3, 3, 3, 3, 3, 3, 3, 3, 3, 3, 3, 3, 3, 3, 3, 3, 3, 3, 3, 3, 3, 3, 3, 3, 3, 3, 3, 3, 3, 3, 3, 3, 3, 3, 3, 3, 3, 3, 3, 3, 3, 3, 3, 3, 3, 3, 3, 3, 3, 3, 3, 3, 3, 3, 3, 3, 3, 3, 3, 3, 3, 3, 3, 3, 3, 3, 3, 3, 3, 3, 3, 3, 3, 3, 3, 3, 3, 3, 3, 3, 3, 3, 3, 3, 3, 3, 3, 3, 3, 3, 3, 3, 3, 3, 3, 3, 3, 3, 3, 3, 3, 3, 3, 3, 3, 3, 3, 3, 3, 3, 3, 3, 3, 3, 3, 3, 3, 3, 3, 3, 3, 3, 3, 3, 3, 3, 3, 3, 3, 3, 3, 3, 3, 3, 3, 3, 3, 3, 3, 3, 3, 3, 3, 3, 3, 3, 3, 3, 3, 3, 3, 3, 3, 3, 3, 3, 3, 3, 3, 3, 3, 3, 3, 3, 3, 3, 3, 3, 3, 3, 3, 3, 3, 3, 3, 3, 3, 3, 3, 3, 3, 3, 3, 3, 3, 3, 3, 3, 3, 3, 3, 3, 3, 3, 3, 3, 3, 3, 3, 3, 3, 3, 3, 3, 3, 3, 3, 3, 3, 3, 3, 3, 3, 3, 3, 3, 3, 3, 3, 3, 3, 3, 3, 3, 3, 3, 3, 3, 3, 3, 3, 3, 3, 3, 3, 3, 3, 3, 3, 3, 3, 3, 3, 3, 3, 3, 3, 3, 3, 3, 3, 3, 3, 3, 3, 3, 3, 3, 3, 3, 3, 3, 3, 3, 3, 3, 3, 3, 3, 3, 3, 3, 3, 3, 3, 3, 3, 3, 3, 3, 3, 3, 3, 3, 3, 3, 3, 3, 3, 3, 3, 3, 3, 3, 3, 3, 3, 3, 3, 3, 3, 3, 3, 3, 3, 3, 3, 3, 3, 3, 3, 3, 3, 3, 3, 3, 3, 3, 3, 3, 3, 3, 3, 3, 3, 3, 3, 3, 3, 3, 3, 3, 3, 3, 3, 3, 3, 3, 3, 3, 3, 3, 3, 3, 3, 3, 3, 3, 3, 3, 3, 3, 3, 3, 3, 3, 3, 3, 3, 3, 3, 3, 3, 3, 3, 3, 3, 3, 3, 3, 3, 3, 3, 3, 3, 3, 3, 3, 3, 3, 3, 3, 3, 3, 3, 3, 3, 3, 3, 3, 3, 3, 3, 3, 3, 3, 3, 3, 3, 3, 3, 3, 3, 3, 3, 3, 3, 3, 3, 3, 3, 3, 3, 3, 3, 3, 3, 3, 3, 3, 3, 3, 3, 3, 3, 3, 3, 3, 3, 3, 3, 3, 3, 3, 3, 3, 3, 3, 3, 3, 3, 3, 3, 3, 3, 3, 3, 3, 3, 3, 3, 3, 3, 3, 3, 3, 3, 3, 3, 3, 3, 3, 3, 3, 3, 3, 3, 3, 3, 3, 3, 3, 3, 3, 3, 3, 3, 3, 3, 3, 3, 3, 3, 3, 3, 3, 3, 3, 3, 3, 3, 3, 3, 3, 3, 3, 3, 3, 3, 3, 3, 3, 3, 3, 3, 3, 3, 3, 3, 3, 3, 3, 3, 3, 3, 3, 3, 3, 3, 3, 3, 3, 3, 3, 3, 3, 3, 3, 3, 3, 3, 3, 3, 3, 3, 3, 3, 3, 3, 3, 3, 3, 3, 3, 3, 3, 3, 3, 3, 3, 3, 3, 3, 3, 3, 3, 3, 3, 3, 3, 3, 3, 3, 3, 3, 3, 3, 3, 3, 3, 3, 3, 3, 3, 3, 3, 3, 3, 3, 3, 3, 3, 3, 3, 3, 3, 3, 3, 3, 3, 3, 3, 3, 3, 3, 3, 3, 3, 3, 3, 3, 3, 3, 3, 3, 3, 3, 3, 3, 3, 3, 3, 3, 3, 3, 3, 3, 3, 3, 3, 3, 3, 3, 3, 3, 3, 3, 3, 3, 3, 3, 3, 3, 3, 3, 3, 3, 3, 3, 3, 3, 3, 3, 3, 3, 3, 3, 3, 3, 3, 3, 3, 3, 3, 3, 3, 3, 3, 3, 3, 3, 3, 3, 3, 3, 3, 3, 3, 3, 3, 3, 3, 3, 3, 3, 3, 3, 3, 3, 3, 3, 3, 3, 3, 3, 3, 3, 3, 3, 3, 3, 3, 3, 3, 3, 3, 3, 3, 3, 3, 3, 3, 3, 3, 3, 3, 3, 3, 3, 3, 3, 3, 3, 3, 3, 3, 3, 3, 3, 3, 3, 3, 3, 3, 3, 3, 3, 3, 3, 3, 3, 3, 3, 3, 3, 3, 3, 3, 3, 3, 3, 3, 3, 3, 3, 3, 3, 3, 3, 3, 3, 3, 3, 3, 3, 3, 3, 3, 3, 3, 3, 3, 3, 3, 3, 3, 3, 3, 3, 3, 3, 3, 3, 3, 3, 3, 3, 3, 3, 3, 3, 3, 3, 3, 3, 3, 3, 3, 3, 3, 3, 3, 3, 3, 3, 3, 3, 3, 3, 3, 3, 3, 3, 3, 3, 3, 3, 3, 3, 3, 3, 3, 3, 3, 3, 3, 3, 3, 3, 3, 3, 3, 3, 3, 3, 3, 3, 3, 3, 3, 3, 3, 3, 3, 3, 3, 3, 3, 3, 3, 3, 3, 3, 3, 3, 3, 3, 3, 3, 3, 3, 3, 3, 3, 3, 3, 3, 3, 3, 3, 3, 3, 3, 3, 3, 3, 3, 3, 3, 3, 3, 3, 3, 3, 3, 3, 3, 3, 3, 3, 3, 3, 3, 3, 3, 3, 3, 3, 3, 3, 3, 3, 3, 3, 3, 3, 3, 3, 3, 3, 3, 3, 3, 3, 3, 3, 3, 3, 3, 3, 3, 3, 3, 3, 3, 3, 3, 3, 3, 3, 3, 3, 3, 3, 3, 3, 3, 3, 3, 3, 3, 3, 3, 3, 3, 3, 3, 3, 3, 3, 3, 3, 3, 3, 3, 3, 3, 3, 3, 3, 3, 3, 3, 3, 3, 3, 3, 3, 3, 3, 3, 3, 3, 3, 3, 3, 3, 3, 3, 3, 3, 3, 3, 3, 3, 3, 3, 3, 3, 3, 3, 3, 3, 3, 3, 3, 3, 3, 3, 3, 3, 3, 3, 3, 3, 3, 3, 3, 3, 3, 3, 3, 3, 3, 3, 3, 3, 3, 3, 3, 3, 3, 3, 3, 3, 3, 3, 3, 3, 3, 3, 3, 3, 3, 3, 3, 3, 3, 3, 3, 3, 3, 3, 3, 3, 3, 3, 3, 3, 3, 3, 3, 3, 3, 3, 3, 3, 3, 3, 3, 3, 3, 3, 3, 3, 3, 3, 3, 3, 3, 3, 3, 3, 3, 3, 3, 3, 3, 3, 3, 3, 3, 3, 3, 3, 3, 3, 3, 3, 3, 3, 3, 3, 3, 3, 3, 3, 3, 3, 3, 3, 3, 3, 3, 3, 3, 3, 3, 3, 3, 3, 3, 3, 3, 3, 3, 3, 3, 3, 3, 3, 3, 3, 3, 3, 3, 3, 3, 3, 3, 3, 3, 3, 3, 3, 3, 3, 3, 3, 3, 3, 3, 3, 3, 3, 3, 3, 3, 3, 3, 3, 3, 3, 3, 3, 3, 3, 3, 3, 3, 3, 3, 3, 3, 3, 3, 3, 3, 3, 3, 3, 3, 3, 3, 3, 3, 3, 3, 3, 3, 3, 3, 3, 3, 3, 3, 3, 3, 3, 3, 3, 3, 3, 3, 3, 3, 3, 3, 3, 3, 3, 3, 3, 3, 3, 3, 3, 3, 3, 3, 3, 3, 3, 3, 3, 3, 3, 3, 3, 3, 3, 3, 3, 3, 3, 3, 3, 3, 3, 3, 3, 3, 3, 3, 3, 3, 3, 3, 3, 3, 3, 3, 3, 3, 3, 3, 3, 3, 3, 3, 3, 3, 3, 3, 3, 3, 3, 3, 3, 3, 3, 3, 3, 3, 3, 3, 3, 3, 3, 3, 3, 3, 3, 3, 3, 3, 3, 3, 3, 3, 3, 3, 3, 3, 3, 3, 3, 3, 3, 3, 3, 3, 3, 3, 3, 3, 3, 3, 3, 3, 3, 3, 3, 3, 3, 3, 3, 3, 3, 3, 3, 3, 3, 3, 3, 3, 3, 3, 3, 3, 3, 3, 3, 3, 3, 3, 3, 3, 3, 3, 3, 3, 3, 3, 3, 3, 3, 3, 3, 3, 3, 3, 3, 3, 3, 3, 3, 3, 3, 3, 3, 3, 3, 3, 3, 3, 3, 3, 3, 3, 3, 3, 3, 3, 3, 3, 3, 3, 3, 3, 3, 3, 3, 3, 3, 3, 3, 3, 3, 3, 3, 3, 3, 3, 3, 3, 3, 3, 3, 3, 3, 3, 3, 3, 3, 3, 3, 3, 3, 3, 3, 3, 3, 3, 3, 3, 3, 3, 3, 3, 3, 3, 3, 3, 3, 3, 3, 3, 3, 3, 3, 3, 3, 3, 3, 3, 3, 3, 3, 3, 3, 3, 3, 3, 3, 3, 3, 3, 3, 3, 3, 3, 3, 3, 3, 3, 3, 3, 3, 3, 3, 3, 3, 3, 3, 3, 3, 3, 3, 3, 3, 3, 3, 3, 3, 3, 3, 3, 3, 3, 3, 3, 3, 3, 3, 3, 3, 3, 3, 3, 3, 3, 3, 3, 3, 3, 3, 3, 3, 3, 3, 3, 3, 3, 3, 3, 3, 3, 3, 3, 3, 3, 3, 3, 3, 3, 3, 3, 3, 3, 3, 3, 3, 3, 3, 3, 3, 3, 3, 3, 3, 3, 3, 3, 3, 3, 3, 3, 3]
        int[] faceVertexIndices = [2, 1, 0, 1, 2, 3, 3, 4, 1, 4, 3, 5, 5, 6, 4, 6, 5, 7, 7, 8, 6, 8, 7, 9, 9, 10, 8, 10, 9, 11, 11, 12, 10, 12, 11, 13, 13, 14, 12, 14, 13, 15, 15, 16, 14, 16, 15, 17, 17, 18, 16, 18, 17, 19, 19, 20, 18, 20, 19, 21, 21, 22, 20, 22, 21, 23, 23, 24, 22, 24, 23, 25, 25, 26, 24, 26, 25, 27, 27, 28, 26, 28, 27, 29, 29, 30, 28, 30, 29, 31, 31, 32, 30, 32, 31, 33, 33, 34, 32, 34, 33, 35, 34, 37, 36, 37, 34, 35, 36, 39, 38, 39, 36, 37, 38, 41, 40, 41, 38, 39, 40, 43, 42, 43, 40, 41, 42, 45, 44, 45, 42, 43, 44, 47, 46, 47, 44, 45, 46, 49, 48, 49, 46, 47, 48, 51, 50, 51, 48, 49, 50, 53, 52, 53, 50, 51, 52, 55, 54, 55, 52, 53, 54, 57, 56, 57, 54, 55, 56, 59, 58, 59, 56, 57, 58, 61, 60, 61, 58, 59, 60, 63, 62, 63, 60, 61, 62, 65, 64, 65, 62, 63, 64, 67, 66, 67, 64, 65, 66, 69, 68, 69, 66, 67, 68, 71, 70, 71, 68, 69, 70, 73, 72, 73, 70, 71, 72, 75, 74, 75, 72, 73, 74, 77, 76, 77, 74, 75, 76, 79, 78, 79, 76, 77, 78, 81, 80, 81, 78, 79, 80, 83, 82, 83, 80, 81, 82, 85, 84, 85, 82, 83, 84, 87, 86, 87, 84, 85, 86, 89, 88, 89, 86, 87, 88, 91, 90, 91, 88, 89, 90, 93, 92, 93, 90, 91, 92, 95, 94, 95, 92, 93, 94, 97, 96, 97, 94, 95, 96, 99, 98, 99, 96, 97, 98, 101, 100, 101, 98, 99, 100, 103, 102, 103, 100, 101, 102, 105, 104, 105, 102, 103, 104, 107, 106, 107, 104, 105, 106, 109, 108, 109, 106, 107, 108, 111, 110, 111, 108, 109, 110, 113, 112, 113, 110, 111, 112, 115, 114, 115, 112, 113, 114, 117, 116, 117, 114, 115, 116, 119, 118, 119, 116, 117, 118, 121, 120, 121, 118, 119, 120, 123, 122, 123, 120, 121, 122, 125, 124, 125, 122, 123, 124, 127, 126, 127, 124, 125, 126, 129, 128, 129, 126, 127, 128, 131, 130, 131, 128, 129, 130, 133, 132, 133, 130, 131, 132, 135, 134, 135, 132, 133, 136, 134, 135, 134, 136, 137, 138, 137, 136, 137, 138, 139, 140, 139, 138, 139, 140, 141, 142, 141, 140, 141, 142, 143, 144, 143, 142, 143, 144, 145, 146, 145, 144, 145, 146, 147, 148, 147, 146, 147, 148, 149, 150, 149, 148, 149, 150, 151, 152, 151, 150, 151, 152, 153, 154, 153, 152, 153, 154, 155, 156, 155, 154, 155, 156, 157, 158, 157, 156, 157, 158, 159, 160, 159, 158, 159, 160, 161, 162, 161, 160, 161, 162, 163, 164, 163, 162, 163, 164, 165, 166, 165, 164, 165, 166, 167, 168, 167, 166, 167, 168, 169, 170, 169, 168, 169, 170, 171, 172, 171, 170, 171, 172, 173, 174, 173, 172, 173, 174, 175, 176, 175, 174, 175, 176, 177, 178, 177, 176, 177, 178, 179, 180, 179, 178, 179, 180, 181, 182, 181, 180, 181, 182, 183, 184, 183, 182, 183, 184, 185, 184, 186, 185, 186, 184, 187, 187, 188, 186, 188, 187, 189, 189, 190, 188, 190, 189, 191, 191, 192, 190, 192, 191, 193, 193, 194, 192, 194, 193, 195, 195, 196, 194, 196, 195, 197, 197, 198, 196, 198, 197, 199, 199, 0, 198, 0, 199, 2, 0, 201, 200, 201, 0, 1, 1, 202, 201, 202, 1, 4, 4, 203, 202, 203, 4, 6, 6, 204, 203, 204, 6, 8, 8, 205, 204, 205, 8, 10, 10, 206, 205, 206, 10, 12, 12, 207, 206, 207, 12, 14, 14, 208, 207, 208, 14, 16, 16, 209, 208, 209, 16, 18, 18, 210, 209, 210, 18, 20, 20, 211, 210, 211, 20, 22, 22, 212, 211, 212, 22, 24, 24, 213, 212, 213, 24, 26, 26, 214, 213, 214, 26, 28, 28, 215, 214, 215, 28, 30, 30, 216, 215, 216, 30, 32, 32, 217, 216, 217, 32, 34, 217, 36, 218, 36, 217, 34, 218, 38, 219, 38, 218, 36, 219, 40, 220, 40, 219, 38, 220, 42, 221, 42, 220, 40, 221, 44, 222, 44, 221, 42, 222, 46, 223, 46, 222, 44, 223, 48, 224, 48, 223, 46, 224, 50, 225, 50, 224, 48, 225, 52, 226, 52, 225, 50, 226, 54, 227, 54, 226, 52, 227, 56, 228, 56, 227, 54, 228, 58, 229, 58, 228, 56, 229, 60, 230, 60, 229, 58, 230, 62, 231, 62, 230, 60, 231, 64, 232, 64, 231, 62, 232, 66, 233, 66, 232, 64, 233, 68, 234, 68, 233, 66, 234, 70, 235, 70, 234, 68, 235, 72, 236, 72, 235, 70, 236, 74, 237, 74, 236, 72, 237, 76, 238, 76, 237, 74, 238, 78, 239, 78, 238, 76, 239, 80, 240, 80, 239, 78, 240, 82, 241, 82, 240, 80, 241, 84, 242, 84, 241, 82, 242, 86, 243, 86, 242, 84, 243, 88, 244, 88, 243, 86, 244, 90, 245, 90, 244, 88, 245, 92, 246, 92, 245, 90, 246, 94, 247, 94, 246, 92, 247, 96, 248, 96, 247, 94, 248, 98, 249, 98, 248, 96, 249, 100, 250, 100, 249, 98, 250, 102, 251, 102, 250, 100, 251, 104, 252, 104, 251, 102, 252, 106, 253, 106, 252, 104, 253, 108, 254, 108, 253, 106, 254, 110, 255, 110, 254, 108, 255, 112, 256, 112, 255, 110, 256, 114, 257, 114, 256, 112, 257, 116, 258, 116, 257, 114, 258, 118, 259, 118, 258, 116, 259, 120, 260, 120, 259, 118, 260, 122, 261, 122, 260, 120, 261, 124, 262, 124, 261, 122, 262, 126, 263, 126, 262, 124, 263, 128, 264, 128, 263, 126, 264, 130, 265, 130, 264, 128, 265, 132, 266, 132, 265, 130, 266, 134, 267, 134, 266, 132, 137, 267, 134, 267, 137, 268, 139, 268, 137, 268, 139, 269, 141, 269, 139, 269, 141, 270, 143, 270, 141, 270, 143, 271, 145, 271, 143, 271, 145, 272, 147, 272, 145, 272, 147, 273, 149, 273, 147, 273, 149, 274, 151, 274, 149, 274, 151, 275, 153, 275, 151, 275, 153, 276, 155, 276, 153, 276, 155, 277, 157, 277, 155, 277, 157, 278, 159, 278, 157, 278, 159, 279, 161, 279, 159, 279, 161, 280, 163, 280, 161, 280, 163, 281, 165, 281, 163, 281, 165, 282, 167, 282, 165, 282, 167, 283, 169, 283, 167, 283, 169, 284, 171, 284, 169, 284, 171, 285, 173, 285, 171, 285, 173, 286, 175, 286, 173, 286, 175, 287, 177, 287, 175, 287, 177, 288, 179, 288, 177, 288, 179, 289, 181, 289, 179, 289, 181, 290, 183, 290, 181, 290, 183, 291, 183, 292, 291, 292, 183, 185, 185, 293, 292, 293, 185, 186, 186, 294, 293, 294, 186, 188, 188, 295, 294, 295, 188, 190, 190, 296, 295, 296, 190, 192, 192, 297, 296, 297, 192, 194, 194, 298, 297, 298, 194, 196, 196, 299, 298, 299, 196, 198, 198, 200, 299, 200, 198, 0, 200, 301, 300, 301, 200, 201, 201, 302, 301, 302, 201, 202, 202, 303, 302, 303, 202, 203, 203, 304, 303, 304, 203, 204, 204, 305, 304, 305, 204, 205, 205, 306, 305, 306, 205, 206, 206, 307, 306, 307, 206, 207, 207, 308, 307, 308, 207, 208, 208, 309, 308, 309, 208, 209, 209, 310, 309, 310, 209, 210, 210, 311, 310, 311, 210, 211, 211, 312, 311, 312, 211, 212, 212, 313, 312, 313, 212, 213, 213, 314, 313, 314, 213, 214, 214, 315, 314, 315, 214, 215, 215, 316, 315, 316, 215, 216, 216, 317, 316, 317, 216, 217, 217, 318, 317, 318, 217, 218, 318, 219, 319, 219, 318, 218, 319, 220, 320, 220, 319, 219, 320, 221, 321, 221, 320, 220, 321, 222, 322, 222, 321, 221, 322, 223, 323, 223, 322, 222, 323, 224, 324, 224, 323, 223, 324, 225, 325, 225, 324, 224, 325, 226, 326, 226, 325, 225, 326, 227, 327, 227, 326, 226, 327, 228, 328, 228, 327, 227, 328, 229, 329, 229, 328, 228, 329, 230, 330, 230, 329, 229, 330, 231, 331, 231, 330, 230, 331, 232, 332, 232, 331, 231, 332, 233, 333, 233, 332, 232, 333, 234, 334, 234, 333, 233, 334, 235, 335, 235, 334, 234, 335, 236, 336, 236, 335, 235, 336, 237, 337, 237, 336, 236, 337, 238, 338, 238, 337, 237, 338, 239, 339, 239, 338, 238, 339, 240, 340, 240, 339, 239, 340, 241, 341, 241, 340, 240, 341, 242, 342, 242, 341, 241, 342, 243, 343, 243, 342, 242, 343, 244, 344, 244, 343, 243, 344, 245, 345, 245, 344, 244, 345, 246, 346, 246, 345, 245, 346, 247, 347, 247, 346, 246, 347, 248, 348, 248, 347, 247, 348, 249, 349, 249, 348, 248, 349, 250, 350, 250, 349, 249, 350, 251, 351, 251, 350, 250, 351, 252, 352, 252, 351, 251, 352, 253, 353, 253, 352, 252, 353, 254, 354, 254, 353, 253, 354, 255, 355, 255, 354, 254, 355, 256, 356, 256, 355, 255, 356, 257, 357, 257, 356, 256, 357, 258, 358, 258, 357, 257, 358, 259, 359, 259, 358, 258, 359, 260, 360, 260, 359, 259, 360, 261, 361, 261, 360, 260, 361, 262, 362, 262, 361, 261, 362, 263, 363, 263, 362, 262, 363, 264, 364, 264, 363, 263, 364, 265, 365, 265, 364, 264, 365, 266, 366, 266, 365, 265, 366, 267, 367, 267, 366, 266, 367, 268, 368, 268, 367, 267, 269, 368, 268, 368, 269, 369, 270, 369, 269, 369, 270, 370, 271, 370, 270, 370, 271, 371, 272, 371, 271, 371, 272, 372, 273, 372, 272, 372, 273, 373, 274, 373, 273, 373, 274, 374, 275, 374, 274, 374, 275, 375, 276, 375, 275, 375, 276, 376, 277, 376, 276, 376, 277, 377, 278, 377, 277, 377, 278, 378, 279, 378, 278, 378, 279, 379, 280, 379, 279, 379, 280, 380, 281, 380, 280, 380, 281, 381, 282, 381, 281, 381, 282, 382, 283, 382, 282, 382, 283, 383, 284, 383, 283, 383, 284, 384, 285, 384, 284, 384, 285, 385, 286, 385, 285, 385, 286, 386, 287, 386, 286, 386, 287, 387, 288, 387, 287, 387, 288, 388, 289, 388, 288, 388, 289, 389, 290, 389, 289, 389, 290, 390, 290, 391, 390, 391, 290, 291, 291, 392, 391, 392, 291, 292, 292, 393, 392, 393, 292, 293, 293, 394, 393, 394, 293, 294, 294, 395, 394, 395, 294, 295, 295, 396, 395, 396, 295, 296, 296, 397, 396, 397, 296, 297, 297, 398, 397, 398, 297, 298, 298, 399, 398, 399, 298, 299, 299, 300, 399, 300, 299, 200, 300, 401, 400, 401, 300, 301, 301, 402, 401, 402, 301, 302, 302, 403, 402, 403, 302, 303, 303, 404, 403, 404, 303, 304, 304, 405, 404, 405, 304, 305, 305, 406, 405, 406, 305, 306, 306, 407, 406, 407, 306, 307, 307, 408, 407, 408, 307, 308, 308, 409, 408, 409, 308, 309, 309, 410, 409, 410, 309, 310, 310, 411, 410, 411, 310, 311, 311, 412, 411, 412, 311, 312, 312, 413, 412, 413, 312, 313, 313, 414, 413, 414, 313, 314, 314, 415, 414, 415, 314, 315, 315, 416, 415, 416, 315, 316, 316, 417, 416, 417, 316, 317, 317, 418, 417, 418, 317, 318, 318, 419, 418, 419, 318, 319, 319, 420, 419, 420, 319, 320, 320, 421, 420, 421, 320, 321, 321, 422, 421, 422, 321, 322, 322, 423, 422, 423, 322, 323, 323, 424, 423, 424, 323, 324, 324, 425, 424, 425, 324, 325, 325, 426, 425, 426, 325, 326, 326, 427, 426, 427, 326, 327, 327, 428, 427, 428, 327, 328, 328, 429, 428, 429, 328, 329, 429, 330, 430, 330, 429, 329, 430, 331, 431, 331, 430, 330, 431, 332, 432, 332, 431, 331, 432, 333, 433, 333, 432, 332, 433, 334, 434, 334, 433, 333, 434, 335, 435, 335, 434, 334, 435, 336, 436, 336, 435, 335, 436, 337, 437, 337, 436, 336, 437, 338, 438, 338, 437, 337, 438, 339, 439, 339, 438, 338, 439, 340, 440, 340, 439, 339, 440, 341, 441, 341, 440, 340, 441, 342, 442, 342, 441, 341, 442, 343, 443, 343, 442, 342, 443, 344, 444, 344, 443, 343, 444, 345, 445, 345, 444, 344, 445, 346, 446, 346, 445, 345, 446, 347, 447, 347, 446, 346, 447, 348, 448, 348, 447, 347, 448, 349, 449, 349, 448, 348, 449, 350, 450, 350, 449, 349, 450, 351, 451, 351, 450, 350, 451, 352, 452, 352, 451, 351, 452, 353, 453, 353, 452, 352, 453, 354, 454, 354, 453, 353, 454, 355, 455, 355, 454, 354, 455, 356, 456, 356, 455, 355, 456, 357, 457, 357, 456, 356, 457, 358, 458, 358, 457, 357, 458, 359, 459, 359, 458, 358, 459, 360, 460, 360, 459, 359, 460, 361, 461, 361, 460, 360, 461, 362, 462, 362, 461, 361, 462, 363, 463, 363, 462, 362, 463, 364, 464, 364, 463, 363, 464, 365, 465, 365, 464, 364, 465, 366, 466, 366, 465, 365, 466, 367, 467, 367, 466, 366, 467, 368, 468, 368, 467, 367, 468, 369, 469, 369, 468, 368, 469, 370, 470, 370, 469, 369, 470, 371, 471, 371, 470, 370, 471, 372, 472, 372, 471, 371, 472, 373, 473, 373, 472, 372, 473, 374, 474, 374, 473, 373, 474, 375, 475, 375, 474, 374, 475, 376, 476, 376, 475, 375, 476, 377, 477, 377, 476, 376, 477, 378, 478, 378, 477, 377, 478, 379, 479, 379, 478, 378, 379, 480, 479, 480, 379, 380, 380, 481, 480, 481, 380, 381, 381, 482, 481, 482, 381, 382, 382, 483, 482, 483, 382, 383, 383, 484, 483, 484, 383, 384, 384, 485, 484, 485, 384, 385, 385, 486, 485, 486, 385, 386, 386, 487, 486, 487, 386, 387, 387, 488, 487, 488, 387, 388, 388, 489, 488, 489, 388, 389, 389, 490, 489, 490, 389, 390, 390, 491, 490, 491, 390, 391, 391, 492, 491, 492, 391, 392, 392, 493, 492, 493, 392, 393, 393, 494, 493, 494, 393, 394, 394, 495, 494, 495, 394, 395, 395, 496, 495, 496, 395, 396, 396, 497, 496, 497, 396, 397, 397, 498, 497, 498, 397, 398, 398, 499, 498, 499, 398, 399, 399, 400, 499, 400, 399, 300, 401, 500, 400, 500, 401, 501, 402, 501, 401, 501, 402, 502, 403, 502, 402, 502, 403, 503, 404, 503, 403, 503, 404, 504, 405, 504, 404, 504, 405, 505, 406, 505, 405, 505, 406, 506, 407, 506, 406, 506, 407, 507, 408, 507, 407, 507, 408, 508, 409, 508, 408, 508, 409, 509, 410, 509, 409, 509, 410, 510, 411, 510, 410, 510, 411, 511, 412, 511, 411, 511, 412, 512, 413, 512, 412, 512, 413, 513, 414, 513, 413, 513, 414, 514, 415, 514, 414, 514, 415, 515, 416, 515, 415, 515, 416, 516, 417, 516, 416, 516, 417, 517, 418, 517, 417, 517, 418, 518, 418, 519, 518, 519, 418, 419, 419, 520, 519, 520, 419, 420, 420, 521, 520, 521, 420, 421, 421, 522, 521, 522, 421, 422, 422, 523, 522, 523, 422, 423, 423, 524, 523, 524, 423, 424, 424, 525, 524, 525, 424, 425, 425, 526, 525, 526, 425, 426, 426, 527, 526, 527, 426, 427, 427, 528, 527, 528, 427, 428, 428, 529, 528, 529, 428, 429, 529, 430, 530, 430, 529, 429, 530, 431, 531, 431, 530, 430, 531, 432, 532, 432, 531, 431, 532, 433, 533, 433, 532, 432, 533, 434, 534, 434, 533, 433, 534, 435, 535, 435, 534, 434, 535, 436, 536, 436, 535, 435, 536, 437, 537, 437, 536, 436, 537, 438, 538, 438, 537, 437, 538, 439, 539, 439, 538, 438, 539, 440, 540, 440, 539, 439, 540, 441, 541, 441, 540, 440, 542, 441, 442, 441, 542, 541, 543, 442, 443, 442, 543, 542, 544, 443, 444, 443, 544, 543, 545, 444, 445, 444, 545, 544, 546, 445, 446, 445, 546, 545, 547, 446, 447, 446, 547, 546, 548, 447, 448, 447, 548, 547, 549, 448, 449, 448, 549, 548, 550, 449, 450, 449, 550, 549, 551, 450, 451, 450, 551, 550, 552, 451, 452, 451, 552, 551, 553, 452, 453, 452, 553, 552, 554, 453, 454, 453, 554, 553, 555, 454, 455, 454, 555, 554, 556, 455, 456, 455, 556, 555, 557, 456, 457, 456, 557, 556, 558, 457, 458, 457, 558, 557, 559, 458, 459, 458, 559, 558, 560, 459, 460, 459, 560, 559, 561, 460, 461, 460, 561, 560, 560, 561, 562, 563, 461, 462, 461, 563, 561, 561, 563, 564, 561, 564, 562, 565, 462, 463, 462, 565, 563, 563, 565, 566, 563, 566, 564, 567, 463, 464, 463, 567, 565, 565, 567, 568, 565, 568, 566, 569, 464, 465, 464, 569, 567, 567, 569, 570, 567, 570, 568, 571, 465, 466, 465, 571, 569, 569, 571, 572, 569, 572, 570, 573, 466, 467, 466, 573, 571, 571, 573, 574, 571, 574, 572, 575, 467, 468, 467, 575, 573, 573, 575, 576, 573, 576, 574, 576, 578, 577, 578, 576, 575, 578, 575, 469, 469, 575, 468, 577, 580, 579, 580, 577, 578, 580, 578, 470, 470, 578, 469, 579, 582, 581, 582, 579, 580, 582, 580, 471, 471, 580, 470, 581, 584, 583, 584, 581, 582, 584, 582, 472, 472, 582, 471, 583, 586, 585, 586, 583, 584, 586, 584, 473, 473, 584, 472, 585, 588, 587, 588, 585, 586, 588, 586, 474, 474, 586, 473, 587, 590, 589, 590, 587, 588, 590, 588, 475, 475, 588, 474, 589, 592, 591, 592, 589, 590, 592, 590, 476, 476, 590, 475, 591, 594, 593, 594, 591, 592, 594, 592, 477, 477, 592, 476, 593, 596, 595, 596, 593, 594, 596, 594, 478, 478, 594, 477, 595, 598, 597, 598, 595, 596, 598, 596, 479, 479, 596, 478, 598, 599, 597, 599, 598, 600, 600, 598, 479, 600, 479, 480, 600, 601, 599, 601, 600, 602, 602, 600, 480, 602, 480, 481, 602, 603, 601, 603, 602, 604, 604, 602, 481, 604, 481, 482, 604, 605, 603, 605, 604, 606, 606, 604, 482, 606, 482, 483, 606, 607, 605, 607, 606, 608, 608, 606, 483, 608, 483, 484, 608, 609, 607, 609, 608, 610, 610, 608, 484, 610, 484, 485, 610, 611, 609, 611, 610, 612, 612, 610, 485, 612, 485, 486, 612, 613, 611, 613, 612, 614, 614, 612, 486, 614, 486, 487, 614, 615, 613, 615, 614, 616, 616, 614, 487, 616, 487, 488, 616, 617, 615, 617, 616, 618, 618, 616, 488, 618, 488, 489, 618, 619, 617, 619, 618, 620, 620, 618, 489, 620, 489, 490, 620, 621, 619, 621, 620, 622, 622, 620, 490, 622, 490, 491, 492, 622, 491, 622, 492, 623, 622, 623, 621, 621, 623, 624, 493, 623, 492, 623, 493, 625, 623, 625, 624, 624, 625, 626, 494, 625, 493, 625, 494, 627, 625, 627, 626, 626, 627, 628, 495, 627, 494, 627, 495, 629, 627, 629, 628, 628, 629, 630, 496, 629, 495, 629, 496, 631, 629, 631, 630, 630, 631, 632, 497, 631, 496, 631, 497, 633, 631, 633, 632, 632, 633, 634, 498, 633, 497, 633, 498, 635, 633, 635, 634, 634, 635, 636, 499, 635, 498, 635, 499, 637, 635, 637, 636, 400, 637, 499, 637, 400, 500, 501, 638, 500, 638, 501, 639, 502, 639, 501, 639, 502, 640, 503, 640, 502, 640, 503, 641, 504, 641, 503, 641, 504, 642, 505, 642, 504, 642, 505, 643, 506, 643, 505, 643, 506, 644, 507, 644, 506, 644, 507, 645, 508, 645, 507, 645, 508, 646, 509, 646, 508, 646, 509, 647, 510, 647, 509, 647, 510, 648, 511, 648, 510, 648, 511, 649, 512, 649, 511, 649, 512, 650, 513, 650, 512, 650, 513, 651, 514, 651, 513, 651, 514, 652, 515, 652, 514, 652, 515, 653, 516, 653, 515, 653, 516, 654, 517, 654, 516, 654, 517, 655, 518, 655, 517, 655, 518, 656, 519, 656, 518, 656, 519, 657, 657, 520, 658, 520, 657, 519, 658, 521, 659, 521, 658, 520, 659, 522, 660, 522, 659, 521, 660, 523, 661, 523, 660, 522, 661, 524, 662, 524, 661, 523, 662, 525, 663, 525, 662, 524, 663, 526, 664, 526, 663, 525, 664, 527, 665, 527, 664, 526, 665, 528, 666, 528, 665, 527, 666, 529, 667, 529, 666, 528, 667, 530, 668, 530, 667, 529, 668, 531, 669, 531, 668, 530, 669, 532, 670, 532, 669, 531, 670, 533, 671, 533, 670, 532, 671, 534, 672, 534, 671, 533, 672, 535, 673, 535, 672, 534, 673, 536, 674, 536, 673, 535, 674, 537, 675, 537, 674, 536, 675, 538, 676, 538, 675, 537, 676, 539, 677, 539, 676, 538, 678, 539, 540, 539, 678, 677, 679, 540, 541, 540, 679, 678, 680, 541, 542, 541, 680, 679, 681, 542, 543, 542, 681, 680, 682, 543, 544, 543, 682, 681, 683, 544, 545, 544, 683, 682, 684, 545, 546, 545, 684, 683, 685, 546, 547, 546, 685, 684, 686, 547, 548, 547, 686, 685, 687, 548, 549, 548, 687, 686, 688, 549, 550, 549, 688, 687, 689, 550, 551, 550, 689, 688, 690, 551, 552, 551, 690, 689, 691, 552, 553, 552, 691, 690, 692, 553, 554, 553, 692, 691, 693, 554, 555, 554, 693, 692, 694, 555, 556, 555, 694, 693, 695, 556, 557, 556, 695, 694, 696, 557, 558, 557, 696, 695, 697, 558, 559, 558, 697, 696, 698, 559, 560, 559, 698, 697, 699, 560, 562, 560, 699, 698, 700, 562, 564, 562, 700, 699, 701, 564, 566, 564, 701, 700, 702, 566, 568, 566, 702, 701, 703, 568, 570, 568, 703, 702, 704, 570, 572, 570, 704, 703, 705, 572, 574, 572, 705, 704, 706, 574, 576, 574, 706, 705, 707, 576, 577, 576, 707, 706, 579, 707, 577, 707, 579, 708, 581, 708, 579, 708, 581, 709, 583, 709, 581, 709, 583, 710, 585, 710, 583, 710, 585, 711, 587, 711, 585, 711, 587, 712, 589, 712, 587, 712, 589, 713, 591, 713, 589, 713, 591, 714, 593, 714, 591, 714, 593, 715, 595, 715, 593, 715, 595, 716, 597, 716, 595, 716, 597, 717, 599, 717, 597, 717, 599, 718, 601, 718, 599, 718, 601, 719, 603, 719, 601, 719, 603, 720, 605, 720, 603, 720, 605, 721, 607, 721, 605, 721, 607, 722, 609, 722, 607, 722, 609, 723, 611, 723, 609, 723, 611, 724, 613, 724, 611, 724, 613, 725, 615, 725, 613, 725, 615, 726, 617, 726, 615, 726, 617, 727, 619, 727, 617, 727, 619, 728, 621, 728, 619, 728, 621, 729, 624, 729, 621, 729, 624, 730, 626, 730, 624, 730, 626, 731, 628, 731, 626, 731, 628, 732, 630, 732, 628, 732, 630, 733, 632, 733, 630, 733, 632, 734, 634, 734, 632, 734, 634, 735, 636, 735, 634, 735, 636, 736, 637, 736, 636, 736, 637, 737, 500, 737, 637, 737, 500, 638, 639, 738, 638, 738, 639, 739, 640, 739, 639, 739, 640, 740, 641, 740, 640, 740, 641, 741, 642, 741, 641, 741, 642, 742, 643, 742, 642, 742, 643, 743, 644, 743, 643, 743, 644, 744, 645, 744, 644, 744, 645, 745, 646, 745, 645, 745, 646, 746, 647, 746, 646, 746, 647, 747, 648, 747, 647, 747, 648, 748, 649, 748, 648, 748, 649, 749, 650, 749, 649, 749, 650, 750, 651, 750, 650, 750, 651, 751, 652, 751, 651, 751, 652, 752, 653, 752, 652, 752, 653, 753, 654, 753, 653, 753, 654, 754, 655, 754, 654, 754, 655, 755, 656, 755, 655, 755, 656, 756, 756, 657, 757, 657, 756, 656, 757, 658, 758, 658, 757, 657, 758, 659, 759, 659, 758, 658, 759, 660, 760, 660, 759, 659, 760, 661, 761, 661, 760, 660, 761, 662, 762, 662, 761, 661, 762, 663, 763, 663, 762, 662, 763, 664, 764, 664, 763, 663, 764, 665, 765, 665, 764, 664, 765, 666, 766, 666, 765, 665, 766, 667, 767, 667, 766, 666, 767, 668, 768, 668, 767, 667, 768, 669, 769, 669, 768, 668, 769, 670, 770, 670, 769, 669, 770, 671, 771, 671, 770, 670, 771, 672, 772, 672, 771, 671, 772, 673, 773, 673, 772, 672, 773, 674, 774, 674, 773, 673, 774, 675, 775, 675, 774, 674, 775, 676, 776, 676, 775, 675, 776, 677, 777, 677, 776, 676, 777, 678, 778, 678, 777, 677, 779, 678, 679, 678, 779, 778, 780, 679, 680, 679, 780, 779, 781, 680, 681, 680, 781, 780, 782, 681, 682, 681, 782, 781, 783, 682, 683, 682, 783, 782, 784, 683, 684, 683, 784, 783, 785, 684, 685, 684, 785, 784, 786, 685, 686, 685, 786, 785, 787, 686, 687, 686, 787, 786, 788, 687, 688, 687, 788, 787, 789, 688, 689, 688, 789, 788, 790, 689, 690, 689, 790, 789, 791, 690, 691, 690, 791, 790, 792, 691, 692, 691, 792, 791, 793, 692, 693, 692, 793, 792, 794, 693, 694, 693, 794, 793, 795, 694, 695, 694, 795, 794, 796, 695, 696, 695, 796, 795, 797, 696, 697, 696, 797, 796, 798, 697, 698, 697, 798, 797, 799, 698, 699, 698, 799, 798, 800, 699, 700, 699, 800, 799, 801, 700, 701, 700, 801, 800, 802, 701, 702, 701, 802, 801, 803, 702, 703, 702, 803, 802, 804, 703, 704, 703, 804, 803, 805, 704, 705, 704, 805, 804, 806, 705, 706, 705, 806, 805, 707, 806, 706, 806, 707, 807, 708, 807, 707, 807, 708, 808, 709, 808, 708, 808, 709, 809, 710, 809, 709, 809, 710, 810, 711, 810, 710, 810, 711, 811, 712, 811, 711, 811, 712, 812, 713, 812, 712, 812, 713, 813, 714, 813, 713, 813, 714, 814, 715, 814, 714, 814, 715, 815, 716, 815, 715, 815, 716, 816, 717, 816, 716, 816, 717, 817, 718, 817, 717, 817, 718, 818, 719, 818, 718, 818, 719, 819, 720, 819, 719, 819, 720, 820, 721, 820, 720, 820, 721, 821, 722, 821, 721, 821, 722, 822, 723, 822, 722, 822, 723, 823, 724, 823, 723, 823, 724, 824, 725, 824, 724, 824, 725, 825, 726, 825, 725, 825, 726, 826, 727, 826, 726, 826, 727, 827, 728, 827, 727, 827, 728, 828, 729, 828, 728, 828, 729, 829, 730, 829, 729, 829, 730, 830, 731, 830, 730, 830, 731, 831, 732, 831, 731, 831, 732, 832, 733, 832, 732, 832, 733, 833, 734, 833, 733, 833, 734, 834, 735, 834, 734, 834, 735, 835, 736, 835, 735, 835, 736, 836, 737, 836, 736, 836, 737, 837, 638, 837, 737, 837, 638, 738, 739, 838, 738, 838, 739, 839, 740, 839, 739, 839, 740, 840, 741, 840, 740, 840, 741, 841, 742, 841, 741, 841, 742, 842, 743, 842, 742, 842, 743, 843, 744, 843, 743, 843, 744, 844, 745, 844, 744, 844, 745, 845, 746, 845, 745, 845, 746, 846, 747, 846, 746, 846, 747, 847, 748, 847, 747, 847, 748, 848, 749, 848, 748, 848, 749, 849, 750, 849, 749, 849, 750, 850, 751, 850, 750, 850, 751, 851, 752, 851, 751, 851, 752, 852, 753, 852, 752, 852, 753, 853, 754, 853, 753, 853, 754, 854, 755, 854, 754, 854, 755, 855, 855, 756, 856, 756, 855, 755, 856, 757, 857, 757, 856, 756, 857, 758, 858, 758, 857, 757, 858, 759, 859, 759, 858, 758, 859, 760, 860, 760, 859, 759, 860, 761, 861, 761, 860, 760, 861, 762, 862, 762, 861, 761, 862, 763, 863, 763, 862, 762, 863, 764, 864, 764, 863, 763, 864, 765, 865, 765, 864, 764, 865, 766, 866, 766, 865, 765, 866, 767, 867, 767, 866, 766, 867, 768, 868, 768, 867, 767, 868, 769, 869, 769, 868, 768, 869, 770, 870, 770, 869, 769, 870, 771, 871, 771, 870, 770, 871, 772, 872, 772, 871, 771, 872, 773, 873, 773, 872, 772, 873, 774, 874, 774, 873, 773, 874, 775, 875, 775, 874, 774, 875, 776, 876, 776, 875, 775, 876, 777, 877, 777, 876, 776, 877, 778, 878, 778, 877, 777, 878, 779, 879, 779, 878, 778, 880, 779, 780, 779, 880, 879, 881, 780, 781, 780, 881, 880, 882, 781, 782, 781, 882, 881, 883, 782, 783, 782, 883, 882, 884, 783, 784, 783, 884, 883, 885, 784, 785, 784, 885, 884, 886, 785, 786, 785, 886, 885, 887, 786, 787, 786, 887, 886, 888, 787, 788, 787, 888, 887, 889, 788, 789, 788, 889, 888, 890, 789, 790, 789, 890, 889, 891, 790, 791, 790, 891, 890, 892, 791, 792, 791, 892, 891, 893, 792, 793, 792, 893, 892, 894, 793, 794, 793, 894, 893, 895, 794, 795, 794, 895, 894, 896, 795, 796, 795, 896, 895, 897, 796, 797, 796, 897, 896, 898, 797, 798, 797, 898, 897, 899, 798, 799, 798, 899, 898, 900, 799, 800, 799, 900, 899, 901, 800, 801, 800, 901, 900, 902, 801, 802, 801, 902, 901, 903, 802, 803, 802, 903, 902, 904, 803, 804, 803, 904, 903, 905, 804, 805, 804, 905, 904, 806, 905, 805, 905, 806, 906, 807, 906, 806, 906, 807, 907, 808, 907, 807, 907, 808, 908, 809, 908, 808, 908, 809, 909, 810, 909, 809, 909, 810, 910, 811, 910, 810, 910, 811, 911, 812, 911, 811, 911, 812, 912, 813, 912, 812, 912, 813, 913, 814, 913, 813, 913, 814, 914, 815, 914, 814, 914, 815, 915, 816, 915, 815, 915, 816, 916, 817, 916, 816, 916, 817, 917, 818, 917, 817, 917, 818, 918, 819, 918, 818, 918, 819, 919, 820, 919, 819, 919, 820, 920, 821, 920, 820, 920, 821, 921, 822, 921, 821, 921, 822, 922, 823, 922, 822, 922, 823, 923, 824, 923, 823, 923, 824, 924, 825, 924, 824, 924, 825, 925, 826, 925, 825, 925, 826, 926, 827, 926, 826, 926, 827, 927, 828, 927, 827, 927, 828, 928, 829, 928, 828, 928, 829, 929, 830, 929, 829, 929, 830, 930, 831, 930, 830, 930, 831, 931, 832, 931, 831, 931, 832, 932, 833, 932, 832, 932, 833, 933, 834, 933, 833, 933, 834, 934, 835, 934, 834, 934, 835, 935, 836, 935, 835, 935, 836, 936, 837, 936, 836, 936, 837, 937, 738, 937, 837, 937, 738, 838, 839, 938, 838, 938, 839, 939, 840, 939, 839, 939, 840, 940, 841, 940, 840, 940, 841, 941, 842, 941, 841, 941, 842, 942, 843, 942, 842, 942, 843, 943, 844, 943, 843, 943, 844, 944, 845, 944, 844, 944, 845, 945, 846, 945, 845, 945, 846, 946, 847, 946, 846, 946, 847, 947, 848, 947, 847, 947, 848, 948, 849, 948, 848, 948, 849, 949, 850, 949, 849, 949, 850, 950, 851, 950, 850, 950, 851, 951, 852, 951, 851, 951, 852, 952, 853, 952, 852, 952, 853, 953, 854, 953, 853, 953, 854, 954, 855, 954, 854, 954, 855, 955, 955, 856, 956, 856, 955, 855, 956, 857, 957, 857, 956, 856, 957, 858, 958, 858, 957, 857, 958, 859, 959, 859, 958, 858, 959, 860, 960, 860, 959, 859, 960, 861, 961, 861, 960, 860, 961, 862, 962, 862, 961, 861, 962, 863, 963, 863, 962, 862, 963, 864, 964, 864, 963, 863, 964, 865, 965, 865, 964, 864, 965, 866, 966, 866, 965, 865, 966, 867, 967, 867, 966, 866, 967, 868, 968, 868, 967, 867, 968, 869, 969, 869, 968, 868, 969, 870, 970, 870, 969, 869, 970, 871, 971, 871, 970, 870, 971, 872, 972, 872, 971, 871, 972, 873, 973, 873, 972, 872, 973, 874, 974, 874, 973, 873, 974, 875, 975, 875, 974, 874, 975, 876, 976, 876, 975, 875, 976, 877, 977, 877, 976, 876, 977, 878, 978, 878, 977, 877, 978, 879, 979, 879, 978, 878, 980, 879, 880, 879, 980, 979, 981, 880, 881, 880, 981, 980, 982, 881, 882, 881, 982, 981, 983, 882, 883, 882, 983, 982, 984, 883, 884, 883, 984, 983, 985, 884, 885, 884, 985, 984, 986, 885, 886, 885, 986, 985, 987, 886, 887, 886, 987, 986, 988, 887, 888, 887, 988, 987, 989, 888, 889, 888, 989, 988, 990, 889, 890, 889, 990, 989, 991, 890, 891, 890, 991, 990, 992, 891, 892, 891, 992, 991, 993, 892, 893, 892, 993, 992, 994, 893, 894, 893, 994, 993, 995, 894, 895, 894, 995, 994, 996, 895, 896, 895, 996, 995, 997, 896, 897, 896, 997, 996, 998, 897, 898, 897, 998, 997, 999, 898, 899, 898, 999, 998, 1000, 899, 900, 899, 1000, 999, 1001, 900, 901, 900, 1001, 1000, 1002, 901, 902, 901, 1002, 1001, 1003, 902, 903, 902, 1003, 1002, 1004, 903, 904, 903, 1004, 1003, 1005, 904, 905, 904, 1005, 1004, 906, 1005, 905, 1005, 906, 1006, 907, 1006, 906, 1006, 907, 1007, 908, 1007, 907, 1007, 908, 1008, 909, 1008, 908, 1008, 909, 1009, 910, 1009, 909, 1009, 910, 1010, 911, 1010, 910, 1010, 911, 1011, 912, 1011, 911, 1011, 912, 1012, 913, 1012, 912, 1012, 913, 1013, 914, 1013, 913, 1013, 914, 1014, 915, 1014, 914, 1014, 915, 1015, 916, 1015, 915, 1015, 916, 1016, 917, 1016, 916, 1016, 917, 1017, 918, 1017, 917, 1017, 918, 1018, 919, 1018, 918, 1018, 919, 1019, 920, 1019, 919, 1019, 920, 1020, 921, 1020, 920, 1020, 921, 1021, 922, 1021, 921, 1021, 922, 1022, 923, 1022, 922, 1022, 923, 1023, 924, 1023, 923, 1023, 924, 1024, 925, 1024, 924, 1024, 925, 1025, 926, 1025, 925, 1025, 926, 1026, 927, 1026, 926, 1026, 927, 1027, 928, 1027, 927, 1027, 928, 1028, 929, 1028, 928, 1028, 929, 1029, 930, 1029, 929, 1029, 930, 1030, 931, 1030, 930, 1030, 931, 1031, 932, 1031, 931, 1031, 932, 1032, 933, 1032, 932, 1032, 933, 1033, 934, 1033, 933, 1033, 934, 1034, 935, 1034, 934, 1034, 935, 1035, 936, 1035, 935, 1035, 936, 1036, 937, 1036, 936, 1036, 937, 1037, 838, 1037, 937, 1037, 838, 938, 939, 1038, 938, 1038, 939, 1039, 940, 1039, 939, 1039, 940, 1040, 941, 1040, 940, 1040, 941, 1041, 942, 1041, 941, 1041, 942, 1042, 943, 1042, 942, 1042, 943, 1043, 944, 1043, 943, 1043, 944, 1044, 945, 1044, 944, 1044, 945, 1045, 946, 1045, 945, 1045, 946, 1046, 947, 1046, 946, 1046, 947, 1047, 948, 1047, 947, 1047, 948, 1048, 949, 1048, 948, 1048, 949, 1049, 950, 1049, 949, 1049, 950, 1050, 951, 1050, 950, 1050, 951, 1051, 952, 1051, 951, 1051, 952, 1052, 953, 1052, 952, 1052, 953, 1053, 954, 1053, 953, 1053, 954, 1054, 955, 1054, 954, 1054, 955, 1055, 1055, 956, 1056, 956, 1055, 955, 1056, 957, 1057, 957, 1056, 956, 1057, 958, 1058, 958, 1057, 957, 1058, 959, 1059, 959, 1058, 958, 1059, 960, 1060, 960, 1059, 959, 1060, 961, 1061, 961, 1060, 960, 1061, 962, 1062, 962, 1061, 961, 1062, 963, 1063, 963, 1062, 962, 1063, 964, 1064, 964, 1063, 963, 1064, 965, 1065, 965, 1064, 964, 1065, 966, 1066, 966, 1065, 965, 1066, 967, 1067, 967, 1066, 966, 1067, 968, 1068, 968, 1067, 967, 1068, 969, 1069, 969, 1068, 968, 1069, 970, 1070, 970, 1069, 969, 1070, 971, 1071, 971, 1070, 970, 1071, 972, 1072, 972, 1071, 971, 1072, 973, 1073, 973, 1072, 972, 1073, 974, 1074, 974, 1073, 973, 1074, 975, 1075, 975, 1074, 974, 1075, 976, 1076, 976, 1075, 975, 1076, 977, 1077, 977, 1076, 976, 1077, 978, 1078, 978, 1077, 977, 1078, 979, 1079, 979, 1078, 978, 1079, 980, 1080, 980, 1079, 979, 1081, 980, 981, 980, 1081, 1080, 1082, 981, 982, 981, 1082, 1081, 1083, 982, 983, 982, 1083, 1082, 1084, 983, 984, 983, 1084, 1083, 1085, 984, 985, 984, 1085, 1084, 1086, 985, 986, 985, 1086, 1085, 1087, 986, 987, 986, 1087, 1086, 1088, 987, 988, 987, 1088, 1087, 1089, 988, 989, 988, 1089, 1088, 1090, 989, 990, 989, 1090, 1089, 1091, 990, 991, 990, 1091, 1090, 1092, 991, 992, 991, 1092, 1091, 1093, 992, 993, 992, 1093, 1092, 1094, 993, 994, 993, 1094, 1093, 1095, 994, 995, 994, 1095, 1094, 1096, 995, 996, 995, 1096, 1095, 1097, 996, 997, 996, 1097, 1096, 1098, 997, 998, 997, 1098, 1097, 1099, 998, 999, 998, 1099, 1098, 1100, 999, 1000, 999, 1100, 1099, 1101, 1000, 1001, 1000, 1101, 1100, 1102, 1001, 1002, 1001, 1102, 1101, 1103, 1002, 1003, 1002, 1103, 1102, 1104, 1003, 1004, 1003, 1104, 1103, 1105, 1004, 1005, 1004, 1105, 1104, 1006, 1105, 1005, 1105, 1006, 1106, 1007, 1106, 1006, 1106, 1007, 1107, 1008, 1107, 1007, 1107, 1008, 1108, 1009, 1108, 1008, 1108, 1009, 1109, 1010, 1109, 1009, 1109, 1010, 1110, 1011, 1110, 1010, 1110, 1011, 1111, 1012, 1111, 1011, 1111, 1012, 1112, 1013, 1112, 1012, 1112, 1013, 1113, 1014, 1113, 1013, 1113, 1014, 1114, 1015, 1114, 1014, 1114, 1015, 1115, 1016, 1115, 1015, 1115, 1016, 1116, 1017, 1116, 1016, 1116, 1017, 1117, 1018, 1117, 1017, 1117, 1018, 1118, 1019, 1118, 1018, 1118, 1019, 1119, 1020, 1119, 1019, 1119, 1020, 1120, 1021, 1120, 1020, 1120, 1021, 1121, 1022, 1121, 1021, 1121, 1022, 1122, 1023, 1122, 1022, 1122, 1023, 1123, 1024, 1123, 1023, 1123, 1024, 1124, 1025, 1124, 1024, 1124, 1025, 1125, 1026, 1125, 1025, 1125, 1026, 1126, 1027, 1126, 1026, 1126, 1027, 1127, 1028, 1127, 1027, 1127, 1028, 1128, 1029, 1128, 1028, 1128, 1029, 1129, 1030, 1129, 1029, 1129, 1030, 1130, 1031, 1130, 1030, 1130, 1031, 1131, 1032, 1131, 1031, 1131, 1032, 1132, 1033, 1132, 1032, 1132, 1033, 1133, 1034, 1133, 1033, 1133, 1034, 1134, 1035, 1134, 1034, 1134, 1035, 1135, 1036, 1135, 1035, 1135, 1036, 1136, 1037, 1136, 1036, 1136, 1037, 1137, 938, 1137, 1037, 1137, 938, 1038, 1039, 1138, 1038, 1138, 1039, 1139, 1040, 1139, 1039, 1139, 1040, 1140, 1041, 1140, 1040, 1140, 1041, 1141, 1042, 1141, 1041, 1141, 1042, 1142, 1043, 1142, 1042, 1142, 1043, 1143, 1044, 1143, 1043, 1143, 1044, 1144, 1045, 1144, 1044, 1144, 1045, 1145, 1046, 1145, 1045, 1145, 1046, 1146, 1047, 1146, 1046, 1146, 1047, 1147, 1048, 1147, 1047, 1147, 1048, 1148, 1049, 1148, 1048, 1148, 1049, 1149, 1050, 1149, 1049, 1149, 1050, 1150, 1051, 1150, 1050, 1150, 1051, 1151, 1052, 1151, 1051, 1151, 1052, 1152, 1053, 1152, 1052, 1152, 1053, 1153, 1054, 1153, 1053, 1153, 1054, 1154, 1055, 1154, 1054, 1154, 1055, 1155, 1155, 1056, 1156, 1056, 1155, 1055, 1156, 1057, 1157, 1057, 1156, 1056, 1157, 1058, 1158, 1058, 1157, 1057, 1158, 1059, 1159, 1059, 1158, 1058, 1159, 1060, 1160, 1060, 1159, 1059, 1160, 1061, 1161, 1061, 1160, 1060, 1161, 1062, 1162, 1062, 1161, 1061, 1162, 1063, 1163, 1063, 1162, 1062, 1163, 1064, 1164, 1064, 1163, 1063, 1164, 1065, 1165, 1065, 1164, 1064, 1165, 1066, 1166, 1066, 1165, 1065, 1166, 1067, 1167, 1067, 1166, 1066, 1167, 1068, 1168, 1068, 1167, 1067, 1168, 1069, 1169, 1069, 1168, 1068, 1169, 1070, 1170, 1070, 1169, 1069, 1170, 1071, 1171, 1071, 1170, 1070, 1171, 1072, 1172, 1072, 1171, 1071, 1172, 1073, 1173, 1073, 1172, 1072, 1173, 1074, 1174, 1074, 1173, 1073, 1174, 1075, 1175, 1075, 1174, 1074, 1175, 1076, 1176, 1076, 1175, 1075, 1176, 1077, 1177, 1077, 1176, 1076, 1177, 1078, 1178, 1078, 1177, 1077, 1178, 1079, 1179, 1079, 1178, 1078, 1179, 1080, 1180, 1080, 1179, 1079, 1181, 1080, 1081, 1080, 1181, 1180, 1182, 1081, 1082, 1081, 1182, 1181, 1183, 1082, 1083, 1082, 1183, 1182, 1184, 1083, 1084, 1083, 1184, 1183, 1185, 1084, 1085, 1084, 1185, 1184, 1186, 1085, 1086, 1085, 1186, 1185, 1187, 1086, 1087, 1086, 1187, 1186, 1188, 1087, 1088, 1087, 1188, 1187, 1189, 1088, 1089, 1088, 1189, 1188, 1190, 1089, 1090, 1089, 1190, 1189, 1191, 1090, 1091, 1090, 1191, 1190, 1192, 1091, 1092, 1091, 1192, 1191, 1193, 1092, 1093, 1092, 1193, 1192, 1194, 1093, 1094, 1093, 1194, 1193, 1195, 1094, 1095, 1094, 1195, 1194, 1196, 1095, 1096, 1095, 1196, 1195, 1197, 1096, 1097, 1096, 1197, 1196, 1198, 1097, 1098, 1097, 1198, 1197, 1199, 1098, 1099, 1098, 1199, 1198, 1200, 1099, 1100, 1099, 1200, 1199, 1201, 1100, 1101, 1100, 1201, 1200, 1202, 1101, 1102, 1101, 1202, 1201, 1203, 1102, 1103, 1102, 1203, 1202, 1204, 1103, 1104, 1103, 1204, 1203, 1205, 1104, 1105, 1104, 1205, 1204, 1106, 1205, 1105, 1205, 1106, 1206, 1107, 1206, 1106, 1206, 1107, 1207, 1108, 1207, 1107, 1207, 1108, 1208, 1109, 1208, 1108, 1208, 1109, 1209, 1110, 1209, 1109, 1209, 1110, 1210, 1111, 1210, 1110, 1210, 1111, 1211, 1112, 1211, 1111, 1211, 1112, 1212, 1113, 1212, 1112, 1212, 1113, 1213, 1114, 1213, 1113, 1213, 1114, 1214, 1115, 1214, 1114, 1214, 1115, 1215, 1116, 1215, 1115, 1215, 1116, 1216, 1117, 1216, 1116, 1216, 1117, 1217, 1118, 1217, 1117, 1217, 1118, 1218, 1119, 1218, 1118, 1218, 1119, 1219, 1120, 1219, 1119, 1219, 1120, 1220, 1121, 1220, 1120, 1220, 1121, 1221, 1122, 1221, 1121, 1221, 1122, 1222, 1123, 1222, 1122, 1222, 1123, 1223, 1124, 1223, 1123, 1223, 1124, 1224, 1125, 1224, 1124, 1224, 1125, 1225, 1126, 1225, 1125, 1225, 1126, 1226, 1127, 1226, 1126, 1226, 1127, 1227, 1128, 1227, 1127, 1227, 1128, 1228, 1129, 1228, 1128, 1228, 1129, 1229, 1130, 1229, 1129, 1229, 1130, 1230, 1131, 1230, 1130, 1230, 1131, 1231, 1132, 1231, 1131, 1231, 1132, 1232, 1133, 1232, 1132, 1232, 1133, 1233, 1134, 1233, 1133, 1233, 1134, 1234, 1135, 1234, 1134, 1234, 1135, 1235, 1136, 1235, 1135, 1235, 1136, 1236, 1137, 1236, 1136, 1236, 1137, 1237, 1038, 1237, 1137, 1237, 1038, 1138, 1139, 1238, 1138, 1238, 1139, 1239, 1140, 1239, 1139, 1239, 1140, 1240, 1141, 1240, 1140, 1240, 1141, 1241, 1142, 1241, 1141, 1241, 1142, 1242, 1143, 1242, 1142, 1242, 1143, 1243, 1144, 1243, 1143, 1243, 1144, 1244, 1145, 1244, 1144, 1244, 1145, 1245, 1146, 1245, 1145, 1245, 1146, 1246, 1147, 1246, 1146, 1246, 1147, 1247, 1148, 1247, 1147, 1247, 1148, 1248, 1149, 1248, 1148, 1248, 1149, 1249, 1150, 1249, 1149, 1249, 1150, 1250, 1151, 1250, 1150, 1250, 1151, 1251, 1152, 1251, 1151, 1251, 1152, 1252, 1153, 1252, 1152, 1252, 1153, 1253, 1154, 1253, 1153, 1253, 1154, 1254, 1155, 1254, 1154, 1254, 1155, 1255, 1255, 1156, 1256, 1156, 1255, 1155, 1256, 1157, 1257, 1157, 1256, 1156, 1257, 1158, 1258, 1158, 1257, 1157, 1258, 1159, 1259, 1159, 1258, 1158, 1259, 1160, 1260, 1160, 1259, 1159, 1260, 1161, 1261, 1161, 1260, 1160, 1261, 1162, 1262, 1162, 1261, 1161, 1262, 1163, 1263, 1163, 1262, 1162, 1263, 1164, 1264, 1164, 1263, 1163, 1264, 1165, 1265, 1165, 1264, 1164, 1265, 1166, 1266, 1166, 1265, 1165, 1266, 1167, 1267, 1167, 1266, 1166, 1267, 1168, 1268, 1168, 1267, 1167, 1268, 1169, 1269, 1169, 1268, 1168, 1269, 1170, 1270, 1170, 1269, 1169, 1270, 1171, 1271, 1171, 1270, 1170, 1271, 1172, 1272, 1172, 1271, 1171, 1272, 1173, 1273, 1173, 1272, 1172, 1273, 1174, 1274, 1174, 1273, 1173, 1274, 1175, 1275, 1175, 1274, 1174, 1275, 1176, 1276, 1176, 1275, 1175, 1276, 1177, 1277, 1177, 1276, 1176, 1277, 1178, 1278, 1178, 1277, 1177, 1278, 1179, 1279, 1179, 1278, 1178, 1279, 1180, 1280, 1180, 1279, 1179, 1281, 1180, 1181, 1180, 1281, 1280, 1282, 1181, 1182, 1181, 1282, 1281, 1283, 1182, 1183, 1182, 1283, 1282, 1284, 1183, 1184, 1183, 1284, 1283, 1285, 1184, 1185, 1184, 1285, 1284, 1286, 1185, 1186, 1185, 1286, 1285, 1287, 1186, 1187, 1186, 1287, 1286, 1288, 1187, 1188, 1187, 1288, 1287, 1289, 1188, 1189, 1188, 1289, 1288, 1290, 1189, 1190, 1189, 1290, 1289, 1291, 1190, 1191, 1190, 1291, 1290, 1292, 1191, 1192, 1191, 1292, 1291, 1293, 1192, 1193, 1192, 1293, 1292, 1294, 1193, 1194, 1193, 1294, 1293, 1295, 1194, 1195, 1194, 1295, 1294, 1296, 1195, 1196, 1195, 1296, 1295, 1297, 1196, 1197, 1196, 1297, 1296, 1298, 1197, 1198, 1197, 1298, 1297, 1299, 1198, 1199, 1198, 1299, 1298, 1300, 1199, 1200, 1199, 1300, 1299, 1301, 1200, 1201, 1200, 1301, 1300, 1302, 1201, 1202, 1201, 1302, 1301, 1303, 1202, 1203, 1202, 1303, 1302, 1304, 1203, 1204, 1203, 1304, 1303, 1305, 1204, 1205, 1204, 1305, 1304, 1206, 1305, 1205, 1305, 1206, 1306, 1207, 1306, 1206, 1306, 1207, 1307, 1208, 1307, 1207, 1307, 1208, 1308, 1209, 1308, 1208, 1308, 1209, 1309, 1210, 1309, 1209, 1309, 1210, 1310, 1211, 1310, 1210, 1310, 1211, 1311, 1212, 1311, 1211, 1311, 1212, 1312, 1213, 1312, 1212, 1312, 1213, 1313, 1214, 1313, 1213, 1313, 1214, 1314, 1215, 1314, 1214, 1314, 1215, 1315, 1216, 1315, 1215, 1315, 1216, 1316, 1217, 1316, 1216, 1316, 1217, 1317, 1218, 1317, 1217, 1317, 1218, 1318, 1219, 1318, 1218, 1318, 1219, 1319, 1220, 1319, 1219, 1319, 1220, 1320, 1221, 1320, 1220, 1320, 1221, 1321, 1222, 1321, 1221, 1321, 1222, 1322, 1223, 1322, 1222, 1322, 1223, 1323, 1224, 1323, 1223, 1323, 1224, 1324, 1225, 1324, 1224, 1324, 1225, 1325, 1226, 1325, 1225, 1325, 1226, 1326, 1227, 1326, 1226, 1326, 1227, 1327, 1228, 1327, 1227, 1327, 1228, 1328, 1229, 1328, 1228, 1328, 1229, 1329, 1230, 1329, 1229, 1329, 1230, 1330, 1231, 1330, 1230, 1330, 1231, 1331, 1232, 1331, 1231, 1331, 1232, 1332, 1233, 1332, 1232, 1332, 1233, 1333, 1234, 1333, 1233, 1333, 1234, 1334, 1235, 1334, 1234, 1334, 1235, 1335, 1236, 1335, 1235, 1335, 1236, 1336, 1237, 1336, 1236, 1336, 1237, 1337, 1138, 1337, 1237, 1337, 1138, 1238, 1338, 1238, 1239, 1238, 1338, 1339, 1340, 1239, 1240, 1239, 1340, 1338, 1341, 1240, 1241, 1240, 1341, 1340, 1342, 1241, 1242, 1241, 1342, 1341, 1343, 1242, 1243, 1242, 1343, 1342, 1344, 1243, 1244, 1243, 1344, 1343, 1345, 1244, 1245, 1244, 1345, 1344, 1346, 1245, 1246, 1245, 1346, 1345, 1347, 1246, 1247, 1246, 1347, 1346, 1348, 1247, 1248, 1247, 1348, 1347, 1349, 1248, 1249, 1248, 1349, 1348, 1350, 1249, 1250, 1249, 1350, 1349, 1351, 1250, 1251, 1250, 1351, 1350, 1352, 1251, 1252, 1251, 1352, 1351, 1353, 1252, 1253, 1252, 1353, 1352, 1354, 1253, 1254, 1253, 1354, 1353, 1355, 1254, 1255, 1254, 1355, 1354, 1355, 1256, 1356, 1256, 1355, 1255, 1356, 1257, 1357, 1257, 1356, 1256, 1357, 1258, 1358, 1258, 1357, 1257, 1358, 1259, 1359, 1259, 1358, 1258, 1359, 1260, 1360, 1260, 1359, 1259, 1360, 1261, 1361, 1261, 1360, 1260, 1361, 1262, 1362, 1262, 1361, 1261, 1362, 1263, 1363, 1263, 1362, 1262, 1363, 1264, 1364, 1264, 1363, 1263, 1364, 1265, 1365, 1265, 1364, 1264, 1365, 1266, 1366, 1266, 1365, 1265, 1366, 1267, 1367, 1267, 1366, 1266, 1367, 1268, 1368, 1268, 1367, 1267, 1368, 1269, 1369, 1269, 1368, 1268, 1369, 1270, 1370, 1270, 1369, 1269, 1370, 1271, 1371, 1271, 1370, 1270, 1371, 1272, 1372, 1272, 1371, 1271, 1372, 1273, 1373, 1273, 1372, 1272, 1373, 1274, 1374, 1274, 1373, 1273, 1374, 1275, 1375, 1275, 1374, 1274, 1375, 1276, 1376, 1276, 1375, 1275, 1376, 1277, 1377, 1277, 1376, 1276, 1377, 1278, 1378, 1278, 1377, 1277, 1378, 1279, 1379, 1279, 1378, 1278, 1379, 1280, 1380, 1280, 1379, 1279, 1281, 1380, 1280, 1380, 1281, 1381, 1282, 1381, 1281, 1381, 1282, 1382, 1283, 1382, 1282, 1382, 1283, 1383, 1284, 1383, 1283, 1383, 1284, 1384, 1285, 1384, 1284, 1384, 1285, 1385, 1286, 1385, 1285, 1385, 1286, 1386, 1287, 1386, 1286, 1386, 1287, 1387, 1288, 1387, 1287, 1387, 1288, 1388, 1289, 1388, 1288, 1388, 1289, 1389, 1290, 1389, 1289, 1389, 1290, 1390, 1291, 1390, 1290, 1390, 1291, 1391, 1292, 1391, 1291, 1391, 1292, 1392, 1293, 1392, 1292, 1392, 1293, 1393, 1294, 1393, 1293, 1393, 1294, 1394, 1295, 1394, 1294, 1394, 1295, 1395, 1296, 1395, 1295, 1395, 1296, 1396, 1297, 1396, 1296, 1396, 1297, 1397, 1298, 1397, 1297, 1397, 1298, 1398, 1299, 1398, 1298, 1398, 1299, 1399, 1300, 1399, 1299, 1399, 1300, 1400, 1301, 1400, 1300, 1400, 1301, 1401, 1302, 1401, 1301, 1401, 1302, 1402, 1303, 1402, 1302, 1402, 1303, 1403, 1304, 1403, 1303, 1403, 1304, 1404, 1305, 1404, 1304, 1404, 1305, 1405, 1306, 1405, 1305, 1405, 1306, 1406, 1307, 1406, 1306, 1406, 1307, 1407, 1308, 1407, 1307, 1407, 1308, 1408, 1309, 1408, 1308, 1408, 1309, 1409, 1310, 1409, 1309, 1409, 1310, 1410, 1311, 1410, 1310, 1410, 1311, 1411, 1312, 1411, 1311, 1411, 1312, 1412, 1313, 1412, 1312, 1412, 1313, 1413, 1314, 1413, 1313, 1413, 1314, 1414, 1315, 1414, 1314, 1414, 1315, 1415, 1316, 1415, 1315, 1415, 1316, 1416, 1317, 1416, 1316, 1416, 1317, 1417, 1318, 1417, 1317, 1417, 1318, 1418, 1319, 1418, 1318, 1418, 1319, 1419, 1320, 1419, 1319, 1419, 1320, 1420, 1321, 1420, 1320, 1420, 1321, 1421, 1322, 1421, 1321, 1421, 1322, 1422, 1323, 1422, 1322, 1422, 1323, 1423, 1324, 1423, 1323, 1423, 1324, 1424, 1325, 1424, 1324, 1424, 1325, 1425, 1326, 1425, 1325, 1425, 1326, 1426, 1327, 1426, 1326, 1426, 1327, 1427, 1328, 1427, 1327, 1427, 1328, 1428, 1329, 1428, 1328, 1428, 1329, 1429, 1330, 1429, 1329, 1429, 1330, 1430, 1431, 1330, 1331, 1330, 1431, 1430, 1432, 1331, 1332, 1331, 1432, 1431, 1433, 1332, 1333, 1332, 1433, 1432, 1434, 1333, 1334, 1333, 1434, 1433, 1435, 1334, 1335, 1334, 1435, 1434, 1436, 1335, 1336, 1335, 1436, 1435, 1437, 1336, 1337, 1336, 1437, 1436, 1339, 1337, 1238, 1337, 1339, 1437, 1438, 1339, 1338, 1339, 1438, 1439, 1440, 1338, 1340, 1338, 1440, 1438, 1441, 1340, 1341, 1340, 1441, 1440, 1442, 1341, 1342, 1341, 1442, 1441, 1443, 1342, 1343, 1342, 1443, 1442, 1444, 1343, 1344, 1343, 1444, 1443, 1445, 1344, 1345, 1344, 1445, 1444, 1446, 1345, 1346, 1345, 1446, 1445, 1447, 1346, 1347, 1346, 1447, 1446, 1448, 1347, 1348, 1347, 1448, 1447, 1449, 1348, 1349, 1348, 1449, 1448, 1450, 1349, 1350, 1349, 1450, 1449, 1451, 1350, 1351, 1350, 1451, 1450, 1452, 1351, 1352, 1351, 1452, 1451, 1453, 1352, 1353, 1352, 1453, 1452, 1454, 1353, 1354, 1353, 1454, 1453, 1455, 1354, 1355, 1354, 1455, 1454, 1456, 1355, 1356, 1355, 1456, 1455, 1457, 1356, 1357, 1356, 1457, 1456, 1458, 1357, 1358, 1357, 1458, 1457, 1459, 1358, 1359, 1358, 1459, 1458, 1460, 1359, 1360, 1359, 1460, 1459, 1461, 1360, 1361, 1360, 1461, 1460, 1462, 1361, 1362, 1361, 1462, 1461, 1463, 1362, 1363, 1362, 1463, 1462, 1464, 1363, 1364, 1363, 1464, 1463, 1465, 1364, 1365, 1364, 1465, 1464, 1466, 1365, 1366, 1365, 1466, 1465, 1467, 1366, 1367, 1366, 1467, 1466, 1468, 1367, 1368, 1367, 1468, 1467, 1469, 1368, 1369, 1368, 1469, 1468, 1470, 1369, 1370, 1369, 1470, 1469, 1471, 1370, 1371, 1370, 1471, 1470, 1472, 1371, 1372, 1371, 1472, 1471, 1473, 1372, 1373, 1372, 1473, 1472, 1474, 1373, 1374, 1373, 1474, 1473, 1475, 1374, 1375, 1374, 1475, 1474, 1476, 1375, 1376, 1375, 1476, 1475, 1477, 1376, 1377, 1376, 1477, 1476, 1478, 1377, 1378, 1377, 1478, 1477, 1479, 1378, 1379, 1378, 1479, 1478, 1380, 1479, 1379, 1479, 1380, 1480, 1381, 1480, 1380, 1480, 1381, 1481, 1382, 1481, 1381, 1481, 1382, 1482, 1383, 1482, 1382, 1482, 1383, 1483, 1384, 1483, 1383, 1483, 1384, 1484, 1385, 1484, 1384, 1484, 1385, 1485, 1386, 1485, 1385, 1485, 1386, 1486, 1387, 1486, 1386, 1486, 1387, 1487, 1388, 1487, 1387, 1487, 1388, 1488, 1389, 1488, 1388, 1488, 1389, 1489, 1390, 1489, 1389, 1489, 1390, 1490, 1391, 1490, 1390, 1490, 1391, 1491, 1392, 1491, 1391, 1491, 1392, 1492, 1393, 1492, 1392, 1492, 1393, 1493, 1394, 1493, 1393, 1493, 1394, 1494, 1395, 1494, 1394, 1494, 1395, 1495, 1396, 1495, 1395, 1495, 1396, 1496, 1397, 1496, 1396, 1496, 1397, 1497, 1398, 1497, 1397, 1497, 1398, 1498, 1399, 1498, 1398, 1498, 1399, 1499, 1400, 1499, 1399, 1499, 1400, 1500, 1401, 1500, 1400, 1500, 1401, 1501, 1402, 1501, 1401, 1501, 1402, 1502, 1403, 1502, 1402, 1502, 1403, 1503, 1404, 1503, 1403, 1503, 1404, 1504, 1405, 1504, 1404, 1504, 1405, 1505, 1406, 1505, 1405, 1505, 1406, 1506, 1407, 1506, 1406, 1506, 1407, 1507, 1408, 1507, 1407, 1507, 1408, 1508, 1409, 1508, 1408, 1508, 1409, 1509, 1410, 1509, 1409, 1509, 1410, 1510, 1411, 1510, 1410, 1510, 1411, 1511, 1412, 1511, 1411, 1511, 1412, 1512, 1413, 1512, 1412, 1512, 1413, 1513, 1414, 1513, 1413, 1513, 1414, 1514, 1415, 1514, 1414, 1514, 1415, 1515, 1416, 1515, 1415, 1515, 1416, 1516, 1417, 1516, 1416, 1516, 1417, 1517, 1418, 1517, 1417, 1517, 1418, 1518, 1419, 1518, 1418, 1518, 1419, 1519, 1420, 1519, 1419, 1519, 1420, 1520, 1421, 1520, 1420, 1520, 1421, 1521, 1422, 1521, 1421, 1521, 1422, 1522, 1423, 1522, 1422, 1522, 1423, 1523, 1424, 1523, 1423, 1523, 1424, 1524, 1425, 1524, 1424, 1524, 1425, 1525, 1426, 1525, 1425, 1525, 1426, 1526, 1427, 1526, 1426, 1526, 1427, 1527, 1428, 1527, 1427, 1527, 1428, 1528, 1429, 1528, 1428, 1528, 1429, 1529, 1530, 1429, 1430, 1429, 1530, 1529, 1531, 1430, 1431, 1430, 1531, 1530, 1532, 1431, 1432, 1431, 1532, 1531, 1533, 1432, 1433, 1432, 1533, 1532, 1534, 1433, 1434, 1433, 1534, 1533, 1535, 1434, 1435, 1434, 1535, 1534, 1536, 1435, 1436, 1435, 1536, 1535, 1537, 1436, 1437, 1436, 1537, 1536, 1439, 1437, 1339, 1437, 1439, 1537, 1538, 1439, 1438, 1439, 1538, 1539, 1540, 1438, 1440, 1438, 1540, 1538, 1541, 1440, 1441, 1440, 1541, 1540, 1542, 1441, 1442, 1441, 1542, 1541, 1543, 1442, 1443, 1442, 1543, 1542, 1544, 1443, 1444, 1443, 1544, 1543, 1545, 1444, 1445, 1444, 1545, 1544, 1546, 1445, 1446, 1445, 1546, 1545, 1547, 1446, 1447, 1446, 1547, 1546, 1548, 1447, 1448, 1447, 1548, 1547, 1549, 1448, 1449, 1448, 1549, 1548, 1550, 1449, 1450, 1449, 1550, 1549, 1551, 1450, 1451, 1450, 1551, 1550, 1552, 1451, 1452, 1451, 1552, 1551, 1553, 1452, 1453, 1452, 1553, 1552, 1554, 1453, 1454, 1453, 1554, 1553, 1555, 1454, 1455, 1454, 1555, 1554, 1556, 1455, 1456, 1455, 1556, 1555, 1457, 1556, 1456, 1556, 1457, 1557, 1458, 1557, 1457, 1557, 1458, 1558, 1459, 1558, 1458, 1558, 1459, 1559, 1460, 1559, 1459, 1559, 1460, 1560, 1461, 1560, 1460, 1560, 1461, 1561, 1462, 1561, 1461, 1561, 1462, 1562, 1463, 1562, 1462, 1562, 1463, 1563, 1464, 1563, 1463, 1563, 1464, 1564, 1465, 1564, 1464, 1564, 1465, 1565, 1466, 1565, 1465, 1565, 1466, 1566, 1467, 1566, 1466, 1566, 1467, 1567, 1568, 1467, 1468, 1467, 1568, 1567, 1569, 1468, 1469, 1468, 1569, 1568, 1570, 1469, 1470, 1469, 1570, 1569, 1571, 1470, 1471, 1470, 1571, 1570, 1572, 1471, 1472, 1471, 1572, 1571, 1573, 1472, 1473, 1472, 1573, 1572, 1574, 1473, 1474, 1473, 1574, 1573, 1575, 1474, 1475, 1474, 1575, 1574, 1576, 1475, 1476, 1475, 1576, 1575, 1577, 1476, 1477, 1476, 1577, 1576, 1578, 1477, 1478, 1477, 1578, 1577, 1579, 1478, 1479, 1478, 1579, 1578, 1480, 1579, 1479, 1579, 1480, 1580, 1481, 1580, 1480, 1580, 1481, 1581, 1482, 1581, 1481, 1581, 1482, 1582, 1483, 1582, 1482, 1582, 1483, 1583, 1484, 1583, 1483, 1583, 1484, 1584, 1485, 1584, 1484, 1584, 1485, 1585, 1486, 1585, 1485, 1585, 1486, 1586, 1487, 1586, 1486, 1586, 1487, 1587, 1488, 1587, 1487, 1587, 1488, 1588, 1489, 1588, 1488, 1588, 1489, 1589, 1490, 1589, 1489, 1589, 1490, 1590, 1491, 1590, 1490, 1590, 1491, 1591, 1492, 1591, 1491, 1591, 1492, 1592, 1493, 1592, 1492, 1592, 1493, 1593, 1494, 1593, 1493, 1593, 1494, 1594, 1495, 1594, 1494, 1594, 1495, 1595, 1496, 1595, 1495, 1595, 1496, 1596, 1497, 1596, 1496, 1596, 1497, 1597, 1498, 1597, 1497, 1597, 1498, 1598, 1499, 1598, 1498, 1598, 1499, 1599, 1500, 1599, 1499, 1599, 1500, 1600, 1501, 1600, 1500, 1600, 1501, 1601, 1502, 1601, 1501, 1601, 1502, 1602, 1503, 1602, 1502, 1602, 1503, 1603, 1504, 1603, 1503, 1603, 1504, 1604, 1505, 1604, 1504, 1604, 1505, 1605, 1506, 1605, 1505, 1605, 1506, 1606, 1607, 1506, 1507, 1506, 1607, 1606, 1608, 1507, 1508, 1507, 1608, 1607, 1609, 1508, 1509, 1508, 1609, 1608, 1610, 1509, 1510, 1509, 1610, 1609, 1611, 1510, 1511, 1510, 1611, 1610, 1612, 1511, 1512, 1511, 1612, 1611, 1613, 1512, 1513, 1512, 1613, 1612, 1614, 1513, 1514, 1513, 1614, 1613, 1615, 1514, 1515, 1514, 1615, 1614, 1616, 1515, 1516, 1515, 1616, 1615, 1617, 1516, 1517, 1516, 1617, 1616, 1518, 1617, 1517, 1617, 1518, 1618, 1519, 1618, 1518, 1618, 1519, 1619, 1520, 1619, 1519, 1619, 1520, 1620, 1521, 1620, 1520, 1620, 1521, 1621, 1522, 1621, 1521, 1621, 1522, 1622, 1523, 1622, 1522, 1622, 1523, 1623, 1524, 1623, 1523, 1623, 1524, 1624, 1525, 1624, 1524, 1624, 1525, 1625, 1526, 1625, 1525, 1625, 1526, 1626, 1527, 1626, 1526, 1626, 1527, 1627, 1528, 1627, 1527, 1627, 1528, 1628, 1529, 1628, 1528, 1628, 1529, 1629, 1630, 1529, 1530, 1529, 1630, 1629, 1631, 1530, 1531, 1530, 1631, 1630, 1632, 1531, 1532, 1531, 1632, 1631, 1633, 1532, 1533, 1532, 1633, 1632, 1634, 1533, 1534, 1533, 1634, 1633, 1635, 1534, 1535, 1534, 1635, 1634, 1636, 1535, 1536, 1535, 1636, 1635, 1637, 1536, 1537, 1536, 1637, 1636, 1539, 1537, 1439, 1537, 1539, 1637, 1638, 1539, 1538, 1539, 1638, 1639, 1640, 1538, 1540, 1538, 1640, 1638, 1641, 1540, 1541, 1540, 1641, 1640, 1642, 1541, 1542, 1541, 1642, 1641, 1643, 1542, 1543, 1542, 1643, 1642, 1644, 1543, 1544, 1543, 1644, 1643, 1645, 1544, 1545, 1544, 1645, 1644, 1646, 1545, 1546, 1545, 1646, 1645, 1647, 1546, 1547, 1546, 1647, 1646, 1648, 1547, 1548, 1547, 1648, 1647, 1649, 1548, 1549, 1548, 1649, 1648, 1650, 1549, 1550, 1549, 1650, 1649, 1651, 1550, 1551, 1550, 1651, 1650, 1652, 1551, 1552, 1551, 1652, 1651, 1653, 1552, 1553, 1552, 1653, 1652, 1654, 1553, 1554, 1553, 1654, 1653, 1655, 1554, 1555, 1554, 1655, 1654, 1556, 1655, 1555, 1655, 1556, 1656, 1557, 1656, 1556, 1656, 1557, 1657, 1558, 1657, 1557, 1657, 1558, 1658, 1559, 1658, 1558, 1658, 1559, 1659, 1560, 1659, 1559, 1659, 1560, 1660, 1561, 1660, 1560, 1660, 1561, 1661, 1562, 1661, 1561, 1661, 1562, 1662, 1563, 1662, 1562, 1662, 1563, 1663, 1564, 1663, 1563, 1663, 1564, 1664, 1565, 1664, 1564, 1664, 1565, 1665, 1566, 1665, 1565, 1665, 1566, 1666, 1567, 1666, 1566, 1666, 1567, 1667, 1668, 1567, 1568, 1567, 1668, 1667, 1669, 1568, 1569, 1568, 1669, 1668, 1670, 1569, 1570, 1569, 1670, 1669, 1671, 1570, 1571, 1570, 1671, 1670, 1672, 1571, 1572, 1571, 1672, 1671, 1673, 1572, 1573, 1572, 1673, 1672, 1674, 1573, 1574, 1573, 1674, 1673, 1675, 1574, 1575, 1574, 1675, 1674, 1676, 1575, 1576, 1575, 1676, 1675, 1677, 1576, 1577, 1576, 1677, 1676, 1678, 1577, 1578, 1577, 1678, 1677, 1679, 1578, 1579, 1578, 1679, 1678, 1580, 1679, 1579, 1679, 1580, 1680, 1581, 1680, 1580, 1680, 1581, 1681, 1582, 1681, 1581, 1681, 1582, 1682, 1583, 1682, 1582, 1682, 1583, 1683, 1584, 1683, 1583, 1683, 1584, 1684, 1585, 1684, 1584, 1684, 1585, 1685, 1586, 1685, 1585, 1685, 1586, 1686, 1587, 1686, 1586, 1686, 1587, 1687, 1588, 1687, 1587, 1687, 1588, 1688, 1589, 1688, 1588, 1688, 1589, 1689, 1590, 1689, 1589, 1689, 1590, 1690, 1591, 1690, 1590, 1690, 1591, 1691, 1592, 1691, 1591, 1691, 1592, 1692, 1593, 1692, 1592, 1692, 1593, 1693, 1594, 1693, 1593, 1693, 1594, 1694, 1595, 1694, 1594, 1694, 1595, 1695, 1596, 1695, 1595, 1695, 1596, 1696, 1597, 1696, 1596, 1696, 1597, 1697, 1598, 1697, 1597, 1697, 1598, 1698, 1599, 1698, 1598, 1698, 1599, 1699, 1600, 1699, 1599, 1699, 1600, 1700, 1601, 1700, 1600, 1700, 1601, 1701, 1602, 1701, 1601, 1701, 1602, 1702, 1603, 1702, 1602, 1702, 1603, 1703, 1604, 1703, 1603, 1703, 1604, 1704, 1605, 1704, 1604, 1704, 1605, 1705, 1706, 1605, 1606, 1605, 1706, 1705, 1707, 1606, 1607, 1606, 1707, 1706, 1708, 1607, 1608, 1607, 1708, 1707, 1709, 1608, 1609, 1608, 1709, 1708, 1710, 1609, 1610, 1609, 1710, 1709, 1711, 1610, 1611, 1610, 1711, 1710, 1712, 1611, 1612, 1611, 1712, 1711, 1713, 1612, 1613, 1612, 1713, 1712, 1714, 1613, 1614, 1613, 1714, 1713, 1715, 1614, 1615, 1614, 1715, 1714, 1716, 1615, 1616, 1615, 1716, 1715, 1717, 1616, 1617, 1616, 1717, 1716, 1618, 1717, 1617, 1717, 1618, 1718, 1619, 1718, 1618, 1718, 1619, 1719, 1620, 1719, 1619, 1719, 1620, 1720, 1621, 1720, 1620, 1720, 1621, 1721, 1622, 1721, 1621, 1721, 1622, 1722, 1623, 1722, 1622, 1722, 1623, 1723, 1624, 1723, 1623, 1723, 1624, 1724, 1625, 1724, 1624, 1724, 1625, 1725, 1626, 1725, 1625, 1725, 1626, 1726, 1627, 1726, 1626, 1726, 1627, 1727, 1628, 1727, 1627, 1727, 1628, 1728, 1629, 1728, 1628, 1728, 1629, 1729, 1730, 1629, 1630, 1629, 1730, 1729, 1731, 1630, 1631, 1630, 1731, 1730, 1732, 1631, 1632, 1631, 1732, 1731, 1733, 1632, 1633, 1632, 1733, 1732, 1734, 1633, 1634, 1633, 1734, 1733, 1735, 1634, 1635, 1634, 1735, 1734, 1736, 1635, 1636, 1635, 1736, 1735, 1737, 1636, 1637, 1636, 1737, 1736, 1639, 1637, 1539, 1637, 1639, 1737, 1739, 1638, 1738, 1638, 1739, 1639, 1738, 1640, 1740, 1640, 1738, 1638, 1740, 1641, 1741, 1641, 1740, 1640, 1741, 1642, 1742, 1642, 1741, 1641, 1742, 1643, 1743, 1643, 1742, 1642, 1743, 1644, 1744, 1644, 1743, 1643, 1744, 1645, 1745, 1645, 1744, 1644, 1745, 1646, 1746, 1646, 1745, 1645, 1746, 1647, 1747, 1647, 1746, 1646, 1747, 1648, 1748, 1648, 1747, 1647, 1748, 1649, 1749, 1649, 1748, 1648, 1749, 1650, 1750, 1650, 1749, 1649, 1750, 1651, 1751, 1651, 1750, 1650, 1751, 1652, 1752, 1652, 1751, 1651, 1752, 1653, 1753, 1653, 1752, 1652, 1753, 1654, 1754, 1654, 1753, 1653, 1754, 1655, 1755, 1655, 1754, 1654, 1656, 1755, 1655, 1755, 1656, 1756, 1657, 1756, 1656, 1756, 1657, 1757, 1658, 1757, 1657, 1757, 1658, 1758, 1659, 1758, 1658, 1758, 1659, 1759, 1660, 1759, 1659, 1759, 1660, 1760, 1661, 1760, 1660, 1760, 1661, 1761, 1662, 1761, 1661, 1761, 1662, 1762, 1663, 1762, 1662, 1762, 1663, 1763, 1664, 1763, 1663, 1763, 1664, 1764, 1665, 1764, 1664, 1764, 1665, 1765, 1666, 1765, 1665, 1765, 1666, 1766, 1667, 1766, 1666, 1766, 1667, 1767, 1768, 1667, 1668, 1667, 1768, 1767, 1769, 1668, 1669, 1668, 1769, 1768, 1770, 1669, 1670, 1669, 1770, 1769, 1771, 1670, 1671, 1670, 1771, 1770, 1772, 1671, 1672, 1671, 1772, 1771, 1773, 1672, 1673, 1672, 1773, 1772, 1774, 1673, 1674, 1673, 1774, 1773, 1775, 1674, 1675, 1674, 1775, 1774, 1776, 1675, 1676, 1675, 1776, 1775, 1777, 1676, 1677, 1676, 1777, 1776, 1778, 1677, 1678, 1677, 1778, 1777, 1779, 1678, 1679, 1678, 1779, 1778, 1780, 1679, 1680, 1679, 1780, 1779, 1681, 1780, 1680, 1780, 1681, 1781, 1682, 1781, 1681, 1781, 1682, 1782, 1683, 1782, 1682, 1782, 1683, 1783, 1684, 1783, 1683, 1783, 1684, 1784, 1685, 1784, 1684, 1784, 1685, 1785, 1686, 1785, 1685, 1785, 1686, 1786, 1687, 1786, 1686, 1786, 1687, 1787, 1688, 1787, 1687, 1787, 1688, 1788, 1689, 1788, 1688, 1788, 1689, 1789, 1690, 1789, 1689, 1789, 1690, 1790, 1691, 1790, 1690, 1790, 1691, 1791, 1692, 1791, 1691, 1791, 1692, 1792, 1693, 1792, 1692, 1792, 1693, 1793, 1694, 1793, 1693, 1793, 1694, 1794, 1695, 1794, 1694, 1794, 1695, 1795, 1696, 1795, 1695, 1795, 1696, 1796, 1697, 1796, 1696, 1796, 1697, 1797, 1698, 1797, 1697, 1797, 1698, 1798, 1699, 1798, 1698, 1798, 1699, 1799, 1700, 1799, 1699, 1799, 1700, 1800, 1701, 1800, 1700, 1800, 1701, 1801, 1702, 1801, 1701, 1801, 1702, 1802, 1703, 1802, 1702, 1802, 1703, 1803, 1704, 1803, 1703, 1803, 1704, 1804, 1705, 1804, 1704, 1804, 1705, 1805, 1806, 1705, 1706, 1705, 1806, 1805, 1807, 1706, 1707, 1706, 1807, 1806, 1808, 1707, 1708, 1707, 1808, 1807, 1809, 1708, 1709, 1708, 1809, 1808, 1810, 1709, 1710, 1709, 1810, 1809, 1811, 1710, 1711, 1710, 1811, 1810, 1812, 1711, 1712, 1711, 1812, 1811, 1813, 1712, 1713, 1712, 1813, 1812, 1814, 1713, 1714, 1713, 1814, 1813, 1815, 1714, 1715, 1714, 1815, 1814, 1816, 1715, 1716, 1715, 1816, 1815, 1817, 1716, 1717, 1716, 1817, 1816, 1718, 1817, 1717, 1817, 1718, 1818, 1719, 1818, 1718, 1818, 1719, 1819, 1720, 1819, 1719, 1819, 1720, 1820, 1721, 1820, 1720, 1820, 1721, 1821, 1722, 1821, 1721, 1821, 1722, 1822, 1723, 1822, 1722, 1822, 1723, 1823, 1724, 1823, 1723, 1823, 1724, 1824, 1725, 1824, 1724, 1824, 1725, 1825, 1726, 1825, 1725, 1825, 1726, 1826, 1727, 1826, 1726, 1826, 1727, 1827, 1728, 1827, 1727, 1827, 1728, 1828, 1729, 1828, 1728, 1828, 1729, 1829, 1730, 1829, 1729, 1829, 1730, 1830, 1830, 1731, 1831, 1731, 1830, 1730, 1831, 1732, 1832, 1732, 1831, 1731, 1832, 1733, 1833, 1733, 1832, 1732, 1833, 1734, 1834, 1734, 1833, 1733, 1834, 1735, 1835, 1735, 1834, 1734, 1835, 1736, 1836, 1736, 1835, 1735, 1836, 1737, 1837, 1737, 1836, 1736, 1837, 1639, 1739, 1639, 1837, 1737, 1839, 1738, 1838, 1738, 1839, 1739, 1838, 1740, 1840, 1740, 1838, 1738, 1840, 1741, 1841, 1741, 1840, 1740, 1841, 1742, 1842, 1742, 1841, 1741, 1842, 1743, 1843, 1743, 1842, 1742, 1843, 1744, 1844, 1744, 1843, 1743, 1844, 1745, 1845, 1745, 1844, 1744, 1845, 1746, 1846, 1746, 1845, 1745, 1846, 1747, 1847, 1747, 1846, 1746, 1847, 1748, 1848, 1748, 1847, 1747, 1848, 1749, 1849, 1749, 1848, 1748, 1849, 1750, 1850, 1750, 1849, 1749, 1850, 1751, 1851, 1751, 1850, 1750, 1851, 1752, 1852, 1752, 1851, 1751, 1852, 1753, 1853, 1753, 1852, 1752, 1853, 1754, 1854, 1754, 1853, 1753, 1854, 1755, 1855, 1755, 1854, 1754, 1856, 1755, 1756, 1755, 1856, 1855, 1857, 1756, 1757, 1756, 1857, 1856, 1858, 1757, 1758, 1757, 1858, 1857, 1859, 1758, 1759, 1758, 1859, 1858, 1860, 1759, 1760, 1759, 1860, 1859, 1861, 1760, 1761, 1760, 1861, 1860, 1862, 1761, 1762, 1761, 1862, 1861, 1863, 1762, 1763, 1762, 1863, 1862, 1864, 1763, 1764, 1763, 1864, 1863, 1865, 1764, 1765, 1764, 1865, 1864, 1866, 1765, 1766, 1765, 1866, 1865, 1867, 1766, 1767, 1766, 1867, 1866, 1768, 1867, 1767, 1867, 1768, 1868, 1769, 1868, 1768, 1868, 1769, 1869, 1770, 1869, 1769, 1869, 1770, 1870, 1771, 1870, 1770, 1870, 1771, 1871, 1772, 1871, 1771, 1871, 1772, 1872, 1773, 1872, 1772, 1872, 1773, 1873, 1774, 1873, 1773, 1873, 1774, 1874, 1775, 1874, 1774, 1874, 1775, 1875, 1776, 1875, 1775, 1875, 1776, 1876, 1777, 1876, 1776, 1876, 1777, 1877, 1778, 1877, 1777, 1877, 1778, 1878, 1779, 1878, 1778, 1878, 1779, 1879, 1779, 1880, 1879, 1880, 1779, 1780, 1780, 1881, 1880, 1881, 1780, 1781, 1781, 1882, 1881, 1882, 1781, 1782, 1782, 1883, 1882, 1883, 1782, 1783, 1783, 1884, 1883, 1884, 1783, 1784, 1784, 1885, 1884, 1885, 1784, 1785, 1785, 1886, 1885, 1886, 1785, 1786, 1786, 1887, 1886, 1887, 1786, 1787, 1787, 1888, 1887, 1888, 1787, 1788, 1788, 1889, 1888, 1889, 1788, 1789, 1789, 1890, 1889, 1890, 1789, 1790, 1790, 1891, 1890, 1891, 1790, 1791, 1791, 1892, 1891, 1892, 1791, 1792, 1792, 1893, 1892, 1893, 1792, 1793, 1793, 1894, 1893, 1894, 1793, 1794, 1794, 1895, 1894, 1895, 1794, 1795, 1795, 1896, 1895, 1896, 1795, 1796, 1796, 1897, 1896, 1897, 1796, 1797, 1797, 1898, 1897, 1898, 1797, 1798, 1798, 1899, 1898, 1899, 1798, 1799, 1799, 1900, 1899, 1900, 1799, 1800, 1800, 1901, 1900, 1901, 1800, 1801, 1801, 1902, 1901, 1902, 1801, 1802, 1802, 1903, 1902, 1903, 1802, 1803, 1803, 1904, 1903, 1904, 1803, 1804, 1804, 1905, 1904, 1905, 1804, 1805, 1806, 1905, 1805, 1905, 1806, 1906, 1807, 1906, 1806, 1906, 1807, 1907, 1808, 1907, 1807, 1907, 1808, 1908, 1809, 1908, 1808, 1908, 1809, 1909, 1810, 1909, 1809, 1909, 1810, 1910, 1811, 1910, 1810, 1910, 1811, 1911, 1812, 1911, 1811, 1911, 1812, 1912, 1813, 1912, 1812, 1912, 1813, 1913, 1814, 1913, 1813, 1913, 1814, 1914, 1815, 1914, 1814, 1914, 1815, 1915, 1816, 1915, 1815, 1915, 1816, 1916, 1817, 1916, 1816, 1916, 1817, 1917, 1918, 1817, 1818, 1817, 1918, 1917, 1919, 1818, 1819, 1818, 1919, 1918, 1920, 1819, 1820, 1819, 1920, 1919, 1921, 1820, 1821, 1820, 1921, 1920, 1922, 1821, 1822, 1821, 1922, 1921, 1923, 1822, 1823, 1822, 1923, 1922, 1924, 1823, 1824, 1823, 1924, 1923, 1925, 1824, 1825, 1824, 1925, 1924, 1926, 1825, 1826, 1825, 1926, 1925, 1927, 1826, 1827, 1826, 1927, 1926, 1928, 1827, 1828, 1827, 1928, 1927, 1929, 1828, 1829, 1828, 1929, 1928, 1929, 1830, 1930, 1830, 1929, 1829, 1930, 1831, 1931, 1831, 1930, 1830, 1931, 1832, 1932, 1832, 1931, 1831, 1932, 1833, 1933, 1833, 1932, 1832, 1933, 1834, 1934, 1834, 1933, 1833, 1934, 1835, 1935, 1835, 1934, 1834, 1935, 1836, 1936, 1836, 1935, 1835, 1936, 1837, 1937, 1837, 1936, 1836, 1937, 1739, 1839, 1739, 1937, 1837, 1939, 1838, 1938, 1838, 1939, 1839, 1938, 1840, 1940, 1840, 1938, 1838, 1940, 1841, 1941, 1841, 1940, 1840, 1941, 1842, 1942, 1842, 1941, 1841, 1942, 1843, 1943, 1843, 1942, 1842, 1943, 1844, 1944, 1844, 1943, 1843, 1944, 1845, 1945, 1845, 1944, 1844, 1945, 1846, 1946, 1846, 1945, 1845, 1946, 1847, 1947, 1847, 1946, 1846, 1947, 1848, 1948, 1848, 1947, 1847, 1948, 1849, 1949, 1849, 1948, 1848, 1949, 1850, 1950, 1850, 1949, 1849, 1950, 1851, 1951, 1851, 1950, 1850, 1951, 1852, 1952, 1852, 1951, 1851, 1952, 1853, 1953, 1853, 1952, 1852, 1953, 1854, 1954, 1854, 1953, 1853, 1954, 1855, 1955, 1855, 1954, 1854, 1955, 1856, 1956, 1856, 1955, 1855, 1957, 1856, 1857, 1856, 1957, 1956, 1958, 1857, 1858, 1857, 1958, 1957, 1959, 1858, 1859, 1858, 1959, 1958, 1960, 1859, 1860, 1859, 1960, 1959, 1961, 1860, 1861, 1860, 1961, 1960, 1962, 1861, 1862, 1861, 1962, 1961, 1963, 1862, 1863, 1862, 1963, 1962, 1964, 1863, 1864, 1863, 1964, 1963, 1965, 1864, 1865, 1864, 1965, 1964, 1966, 1865, 1866, 1865, 1966, 1965, 1967, 1866, 1867, 1866, 1967, 1966, 1868, 1967, 1867, 1967, 1868, 1968, 1869, 1968, 1868, 1968, 1869, 1969, 1870, 1969, 1869, 1969, 1870, 1970, 1871, 1970, 1870, 1970, 1871, 1971, 1872, 1971, 1871, 1971, 1872, 1972, 1873, 1972, 1872, 1972, 1873, 1973, 1874, 1973, 1873, 1973, 1874, 1974, 1875, 1974, 1874, 1974, 1875, 1975, 1876, 1975, 1875, 1975, 1876, 1976, 1877, 1976, 1876, 1976, 1877, 1977, 1878, 1977, 1877, 1977, 1878, 1978, 1878, 1979, 1978, 1979, 1878, 1879, 1879, 1980, 1979, 1980, 1879, 1880, 1880, 1981, 1980, 1981, 1880, 1881, 1881, 1982, 1981, 1982, 1881, 1882, 1882, 1983, 1982, 1983, 1882, 1883, 1883, 1984, 1983, 1984, 1883, 1884, 1884, 1985, 1984, 1985, 1884, 1885, 1885, 1986, 1985, 1986, 1885, 1886, 1886, 1987, 1986, 1987, 1886, 1887, 1887, 1988, 1987, 1988, 1887, 1888, 1888, 1989, 1988, 1989, 1888, 1889, 1889, 1990, 1989, 1990, 1889, 1890, 1890, 1991, 1990, 1991, 1890, 1891, 1891, 1992, 1991, 1992, 1891, 1892, 1892, 1993, 1992, 1993, 1892, 1893, 1893, 1994, 1993, 1994, 1893, 1894, 1894, 1995, 1994, 1995, 1894, 1895, 1895, 1996, 1995, 1996, 1895, 1896, 1896, 1997, 1996, 1997, 1896, 1897, 1897, 1998, 1997, 1998, 1897, 1898, 1898, 1999, 1998, 1999, 1898, 1899, 1899, 2000, 1999, 2000, 1899, 1900, 1900, 2001, 2000, 2001, 1900, 1901, 1901, 2002, 2001, 2002, 1901, 1902, 1902, 2003, 2002, 2003, 1902, 1903, 1903, 2004, 2003, 2004, 1903, 1904, 1904, 2005, 2004, 2005, 1904, 1905, 1905, 2006, 2005, 2006, 1905, 1906, 1907, 2006, 1906, 2006, 1907, 2007, 1908, 2007, 1907, 2007, 1908, 2008, 1909, 2008, 1908, 2008, 1909, 2009, 1910, 2009, 1909, 2009, 1910, 2010, 1911, 2010, 1910, 2010, 1911, 2011, 1912, 2011, 1911, 2011, 1912, 2012, 1913, 2012, 1912, 2012, 1913, 2013, 1914, 2013, 1913, 2013, 1914, 2014, 1915, 2014, 1914, 2014, 1915, 2015, 1916, 2015, 1915, 2015, 1916, 2016, 1917, 2016, 1916, 2016, 1917, 2017, 2018, 1917, 1918, 1917, 2018, 2017, 2019, 1918, 1919, 1918, 2019, 2018, 2020, 1919, 1920, 1919, 2020, 2019, 2021, 1920, 1921, 1920, 2021, 2020, 2022, 1921, 1922, 1921, 2022, 2021, 2023, 1922, 1923, 1922, 2023, 2022, 2024, 1923, 1924, 1923, 2024, 2023, 2025, 1924, 1925, 1924, 2025, 2024, 2026, 1925, 1926, 1925, 2026, 2025, 2027, 1926, 1927, 1926, 2027, 2026, 2028, 1927, 1928, 1927, 2028, 2027, 2028, 1929, 2029, 1929, 2028, 1928, 2029, 1930, 2030, 1930, 2029, 1929, 2030, 1931, 2031, 1931, 2030, 1930, 2031, 1932, 2032, 1932, 2031, 1931, 2032, 1933, 2033, 1933, 2032, 1932, 2033, 1934, 2034, 1934, 2033, 1933, 2034, 1935, 2035, 1935, 2034, 1934, 2035, 1936, 2036, 1936, 2035, 1935, 2036, 1937, 2037, 1937, 2036, 1936, 2037, 1839, 1939, 1839, 2037, 1937, 2039, 1938, 2038, 1938, 2039, 1939, 2038, 1940, 2040, 1940, 2038, 1938, 2040, 1941, 2041, 1941, 2040, 1940, 2041, 1942, 2042, 1942, 2041, 1941, 2042, 1943, 2043, 1943, 2042, 1942, 2043, 1944, 2044, 1944, 2043, 1943, 2044, 1945, 2045, 1945, 2044, 1944, 2045, 1946, 2046, 1946, 2045, 1945, 2046, 1947, 2047, 1947, 2046, 1946, 2047, 1948, 2048, 1948, 2047, 1947, 2048, 1949, 2049, 1949, 2048, 1948, 2049, 1950, 2050, 1950, 2049, 1949, 2050, 1951, 2051, 1951, 2050, 1950, 2051, 1952, 2052, 1952, 2051, 1951, 2052, 1953, 2053, 1953, 2052, 1952, 2053, 1954, 2054, 1954, 2053, 1953, 2054, 1955, 2055, 1955, 2054, 1954, 2055, 1956, 2056, 1956, 2055, 1955, 2056, 1957, 2057, 1957, 2056, 1956, 2057, 1958, 2058, 1958, 2057, 1957, 2058, 1959, 2059, 1959, 2058, 1958, 2059, 1960, 2060, 1960, 2059, 1959, 2060, 1961, 2061, 1961, 2060, 1960, 2061, 1962, 2062, 1962, 2061, 1961, 2062, 1963, 2063, 1963, 2062, 1962, 2063, 1964, 2064, 1964, 2063, 1963, 2064, 1965, 2065, 1965, 2064, 1964, 2065, 1966, 2066, 1966, 2065, 1965, 2066, 1967, 2067, 1967, 2066, 1966, 2067, 1968, 2068, 1968, 2067, 1967, 2068, 1969, 2069, 1969, 2068, 1968, 2069, 1970, 2070, 1970, 2069, 1969, 2070, 1971, 2071, 1971, 2070, 1970, 2071, 1972, 2072, 1972, 2071, 1971, 2072, 1973, 2073, 1973, 2072, 1972, 2073, 1974, 2074, 1974, 2073, 1973, 2074, 1975, 2075, 1975, 2074, 1974, 2075, 1976, 2076, 1976, 2075, 1975, 2076, 1977, 2077, 1977, 2076, 1976, 2077, 1978, 2078, 1978, 2077, 1977, 1978, 2079, 2078, 2079, 1978, 1979, 1979, 2080, 2079, 2080, 1979, 1980, 1980, 2081, 2080, 2081, 1980, 1981, 1981, 2082, 2081, 2082, 1981, 1982, 1982, 2083, 2082, 2083, 1982, 1983, 1983, 2084, 2083, 2084, 1983, 1984, 1984, 2085, 2084, 2085, 1984, 1985, 1985, 2086, 2085, 2086, 1985, 1986, 1986, 2087, 2086, 2087, 1986, 1987, 1987, 2088, 2087, 2088, 1987, 1988, 1988, 2089, 2088, 2089, 1988, 1989, 1989, 2090, 2089, 2090, 1989, 1990, 1990, 2091, 2090, 2091, 1990, 1991, 1991, 2092, 2091, 2092, 1991, 1992, 1992, 2093, 2092, 2093, 1992, 1993, 1993, 2094, 2093, 2094, 1993, 1994, 1994, 2095, 2094, 2095, 1994, 1995, 1995, 2096, 2095, 2096, 1995, 1996, 1996, 2097, 2096, 2097, 1996, 1997, 1997, 2098, 2097, 2098, 1997, 1998, 1998, 2099, 2098, 2099, 1998, 1999, 1999, 2100, 2099, 2100, 1999, 2000, 2000, 2101, 2100, 2101, 2000, 2001, 2001, 2102, 2101, 2102, 2001, 2002, 2002, 2103, 2102, 2103, 2002, 2003, 2003, 2104, 2103, 2104, 2003, 2004, 2004, 2105, 2104, 2105, 2004, 2005, 2005, 2106, 2105, 2106, 2005, 2006, 2006, 2107, 2106, 2107, 2006, 2007, 2007, 2108, 2107, 2108, 2007, 2008, 2008, 2109, 2108, 2109, 2008, 2009, 2009, 2110, 2109, 2110, 2009, 2010, 2010, 2111, 2110, 2111, 2010, 2011, 2011, 2112, 2111, 2112, 2011, 2012, 2012, 2113, 2112, 2113, 2012, 2013, 2013, 2114, 2113, 2114, 2013, 2014, 2014, 2115, 2114, 2115, 2014, 2015, 2015, 2116, 2115, 2116, 2015, 2016, 2016, 2117, 2116, 2117, 2016, 2017, 2017, 2118, 2117, 2118, 2017, 2018, 2018, 2119, 2118, 2119, 2018, 2019, 2019, 2120, 2119, 2120, 2019, 2020, 2020, 2121, 2120, 2121, 2020, 2021, 2021, 2122, 2121, 2122, 2021, 2022, 2022, 2123, 2122, 2123, 2022, 2023, 2023, 2124, 2123, 2124, 2023, 2024, 2024, 2125, 2124, 2125, 2024, 2025, 2025, 2126, 2125, 2126, 2025, 2026, 2026, 2127, 2126, 2127, 2026, 2027, 2027, 2128, 2127, 2128, 2027, 2028, 2128, 2029, 2129, 2029, 2128, 2028, 2129, 2030, 2130, 2030, 2129, 2029, 2130, 2031, 2131, 2031, 2130, 2030, 2131, 2032, 2132, 2032, 2131, 2031, 2132, 2033, 2133, 2033, 2132, 2032, 2133, 2034, 2134, 2034, 2133, 2033, 2134, 2035, 2135, 2035, 2134, 2034, 2135, 2036, 2136, 2036, 2135, 2035, 2136, 2037, 2137, 2037, 2136, 2036, 2137, 1939, 2039, 1939, 2137, 2037, 2139, 2038, 2138, 2038, 2139, 2039, 2138, 2040, 2140, 2040, 2138, 2038, 2140, 2041, 2141, 2041, 2140, 2040, 2141, 2042, 2142, 2042, 2141, 2041, 2142, 2043, 2143, 2043, 2142, 2042, 2143, 2044, 2144, 2044, 2143, 2043, 2144, 2045, 2145, 2045, 2144, 2044, 2145, 2046, 2146, 2046, 2145, 2045, 2146, 2047, 2147, 2047, 2146, 2046, 2147, 2048, 2148, 2048, 2147, 2047, 2148, 2049, 2149, 2049, 2148, 2048, 2149, 2050, 2150, 2050, 2149, 2049, 2150, 2051, 2151, 2051, 2150, 2050, 2151, 2052, 2152, 2052, 2151, 2051, 2152, 2053, 2153, 2053, 2152, 2052, 2153, 2054, 2154, 2054, 2153, 2053, 2154, 2055, 2155, 2055, 2154, 2054, 2155, 2056, 2156, 2056, 2155, 2055, 2156, 2057, 2157, 2057, 2156, 2056, 2157, 2058, 2158, 2058, 2157, 2057, 2158, 2059, 2159, 2059, 2158, 2058, 2159, 2060, 2160, 2060, 2159, 2059, 2160, 2061, 2161, 2061, 2160, 2060, 2161, 2062, 2162, 2062, 2161, 2061, 2162, 2063, 2163, 2063, 2162, 2062, 2163, 2064, 2164, 2064, 2163, 2063, 2164, 2065, 2165, 2065, 2164, 2064, 2165, 2066, 2166, 2066, 2165, 2065, 2166, 2067, 2167, 2067, 2166, 2066, 2167, 2068, 2168, 2068, 2167, 2067, 2168, 2069, 2169, 2069, 2168, 2068, 2169, 2070, 2170, 2070, 2169, 2069, 2170, 2071, 2171, 2071, 2170, 2070, 2171, 2072, 2172, 2072, 2171, 2071, 2172, 2073, 2173, 2073, 2172, 2072, 2173, 2074, 2174, 2074, 2173, 2073, 2174, 2075, 2175, 2075, 2174, 2074, 2175, 2076, 2176, 2076, 2175, 2075, 2176, 2077, 2177, 2077, 2176, 2076, 2177, 2078, 2178, 2078, 2177, 2077, 2178, 2079, 2179, 2079, 2178, 2078, 2079, 2180, 2179, 2180, 2079, 2080, 2080, 2181, 2180, 2181, 2080, 2081, 2081, 2182, 2181, 2182, 2081, 2082, 2082, 2183, 2182, 2183, 2082, 2083, 2083, 2184, 2183, 2184, 2083, 2084, 2084, 2185, 2184, 2185, 2084, 2085, 2085, 2186, 2185, 2186, 2085, 2086, 2086, 2187, 2186, 2187, 2086, 2087, 2087, 2188, 2187, 2188, 2087, 2088, 2088, 2189, 2188, 2189, 2088, 2089, 2089, 2190, 2189, 2190, 2089, 2090, 2090, 2191, 2190, 2191, 2090, 2091, 2091, 2192, 2191, 2192, 2091, 2092, 2092, 2193, 2192, 2193, 2092, 2093, 2093, 2194, 2193, 2194, 2093, 2094, 2094, 2195, 2194, 2195, 2094, 2095, 2095, 2196, 2195, 2196, 2095, 2096, 2096, 2197, 2196, 2197, 2096, 2097, 2097, 2198, 2197, 2198, 2097, 2098, 2098, 2199, 2198, 2199, 2098, 2099, 2099, 2200, 2199, 2200, 2099, 2100, 2100, 2201, 2200, 2201, 2100, 2101, 2101, 2202, 2201, 2202, 2101, 2102, 2102, 2203, 2202, 2203, 2102, 2103, 2103, 2204, 2203, 2204, 2103, 2104, 2104, 2205, 2204, 2205, 2104, 2105, 2106, 2205, 2105, 2205, 2106, 2206, 2107, 2206, 2106, 2206, 2107, 2207, 2108, 2207, 2107, 2207, 2108, 2208, 2109, 2208, 2108, 2208, 2109, 2209, 2110, 2209, 2109, 2209, 2110, 2210, 2111, 2210, 2110, 2210, 2111, 2211, 2112, 2211, 2111, 2211, 2112, 2212, 2113, 2212, 2112, 2212, 2113, 2213, 2114, 2213, 2113, 2213, 2114, 2214, 2115, 2214, 2114, 2214, 2115, 2215, 2116, 2215, 2115, 2215, 2116, 2216, 2117, 2216, 2116, 2216, 2117, 2217, 2118, 2217, 2117, 2217, 2118, 2218, 2119, 2218, 2118, 2218, 2119, 2219, 2120, 2219, 2119, 2219, 2120, 2220, 2121, 2220, 2120, 2220, 2121, 2221, 2122, 2221, 2121, 2221, 2122, 2222, 2123, 2222, 2122, 2222, 2123, 2223, 2124, 2223, 2123, 2223, 2124, 2224, 2125, 2224, 2124, 2224, 2125, 2225, 2126, 2225, 2125, 2225, 2126, 2226, 2127, 2226, 2126, 2226, 2127, 2227, 2128, 2227, 2127, 2227, 2128, 2228, 2129, 2228, 2128, 2228, 2129, 2229, 2229, 2130, 2230, 2130, 2229, 2129, 2230, 2131, 2231, 2131, 2230, 2130, 2231, 2132, 2232, 2132, 2231, 2131, 2232, 2133, 2233, 2133, 2232, 2132, 2233, 2134, 2234, 2134, 2233, 2133, 2234, 2135, 2235, 2135, 2234, 2134, 2235, 2136, 2236, 2136, 2235, 2135, 2236, 2137, 2237, 2137, 2236, 2136, 2237, 2039, 2139, 2039, 2237, 2137, 2239, 2138, 2238, 2138, 2239, 2139, 2238, 2140, 2240, 2140, 2238, 2138, 2240, 2141, 2241, 2141, 2240, 2140, 2241, 2142, 2242, 2142, 2241, 2141, 2242, 2143, 2243, 2143, 2242, 2142, 2243, 2144, 2244, 2144, 2243, 2143, 2244, 2145, 2245, 2145, 2244, 2144, 2245, 2146, 2246, 2146, 2245, 2145, 2246, 2147, 2247, 2147, 2246, 2146, 2247, 2148, 2248, 2148, 2247, 2147, 2248, 2149, 2249, 2149, 2248, 2148, 2249, 2150, 2250, 2150, 2249, 2149, 2250, 2151, 2251, 2151, 2250, 2150, 2251, 2152, 2252, 2152, 2251, 2151, 2252, 2153, 2253, 2153, 2252, 2152, 2253, 2154, 2254, 2154, 2253, 2153, 2254, 2155, 2255, 2155, 2254, 2154, 2255, 2156, 2256, 2156, 2255, 2155, 2256, 2157, 2257, 2157, 2256, 2156, 2257, 2158, 2258, 2158, 2257, 2157, 2258, 2159, 2259, 2159, 2258, 2158, 2259, 2160, 2260, 2160, 2259, 2159, 2260, 2161, 2261, 2161, 2260, 2160, 2261, 2162, 2262, 2162, 2261, 2161, 2262, 2163, 2263, 2163, 2262, 2162, 2263, 2164, 2264, 2164, 2263, 2163, 2264, 2165, 2265, 2165, 2264, 2164, 2265, 2166, 2266, 2166, 2265, 2165, 2266, 2167, 2267, 2167, 2266, 2166, 2267, 2168, 2268, 2168, 2267, 2167, 2268, 2169, 2269, 2169, 2268, 2168, 2269, 2170, 2270, 2170, 2269, 2169, 2270, 2171, 2271, 2171, 2270, 2170, 2271, 2172, 2272, 2172, 2271, 2171, 2272, 2173, 2273, 2173, 2272, 2172, 2273, 2174, 2274, 2174, 2273, 2173, 2274, 2175, 2275, 2175, 2274, 2174, 2275, 2176, 2276, 2176, 2275, 2175, 2276, 2177, 2277, 2177, 2276, 2176, 2277, 2178, 2278, 2178, 2277, 2177, 2278, 2179, 2279, 2179, 2278, 2178, 2279, 2180, 2280, 2180, 2279, 2179, 2180, 2281, 2280, 2281, 2180, 2181, 2181, 2282, 2281, 2282, 2181, 2182, 2182, 2283, 2282, 2283, 2182, 2183, 2183, 2284, 2283, 2284, 2183, 2184, 2184, 2285, 2284, 2285, 2184, 2185, 2185, 2286, 2285, 2286, 2185, 2186, 2186, 2287, 2286, 2287, 2186, 2187, 2187, 2288, 2287, 2288, 2187, 2188, 2188, 2289, 2288, 2289, 2188, 2189, 2189, 2290, 2289, 2290, 2189, 2190, 2190, 2291, 2290, 2291, 2190, 2191, 2191, 2292, 2291, 2292, 2191, 2192, 2192, 2293, 2292, 2293, 2192, 2193, 2193, 2294, 2293, 2294, 2193, 2194, 2194, 2295, 2294, 2295, 2194, 2195, 2195, 2296, 2295, 2296, 2195, 2196, 2196, 2297, 2296, 2297, 2196, 2197, 2197, 2298, 2297, 2298, 2197, 2198, 2198, 2299, 2298, 2299, 2198, 2199, 2199, 2300, 2299, 2300, 2199, 2200, 2200, 2301, 2300, 2301, 2200, 2201, 2201, 2302, 2301, 2302, 2201, 2202, 2202, 2303, 2302, 2303, 2202, 2203, 2203, 2304, 2303, 2304, 2203, 2204, 2204, 2305, 2304, 2305, 2204, 2205, 2206, 2305, 2205, 2305, 2206, 2306, 2207, 2306, 2206, 2306, 2207, 2307, 2208, 2307, 2207, 2307, 2208, 2308, 2209, 2308, 2208, 2308, 2209, 2309, 2210, 2309, 2209, 2309, 2210, 2310, 2211, 2310, 2210, 2310, 2211, 2311, 2212, 2311, 2211, 2311, 2212, 2312, 2213, 2312, 2212, 2312, 2213, 2313, 2214, 2313, 2213, 2313, 2214, 2314, 2215, 2314, 2214, 2314, 2215, 2315, 2216, 2315, 2215, 2315, 2216, 2316, 2217, 2316, 2216, 2316, 2217, 2317, 2218, 2317, 2217, 2317, 2218, 2318, 2219, 2318, 2218, 2318, 2219, 2319, 2220, 2319, 2219, 2319, 2220, 2320, 2221, 2320, 2220, 2320, 2221, 2321, 2222, 2321, 2221, 2321, 2222, 2322, 2223, 2322, 2222, 2322, 2223, 2323, 2224, 2323, 2223, 2323, 2224, 2324, 2225, 2324, 2224, 2324, 2225, 2325, 2226, 2325, 2225, 2325, 2226, 2326, 2227, 2326, 2226, 2326, 2227, 2327, 2228, 2327, 2227, 2327, 2228, 2328, 2229, 2328, 2228, 2328, 2229, 2329, 2230, 2329, 2229, 2329, 2230, 2330, 2330, 2231, 2331, 2231, 2330, 2230, 2331, 2232, 2332, 2232, 2331, 2231, 2332, 2233, 2333, 2233, 2332, 2232, 2333, 2234, 2334, 2234, 2333, 2233, 2334, 2235, 2335, 2235, 2334, 2234, 2335, 2236, 2336, 2236, 2335, 2235, 2336, 2237, 2337, 2237, 2336, 2236, 2337, 2139, 2239, 2139, 2337, 2237, 2339, 2238, 2338, 2238, 2339, 2239, 2338, 2240, 2340, 2240, 2338, 2238, 2340, 2241, 2341, 2241, 2340, 2240, 2341, 2242, 2342, 2242, 2341, 2241, 2342, 2243, 2343, 2243, 2342, 2242, 2343, 2244, 2344, 2244, 2343, 2243, 2344, 2245, 2345, 2245, 2344, 2244, 2345, 2246, 2346, 2246, 2345, 2245, 2346, 2247, 2347, 2247, 2346, 2246, 2347, 2248, 2348, 2248, 2347, 2247, 2348, 2249, 2349, 2249, 2348, 2248, 2349, 2250, 2350, 2250, 2349, 2249, 2350, 2251, 2351, 2251, 2350, 2250, 2351, 2252, 2352, 2252, 2351, 2251, 2352, 2253, 2353, 2253, 2352, 2252, 2353, 2254, 2354, 2254, 2353, 2253, 2354, 2255, 2355, 2255, 2354, 2254, 2355, 2256, 2356, 2256, 2355, 2255, 2356, 2257, 2357, 2257, 2356, 2256, 2357, 2258, 2358, 2258, 2357, 2257, 2358, 2259, 2359, 2259, 2358, 2258, 2359, 2260, 2360, 2260, 2359, 2259, 2360, 2261, 2361, 2261, 2360, 2260, 2361, 2262, 2362, 2262, 2361, 2261, 2362, 2263, 2363, 2263, 2362, 2262, 2363, 2264, 2364, 2264, 2363, 2263, 2364, 2265, 2365, 2265, 2364, 2264, 2365, 2266, 2366, 2266, 2365, 2265, 2366, 2267, 2367, 2267, 2366, 2266, 2367, 2268, 2368, 2268, 2367, 2267, 2368, 2269, 2369, 2269, 2368, 2268, 2369, 2270, 2370, 2270, 2369, 2269, 2370, 2271, 2371, 2271, 2370, 2270, 2371, 2272, 2372, 2272, 2371, 2271, 2372, 2273, 2373, 2273, 2372, 2272, 2373, 2274, 2374, 2274, 2373, 2273, 2374, 2275, 2375, 2275, 2374, 2274, 2375, 2276, 2376, 2276, 2375, 2275, 2376, 2277, 2377, 2277, 2376, 2276, 2377, 2278, 2378, 2278, 2377, 2277, 2378, 2279, 2379, 2279, 2378, 2278, 2379, 2280, 2380, 2280, 2379, 2279, 2280, 2381, 2380, 2381, 2280, 2281, 2281, 2382, 2381, 2382, 2281, 2282, 2282, 2383, 2382, 2383, 2282, 2283, 2283, 2384, 2383, 2384, 2283, 2284, 2284, 2385, 2384, 2385, 2284, 2285, 2285, 2386, 2385, 2386, 2285, 2286, 2286, 2387, 2386, 2387, 2286, 2287, 2287, 2388, 2387, 2388, 2287, 2288, 2288, 2389, 2388, 2389, 2288, 2289, 2289, 2390, 2389, 2390, 2289, 2290, 2290, 2391, 2390, 2391, 2290, 2291, 2291, 2392, 2391, 2392, 2291, 2292, 2292, 2393, 2392, 2393, 2292, 2293, 2293, 2394, 2393, 2394, 2293, 2294, 2294, 2395, 2394, 2395, 2294, 2295, 2295, 2396, 2395, 2396, 2295, 2296, 2296, 2397, 2396, 2397, 2296, 2297, 2297, 2398, 2397, 2398, 2297, 2298, 2298, 2399, 2398, 2399, 2298, 2299, 2299, 2400, 2399, 2400, 2299, 2300, 2300, 2401, 2400, 2401, 2300, 2301, 2301, 2402, 2401, 2402, 2301, 2302, 2302, 2403, 2402, 2403, 2302, 2303, 2303, 2404, 2403, 2404, 2303, 2304, 2304, 2405, 2404, 2405, 2304, 2305, 2306, 2405, 2305, 2405, 2306, 2406, 2307, 2406, 2306, 2406, 2307, 2407, 2308, 2407, 2307, 2407, 2308, 2408, 2309, 2408, 2308, 2408, 2309, 2409, 2310, 2409, 2309, 2409, 2310, 2410, 2311, 2410, 2310, 2410, 2311, 2411, 2312, 2411, 2311, 2411, 2312, 2412, 2313, 2412, 2312, 2412, 2313, 2413, 2314, 2413, 2313, 2413, 2314, 2414, 2315, 2414, 2314, 2414, 2315, 2415, 2316, 2415, 2315, 2415, 2316, 2416, 2317, 2416, 2316, 2416, 2317, 2417, 2318, 2417, 2317, 2417, 2318, 2418, 2319, 2418, 2318, 2418, 2319, 2419, 2320, 2419, 2319, 2419, 2320, 2420, 2321, 2420, 2320, 2420, 2321, 2421, 2322, 2421, 2321, 2421, 2322, 2422, 2323, 2422, 2322, 2422, 2323, 2423, 2324, 2423, 2323, 2423, 2324, 2424, 2325, 2424, 2324, 2424, 2325, 2425, 2326, 2425, 2325, 2425, 2326, 2426, 2327, 2426, 2326, 2426, 2327, 2427, 2328, 2427, 2327, 2427, 2328, 2428, 2329, 2428, 2328, 2428, 2329, 2429, 2330, 2429, 2329, 2429, 2330, 2430, 2430, 2331, 2431, 2331, 2430, 2330, 2431, 2332, 2432, 2332, 2431, 2331, 2432, 2333, 2433, 2333, 2432, 2332, 2433, 2334, 2434, 2334, 2433, 2333, 2434, 2335, 2435, 2335, 2434, 2334, 2435, 2336, 2436, 2336, 2435, 2335, 2436, 2337, 2437, 2337, 2436, 2336, 2437, 2239, 2339, 2239, 2437, 2337, 2439, 2338, 2438, 2338, 2439, 2339, 2438, 2340, 2440, 2340, 2438, 2338, 2440, 2341, 2441, 2341, 2440, 2340, 2441, 2342, 2442, 2342, 2441, 2341, 2442, 2343, 2443, 2343, 2442, 2342, 2443, 2344, 2444, 2344, 2443, 2343, 2444, 2345, 2445, 2345, 2444, 2344, 2445, 2346, 2446, 2346, 2445, 2345, 2446, 2347, 2447, 2347, 2446, 2346, 2447, 2348, 2448, 2348, 2447, 2347, 2448, 2349, 2449, 2349, 2448, 2348, 2449, 2350, 2450, 2350, 2449, 2349, 2450, 2351, 2451, 2351, 2450, 2350, 2451, 2352, 2452, 2352, 2451, 2351, 2452, 2353, 2453, 2353, 2452, 2352, 2453, 2354, 2454, 2354, 2453, 2353, 2454, 2355, 2455, 2355, 2454, 2354, 2455, 2356, 2456, 2356, 2455, 2355, 2456, 2357, 2457, 2357, 2456, 2356, 2457, 2358, 2458, 2358, 2457, 2357, 2458, 2359, 2459, 2359, 2458, 2358, 2459, 2360, 2460, 2360, 2459, 2359, 2460, 2361, 2461, 2361, 2460, 2360, 2461, 2362, 2462, 2362, 2461, 2361, 2462, 2363, 2463, 2363, 2462, 2362, 2463, 2364, 2464, 2364, 2463, 2363, 2464, 2365, 2465, 2365, 2464, 2364, 2465, 2366, 2466, 2366, 2465, 2365, 2466, 2367, 2467, 2367, 2466, 2366, 2467, 2368, 2468, 2368, 2467, 2367, 2468, 2369, 2469, 2369, 2468, 2368, 2469, 2370, 2470, 2370, 2469, 2369, 2470, 2371, 2471, 2371, 2470, 2370, 2471, 2372, 2472, 2372, 2471, 2371, 2472, 2373, 2473, 2373, 2472, 2372, 2473, 2374, 2474, 2374, 2473, 2373, 2474, 2375, 2475, 2375, 2474, 2374, 2475, 2376, 2476, 2376, 2475, 2375, 2476, 2377, 2477, 2377, 2476, 2376, 2477, 2378, 2478, 2378, 2477, 2377, 2478, 2379, 2479, 2379, 2478, 2378, 2479, 2380, 2480, 2380, 2479, 2379, 2380, 2481, 2480, 2481, 2380, 2381, 2381, 2482, 2481, 2482, 2381, 2382, 2382, 2483, 2482, 2483, 2382, 2383, 2383, 2484, 2483, 2484, 2383, 2384, 2384, 2485, 2484, 2485, 2384, 2385, 2385, 2486, 2485, 2486, 2385, 2386, 2386, 2487, 2486, 2487, 2386, 2387, 2387, 2488, 2487, 2488, 2387, 2388, 2388, 2489, 2488, 2489, 2388, 2389, 2389, 2490, 2489, 2490, 2389, 2390, 2390, 2491, 2490, 2491, 2390, 2391, 2391, 2492, 2491, 2492, 2391, 2392, 2392, 2493, 2492, 2493, 2392, 2393, 2393, 2494, 2493, 2494, 2393, 2394, 2394, 2495, 2494, 2495, 2394, 2395, 2395, 2496, 2495, 2496, 2395, 2396, 2396, 2497, 2496, 2497, 2396, 2397, 2397, 2498, 2497, 2498, 2397, 2398, 2398, 2499, 2498, 2499, 2398, 2399, 2399, 2500, 2499, 2500, 2399, 2400, 2400, 2501, 2500, 2501, 2400, 2401, 2401, 2502, 2501, 2502, 2401, 2402, 2402, 2503, 2502, 2503, 2402, 2403, 2403, 2504, 2503, 2504, 2403, 2404, 2404, 2505, 2504, 2505, 2404, 2405, 2406, 2505, 2405, 2505, 2406, 2506, 2407, 2506, 2406, 2506, 2407, 2507, 2408, 2507, 2407, 2507, 2408, 2508, 2409, 2508, 2408, 2508, 2409, 2509, 2410, 2509, 2409, 2509, 2410, 2510, 2411, 2510, 2410, 2510, 2411, 2511, 2412, 2511, 2411, 2511, 2412, 2512, 2413, 2512, 2412, 2512, 2413, 2513, 2414, 2513, 2413, 2513, 2414, 2514, 2415, 2514, 2414, 2514, 2415, 2515, 2416, 2515, 2415, 2515, 2416, 2516, 2417, 2516, 2416, 2516, 2417, 2517, 2418, 2517, 2417, 2517, 2418, 2518, 2419, 2518, 2418, 2518, 2419, 2519, 2420, 2519, 2419, 2519, 2420, 2520, 2421, 2520, 2420, 2520, 2421, 2521, 2422, 2521, 2421, 2521, 2422, 2522, 2423, 2522, 2422, 2522, 2423, 2523, 2424, 2523, 2423, 2523, 2424, 2524, 2425, 2524, 2424, 2524, 2425, 2525, 2426, 2525, 2425, 2525, 2426, 2526, 2427, 2526, 2426, 2526, 2427, 2527, 2428, 2527, 2427, 2527, 2428, 2528, 2429, 2528, 2428, 2528, 2429, 2529, 2430, 2529, 2429, 2529, 2430, 2530, 2530, 2431, 2531, 2431, 2530, 2430, 2531, 2432, 2532, 2432, 2531, 2431, 2532, 2433, 2533, 2433, 2532, 2432, 2533, 2434, 2534, 2434, 2533, 2433, 2534, 2435, 2535, 2435, 2534, 2434, 2535, 2436, 2536, 2436, 2535, 2435, 2536, 2437, 2537, 2437, 2536, 2436, 2537, 2339, 2439, 2339, 2537, 2437, 2439, 2539, 2538, 2539, 2439, 2438, 2438, 2540, 2539, 2540, 2438, 2440, 2440, 2541, 2540, 2541, 2440, 2441, 2441, 2542, 2541, 2542, 2441, 2442, 2442, 2543, 2542, 2543, 2442, 2443, 2443, 2544, 2543, 2544, 2443, 2444, 2444, 2545, 2544, 2545, 2444, 2445, 2445, 2546, 2545, 2546, 2445, 2446, 2446, 2547, 2546, 2547, 2446, 2447, 2447, 2548, 2547, 2548, 2447, 2448, 2448, 2549, 2548, 2549, 2448, 2449, 2449, 2550, 2549, 2550, 2449, 2450, 2450, 2551, 2550, 2551, 2450, 2451, 2451, 2552, 2551, 2552, 2451, 2452, 2452, 2553, 2552, 2553, 2452, 2453, 2453, 2554, 2553, 2554, 2453, 2454, 2454, 2555, 2554, 2555, 2454, 2455, 2555, 2456, 2556, 2456, 2555, 2455, 2556, 2457, 2557, 2457, 2556, 2456, 2557, 2458, 2558, 2458, 2557, 2457, 2558, 2459, 2559, 2459, 2558, 2458, 2559, 2460, 2560, 2460, 2559, 2459, 2560, 2461, 2561, 2461, 2560, 2460, 2561, 2462, 2562, 2462, 2561, 2461, 2562, 2463, 2563, 2463, 2562, 2462, 2563, 2464, 2564, 2464, 2563, 2463, 2564, 2465, 2565, 2465, 2564, 2464, 2565, 2466, 2566, 2466, 2565, 2465, 2566, 2467, 2567, 2467, 2566, 2466, 2567, 2468, 2568, 2468, 2567, 2467, 2568, 2469, 2569, 2469, 2568, 2468, 2569, 2470, 2570, 2470, 2569, 2469, 2570, 2471, 2571, 2471, 2570, 2470, 2571, 2472, 2572, 2472, 2571, 2471, 2572, 2473, 2573, 2473, 2572, 2472, 2573, 2474, 2574, 2474, 2573, 2473, 2574, 2475, 2575, 2475, 2574, 2474, 2575, 2476, 2576, 2476, 2575, 2475, 2576, 2477, 2577, 2477, 2576, 2476, 2577, 2478, 2578, 2478, 2577, 2477, 2578, 2479, 2579, 2479, 2578, 2478, 2579, 2480, 2580, 2480, 2579, 2479, 2580, 2481, 2581, 2481, 2580, 2480, 2581, 2482, 2582, 2482, 2581, 2481, 2582, 2483, 2583, 2483, 2582, 2482, 2583, 2484, 2584, 2484, 2583, 2483, 2584, 2485, 2585, 2485, 2584, 2484, 2585, 2486, 2586, 2486, 2585, 2485, 2586, 2487, 2587, 2487, 2586, 2486, 2587, 2488, 2588, 2488, 2587, 2487, 2588, 2489, 2589, 2489, 2588, 2488, 2589, 2490, 2590, 2490, 2589, 2489, 2590, 2491, 2591, 2491, 2590, 2490, 2591, 2492, 2592, 2492, 2591, 2491, 2592, 2493, 2593, 2493, 2592, 2492, 2593, 2494, 2594, 2494, 2593, 2493, 2594, 2495, 2595, 2495, 2594, 2494, 2595, 2496, 2596, 2496, 2595, 2495, 2596, 2497, 2597, 2497, 2596, 2496, 2597, 2498, 2598, 2498, 2597, 2497, 2598, 2499, 2599, 2499, 2598, 2498, 2599, 2500, 2600, 2500, 2599, 2499, 2600, 2501, 2601, 2501, 2600, 2500, 2601, 2502, 2602, 2502, 2601, 2501, 2602, 2503, 2603, 2503, 2602, 2502, 2603, 2504, 2604, 2504, 2603, 2503, 2604, 2505, 2605, 2505, 2604, 2504, 2506, 2605, 2505, 2605, 2506, 2606, 2507, 2606, 2506, 2606, 2507, 2607, 2508, 2607, 2507, 2607, 2508, 2608, 2509, 2608, 2508, 2608, 2509, 2609, 2510, 2609, 2509, 2609, 2510, 2610, 2511, 2610, 2510, 2610, 2511, 2611, 2512, 2611, 2511, 2611, 2512, 2612, 2513, 2612, 2512, 2612, 2513, 2613, 2514, 2613, 2513, 2613, 2514, 2614, 2515, 2614, 2514, 2614, 2515, 2615, 2516, 2615, 2515, 2615, 2516, 2616, 2517, 2616, 2516, 2616, 2517, 2617, 2518, 2617, 2517, 2617, 2518, 2618, 2519, 2618, 2518, 2618, 2519, 2619, 2520, 2619, 2519, 2619, 2520, 2620, 2521, 2620, 2520, 2620, 2521, 2621, 2522, 2621, 2521, 2621, 2522, 2622, 2523, 2622, 2522, 2622, 2523, 2623, 2524, 2623, 2523, 2623, 2524, 2624, 2525, 2624, 2524, 2624, 2525, 2625, 2526, 2625, 2525, 2625, 2526, 2626, 2527, 2626, 2526, 2626, 2527, 2627, 2528, 2627, 2527, 2627, 2528, 2628, 2529, 2628, 2528, 2628, 2529, 2629, 2530, 2629, 2529, 2629, 2530, 2630, 2530, 2631, 2630, 2631, 2530, 2531, 2531, 2632, 2631, 2632, 2531, 2532, 2532, 2633, 2632, 2633, 2532, 2533, 2533, 2634, 2633, 2634, 2533, 2534, 2534, 2635, 2634, 2635, 2534, 2535, 2535, 2636, 2635, 2636, 2535, 2536, 2536, 2637, 2636, 2637, 2536, 2537, 2537, 2538, 2637, 2538, 2537, 2439, 2538, 2639, 2638, 2639, 2538, 2539, 2539, 2640, 2639, 2640, 2539, 2540, 2540, 2641, 2640, 2641, 2540, 2541, 2541, 2642, 2641, 2642, 2541, 2542, 2542, 2643, 2642, 2643, 2542, 2543, 2543, 2644, 2643, 2644, 2543, 2544, 2544, 2645, 2644, 2645, 2544, 2545, 2545, 2646, 2645, 2646, 2545, 2546, 2546, 2647, 2646, 2647, 2546, 2547, 2547, 2648, 2647, 2648, 2547, 2548, 2548, 2649, 2648, 2649, 2548, 2549, 2549, 2650, 2649, 2650, 2549, 2550, 2550, 2651, 2650, 2651, 2550, 2551, 2551, 2652, 2651, 2652, 2551, 2552, 2552, 2653, 2652, 2653, 2552, 2553, 2553, 2654, 2653, 2654, 2553, 2554, 2554, 2655, 2654, 2655, 2554, 2555, 2655, 2556, 2656, 2556, 2655, 2555, 2656, 2557, 2657, 2557, 2656, 2556, 2657, 2558, 2658, 2558, 2657, 2557, 2658, 2559, 2659, 2559, 2658, 2558, 2659, 2560, 2660, 2560, 2659, 2559, 2660, 2561, 2661, 2561, 2660, 2560, 2661, 2562, 2662, 2562, 2661, 2561, 2662, 2563, 2663, 2563, 2662, 2562, 2663, 2564, 2664, 2564, 2663, 2563, 2664, 2565, 2665, 2565, 2664, 2564, 2665, 2566, 2666, 2566, 2665, 2565, 2666, 2567, 2667, 2567, 2666, 2566, 2667, 2568, 2668, 2568, 2667, 2567, 2668, 2569, 2669, 2569, 2668, 2568, 2669, 2570, 2670, 2570, 2669, 2569, 2670, 2571, 2671, 2571, 2670, 2570, 2671, 2572, 2672, 2572, 2671, 2571, 2672, 2573, 2673, 2573, 2672, 2572, 2673, 2574, 2674, 2574, 2673, 2573, 2674, 2575, 2675, 2575, 2674, 2574, 2675, 2576, 2676, 2576, 2675, 2575, 2676, 2577, 2677, 2577, 2676, 2576, 2677, 2578, 2678, 2578, 2677, 2577, 2678, 2579, 2679, 2579, 2678, 2578, 2679, 2580, 2680, 2580, 2679, 2579, 2680, 2581, 2681, 2581, 2680, 2580, 2681, 2582, 2682, 2582, 2681, 2581, 2682, 2583, 2683, 2583, 2682, 2582, 2683, 2584, 2684, 2584, 2683, 2583, 2684, 2585, 2685, 2585, 2684, 2584, 2685, 2586, 2686, 2586, 2685, 2585, 2686, 2587, 2687, 2587, 2686, 2586, 2687, 2588, 2688, 2588, 2687, 2587, 2688, 2589, 2689, 2589, 2688, 2588, 2689, 2590, 2690, 2590, 2689, 2589, 2690, 2591, 2691, 2591, 2690, 2590, 2691, 2592, 2692, 2592, 2691, 2591, 2692, 2593, 2693, 2593, 2692, 2592, 2693, 2594, 2694, 2594, 2693, 2593, 2694, 2595, 2695, 2595, 2694, 2594, 2695, 2596, 2696, 2596, 2695, 2595, 2696, 2597, 2697, 2597, 2696, 2596, 2697, 2598, 2698, 2598, 2697, 2597, 2698, 2599, 2699, 2599, 2698, 2598, 2699, 2600, 2700, 2600, 2699, 2599, 2700, 2601, 2701, 2601, 2700, 2600, 2701, 2602, 2702, 2602, 2701, 2601, 2702, 2603, 2703, 2603, 2702, 2602, 2703, 2604, 2704, 2604, 2703, 2603, 2704, 2605, 2705, 2605, 2704, 2604, 2606, 2705, 2605, 2705, 2606, 2706, 2607, 2706, 2606, 2706, 2607, 2707, 2608, 2707, 2607, 2707, 2608, 2708, 2609, 2708, 2608, 2708, 2609, 2709, 2610, 2709, 2609, 2709, 2610, 2710, 2611, 2710, 2610, 2710, 2611, 2711, 2612, 2711, 2611, 2711, 2612, 2712, 2613, 2712, 2612, 2712, 2613, 2713, 2614, 2713, 2613, 2713, 2614, 2714, 2615, 2714, 2614, 2714, 2615, 2715, 2616, 2715, 2615, 2715, 2616, 2716, 2617, 2716, 2616, 2716, 2617, 2717, 2618, 2717, 2617, 2717, 2618, 2718, 2619, 2718, 2618, 2718, 2619, 2719, 2620, 2719, 2619, 2719, 2620, 2720, 2621, 2720, 2620, 2720, 2621, 2721, 2622, 2721, 2621, 2721, 2622, 2722, 2623, 2722, 2622, 2722, 2623, 2723, 2624, 2723, 2623, 2723, 2624, 2724, 2625, 2724, 2624, 2724, 2625, 2725, 2626, 2725, 2625, 2725, 2626, 2726, 2627, 2726, 2626, 2726, 2627, 2727, 2628, 2727, 2627, 2727, 2628, 2728, 2629, 2728, 2628, 2728, 2629, 2729, 2630, 2729, 2629, 2729, 2630, 2730, 2630, 2731, 2730, 2731, 2630, 2631, 2631, 2732, 2731, 2732, 2631, 2632, 2632, 2733, 2732, 2733, 2632, 2633, 2633, 2734, 2733, 2734, 2633, 2634, 2634, 2735, 2734, 2735, 2634, 2635, 2635, 2736, 2735, 2736, 2635, 2636, 2636, 2737, 2736, 2737, 2636, 2637, 2637, 2638, 2737, 2638, 2637, 2538, 2638, 2739, 2738, 2739, 2638, 2639, 2639, 2740, 2739, 2740, 2639, 2640, 2640, 2741, 2740, 2741, 2640, 2641, 2641, 2742, 2741, 2742, 2641, 2642, 2642, 2743, 2742, 2743, 2642, 2643, 2643, 2744, 2743, 2744, 2643, 2644, 2644, 2745, 2744, 2745, 2644, 2645, 2645, 2746, 2745, 2746, 2645, 2646, 2646, 2747, 2746, 2747, 2646, 2647, 2647, 2748, 2747, 2748, 2647, 2648, 2648, 2749, 2748, 2749, 2648, 2649, 2649, 2750, 2749, 2750, 2649, 2650, 2650, 2751, 2750, 2751, 2650, 2651, 2651, 2752, 2751, 2752, 2651, 2652, 2652, 2753, 2752, 2753, 2652, 2653, 2653, 2754, 2753, 2754, 2653, 2654, 2654, 2755, 2754, 2755, 2654, 2655, 2755, 2656, 2756, 2656, 2755, 2655, 2756, 2657, 2757, 2657, 2756, 2656, 2757, 2658, 2758, 2658, 2757, 2657, 2758, 2659, 2759, 2659, 2758, 2658, 2759, 2660, 2760, 2660, 2759, 2659, 2760, 2661, 2761, 2661, 2760, 2660, 2761, 2662, 2762, 2662, 2761, 2661, 2762, 2663, 2763, 2663, 2762, 2662, 2763, 2664, 2764, 2664, 2763, 2663, 2764, 2665, 2765, 2665, 2764, 2664, 2765, 2666, 2766, 2666, 2765, 2665, 2766, 2667, 2767, 2667, 2766, 2666, 2767, 2668, 2768, 2668, 2767, 2667, 2768, 2669, 2769, 2669, 2768, 2668, 2769, 2670, 2770, 2670, 2769, 2669, 2770, 2671, 2771, 2671, 2770, 2670, 2771, 2672, 2772, 2672, 2771, 2671, 2772, 2673, 2773, 2673, 2772, 2672, 2773, 2674, 2774, 2674, 2773, 2673, 2774, 2675, 2775, 2675, 2774, 2674, 2775, 2676, 2776, 2676, 2775, 2675, 2776, 2677, 2777, 2677, 2776, 2676, 2777, 2678, 2778, 2678, 2777, 2677, 2778, 2679, 2779, 2679, 2778, 2678, 2779, 2680, 2780, 2680, 2779, 2679, 2780, 2681, 2781, 2681, 2780, 2680, 2781, 2682, 2782, 2682, 2781, 2681, 2782, 2683, 2783, 2683, 2782, 2682, 2783, 2684, 2784, 2684, 2783, 2683, 2784, 2685, 2785, 2685, 2784, 2684, 2785, 2686, 2786, 2686, 2785, 2685, 2786, 2687, 2787, 2687, 2786, 2686, 2787, 2688, 2788, 2688, 2787, 2687, 2788, 2689, 2789, 2689, 2788, 2688, 2789, 2690, 2790, 2690, 2789, 2689, 2790, 2691, 2791, 2691, 2790, 2690, 2791, 2692, 2792, 2692, 2791, 2691, 2792, 2693, 2793, 2693, 2792, 2692, 2793, 2694, 2794, 2694, 2793, 2693, 2794, 2695, 2795, 2695, 2794, 2694, 2795, 2696, 2796, 2696, 2795, 2695, 2796, 2697, 2797, 2697, 2796, 2696, 2797, 2698, 2798, 2698, 2797, 2697, 2798, 2699, 2799, 2699, 2798, 2698, 2799, 2700, 2800, 2700, 2799, 2699, 2800, 2701, 2801, 2701, 2800, 2700, 2801, 2702, 2802, 2702, 2801, 2701, 2802, 2703, 2803, 2703, 2802, 2702, 2803, 2704, 2804, 2704, 2803, 2703, 2804, 2705, 2805, 2705, 2804, 2704, 2706, 2805, 2705, 2805, 2706, 2806, 2707, 2806, 2706, 2806, 2707, 2807, 2708, 2807, 2707, 2807, 2708, 2808, 2709, 2808, 2708, 2808, 2709, 2809, 2710, 2809, 2709, 2809, 2710, 2810, 2711, 2810, 2710, 2810, 2711, 2811, 2712, 2811, 2711, 2811, 2712, 2812, 2713, 2812, 2712, 2812, 2713, 2813, 2714, 2813, 2713, 2813, 2714, 2814, 2715, 2814, 2714, 2814, 2715, 2815, 2716, 2815, 2715, 2815, 2716, 2816, 2717, 2816, 2716, 2816, 2717, 2817, 2718, 2817, 2717, 2817, 2718, 2818, 2719, 2818, 2718, 2818, 2719, 2819, 2720, 2819, 2719, 2819, 2720, 2820, 2721, 2820, 2720, 2820, 2721, 2821, 2722, 2821, 2721, 2821, 2722, 2822, 2723, 2822, 2722, 2822, 2723, 2823, 2724, 2823, 2723, 2823, 2724, 2824, 2725, 2824, 2724, 2824, 2725, 2825, 2726, 2825, 2725, 2825, 2726, 2826, 2727, 2826, 2726, 2826, 2727, 2827, 2728, 2827, 2727, 2827, 2728, 2828, 2729, 2828, 2728, 2828, 2729, 2829, 2730, 2829, 2729, 2829, 2730, 2830, 2730, 2831, 2830, 2831, 2730, 2731, 2731, 2832, 2831, 2832, 2731, 2732, 2732, 2833, 2832, 2833, 2732, 2733, 2733, 2834, 2833, 2834, 2733, 2734, 2734, 2835, 2834, 2835, 2734, 2735, 2735, 2836, 2835, 2836, 2735, 2736, 2736, 2837, 2836, 2837, 2736, 2737, 2737, 2738, 2837, 2738, 2737, 2638, 2738, 2839, 2838, 2839, 2738, 2739, 2739, 2840, 2839, 2840, 2739, 2740, 2740, 2841, 2840, 2841, 2740, 2741, 2741, 2842, 2841, 2842, 2741, 2742, 2742, 2843, 2842, 2843, 2742, 2743, 2743, 2844, 2843, 2844, 2743, 2744, 2744, 2845, 2844, 2845, 2744, 2745, 2745, 2846, 2845, 2846, 2745, 2746, 2746, 2847, 2846, 2847, 2746, 2747, 2747, 2848, 2847, 2848, 2747, 2748, 2748, 2849, 2848, 2849, 2748, 2749, 2749, 2850, 2849, 2850, 2749, 2750, 2750, 2851, 2850, 2851, 2750, 2751, 2751, 2852, 2851, 2852, 2751, 2752, 2752, 2853, 2852, 2853, 2752, 2753, 2753, 2854, 2853, 2854, 2753, 2754, 2754, 2855, 2854, 2855, 2754, 2755, 2855, 2756, 2856, 2756, 2855, 2755, 2856, 2757, 2857, 2757, 2856, 2756, 2857, 2758, 2858, 2758, 2857, 2757, 2858, 2759, 2859, 2759, 2858, 2758, 2859, 2760, 2860, 2760, 2859, 2759, 2860, 2761, 2861, 2761, 2860, 2760, 2861, 2762, 2862, 2762, 2861, 2761, 2862, 2763, 2863, 2763, 2862, 2762, 2863, 2764, 2864, 2764, 2863, 2763, 2864, 2765, 2865, 2765, 2864, 2764, 2865, 2766, 2866, 2766, 2865, 2765, 2866, 2767, 2867, 2767, 2866, 2766, 2867, 2768, 2868, 2768, 2867, 2767, 2868, 2769, 2869, 2769, 2868, 2768, 2869, 2770, 2870, 2770, 2869, 2769, 2870, 2771, 2871, 2771, 2870, 2770, 2871, 2772, 2872, 2772, 2871, 2771, 2872, 2773, 2873, 2773, 2872, 2772, 2873, 2774, 2874, 2774, 2873, 2773, 2874, 2775, 2875, 2775, 2874, 2774, 2875, 2776, 2876, 2776, 2875, 2775, 2876, 2777, 2877, 2777, 2876, 2776, 2877, 2778, 2878, 2778, 2877, 2777, 2878, 2779, 2879, 2779, 2878, 2778, 2879, 2780, 2880, 2780, 2879, 2779, 2880, 2781, 2881, 2781, 2880, 2780, 2881, 2782, 2882, 2782, 2881, 2781, 2882, 2783, 2883, 2783, 2882, 2782, 2883, 2784, 2884, 2784, 2883, 2783, 2884, 2785, 2885, 2785, 2884, 2784, 2885, 2786, 2886, 2786, 2885, 2785, 2886, 2787, 2887, 2787, 2886, 2786, 2887, 2788, 2888, 2788, 2887, 2787, 2888, 2789, 2889, 2789, 2888, 2788, 2889, 2790, 2890, 2790, 2889, 2789, 2890, 2791, 2891, 2791, 2890, 2790, 2891, 2792, 2892, 2792, 2891, 2791, 2892, 2793, 2893, 2793, 2892, 2792, 2893, 2794, 2894, 2794, 2893, 2793, 2894, 2795, 2895, 2795, 2894, 2794, 2895, 2796, 2896, 2796, 2895, 2795, 2896, 2797, 2897, 2797, 2896, 2796, 2897, 2798, 2898, 2798, 2897, 2797, 2898, 2799, 2899, 2799, 2898, 2798, 2899, 2800, 2900, 2800, 2899, 2799, 2900, 2801, 2901, 2801, 2900, 2800, 2901, 2802, 2902, 2802, 2901, 2801, 2902, 2803, 2903, 2803, 2902, 2802, 2903, 2804, 2904, 2804, 2903, 2803, 2904, 2805, 2905, 2805, 2904, 2804, 2806, 2905, 2805, 2905, 2806, 2906, 2807, 2906, 2806, 2906, 2807, 2907, 2808, 2907, 2807, 2907, 2808, 2908, 2809, 2908, 2808, 2908, 2809, 2909, 2810, 2909, 2809, 2909, 2810, 2910, 2811, 2910, 2810, 2910, 2811, 2911, 2812, 2911, 2811, 2911, 2812, 2912, 2813, 2912, 2812, 2912, 2813, 2913, 2814, 2913, 2813, 2913, 2814, 2914, 2815, 2914, 2814, 2914, 2815, 2915, 2816, 2915, 2815, 2915, 2816, 2916, 2817, 2916, 2816, 2916, 2817, 2917, 2818, 2917, 2817, 2917, 2818, 2918, 2819, 2918, 2818, 2918, 2819, 2919, 2820, 2919, 2819, 2919, 2820, 2920, 2821, 2920, 2820, 2920, 2821, 2921, 2822, 2921, 2821, 2921, 2822, 2922, 2823, 2922, 2822, 2922, 2823, 2923, 2824, 2923, 2823, 2923, 2824, 2924, 2825, 2924, 2824, 2924, 2825, 2925, 2826, 2925, 2825, 2925, 2826, 2926, 2827, 2926, 2826, 2926, 2827, 2927, 2828, 2927, 2827, 2927, 2828, 2928, 2829, 2928, 2828, 2928, 2829, 2929, 2830, 2929, 2829, 2929, 2830, 2930, 2830, 2931, 2930, 2931, 2830, 2831, 2831, 2932, 2931, 2932, 2831, 2832, 2832, 2933, 2932, 2933, 2832, 2833, 2833, 2934, 2933, 2934, 2833, 2834, 2834, 2935, 2934, 2935, 2834, 2835, 2835, 2936, 2935, 2936, 2835, 2836, 2836, 2937, 2936, 2937, 2836, 2837, 2837, 2838, 2937, 2838, 2837, 2738, 2838, 2939, 2938, 2939, 2838, 2839, 2839, 2940, 2939, 2940, 2839, 2840, 2840, 2941, 2940, 2941, 2840, 2841, 2841, 2942, 2941, 2942, 2841, 2842, 2842, 2943, 2942, 2943, 2842, 2843, 2843, 2944, 2943, 2944, 2843, 2844, 2844, 2945, 2944, 2945, 2844, 2845, 2845, 2946, 2945, 2946, 2845, 2846, 2846, 2947, 2946, 2947, 2846, 2847, 2847, 2948, 2947, 2948, 2847, 2848, 2848, 2949, 2948, 2949, 2848, 2849, 2849, 2950, 2949, 2950, 2849, 2850, 2850, 2951, 2950, 2951, 2850, 2851, 2851, 2952, 2951, 2952, 2851, 2852, 2852, 2953, 2952, 2953, 2852, 2853, 2853, 2954, 2953, 2954, 2853, 2854, 2854, 2955, 2954, 2955, 2854, 2855, 2955, 2856, 2956, 2856, 2955, 2855, 2956, 2857, 2957, 2857, 2956, 2856, 2957, 2858, 2958, 2858, 2957, 2857, 2958, 2859, 2959, 2859, 2958, 2858, 2959, 2860, 2960, 2860, 2959, 2859, 2960, 2861, 2961, 2861, 2960, 2860, 2961, 2862, 2962, 2862, 2961, 2861, 2962, 2863, 2963, 2863, 2962, 2862, 2963, 2864, 2964, 2864, 2963, 2863, 2964, 2865, 2965, 2865, 2964, 2864, 2965, 2866, 2966, 2866, 2965, 2865, 2966, 2867, 2967, 2867, 2966, 2866, 2967, 2868, 2968, 2868, 2967, 2867, 2968, 2869, 2969, 2869, 2968, 2868, 2969, 2870, 2970, 2870, 2969, 2869, 2970, 2871, 2971, 2871, 2970, 2870, 2971, 2872, 2972, 2872, 2971, 2871, 2972, 2873, 2973, 2873, 2972, 2872, 2973, 2874, 2974, 2874, 2973, 2873, 2974, 2875, 2975, 2875, 2974, 2874, 2975, 2876, 2976, 2876, 2975, 2875, 2976, 2877, 2977, 2877, 2976, 2876, 2977, 2878, 2978, 2878, 2977, 2877, 2978, 2879, 2979, 2879, 2978, 2878, 2979, 2880, 2980, 2880, 2979, 2879, 2980, 2881, 2981, 2881, 2980, 2880, 2981, 2882, 2982, 2882, 2981, 2881, 2982, 2883, 2983, 2883, 2982, 2882, 2983, 2884, 2984, 2884, 2983, 2883, 2984, 2885, 2985, 2885, 2984, 2884, 2985, 2886, 2986, 2886, 2985, 2885, 2986, 2887, 2987, 2887, 2986, 2886, 2987, 2888, 2988, 2888, 2987, 2887, 2988, 2889, 2989, 2889, 2988, 2888, 2989, 2890, 2990, 2890, 2989, 2889, 2990, 2891, 2991, 2891, 2990, 2890, 2991, 2892, 2992, 2892, 2991, 2891, 2992, 2893, 2993, 2893, 2992, 2892, 2993, 2894, 2994, 2894, 2993, 2893, 2994, 2895, 2995, 2895, 2994, 2894, 2995, 2896, 2996, 2896, 2995, 2895, 2996, 2897, 2997, 2897, 2996, 2896, 2997, 2898, 2998, 2898, 2997, 2897, 2998, 2899, 2999, 2899, 2998, 2898, 2999, 2900, 3000, 2900, 2999, 2899, 3000, 2901, 3001, 2901, 3000, 2900, 3001, 2902, 3002, 2902, 3001, 2901, 3002, 2903, 3003, 2903, 3002, 2902, 3003, 2904, 3004, 2904, 3003, 2903, 3004, 2905, 3005, 2905, 3004, 2904, 2906, 3005, 2905, 3005, 2906, 3006, 2907, 3006, 2906, 3006, 2907, 3007, 2908, 3007, 2907, 3007, 2908, 3008, 2909, 3008, 2908, 3008, 2909, 3009, 2910, 3009, 2909, 3009, 2910, 3010, 2911, 3010, 2910, 3010, 2911, 3011, 2912, 3011, 2911, 3011, 2912, 3012, 2913, 3012, 2912, 3012, 2913, 3013, 2914, 3013, 2913, 3013, 2914, 3014, 2915, 3014, 2914, 3014, 2915, 3015, 2916, 3015, 2915, 3015, 2916, 3016, 2917, 3016, 2916, 3016, 2917, 3017, 2918, 3017, 2917, 3017, 2918, 3018, 2919, 3018, 2918, 3018, 2919, 3019, 2920, 3019, 2919, 3019, 2920, 3020, 2921, 3020, 2920, 3020, 2921, 3021, 2922, 3021, 2921, 3021, 2922, 3022, 2923, 3022, 2922, 3022, 2923, 3023, 2924, 3023, 2923, 3023, 2924, 3024, 2925, 3024, 2924, 3024, 2925, 3025, 2926, 3025, 2925, 3025, 2926, 3026, 2927, 3026, 2926, 3026, 2927, 3027, 2928, 3027, 2927, 3027, 2928, 3028, 2929, 3028, 2928, 3028, 2929, 3029, 2929, 3030, 3029, 3030, 2929, 2930, 2930, 3031, 3030, 3031, 2930, 2931, 2931, 3032, 3031, 3032, 2931, 2932, 2932, 3033, 3032, 3033, 2932, 2933, 2933, 3034, 3033, 3034, 2933, 2934, 2934, 3035, 3034, 3035, 2934, 2935, 2935, 3036, 3035, 3036, 2935, 2936, 2936, 3037, 3036, 3037, 2936, 2937, 2937, 2938, 3037, 2938, 2937, 2838, 2938, 3039, 3038, 3039, 2938, 2939, 2939, 3040, 3039, 3040, 2939, 2940, 2940, 3041, 3040, 3041, 2940, 2941, 2941, 3042, 3041, 3042, 2941, 2942, 2942, 3043, 3042, 3043, 2942, 2943, 2943, 3044, 3043, 3044, 2943, 2944, 2944, 3045, 3044, 3045, 2944, 2945, 2945, 3046, 3045, 3046, 2945, 2946, 2946, 3047, 3046, 3047, 2946, 2947, 2947, 3048, 3047, 3048, 2947, 2948, 2948, 3049, 3048, 3049, 2948, 2949, 2949, 3050, 3049, 3050, 2949, 2950, 2950, 3051, 3050, 3051, 2950, 2951, 2951, 3052, 3051, 3052, 2951, 2952, 2952, 3053, 3052, 3053, 2952, 2953, 2953, 3054, 3053, 3054, 2953, 2954, 2954, 3055, 3054, 3055, 2954, 2955, 2955, 3056, 3055, 3056, 2955, 2956, 3056, 2957, 3057, 2957, 3056, 2956, 3057, 2958, 3058, 2958, 3057, 2957, 3058, 2959, 3059, 2959, 3058, 2958, 3059, 2960, 3060, 2960, 3059, 2959, 3060, 2961, 3061, 2961, 3060, 2960, 3061, 2962, 3062, 2962, 3061, 2961, 3062, 2963, 3063, 2963, 3062, 2962, 3063, 2964, 3064, 2964, 3063, 2963, 3064, 2965, 3065, 2965, 3064, 2964, 3065, 2966, 3066, 2966, 3065, 2965, 3066, 2967, 3067, 2967, 3066, 2966, 2967, 3068, 3067, 3068, 2967, 2968, 2968, 3069, 3068, 3069, 2968, 2969, 2969, 3070, 3069, 3070, 2969, 2970, 2970, 3071, 3070, 3071, 2970, 2971, 2971, 3072, 3071, 3072, 2971, 2972, 2972, 3073, 3072, 3073, 2972, 2973, 2973, 3074, 3073, 3074, 2973, 2974, 2974, 3075, 3074, 3075, 2974, 2975, 2975, 3076, 3075, 3076, 2975, 2976, 2976, 3077, 3076, 3077, 2976, 2977, 2977, 3078, 3077, 3078, 2977, 2978, 2978, 3079, 3078, 3079, 2978, 2979, 3079, 2980, 3080, 2980, 3079, 2979, 3080, 2981, 3081, 2981, 3080, 2980, 3081, 2982, 3082, 2982, 3081, 2981, 3082, 2983, 3083, 2983, 3082, 2982, 3083, 2984, 3084, 2984, 3083, 2983, 3084, 2985, 3085, 2985, 3084, 2984, 3085, 2986, 3086, 2986, 3085, 2985, 3086, 2987, 3087, 2987, 3086, 2986, 3087, 2988, 3088, 2988, 3087, 2987, 3088, 2989, 3089, 2989, 3088, 2988, 3089, 2990, 3090, 2990, 3089, 2989, 3090, 2991, 3091, 2991, 3090, 2990, 3091, 2992, 3092, 2992, 3091, 2991, 3092, 2993, 3093, 2993, 3092, 2992, 3093, 2994, 3094, 2994, 3093, 2993, 3094, 2995, 3095, 2995, 3094, 2994, 3095, 2996, 3096, 2996, 3095, 2995, 3096, 2997, 3097, 2997, 3096, 2996, 3097, 2998, 3098, 2998, 3097, 2997, 3098, 2999, 3099, 2999, 3098, 2998, 3099, 3000, 3100, 3000, 3099, 2999, 3100, 3001, 3101, 3001, 3100, 3000, 3101, 3002, 3102, 3002, 3101, 3001, 3102, 3003, 3103, 3003, 3102, 3002, 3103, 3004, 3104, 3004, 3103, 3003, 3104, 3005, 3105, 3005, 3104, 3004, 3105, 3006, 3106, 3006, 3105, 3005, 3006, 3107, 3106, 3107, 3006, 3007, 3007, 3108, 3107, 3108, 3007, 3008, 3008, 3109, 3108, 3109, 3008, 3009, 3009, 3110, 3109, 3110, 3009, 3010, 3010, 3111, 3110, 3111, 3010, 3011, 3011, 3112, 3111, 3112, 3011, 3012, 3012, 3113, 3112, 3113, 3012, 3013, 3013, 3114, 3113, 3114, 3013, 3014, 3014, 3115, 3114, 3115, 3014, 3015, 3015, 3116, 3115, 3116, 3015, 3016, 3016, 3117, 3116, 3117, 3016, 3017, 3117, 3018, 3118, 3018, 3117, 3017, 3118, 3019, 3119, 3019, 3118, 3018, 3119, 3020, 3120, 3020, 3119, 3019, 3120, 3021, 3121, 3021, 3120, 3020, 3121, 3022, 3122, 3022, 3121, 3021, 3122, 3023, 3123, 3023, 3122, 3022, 3123, 3024, 3124, 3024, 3123, 3023, 3124, 3025, 3125, 3025, 3124, 3024, 3125, 3026, 3126, 3026, 3125, 3025, 3126, 3027, 3127, 3027, 3126, 3026, 3127, 3028, 3128, 3028, 3127, 3027, 3128, 3029, 3129, 3029, 3128, 3028, 3029, 3130, 3129, 3130, 3029, 3030, 3030, 3131, 3130, 3131, 3030, 3031, 3031, 3132, 3131, 3132, 3031, 3032, 3032, 3133, 3132, 3133, 3032, 3033, 3033, 3134, 3133, 3134, 3033, 3034, 3034, 3135, 3134, 3135, 3034, 3035, 3035, 3136, 3135, 3136, 3035, 3036, 3036, 3137, 3136, 3137, 3036, 3037, 3037, 3038, 3137, 3038, 3037, 2938, 3039, 3138, 3038, 3138, 3039, 3139, 3040, 3139, 3039, 3139, 3040, 3140, 3041, 3140, 3040, 3140, 3041, 3141, 3042, 3141, 3041, 3141, 3042, 3142, 3043, 3142, 3042, 3142, 3043, 3143, 3044, 3143, 3043, 3143, 3044, 3144, 3045, 3144, 3044, 3144, 3045, 3145, 3046, 3145, 3045, 3145, 3046, 3146, 3047, 3146, 3046, 3146, 3047, 3147, 3048, 3147, 3047, 3147, 3048, 3148, 3049, 3148, 3048, 3148, 3049, 3149, 3050, 3149, 3049, 3149, 3050, 3150, 3051, 3150, 3050, 3150, 3051, 3151, 3052, 3151, 3051, 3151, 3052, 3152, 3053, 3152, 3052, 3152, 3053, 3153, 3054, 3153, 3053, 3153, 3054, 3154, 3055, 3154, 3054, 3154, 3055, 3155, 3055, 3156, 3155, 3156, 3055, 3056, 3056, 3157, 3156, 3157, 3056, 3057, 3057, 3158, 3157, 3158, 3057, 3058, 3058, 3159, 3158, 3159, 3058, 3059, 3059, 3160, 3159, 3160, 3059, 3060, 3060, 3161, 3160, 3161, 3060, 3061, 3061, 3162, 3161, 3162, 3061, 3062, 3062, 3163, 3162, 3163, 3062, 3063, 3063, 3164, 3163, 3164, 3063, 3064, 3064, 3165, 3164, 3165, 3064, 3065, 3065, 3166, 3165, 3166, 3065, 3066, 3066, 3167, 3166, 3167, 3066, 3067, 3167, 3068, 3168, 3068, 3167, 3067, 3168, 3069, 3169, 3069, 3168, 3068, 3169, 3070, 3170, 3070, 3169, 3069, 3170, 3071, 3171, 3071, 3170, 3070, 3171, 3072, 3172, 3072, 3171, 3071, 3172, 3073, 3173, 3073, 3172, 3072, 3173, 3074, 3174, 3074, 3173, 3073, 3174, 3075, 3175, 3075, 3174, 3074, 3175, 3076, 3176, 3076, 3175, 3075, 3176, 3077, 3177, 3077, 3176, 3076, 3177, 3078, 3178, 3078, 3177, 3077, 3178, 3079, 3179, 3079, 3178, 3078, 3180, 3079, 3080, 3079, 3180, 3179, 3181, 3080, 3081, 3080, 3181, 3180, 3182, 3081, 3082, 3081, 3182, 3181, 3183, 3082, 3083, 3082, 3183, 3182, 3184, 3083, 3084, 3083, 3184, 3183, 3185, 3084, 3085, 3084, 3185, 3184, 3186, 3085, 3086, 3085, 3186, 3185, 3187, 3086, 3087, 3086, 3187, 3186, 3188, 3087, 3088, 3087, 3188, 3187, 3189, 3088, 3089, 3088, 3189, 3188, 3190, 3089, 3090, 3089, 3190, 3189, 3191, 3090, 3091, 3090, 3191, 3190, 3192, 3091, 3092, 3091, 3192, 3191, 3193, 3092, 3093, 3092, 3193, 3192, 3194, 3093, 3094, 3093, 3194, 3193, 3195, 3094, 3095, 3094, 3195, 3194, 3196, 3095, 3096, 3095, 3196, 3195, 3197, 3096, 3097, 3096, 3197, 3196, 3198, 3097, 3098, 3097, 3198, 3197, 3199, 3098, 3099, 3098, 3199, 3198, 3200, 3099, 3100, 3099, 3200, 3199, 3201, 3100, 3101, 3100, 3201, 3200, 3202, 3101, 3102, 3101, 3202, 3201, 3203, 3102, 3103, 3102, 3203, 3202, 3204, 3103, 3104, 3103, 3204, 3203, 3205, 3104, 3105, 3104, 3205, 3204, 3205, 3106, 3206, 3106, 3205, 3105, 3206, 3107, 3207, 3107, 3206, 3106, 3207, 3108, 3208, 3108, 3207, 3107, 3208, 3109, 3209, 3109, 3208, 3108, 3209, 3110, 3210, 3110, 3209, 3109, 3210, 3111, 3211, 3111, 3210, 3110, 3211, 3112, 3212, 3112, 3211, 3111, 3212, 3113, 3213, 3113, 3212, 3112, 3213, 3114, 3214, 3114, 3213, 3113, 3214, 3115, 3215, 3115, 3214, 3114, 3215, 3116, 3216, 3116, 3215, 3115, 3216, 3117, 3217, 3117, 3216, 3116, 3117, 3218, 3217, 3218, 3117, 3118, 3118, 3219, 3218, 3219, 3118, 3119, 3119, 3220, 3219, 3220, 3119, 3120, 3120, 3221, 3220, 3221, 3120, 3121, 3121, 3222, 3221, 3222, 3121, 3122, 3122, 3223, 3222, 3223, 3122, 3123, 3123, 3224, 3223, 3224, 3123, 3124, 3124, 3225, 3224, 3225, 3124, 3125, 3125, 3226, 3225, 3226, 3125, 3126, 3126, 3227, 3226, 3227, 3126, 3127, 3127, 3228, 3227, 3228, 3127, 3128, 3128, 3229, 3228, 3229, 3128, 3129, 3130, 3229, 3129, 3229, 3130, 3230, 3131, 3230, 3130, 3230, 3131, 3231, 3132, 3231, 3131, 3231, 3132, 3232, 3133, 3232, 3132, 3232, 3133, 3233, 3134, 3233, 3133, 3233, 3134, 3234, 3135, 3234, 3134, 3234, 3135, 3235, 3136, 3235, 3135, 3235, 3136, 3236, 3137, 3236, 3136, 3236, 3137, 3237, 3038, 3237, 3137, 3237, 3038, 3138, 3139, 3238, 3138, 3238, 3139, 3239, 3140, 3239, 3139, 3239, 3140, 3240, 3141, 3240, 3140, 3240, 3141, 3241, 3142, 3241, 3141, 3241, 3142, 3242, 3143, 3242, 3142, 3242, 3143, 3243, 3144, 3243, 3143, 3243, 3144, 3244, 3145, 3244, 3144, 3244, 3145, 3245, 3146, 3245, 3145, 3245, 3146, 3246, 3147, 3246, 3146, 3246, 3147, 3247, 3148, 3247, 3147, 3247, 3148, 3248, 3149, 3248, 3148, 3248, 3149, 3249, 3150, 3249, 3149, 3249, 3150, 3250, 3151, 3250, 3150, 3250, 3151, 3251, 3152, 3251, 3151, 3251, 3152, 3252, 3153, 3252, 3152, 3252, 3153, 3253, 3154, 3253, 3153, 3253, 3154, 3254, 3155, 3254, 3154, 3254, 3155, 3255, 3156, 3255, 3155, 3255, 3156, 3256, 3157, 3256, 3156, 3256, 3157, 3257, 3257, 3158, 3258, 3158, 3257, 3157, 3258, 3159, 3259, 3159, 3258, 3158, 3259, 3160, 3260, 3160, 3259, 3159, 3260, 3161, 3261, 3161, 3260, 3160, 3261, 3162, 3262, 3162, 3261, 3161, 3262, 3163, 3263, 3163, 3262, 3162, 3263, 3164, 3264, 3164, 3263, 3163, 3264, 3165, 3265, 3165, 3264, 3164, 3265, 3166, 3266, 3166, 3265, 3165, 3266, 3167, 3267, 3167, 3266, 3166, 3267, 3168, 3268, 3168, 3267, 3167, 3268, 3169, 3269, 3169, 3268, 3168, 3269, 3170, 3270, 3170, 3269, 3169, 3270, 3171, 3271, 3171, 3270, 3170, 3271, 3172, 3272, 3172, 3271, 3171, 3272, 3173, 3273, 3173, 3272, 3172, 3273, 3174, 3274, 3174, 3273, 3173, 3274, 3175, 3275, 3175, 3274, 3174, 3275, 3176, 3276, 3176, 3275, 3175, 3276, 3177, 3277, 3177, 3276, 3176, 3277, 3178, 3278, 3178, 3277, 3177, 3279, 3178, 3179, 3178, 3279, 3278, 3280, 3179, 3180, 3179, 3280, 3279, 3281, 3180, 3181, 3180, 3281, 3280, 3282, 3181, 3182, 3181, 3282, 3281, 3283, 3182, 3183, 3182, 3283, 3282, 3284, 3183, 3184, 3183, 3284, 3283, 3285, 3184, 3185, 3184, 3285, 3284, 3286, 3185, 3186, 3185, 3286, 3285, 3287, 3186, 3187, 3186, 3287, 3286, 3288, 3187, 3188, 3187, 3288, 3287, 3289, 3188, 3189, 3188, 3289, 3288, 3290, 3189, 3190, 3189, 3290, 3289, 3291, 3190, 3191, 3190, 3291, 3290, 3292, 3191, 3192, 3191, 3292, 3291, 3293, 3192, 3193, 3192, 3293, 3292, 3294, 3193, 3194, 3193, 3294, 3293, 3295, 3194, 3195, 3194, 3295, 3294, 3296, 3195, 3196, 3195, 3296, 3295, 3297, 3196, 3197, 3196, 3297, 3296, 3298, 3197, 3198, 3197, 3298, 3297, 3299, 3198, 3199, 3198, 3299, 3298, 3300, 3199, 3200, 3199, 3300, 3299, 3301, 3200, 3201, 3200, 3301, 3300, 3302, 3201, 3202, 3201, 3302, 3301, 3303, 3202, 3203, 3202, 3303, 3302, 3304, 3203, 3204, 3203, 3304, 3303, 3305, 3204, 3205, 3204, 3305, 3304, 3306, 3205, 3206, 3205, 3306, 3305, 3307, 3206, 3207, 3206, 3307, 3306, 3208, 3307, 3207, 3307, 3208, 3308, 3209, 3308, 3208, 3308, 3209, 3309, 3210, 3309, 3209, 3309, 3210, 3310, 3211, 3310, 3210, 3310, 3211, 3311, 3212, 3311, 3211, 3311, 3212, 3312, 3213, 3312, 3212, 3312, 3213, 3313, 3214, 3313, 3213, 3313, 3214, 3314, 3215, 3314, 3214, 3314, 3215, 3315, 3216, 3315, 3215, 3315, 3216, 3316, 3217, 3316, 3216, 3316, 3217, 3317, 3218, 3317, 3217, 3317, 3218, 3318, 3219, 3318, 3218, 3318, 3219, 3319, 3220, 3319, 3219, 3319, 3220, 3320, 3221, 3320, 3220, 3320, 3221, 3321, 3222, 3321, 3221, 3321, 3222, 3322, 3223, 3322, 3222, 3322, 3223, 3323, 3224, 3323, 3223, 3323, 3224, 3324, 3225, 3324, 3224, 3324, 3225, 3325, 3226, 3325, 3225, 3325, 3226, 3326, 3227, 3326, 3226, 3326, 3227, 3327, 3228, 3327, 3227, 3327, 3228, 3328, 3229, 3328, 3228, 3328, 3229, 3329, 3230, 3329, 3229, 3329, 3230, 3330, 3231, 3330, 3230, 3330, 3231, 3331, 3232, 3331, 3231, 3331, 3232, 3332, 3233, 3332, 3232, 3332, 3233, 3333, 3234, 3333, 3233, 3333, 3234, 3334, 3235, 3334, 3234, 3334, 3235, 3335, 3236, 3335, 3235, 3335, 3236, 3336, 3237, 3336, 3236, 3336, 3237, 3337, 3138, 3337, 3237, 3337, 3138, 3238, 3239, 3338, 3238, 3338, 3239, 3339, 3240, 3339, 3239, 3339, 3240, 3340, 3241, 3340, 3240, 3340, 3241, 3341, 3242, 3341, 3241, 3341, 3242, 3342, 3243, 3342, 3242, 3342, 3243, 3343, 3244, 3343, 3243, 3343, 3244, 3344, 3245, 3344, 3244, 3344, 3245, 3345, 3246, 3345, 3245, 3345, 3246, 3346, 3247, 3346, 3246, 3346, 3247, 3347, 3248, 3347, 3247, 3347, 3248, 3348, 3249, 3348, 3248, 3348, 3249, 3349, 3250, 3349, 3249, 3349, 3250, 3350, 3251, 3350, 3250, 3350, 3251, 3351, 3252, 3351, 3251, 3351, 3252, 3352, 3253, 3352, 3252, 3352, 3253, 3353, 3254, 3353, 3253, 3353, 3254, 3354, 3255, 3354, 3254, 3354, 3255, 3355, 3256, 3355, 3255, 3355, 3256, 3356, 3356, 3257, 3357, 3257, 3356, 3256, 3357, 3258, 3358, 3258, 3357, 3257, 3358, 3259, 3359, 3259, 3358, 3258, 3359, 3260, 3360, 3260, 3359, 3259, 3360, 3261, 3361, 3261, 3360, 3260, 3361, 3262, 3362, 3262, 3361, 3261, 3362, 3263, 3363, 3263, 3362, 3262, 3363, 3264, 3364, 3264, 3363, 3263, 3364, 3265, 3365, 3265, 3364, 3264, 3365, 3266, 3366, 3266, 3365, 3265, 3366, 3267, 3367, 3267, 3366, 3266, 3367, 3268, 3368, 3268, 3367, 3267, 3368, 3269, 3369, 3269, 3368, 3268, 3369, 3270, 3370, 3270, 3369, 3269, 3370, 3271, 3371, 3271, 3370, 3270, 3371, 3272, 3372, 3272, 3371, 3271, 3372, 3273, 3373, 3273, 3372, 3272, 3373, 3274, 3374, 3274, 3373, 3273, 3374, 3275, 3375, 3275, 3374, 3274, 3375, 3276, 3376, 3276, 3375, 3275, 3376, 3277, 3377, 3277, 3376, 3276, 3377, 3278, 3378, 3278, 3377, 3277, 3379, 3278, 3279, 3278, 3379, 3378, 3380, 3279, 3280, 3279, 3380, 3379, 3381, 3280, 3281, 3280, 3381, 3380, 3382, 3281, 3282, 3281, 3382, 3381, 3383, 3282, 3283, 3282, 3383, 3382, 3384, 3283, 3284, 3283, 3384, 3383, 3385, 3284, 3285, 3284, 3385, 3384, 3386, 3285, 3286, 3285, 3386, 3385, 3387, 3286, 3287, 3286, 3387, 3386, 3388, 3287, 3288, 3287, 3388, 3387, 3389, 3288, 3289, 3288, 3389, 3388, 3390, 3289, 3290, 3289, 3390, 3389, 3391, 3290, 3291, 3290, 3391, 3390, 3392, 3291, 3292, 3291, 3392, 3391, 3393, 3292, 3293, 3292, 3393, 3392, 3394, 3293, 3294, 3293, 3394, 3393, 3395, 3294, 3295, 3294, 3395, 3394, 3396, 3295, 3296, 3295, 3396, 3395, 3397, 3296, 3297, 3296, 3397, 3396, 3398, 3297, 3298, 3297, 3398, 3397, 3399, 3298, 3299, 3298, 3399, 3398, 3400, 3299, 3300, 3299, 3400, 3399, 3401, 3300, 3301, 3300, 3401, 3400, 3402, 3301, 3302, 3301, 3402, 3401, 3403, 3302, 3303, 3302, 3403, 3402, 3404, 3303, 3304, 3303, 3404, 3403, 3405, 3304, 3305, 3304, 3405, 3404, 3406, 3305, 3306, 3305, 3406, 3405, 3307, 3406, 3306, 3406, 3307, 3407, 3308, 3407, 3307, 3407, 3308, 3408, 3309, 3408, 3308, 3408, 3309, 3409, 3310, 3409, 3309, 3409, 3310, 3410, 3311, 3410, 3310, 3410, 3311, 3411, 3312, 3411, 3311, 3411, 3312, 3412, 3313, 3412, 3312, 3412, 3313, 3413, 3314, 3413, 3313, 3413, 3314, 3414, 3315, 3414, 3314, 3414, 3315, 3415, 3316, 3415, 3315, 3415, 3316, 3416, 3317, 3416, 3316, 3416, 3317, 3417, 3318, 3417, 3317, 3417, 3318, 3418, 3319, 3418, 3318, 3418, 3319, 3419, 3320, 3419, 3319, 3419, 3320, 3420, 3321, 3420, 3320, 3420, 3321, 3421, 3322, 3421, 3321, 3421, 3322, 3422, 3323, 3422, 3322, 3422, 3323, 3423, 3324, 3423, 3323, 3423, 3324, 3424, 3325, 3424, 3324, 3424, 3325, 3425, 3326, 3425, 3325, 3425, 3326, 3426, 3327, 3426, 3326, 3426, 3327, 3427, 3328, 3427, 3327, 3427, 3328, 3428, 3329, 3428, 3328, 3428, 3329, 3429, 3330, 3429, 3329, 3429, 3330, 3430, 3331, 3430, 3330, 3430, 3331, 3431, 3332, 3431, 3331, 3431, 3332, 3432, 3333, 3432, 3332, 3432, 3333, 3433, 3334, 3433, 3333, 3433, 3334, 3434, 3335, 3434, 3334, 3434, 3335, 3435, 3336, 3435, 3335, 3435, 3336, 3436, 3337, 3436, 3336, 3436, 3337, 3437, 3238, 3437, 3337, 3437, 3238, 3338, 3339, 3438, 3338, 3438, 3339, 3439, 3340, 3439, 3339, 3439, 3340, 3440, 3341, 3440, 3340, 3440, 3341, 3441, 3342, 3441, 3341, 3441, 3342, 3442, 3343, 3442, 3342, 3442, 3343, 3443, 3344, 3443, 3343, 3443, 3344, 3444, 3345, 3444, 3344, 3444, 3345, 3445, 3346, 3445, 3345, 3445, 3346, 3446, 3347, 3446, 3346, 3446, 3347, 3447, 3348, 3447, 3347, 3447, 3348, 3448, 3349, 3448, 3348, 3448, 3349, 3449, 3350, 3449, 3349, 3449, 3350, 3450, 3351, 3450, 3350, 3450, 3351, 3451, 3352, 3451, 3351, 3451, 3352, 3452, 3353, 3452, 3352, 3452, 3353, 3453, 3354, 3453, 3353, 3453, 3354, 3454, 3355, 3454, 3354, 3454, 3355, 3455, 3455, 3356, 3456, 3356, 3455, 3355, 3456, 3357, 3457, 3357, 3456, 3356, 3457, 3358, 3458, 3358, 3457, 3357, 3458, 3359, 3459, 3359, 3458, 3358, 3459, 3360, 3460, 3360, 3459, 3359, 3460, 3361, 3461, 3361, 3460, 3360, 3461, 3362, 3462, 3362, 3461, 3361, 3462, 3363, 3463, 3363, 3462, 3362, 3463, 3364, 3464, 3364, 3463, 3363, 3464, 3365, 3465, 3365, 3464, 3364, 3465, 3366, 3466, 3366, 3465, 3365, 3466, 3367, 3467, 3367, 3466, 3366, 3467, 3368, 3468, 3368, 3467, 3367, 3468, 3369, 3469, 3369, 3468, 3368, 3469, 3370, 3470, 3370, 3469, 3369, 3470, 3371, 3471, 3371, 3470, 3370, 3471, 3372, 3472, 3372, 3471, 3371, 3472, 3373, 3473, 3373, 3472, 3372, 3473, 3374, 3474, 3374, 3473, 3373, 3474, 3375, 3475, 3375, 3474, 3374, 3475, 3376, 3476, 3376, 3475, 3375, 3476, 3377, 3477, 3377, 3476, 3376, 3477, 3378, 3478, 3378, 3477, 3377, 3478, 3379, 3479, 3379, 3478, 3378, 3480, 3379, 3380, 3379, 3480, 3479, 3481, 3380, 3381, 3380, 3481, 3480, 3482, 3381, 3382, 3381, 3482, 3481, 3483, 3382, 3383, 3382, 3483, 3482, 3484, 3383, 3384, 3383, 3484, 3483, 3485, 3384, 3385, 3384, 3485, 3484, 3486, 3385, 3386, 3385, 3486, 3485, 3487, 3386, 3387, 3386, 3487, 3486, 3488, 3387, 3388, 3387, 3488, 3487, 3489, 3388, 3389, 3388, 3489, 3488, 3490, 3389, 3390, 3389, 3490, 3489, 3491, 3390, 3391, 3390, 3491, 3490, 3492, 3391, 3392, 3391, 3492, 3491, 3493, 3392, 3393, 3392, 3493, 3492, 3494, 3393, 3394, 3393, 3494, 3493, 3495, 3394, 3395, 3394, 3495, 3494, 3496, 3395, 3396, 3395, 3496, 3495, 3497, 3396, 3397, 3396, 3497, 3496, 3498, 3397, 3398, 3397, 3498, 3497, 3499, 3398, 3399, 3398, 3499, 3498, 3500, 3399, 3400, 3399, 3500, 3499, 3501, 3400, 3401, 3400, 3501, 3500, 3502, 3401, 3402, 3401, 3502, 3501, 3503, 3402, 3403, 3402, 3503, 3502, 3504, 3403, 3404, 3403, 3504, 3503, 3505, 3404, 3405, 3404, 3505, 3504, 3406, 3505, 3405, 3505, 3406, 3506, 3407, 3506, 3406, 3506, 3407, 3507, 3408, 3507, 3407, 3507, 3408, 3508, 3409, 3508, 3408, 3508, 3409, 3509, 3410, 3509, 3409, 3509, 3410, 3510, 3411, 3510, 3410, 3510, 3411, 3511, 3412, 3511, 3411, 3511, 3412, 3512, 3413, 3512, 3412, 3512, 3413, 3513, 3414, 3513, 3413, 3513, 3414, 3514, 3415, 3514, 3414, 3514, 3415, 3515, 3416, 3515, 3415, 3515, 3416, 3516, 3417, 3516, 3416, 3516, 3417, 3517, 3418, 3517, 3417, 3517, 3418, 3518, 3419, 3518, 3418, 3518, 3419, 3519, 3420, 3519, 3419, 3519, 3420, 3520, 3421, 3520, 3420, 3520, 3421, 3521, 3422, 3521, 3421, 3521, 3422, 3522, 3423, 3522, 3422, 3522, 3423, 3523, 3424, 3523, 3423, 3523, 3424, 3524, 3425, 3524, 3424, 3524, 3425, 3525, 3426, 3525, 3425, 3525, 3426, 3526, 3427, 3526, 3426, 3526, 3427, 3527, 3428, 3527, 3427, 3527, 3428, 3528, 3429, 3528, 3428, 3528, 3429, 3529, 3430, 3529, 3429, 3529, 3430, 3530, 3431, 3530, 3430, 3530, 3431, 3531, 3432, 3531, 3431, 3531, 3432, 3532, 3433, 3532, 3432, 3532, 3433, 3533, 3434, 3533, 3433, 3533, 3434, 3534, 3435, 3534, 3434, 3534, 3435, 3535, 3436, 3535, 3435, 3535, 3436, 3536, 3437, 3536, 3436, 3536, 3437, 3537, 3338, 3537, 3437, 3537, 3338, 3438, 3439, 3538, 3438, 3538, 3439, 3539, 3440, 3539, 3439, 3539, 3440, 3540, 3441, 3540, 3440, 3540, 3441, 3541, 3442, 3541, 3441, 3541, 3442, 3542, 3443, 3542, 3442, 3542, 3443, 3543, 3444, 3543, 3443, 3543, 3444, 3544, 3445, 3544, 3444, 3544, 3445, 3545, 3446, 3545, 3445, 3545, 3446, 3546, 3447, 3546, 3446, 3546, 3447, 3547, 3448, 3547, 3447, 3547, 3448, 3548, 3449, 3548, 3448, 3548, 3449, 3549, 3450, 3549, 3449, 3549, 3450, 3550, 3451, 3550, 3450, 3550, 3451, 3551, 3452, 3551, 3451, 3551, 3452, 3552, 3453, 3552, 3452, 3552, 3453, 3553, 3454, 3553, 3453, 3553, 3454, 3554, 3455, 3554, 3454, 3554, 3455, 3555, 3555, 3456, 3556, 3456, 3555, 3455, 3556, 3457, 3557, 3457, 3556, 3456, 3557, 3458, 3558, 3458, 3557, 3457, 3558, 3459, 3559, 3459, 3558, 3458, 3559, 3460, 3560, 3460, 3559, 3459, 3560, 3461, 3561, 3461, 3560, 3460, 3561, 3462, 3562, 3462, 3561, 3461, 3562, 3463, 3563, 3463, 3562, 3462, 3563, 3464, 3564, 3464, 3563, 3463, 3564, 3465, 3565, 3465, 3564, 3464, 3565, 3466, 3566, 3466, 3565, 3465, 3566, 3467, 3567, 3467, 3566, 3466, 3567, 3468, 3568, 3468, 3567, 3467, 3568, 3469, 3569, 3469, 3568, 3468, 3569, 3470, 3570, 3470, 3569, 3469, 3570, 3471, 3571, 3471, 3570, 3470, 3571, 3472, 3572, 3472, 3571, 3471, 3572, 3473, 3573, 3473, 3572, 3472, 3573, 3474, 3574, 3474, 3573, 3473, 3574, 3475, 3575, 3475, 3574, 3474, 3575, 3476, 3576, 3476, 3575, 3475, 3576, 3477, 3577, 3477, 3576, 3476, 3577, 3478, 3578, 3478, 3577, 3477, 3578, 3479, 3579, 3479, 3578, 3478, 3579, 3480, 3580, 3480, 3579, 3479, 3581, 3480, 3481, 3480, 3581, 3580, 3582, 3481, 3482, 3481, 3582, 3581, 3583, 3482, 3483, 3482, 3583, 3582, 3584, 3483, 3484, 3483, 3584, 3583, 3585, 3484, 3485, 3484, 3585, 3584, 3586, 3485, 3486, 3485, 3586, 3585, 3587, 3486, 3487, 3486, 3587, 3586, 3588, 3487, 3488, 3487, 3588, 3587, 3589, 3488, 3489, 3488, 3589, 3588, 3590, 3489, 3490, 3489, 3590, 3589, 3591, 3490, 3491, 3490, 3591, 3590, 3592, 3491, 3492, 3491, 3592, 3591, 3593, 3492, 3493, 3492, 3593, 3592, 3594, 3493, 3494, 3493, 3594, 3593, 3595, 3494, 3495, 3494, 3595, 3594, 3596, 3495, 3496, 3495, 3596, 3595, 3597, 3496, 3497, 3496, 3597, 3596, 3598, 3497, 3498, 3497, 3598, 3597, 3599, 3498, 3499, 3498, 3599, 3598, 3600, 3499, 3500, 3499, 3600, 3599, 3601, 3500, 3501, 3500, 3601, 3600, 3602, 3501, 3502, 3501, 3602, 3601, 3603, 3502, 3503, 3502, 3603, 3602, 3604, 3503, 3504, 3503, 3604, 3603, 3605, 3504, 3505, 3504, 3605, 3604, 3506, 3605, 3505, 3605, 3506, 3606, 3507, 3606, 3506, 3606, 3507, 3607, 3508, 3607, 3507, 3607, 3508, 3608, 3509, 3608, 3508, 3608, 3509, 3609, 3510, 3609, 3509, 3609, 3510, 3610, 3511, 3610, 3510, 3610, 3511, 3611, 3512, 3611, 3511, 3611, 3512, 3612, 3513, 3612, 3512, 3612, 3513, 3613, 3514, 3613, 3513, 3613, 3514, 3614, 3515, 3614, 3514, 3614, 3515, 3615, 3516, 3615, 3515, 3615, 3516, 3616, 3517, 3616, 3516, 3616, 3517, 3617, 3518, 3617, 3517, 3617, 3518, 3618, 3519, 3618, 3518, 3618, 3519, 3619, 3520, 3619, 3519, 3619, 3520, 3620, 3521, 3620, 3520, 3620, 3521, 3621, 3522, 3621, 3521, 3621, 3522, 3622, 3523, 3622, 3522, 3622, 3523, 3623, 3524, 3623, 3523, 3623, 3524, 3624, 3525, 3624, 3524, 3624, 3525, 3625, 3526, 3625, 3525, 3625, 3526, 3626, 3527, 3626, 3526, 3626, 3527, 3627, 3528, 3627, 3527, 3627, 3528, 3628, 3529, 3628, 3528, 3628, 3529, 3629, 3530, 3629, 3529, 3629, 3530, 3630, 3531, 3630, 3530, 3630, 3531, 3631, 3532, 3631, 3531, 3631, 3532, 3632, 3533, 3632, 3532, 3632, 3533, 3633, 3534, 3633, 3533, 3633, 3534, 3634, 3535, 3634, 3534, 3634, 3535, 3635, 3536, 3635, 3535, 3635, 3536, 3636, 3537, 3636, 3536, 3636, 3537, 3637, 3438, 3637, 3537, 3637, 3438, 3538, 3539, 3638, 3538, 3638, 3539, 3639, 3540, 3639, 3539, 3639, 3540, 3640, 3541, 3640, 3540, 3640, 3541, 3641, 3542, 3641, 3541, 3641, 3542, 3642, 3543, 3642, 3542, 3642, 3543, 3643, 3544, 3643, 3543, 3643, 3544, 3644, 3545, 3644, 3544, 3644, 3545, 3645, 3546, 3645, 3545, 3645, 3546, 3646, 3547, 3646, 3546, 3646, 3547, 3647, 3548, 3647, 3547, 3647, 3548, 3648, 3549, 3648, 3548, 3648, 3549, 3649, 3550, 3649, 3549, 3649, 3550, 3650, 3551, 3650, 3550, 3650, 3551, 3651, 3552, 3651, 3551, 3651, 3552, 3652, 3553, 3652, 3552, 3652, 3553, 3653, 3554, 3653, 3553, 3653, 3554, 3654, 3555, 3654, 3554, 3654, 3555, 3655, 3655, 3556, 3656, 3556, 3655, 3555, 3656, 3557, 3657, 3557, 3656, 3556, 3657, 3558, 3658, 3558, 3657, 3557, 3658, 3559, 3659, 3559, 3658, 3558, 3659, 3560, 3660, 3560, 3659, 3559, 3660, 3561, 3661, 3561, 3660, 3560, 3661, 3562, 3662, 3562, 3661, 3561, 3662, 3563, 3663, 3563, 3662, 3562, 3663, 3564, 3664, 3564, 3663, 3563, 3664, 3565, 3665, 3565, 3664, 3564, 3665, 3566, 3666, 3566, 3665, 3565, 3666, 3567, 3667, 3567, 3666, 3566, 3667, 3568, 3668, 3568, 3667, 3567, 3668, 3569, 3669, 3569, 3668, 3568, 3669, 3570, 3670, 3570, 3669, 3569, 3670, 3571, 3671, 3571, 3670, 3570, 3671, 3572, 3672, 3572, 3671, 3571, 3672, 3573, 3673, 3573, 3672, 3572, 3673, 3574, 3674, 3574, 3673, 3573, 3674, 3575, 3675, 3575, 3674, 3574, 3675, 3576, 3676, 3576, 3675, 3575, 3676, 3577, 3677, 3577, 3676, 3576, 3677, 3578, 3678, 3578, 3677, 3577, 3678, 3579, 3679, 3579, 3678, 3578, 3679, 3580, 3680, 3580, 3679, 3579, 3681, 3580, 3581, 3580, 3681, 3680, 3682, 3581, 3582, 3581, 3682, 3681, 3683, 3582, 3583, 3582, 3683, 3682, 3684, 3583, 3584, 3583, 3684, 3683, 3685, 3584, 3585, 3584, 3685, 3684, 3686, 3585, 3586, 3585, 3686, 3685, 3687, 3586, 3587, 3586, 3687, 3686, 3688, 3587, 3588, 3587, 3688, 3687, 3689, 3588, 3589, 3588, 3689, 3688, 3690, 3589, 3590, 3589, 3690, 3689, 3691, 3590, 3591, 3590, 3691, 3690, 3692, 3591, 3592, 3591, 3692, 3691, 3693, 3592, 3593, 3592, 3693, 3692, 3694, 3593, 3594, 3593, 3694, 3693, 3695, 3594, 3595, 3594, 3695, 3694, 3696, 3595, 3596, 3595, 3696, 3695, 3697, 3596, 3597, 3596, 3697, 3696, 3698, 3597, 3598, 3597, 3698, 3697, 3699, 3598, 3599, 3598, 3699, 3698, 3700, 3599, 3600, 3599, 3700, 3699, 3701, 3600, 3601, 3600, 3701, 3700, 3702, 3601, 3602, 3601, 3702, 3701, 3703, 3602, 3603, 3602, 3703, 3702, 3704, 3603, 3604, 3603, 3704, 3703, 3705, 3604, 3605, 3604, 3705, 3704, 3606, 3705, 3605, 3705, 3606, 3706, 3607, 3706, 3606, 3706, 3607, 3707, 3608, 3707, 3607, 3707, 3608, 3708, 3609, 3708, 3608, 3708, 3609, 3709, 3610, 3709, 3609, 3709, 3610, 3710, 3611, 3710, 3610, 3710, 3611, 3711, 3612, 3711, 3611, 3711, 3612, 3712, 3613, 3712, 3612, 3712, 3613, 3713, 3614, 3713, 3613, 3713, 3614, 3714, 3615, 3714, 3614, 3714, 3615, 3715, 3616, 3715, 3615, 3715, 3616, 3716, 3617, 3716, 3616, 3716, 3617, 3717, 3618, 3717, 3617, 3717, 3618, 3718, 3619, 3718, 3618, 3718, 3619, 3719, 3620, 3719, 3619, 3719, 3620, 3720, 3621, 3720, 3620, 3720, 3621, 3721, 3622, 3721, 3621, 3721, 3622, 3722, 3623, 3722, 3622, 3722, 3623, 3723, 3624, 3723, 3623, 3723, 3624, 3724, 3625, 3724, 3624, 3724, 3625, 3725, 3626, 3725, 3625, 3725, 3626, 3726, 3627, 3726, 3626, 3726, 3627, 3727, 3628, 3727, 3627, 3727, 3628, 3728, 3629, 3728, 3628, 3728, 3629, 3729, 3630, 3729, 3629, 3729, 3630, 3730, 3631, 3730, 3630, 3730, 3631, 3731, 3632, 3731, 3631, 3731, 3632, 3732, 3633, 3732, 3632, 3732, 3633, 3733, 3634, 3733, 3633, 3733, 3634, 3734, 3635, 3734, 3634, 3734, 3635, 3735, 3636, 3735, 3635, 3735, 3636, 3736, 3637, 3736, 3636, 3736, 3637, 3737, 3538, 3737, 3637, 3737, 3538, 3638, 3639, 3738, 3638, 3738, 3639, 3739, 3640, 3739, 3639, 3739, 3640, 3740, 3641, 3740, 3640, 3740, 3641, 3741, 3642, 3741, 3641, 3741, 3642, 3742, 3643, 3742, 3642, 3742, 3643, 3743, 3644, 3743, 3643, 3743, 3644, 3744, 3645, 3744, 3644, 3744, 3645, 3745, 3646, 3745, 3645, 3745, 3646, 3746, 3647, 3746, 3646, 3746, 3647, 3747, 3648, 3747, 3647, 3747, 3648, 3748, 3649, 3748, 3648, 3748, 3649, 3749, 3650, 3749, 3649, 3749, 3650, 3750, 3651, 3750, 3650, 3750, 3651, 3751, 3652, 3751, 3651, 3751, 3652, 3752, 3653, 3752, 3652, 3752, 3653, 3753, 3654, 3753, 3653, 3753, 3654, 3754, 3655, 3754, 3654, 3754, 3655, 3755, 3755, 3656, 3756, 3656, 3755, 3655, 3756, 3657, 3757, 3657, 3756, 3656, 3757, 3658, 3758, 3658, 3757, 3657, 3758, 3659, 3759, 3659, 3758, 3658, 3759, 3660, 3760, 3660, 3759, 3659, 3760, 3661, 3761, 3661, 3760, 3660, 3761, 3662, 3762, 3662, 3761, 3661, 3762, 3663, 3763, 3663, 3762, 3662, 3763, 3664, 3764, 3664, 3763, 3663, 3764, 3665, 3765, 3665, 3764, 3664, 3765, 3666, 3766, 3666, 3765, 3665, 3766, 3667, 3767, 3667, 3766, 3666, 3767, 3668, 3768, 3668, 3767, 3667, 3768, 3669, 3769, 3669, 3768, 3668, 3769, 3670, 3770, 3670, 3769, 3669, 3770, 3671, 3771, 3671, 3770, 3670, 3771, 3672, 3772, 3672, 3771, 3671, 3772, 3673, 3773, 3673, 3772, 3672, 3773, 3674, 3774, 3674, 3773, 3673, 3774, 3675, 3775, 3675, 3774, 3674, 3775, 3676, 3776, 3676, 3775, 3675, 3776, 3677, 3777, 3677, 3776, 3676, 3777, 3678, 3778, 3678, 3777, 3677, 3778, 3679, 3779, 3679, 3778, 3678, 3779, 3680, 3780, 3680, 3779, 3679, 3781, 3680, 3681, 3680, 3781, 3780, 3782, 3681, 3682, 3681, 3782, 3781, 3783, 3682, 3683, 3682, 3783, 3782, 3784, 3683, 3684, 3683, 3784, 3783, 3785, 3684, 3685, 3684, 3785, 3784, 3786, 3685, 3686, 3685, 3786, 3785, 3787, 3686, 3687, 3686, 3787, 3786, 3788, 3687, 3688, 3687, 3788, 3787, 3789, 3688, 3689, 3688, 3789, 3788, 3790, 3689, 3690, 3689, 3790, 3789, 3791, 3690, 3691, 3690, 3791, 3790, 3792, 3691, 3692, 3691, 3792, 3791, 3793, 3692, 3693, 3692, 3793, 3792, 3794, 3693, 3694, 3693, 3794, 3793, 3795, 3694, 3695, 3694, 3795, 3794, 3796, 3695, 3696, 3695, 3796, 3795, 3797, 3696, 3697, 3696, 3797, 3796, 3798, 3697, 3698, 3697, 3798, 3797, 561, 3698, 3699, 3698, 561, 3798, 3798, 561, 3799, 563, 3699, 3700, 3699, 563, 561, 561, 563, 3800, 561, 3800, 3799, 565, 3700, 3701, 3700, 565, 563, 563, 565, 3801, 563, 3801, 3800, 567, 3701, 3702, 3701, 567, 565, 565, 567, 3802, 565, 3802, 3801, 569, 3702, 3703, 3702, 569, 567, 567, 569, 3803, 567, 3803, 3802, 571, 3703, 3704, 3703, 571, 569, 569, 571, 3804, 569, 3804, 3803, 573, 3704, 3705, 3704, 573, 571, 571, 573, 3805, 571, 3805, 3804, 3705, 3805, 573, 3805, 3705, 3706, 3805, 3706, 575, 3806, 3805, 575, 3706, 3806, 575, 3806, 3706, 3707, 3806, 3707, 578, 3807, 3806, 578, 3707, 3807, 578, 3807, 3707, 3708, 3807, 3708, 580, 3808, 3807, 580, 3708, 3808, 580, 3808, 3708, 3709, 3808, 3709, 582, 3809, 3808, 582, 3709, 3809, 582, 3809, 3709, 3710, 3809, 3710, 584, 3810, 3809, 584, 3710, 3810, 584, 3810, 3710, 3711, 3810, 3711, 586, 3811, 3810, 586, 3711, 3811, 586, 3811, 3711, 3712, 3811, 3712, 588, 3812, 3811, 588, 3712, 3812, 588, 3812, 3712, 3713, 3812, 3713, 590, 3813, 3812, 590, 3713, 3813, 590, 3813, 3713, 3714, 3813, 3714, 592, 3814, 3813, 592, 3714, 3814, 592, 3814, 3714, 3715, 3814, 3715, 594, 3815, 3814, 594, 3715, 3815, 594, 3815, 3715, 3716, 3815, 3716, 596, 3816, 3815, 596, 3816, 3716, 3717, 3816, 3717, 598, 3817, 3816, 598, 3717, 3817, 598, 3817, 3717, 3718, 3817, 3718, 600, 3818, 3817, 600, 3718, 3818, 600, 3818, 3718, 3719, 3818, 3719, 602, 3819, 3818, 602, 3719, 3819, 602, 3819, 3719, 3720, 3819, 3720, 604, 3820, 3819, 604, 3720, 3820, 604, 3820, 3720, 3721, 3820, 3721, 606, 3821, 3820, 606, 3721, 3821, 606, 3821, 3721, 3722, 3821, 3722, 608, 3822, 3821, 608, 3722, 3822, 608, 3822, 3722, 3723, 3822, 3723, 610, 3823, 3822, 610, 3723, 3823, 610, 3823, 3723, 3724, 3823, 3724, 612, 3824, 3823, 612, 3724, 3824, 612, 3824, 3724, 3725, 3824, 3725, 614, 3825, 3824, 614, 3725, 3825, 614, 3825, 3725, 3726, 3825, 3726, 616, 3826, 3825, 616, 3726, 3826, 616, 3826, 3726, 3727, 3826, 3727, 618, 3827, 3826, 618, 3727, 3827, 618, 3827, 3727, 3728, 3827, 3728, 620, 3828, 3827, 620, 3728, 3828, 620, 3828, 3728, 3729, 3828, 3729, 622, 3829, 3828, 622, 3729, 3829, 622, 3829, 3729, 3730, 3829, 3730, 3830, 3830, 3730, 623, 3731, 623, 3730, 623, 3731, 625, 623, 625, 3830, 3830, 625, 3831, 3732, 625, 3731, 625, 3732, 627, 625, 627, 3831, 3831, 627, 3832, 3733, 627, 3732, 627, 3733, 629, 627, 629, 3832, 3832, 629, 3833, 3734, 629, 3733, 629, 3734, 631, 629, 631, 3833, 3833, 631, 3834, 3735, 631, 3734, 631, 3735, 633, 631, 633, 3834, 3834, 633, 3835, 3736, 633, 3735, 633, 3736, 635, 633, 635, 3835, 3835, 635, 3836, 3737, 635, 3736, 635, 3737, 3837, 635, 3837, 3836, 3638, 3837, 3737, 3837, 3638, 3738, 3840, 3839, 3838, 3839, 3840, 3841, 3842, 3841, 3840, 3841, 3842, 3843, 3844, 3843, 3842, 3843, 3844, 3845, 3846, 3845, 3844, 3845, 3846, 3847, 3848, 3847, 3846, 3847, 3848, 3849, 3850, 3849, 3848, 3849, 3850, 3851, 3852, 3851, 3850, 3851, 3852, 3853, 3854, 3853, 3852, 3853, 3854, 3855, 3856, 3855, 3854, 3855, 3856, 3857, 3858, 3857, 3856, 3857, 3858, 3859, 3860, 3859, 3858, 3859, 3860, 3861, 3862, 3861, 3860, 3861, 3862, 3863, 3864, 3863, 3862, 3863, 3864, 3865, 3866, 3865, 3864, 3865, 3866, 3867, 3868, 3867, 3866, 3867, 3868, 3869, 3870, 3869, 3868, 3869, 3870, 3871, 3872, 3871, 3870, 3871, 3872, 3873, 3873, 3875, 3874, 3875, 3873, 3872, 3874, 3877, 3876, 3877, 3874, 3875, 3876, 3879, 3878, 3879, 3876, 3877, 3878, 3881, 3880, 3881, 3878, 3879, 3880, 3883, 3882, 3883, 3880, 3881, 3882, 3885, 3884, 3885, 3882, 3883, 3884, 3887, 3886, 3887, 3884, 3885, 3886, 3889, 3888, 3889, 3886, 3887, 3888, 3891, 3890, 3891, 3888, 3889, 3890, 3893, 3892, 3893, 3890, 3891, 3892, 3895, 3894, 3895, 3892, 3893, 3894, 3897, 3896, 3897, 3894, 3895, 3896, 3899, 3898, 3899, 3896, 3897, 3898, 3901, 3900, 3901, 3898, 3899, 3900, 3903, 3902, 3903, 3900, 3901, 3902, 3905, 3904, 3905, 3902, 3903, 3904, 3907, 3906, 3907, 3904, 3905, 3906, 3909, 3908, 3909, 3906, 3907, 3908, 3911, 3910, 3911, 3908, 3909, 3910, 3913, 3912, 3913, 3910, 3911, 3912, 3915, 3914, 3915, 3912, 3913, 3914, 3917, 3916, 3917, 3914, 3915, 3916, 3919, 3918, 3919, 3916, 3917, 3918, 3921, 3920, 3921, 3918, 3919, 3920, 3923, 3922, 3923, 3920, 3921, 3925, 3923, 3924, 3923, 3925, 3922, 3927, 3924, 3926, 3924, 3927, 3925, 3929, 3926, 3928, 3926, 3929, 3927, 3931, 3928, 3930, 3928, 3931, 3929, 3933, 3930, 3932, 3930, 3933, 3931, 3935, 3932, 3934, 3932, 3935, 3933, 3937, 3934, 3936, 3934, 3937, 3935, 3939, 3936, 3938, 3936, 3939, 3937, 3941, 3938, 3940, 3938, 3941, 3939, 3943, 3940, 3942, 3940, 3943, 3941, 3945, 3942, 3944, 3942, 3945, 3943, 3947, 3944, 3946, 3944, 3947, 3945, 3949, 3946, 3948, 3946, 3949, 3947, 3951, 3948, 3950, 3948, 3951, 3949, 3953, 3950, 3952, 3950, 3953, 3951, 3955, 3952, 3954, 3952, 3955, 3953, 3957, 3954, 3956, 3954, 3957, 3955, 3959, 3956, 3958, 3956, 3959, 3957, 3961, 3958, 3960, 3958, 3961, 3959, 3963, 3960, 3962, 3960, 3963, 3961, 3965, 3962, 3964, 3962, 3965, 3963, 3967, 3964, 3966, 3964, 3967, 3965, 3969, 3966, 3968, 3966, 3969, 3967, 3971, 3968, 3970, 3968, 3971, 3969, 3973, 3970, 3972, 3970, 3973, 3971, 3974, 3973, 3972, 3973, 3974, 3975, 3976, 3975, 3974, 3975, 3976, 3977, 3978, 3977, 3976, 3977, 3978, 3979, 3980, 3979, 3978, 3979, 3980, 3981, 3982, 3981, 3980, 3981, 3982, 3983, 3984, 3983, 3982, 3983, 3984, 3985, 3986, 3985, 3984, 3985, 3986, 3987, 3988, 3987, 3986, 3987, 3988, 3989, 3990, 3989, 3988, 3989, 3990, 3991, 3992, 3991, 3990, 3991, 3992, 3993, 3994, 3993, 3992, 3993, 3994, 3995, 3996, 3995, 3994, 3995, 3996, 3997, 3998, 3997, 3996, 3997, 3998, 3999, 4000, 3999, 3998, 3999, 4000, 4001, 4002, 4001, 4000, 4001, 4002, 4003, 4004, 4003, 4002, 4003, 4004, 4005, 4006, 4005, 4004, 4005, 4006, 4007, 4008, 4007, 4006, 4007, 4008, 4009, 4010, 4009, 4008, 4009, 4010, 4011, 4012, 4011, 4010, 4011, 4012, 4013, 4014, 4013, 4012, 4013, 4014, 4015, 4016, 4015, 4014, 4015, 4016, 4017, 4018, 4017, 4016, 4017, 4018, 4019, 4020, 4019, 4018, 4019, 4020, 4021, 4022, 4021, 4020, 4021, 4022, 4023, 4024, 4023, 4022, 4023, 4024, 4025, 4026, 4025, 4024, 4025, 4026, 4027, 4028, 4027, 4026, 4027, 4028, 4029, 4030, 4029, 4028, 4029, 4030, 4031, 4032, 4031, 4030, 4031, 4032, 4033, 4034, 4033, 4032, 4033, 4034, 4035, 4036, 4035, 4034, 4035, 4036, 4037, 3838, 4037, 4036, 4037, 3838, 3839, 3841, 4038, 3839, 4038, 3841, 4039, 3843, 4039, 3841, 4039, 3843, 4040, 3845, 4040, 3843, 4040, 3845, 4041, 3847, 4041, 3845, 4041, 3847, 4042, 3849, 4042, 3847, 4042, 3849, 4043, 3851, 4043, 3849, 4043, 3851, 4044, 3853, 4044, 3851, 4044, 3853, 4045, 3855, 4045, 3853, 4045, 3855, 4046, 3857, 4046, 3855, 4046, 3857, 4047, 3859, 4047, 3857, 4047, 3859, 4048, 3861, 4048, 3859, 4048, 3861, 4049, 3863, 4049, 3861, 4049, 3863, 4050, 3865, 4050, 3863, 4050, 3865, 4051, 3867, 4051, 3865, 4051, 3867, 4052, 3869, 4052, 3867, 4052, 3869, 4053, 3871, 4053, 3869, 4053, 3871, 4054, 3873, 4054, 3871, 4054, 3873, 4055, 4055, 3874, 4056, 3874, 4055, 3873, 4056, 3876, 4057, 3876, 4056, 3874, 4057, 3878, 4058, 3878, 4057, 3876, 4058, 3880, 4059, 3880, 4058, 3878, 4059, 3882, 4060, 3882, 4059, 3880, 4060, 3884, 4061, 3884, 4060, 3882, 4061, 3886, 4062, 3886, 4061, 3884, 4062, 3888, 4063, 3888, 4062, 3886, 4063, 3890, 4064, 3890, 4063, 3888, 4064, 3892, 4065, 3892, 4064, 3890, 4065, 3894, 4066, 3894, 4065, 3892, 4066, 3896, 4067, 3896, 4066, 3894, 4067, 3898, 4068, 3898, 4067, 3896, 4068, 3900, 4069, 3900, 4068, 3898, 4069, 3902, 4070, 3902, 4069, 3900, 4070, 3904, 4071, 3904, 4070, 3902, 4071, 3906, 4072, 3906, 4071, 3904, 4072, 3908, 4073, 3908, 4072, 3906, 4073, 3910, 4074, 3910, 4073, 3908, 4074, 3912, 4075, 3912, 4074, 3910, 4075, 3914, 4076, 3914, 4075, 3912, 4076, 3916, 4077, 3916, 4076, 3914, 4077, 3918, 4078, 3918, 4077, 3916, 4078, 3920, 4079, 3920, 4078, 3918, 4079, 3922, 4080, 3922, 4079, 3920, 4081, 3922, 3925, 3922, 4081, 4080, 4082, 3925, 3927, 3925, 4082, 4081, 4083, 3927, 3929, 3927, 4083, 4082, 4084, 3929, 3931, 3929, 4084, 4083, 4085, 3931, 3933, 3931, 4085, 4084, 4086, 3933, 3935, 3933, 4086, 4085, 4087, 3935, 3937, 3935, 4087, 4086, 4088, 3937, 3939, 3937, 4088, 4087, 4089, 3939, 3941, 3939, 4089, 4088, 4090, 3941, 3943, 3941, 4090, 4089, 4091, 3943, 3945, 3943, 4091, 4090, 4092, 3945, 3947, 3945, 4092, 4091, 4093, 3947, 3949, 3947, 4093, 4092, 4094, 3949, 3951, 3949, 4094, 4093, 4095, 3951, 3953, 3951, 4095, 4094, 4096, 3953, 3955, 3953, 4096, 4095, 4097, 3955, 3957, 3955, 4097, 4096, 4098, 3957, 3959, 3957, 4098, 4097, 4099, 3959, 3961, 3959, 4099, 4098, 4100, 3961, 3963, 3961, 4100, 4099, 4101, 3963, 3965, 3963, 4101, 4100, 4102, 3965, 3967, 3965, 4102, 4101, 4103, 3967, 3969, 3967, 4103, 4102, 4104, 3969, 3971, 3969, 4104, 4103, 4105, 3971, 3973, 3971, 4105, 4104, 3975, 4105, 3973, 4105, 3975, 4106, 3977, 4106, 3975, 4106, 3977, 4107, 3979, 4107, 3977, 4107, 3979, 4108, 3981, 4108, 3979, 4108, 3981, 4109, 3983, 4109, 3981, 4109, 3983, 4110, 3985, 4110, 3983, 4110, 3985, 4111, 3987, 4111, 3985, 4111, 3987, 4112, 3989, 4112, 3987, 4112, 3989, 4113, 3991, 4113, 3989, 4113, 3991, 4114, 3993, 4114, 3991, 4114, 3993, 4115, 3995, 4115, 3993, 4115, 3995, 4116, 3997, 4116, 3995, 4116, 3997, 4117, 3999, 4117, 3997, 4117, 3999, 4118, 4001, 4118, 3999, 4118, 4001, 4119, 4003, 4119, 4001, 4119, 4003, 4120, 4005, 4120, 4003, 4120, 4005, 4121, 4007, 4121, 4005, 4121, 4007, 4122, 4009, 4122, 4007, 4122, 4009, 4123, 4011, 4123, 4009, 4123, 4011, 4124, 4013, 4124, 4011, 4124, 4013, 4125, 4015, 4125, 4013, 4125, 4015, 4126, 4017, 4126, 4015, 4126, 4017, 4127, 4019, 4127, 4017, 4127, 4019, 4128, 4021, 4128, 4019, 4128, 4021, 4129, 4023, 4129, 4021, 4129, 4023, 4130, 4025, 4130, 4023, 4130, 4025, 4131, 4027, 4131, 4025, 4131, 4027, 4132, 4029, 4132, 4027, 4132, 4029, 4133, 4031, 4133, 4029, 4133, 4031, 4134, 4033, 4134, 4031, 4134, 4033, 4135, 4035, 4135, 4033, 4135, 4035, 4136, 4037, 4136, 4035, 4136, 4037, 4137, 3839, 4137, 4037, 4137, 3839, 4038, 4039, 4138, 4038, 4138, 4039, 4139, 4040, 4139, 4039, 4139, 4040, 4140, 4041, 4140, 4040, 4140, 4041, 4141, 4042, 4141, 4041, 4141, 4042, 4142, 4043, 4142, 4042, 4142, 4043, 4143, 4044, 4143, 4043, 4143, 4044, 4144, 4045, 4144, 4044, 4144, 4045, 4145, 4046, 4145, 4045, 4145, 4046, 4146, 4047, 4146, 4046, 4146, 4047, 4147, 4048, 4147, 4047, 4147, 4048, 4148, 4049, 4148, 4048, 4148, 4049, 4149, 4050, 4149, 4049, 4149, 4050, 4150, 4051, 4150, 4050, 4150, 4051, 4151, 4052, 4151, 4051, 4151, 4052, 4152, 4053, 4152, 4052, 4152, 4053, 4153, 4054, 4153, 4053, 4153, 4054, 4154, 4055, 4154, 4054, 4154, 4055, 4155, 4155, 4056, 4156, 4056, 4155, 4055, 4156, 4057, 4157, 4057, 4156, 4056, 4157, 4058, 4158, 4058, 4157, 4057, 4158, 4059, 4159, 4059, 4158, 4058, 4159, 4060, 4160, 4060, 4159, 4059, 4160, 4061, 4161, 4061, 4160, 4060, 4161, 4062, 4162, 4062, 4161, 4061, 4162, 4063, 4163, 4063, 4162, 4062, 4163, 4064, 4164, 4064, 4163, 4063, 4164, 4065, 4165, 4065, 4164, 4064, 4165, 4066, 4166, 4066, 4165, 4065, 4166, 4067, 4167, 4067, 4166, 4066, 4167, 4068, 4168, 4068, 4167, 4067, 4168, 4069, 4169, 4069, 4168, 4068, 4169, 4070, 4170, 4070, 4169, 4069, 4170, 4071, 4171, 4071, 4170, 4070, 4171, 4072, 4172, 4072, 4171, 4071, 4172, 4073, 4173, 4073, 4172, 4072, 4173, 4074, 4174, 4074, 4173, 4073, 4174, 4075, 4175, 4075, 4174, 4074, 4175, 4076, 4176, 4076, 4175, 4075, 4176, 4077, 4177, 4077, 4176, 4076, 4177, 4078, 4178, 4078, 4177, 4077, 4178, 4079, 4179, 4079, 4178, 4078, 4179, 4080, 4180, 4080, 4179, 4079, 4181, 4080, 4081, 4080, 4181, 4180, 4182, 4081, 4082, 4081, 4182, 4181, 4183, 4082, 4083, 4082, 4183, 4182, 4184, 4083, 4084, 4083, 4184, 4183, 4185, 4084, 4085, 4084, 4185, 4184, 4186, 4085, 4086, 4085, 4186, 4185, 4187, 4086, 4087, 4086, 4187, 4186, 4188, 4087, 4088, 4087, 4188, 4187, 4189, 4088, 4089, 4088, 4189, 4188, 4190, 4089, 4090, 4089, 4190, 4189, 4191, 4090, 4091, 4090, 4191, 4190, 4192, 4091, 4092, 4091, 4192, 4191, 4193, 4092, 4093, 4092, 4193, 4192, 4194, 4093, 4094, 4093, 4194, 4193, 4195, 4094, 4095, 4094, 4195, 4194, 4196, 4095, 4096, 4095, 4196, 4195, 4197, 4096, 4097, 4096, 4197, 4196, 4198, 4097, 4098, 4097, 4198, 4197, 4199, 4098, 4099, 4098, 4199, 4198, 4200, 4099, 4100, 4099, 4200, 4199, 4201, 4100, 4101, 4100, 4201, 4200, 4202, 4101, 4102, 4101, 4202, 4201, 4203, 4102, 4103, 4102, 4203, 4202, 4204, 4103, 4104, 4103, 4204, 4203, 4205, 4104, 4105, 4104, 4205, 4204, 4106, 4205, 4105, 4205, 4106, 4206, 4107, 4206, 4106, 4206, 4107, 4207, 4108, 4207, 4107, 4207, 4108, 4208, 4109, 4208, 4108, 4208, 4109, 4209, 4110, 4209, 4109, 4209, 4110, 4210, 4111, 4210, 4110, 4210, 4111, 4211, 4112, 4211, 4111, 4211, 4112, 4212, 4113, 4212, 4112, 4212, 4113, 4213, 4114, 4213, 4113, 4213, 4114, 4214, 4115, 4214, 4114, 4214, 4115, 4215, 4116, 4215, 4115, 4215, 4116, 4216, 4117, 4216, 4116, 4216, 4117, 4217, 4118, 4217, 4117, 4217, 4118, 4218, 4119, 4218, 4118, 4218, 4119, 4219, 4120, 4219, 4119, 4219, 4120, 4220, 4121, 4220, 4120, 4220, 4121, 4221, 4122, 4221, 4121, 4221, 4122, 4222, 4123, 4222, 4122, 4222, 4123, 4223, 4124, 4223, 4123, 4223, 4124, 4224, 4125, 4224, 4124, 4224, 4125, 4225, 4126, 4225, 4125, 4225, 4126, 4226, 4127, 4226, 4126, 4226, 4127, 4227, 4128, 4227, 4127, 4227, 4128, 4228, 4129, 4228, 4128, 4228, 4129, 4229, 4130, 4229, 4129, 4229, 4130, 4230, 4131, 4230, 4130, 4230, 4131, 4231, 4132, 4231, 4131, 4231, 4132, 4232, 4133, 4232, 4132, 4232, 4133, 4233, 4134, 4233, 4133, 4233, 4134, 4234, 4135, 4234, 4134, 4234, 4135, 4235, 4136, 4235, 4135, 4235, 4136, 4236, 4137, 4236, 4136, 4236, 4137, 4237, 4038, 4237, 4137, 4237, 4038, 4138, 4139, 4238, 4138, 4238, 4139, 4239, 4140, 4239, 4139, 4239, 4140, 4240, 4141, 4240, 4140, 4240, 4141, 4241, 4142, 4241, 4141, 4241, 4142, 4242, 4143, 4242, 4142, 4242, 4143, 4243, 4144, 4243, 4143, 4243, 4144, 4244, 4145, 4244, 4144, 4244, 4145, 4245, 4146, 4245, 4145, 4245, 4146, 4246, 4147, 4246, 4146, 4246, 4147, 4247, 4148, 4247, 4147, 4247, 4148, 4248, 4149, 4248, 4148, 4248, 4149, 4249, 4150, 4249, 4149, 4249, 4150, 4250, 4151, 4250, 4150, 4250, 4151, 4251, 4152, 4251, 4151, 4251, 4152, 4252, 4153, 4252, 4152, 4252, 4153, 4253, 4154, 4253, 4153, 4253, 4154, 4254, 4155, 4254, 4154, 4254, 4155, 4255, 4255, 4156, 4256, 4156, 4255, 4155, 4256, 4157, 4257, 4157, 4256, 4156, 4257, 4158, 4258, 4158, 4257, 4157, 4258, 4159, 4259, 4159, 4258, 4158, 4259, 4160, 4260, 4160, 4259, 4159, 4260, 4161, 4261, 4161, 4260, 4160, 4261, 4162, 4262, 4162, 4261, 4161, 4262, 4163, 4263, 4163, 4262, 4162, 4263, 4164, 4264, 4164, 4263, 4163, 4264, 4165, 4265, 4165, 4264, 4164, 4265, 4166, 4266, 4166, 4265, 4165, 4266, 4167, 4267, 4167, 4266, 4166, 4267, 4168, 4268, 4168, 4267, 4167, 4268, 4169, 4269, 4169, 4268, 4168, 4269, 4170, 4270, 4170, 4269, 4169, 4270, 4171, 4271, 4171, 4270, 4170, 4271, 4172, 4272, 4172, 4271, 4171, 4272, 4173, 4273, 4173, 4272, 4172, 4273, 4174, 4274, 4174, 4273, 4173, 4274, 4175, 4275, 4175, 4274, 4174, 4275, 4176, 4276, 4176, 4275, 4175, 4276, 4177, 4277, 4177, 4276, 4176, 4277, 4178, 4278, 4178, 4277, 4177, 4278, 4179, 4279, 4179, 4278, 4178, 4279, 4180, 4280, 4180, 4279, 4179, 4281, 4180, 4181, 4180, 4281, 4280, 4282, 4181, 4182, 4181, 4282, 4281, 4283, 4182, 4183, 4182, 4283, 4282, 4284, 4183, 4184, 4183, 4284, 4283, 4285, 4184, 4185, 4184, 4285, 4284, 4286, 4185, 4186, 4185, 4286, 4285, 4287, 4186, 4187, 4186, 4287, 4286, 4288, 4187, 4188, 4187, 4288, 4287, 4289, 4188, 4189, 4188, 4289, 4288, 4290, 4189, 4190, 4189, 4290, 4289, 4291, 4190, 4191, 4190, 4291, 4290, 4292, 4191, 4192, 4191, 4292, 4291, 4293, 4192, 4193, 4192, 4293, 4292, 4294, 4193, 4194, 4193, 4294, 4293, 4295, 4194, 4195, 4194, 4295, 4294, 4296, 4195, 4196, 4195, 4296, 4295, 4297, 4196, 4197, 4196, 4297, 4296, 4298, 4197, 4198, 4197, 4298, 4297, 4299, 4198, 4199, 4198, 4299, 4298, 4300, 4199, 4200, 4199, 4300, 4299, 4301, 4200, 4201, 4200, 4301, 4300, 4302, 4201, 4202, 4201, 4302, 4301, 4303, 4202, 4203, 4202, 4303, 4302, 4304, 4203, 4204, 4203, 4304, 4303, 4305, 4204, 4205, 4204, 4305, 4304, 4206, 4305, 4205, 4305, 4206, 4306, 4207, 4306, 4206, 4306, 4207, 4307, 4208, 4307, 4207, 4307, 4208, 4308, 4209, 4308, 4208, 4308, 4209, 4309, 4210, 4309, 4209, 4309, 4210, 4310, 4211, 4310, 4210, 4310, 4211, 4311, 4212, 4311, 4211, 4311, 4212, 4312, 4213, 4312, 4212, 4312, 4213, 4313, 4214, 4313, 4213, 4313, 4214, 4314, 4215, 4314, 4214, 4314, 4215, 4315, 4216, 4315, 4215, 4315, 4216, 4316, 4217, 4316, 4216, 4316, 4217, 4317, 4218, 4317, 4217, 4317, 4218, 4318, 4219, 4318, 4218, 4318, 4219, 4319, 4220, 4319, 4219, 4319, 4220, 4320, 4221, 4320, 4220, 4320, 4221, 4321, 4222, 4321, 4221, 4321, 4222, 4322, 4223, 4322, 4222, 4322, 4223, 4323, 4224, 4323, 4223, 4323, 4224, 4324, 4225, 4324, 4224, 4324, 4225, 4325, 4226, 4325, 4225, 4325, 4226, 4326, 4227, 4326, 4226, 4326, 4227, 4327, 4228, 4327, 4227, 4327, 4228, 4328, 4229, 4328, 4228, 4328, 4229, 4329, 4230, 4329, 4229, 4329, 4230, 4330, 4231, 4330, 4230, 4330, 4231, 4331, 4232, 4331, 4231, 4331, 4232, 4332, 4233, 4332, 4232, 4332, 4233, 4333, 4234, 4333, 4233, 4333, 4234, 4334, 4235, 4334, 4234, 4334, 4235, 4335, 4236, 4335, 4235, 4335, 4236, 4336, 4237, 4336, 4236, 4336, 4237, 4337, 4138, 4337, 4237, 4337, 4138, 4238, 4239, 4338, 4238, 4338, 4239, 4339, 4240, 4339, 4239, 4339, 4240, 4340, 4241, 4340, 4240, 4340, 4241, 4341, 4242, 4341, 4241, 4341, 4242, 4342, 4243, 4342, 4242, 4342, 4243, 4343, 4244, 4343, 4243, 4343, 4244, 4344, 4245, 4344, 4244, 4344, 4245, 4345, 4246, 4345, 4245, 4345, 4246, 4346, 4247, 4346, 4246, 4346, 4247, 4347, 4248, 4347, 4247, 4347, 4248, 4348, 4249, 4348, 4248, 4348, 4249, 4349, 4250, 4349, 4249, 4349, 4250, 4350, 4251, 4350, 4250, 4350, 4251, 4351, 4252, 4351, 4251, 4351, 4252, 4352, 4253, 4352, 4252, 4352, 4253, 4353, 4254, 4353, 4253, 4353, 4254, 4354, 4255, 4354, 4254, 4354, 4255, 4355, 4355, 4256, 4356, 4256, 4355, 4255, 4356, 4257, 4357, 4257, 4356, 4256, 4357, 4258, 4358, 4258, 4357, 4257, 4358, 4259, 4359, 4259, 4358, 4258, 4359, 4260, 4360, 4260, 4359, 4259, 4360, 4261, 4361, 4261, 4360, 4260, 4361, 4262, 4362, 4262, 4361, 4261, 4362, 4263, 4363, 4263, 4362, 4262, 4363, 4264, 4364, 4264, 4363, 4263, 4364, 4265, 4365, 4265, 4364, 4264, 4365, 4266, 4366, 4266, 4365, 4265, 4366, 4267, 4367, 4267, 4366, 4266, 4367, 4268, 4368, 4268, 4367, 4267, 4368, 4269, 4369, 4269, 4368, 4268, 4369, 4270, 4370, 4270, 4369, 4269, 4370, 4271, 4371, 4271, 4370, 4270, 4371, 4272, 4372, 4272, 4371, 4271, 4372, 4273, 4373, 4273, 4372, 4272, 4373, 4274, 4374, 4274, 4373, 4273, 4374, 4275, 4375, 4275, 4374, 4274, 4375, 4276, 4376, 4276, 4375, 4275, 4376, 4277, 4377, 4277, 4376, 4276, 4377, 4278, 4378, 4278, 4377, 4277, 4378, 4279, 4379, 4279, 4378, 4278, 4380, 4279, 4280, 4279, 4380, 4379, 4381, 4280, 4281, 4280, 4381, 4380, 4382, 4281, 4282, 4281, 4382, 4381, 4383, 4282, 4283, 4282, 4383, 4382, 4384, 4283, 4284, 4283, 4384, 4383, 4385, 4284, 4285, 4284, 4385, 4384, 4386, 4285, 4286, 4285, 4386, 4385, 4387, 4286, 4287, 4286, 4387, 4386, 4388, 4287, 4288, 4287, 4388, 4387, 4389, 4288, 4289, 4288, 4389, 4388, 4390, 4289, 4290, 4289, 4390, 4389, 4391, 4290, 4291, 4290, 4391, 4390, 4392, 4291, 4292, 4291, 4392, 4391, 4393, 4292, 4293, 4292, 4393, 4392, 4394, 4293, 4294, 4293, 4394, 4393, 4395, 4294, 4295, 4294, 4395, 4394, 4396, 4295, 4296, 4295, 4396, 4395, 4397, 4296, 4297, 4296, 4397, 4396, 4398, 4297, 4298, 4297, 4398, 4397, 4399, 4298, 4299, 4298, 4399, 4398, 4400, 4299, 4300, 4299, 4400, 4399, 4401, 4300, 4301, 4300, 4401, 4400, 4402, 4301, 4302, 4301, 4402, 4401, 4403, 4302, 4303, 4302, 4403, 4402, 4404, 4303, 4304, 4303, 4404, 4403, 4405, 4304, 4305, 4304, 4405, 4404, 4306, 4405, 4305, 4405, 4306, 4406, 4307, 4406, 4306, 4406, 4307, 4407, 4308, 4407, 4307, 4407, 4308, 4408, 4309, 4408, 4308, 4408, 4309, 4409, 4310, 4409, 4309, 4409, 4310, 4410, 4311, 4410, 4310, 4410, 4311, 4411, 4312, 4411, 4311, 4411, 4312, 4412, 4313, 4412, 4312, 4412, 4313, 4413, 4314, 4413, 4313, 4413, 4314, 4414, 4315, 4414, 4314, 4414, 4315, 4415, 4316, 4415, 4315, 4415, 4316, 4416, 4317, 4416, 4316, 4416, 4317, 4417, 4318, 4417, 4317, 4417, 4318, 4418, 4319, 4418, 4318, 4418, 4319, 4419, 4320, 4419, 4319, 4419, 4320, 4420, 4321, 4420, 4320, 4420, 4321, 4421, 4322, 4421, 4321, 4421, 4322, 4422, 4323, 4422, 4322, 4422, 4323, 4423, 4324, 4423, 4323, 4423, 4324, 4424, 4325, 4424, 4324, 4424, 4325, 4425, 4326, 4425, 4325, 4425, 4326, 4426, 4327, 4426, 4326, 4426, 4327, 4427, 4328, 4427, 4327, 4427, 4328, 4428, 4329, 4428, 4328, 4428, 4329, 4429, 4330, 4429, 4329, 4429, 4330, 4430, 4331, 4430, 4330, 4430, 4331, 4431, 4332, 4431, 4331, 4431, 4332, 4432, 4333, 4432, 4332, 4432, 4333, 4433, 4334, 4433, 4333, 4433, 4334, 4434, 4335, 4434, 4334, 4434, 4335, 4435, 4336, 4435, 4335, 4435, 4336, 4436, 4337, 4436, 4336, 4436, 4337, 4437, 4238, 4437, 4337, 4437, 4238, 4338, 4339, 4438, 4338, 4438, 4339, 4439, 4340, 4439, 4339, 4439, 4340, 4440, 4341, 4440, 4340, 4440, 4341, 4441, 4342, 4441, 4341, 4441, 4342, 4442, 4343, 4442, 4342, 4442, 4343, 4443, 4344, 4443, 4343, 4443, 4344, 4444, 4345, 4444, 4344, 4444, 4345, 4445, 4346, 4445, 4345, 4445, 4346, 4446, 4347, 4446, 4346, 4446, 4347, 4447, 4348, 4447, 4347, 4447, 4348, 4448, 4349, 4448, 4348, 4448, 4349, 4449, 4350, 4449, 4349, 4449, 4350, 4450, 4351, 4450, 4350, 4450, 4351, 4451, 4352, 4451, 4351, 4451, 4352, 4452, 4353, 4452, 4352, 4452, 4353, 4453, 4354, 4453, 4353, 4453, 4354, 4454, 4355, 4454, 4354, 4454, 4355, 4455, 4356, 4455, 4355, 4455, 4356, 4456, 4456, 4357, 4457, 4357, 4456, 4356, 4457, 4358, 4458, 4358, 4457, 4357, 4458, 4359, 4459, 4359, 4458, 4358, 4459, 4360, 4460, 4360, 4459, 4359, 4460, 4361, 4461, 4361, 4460, 4360, 4461, 4362, 4462, 4362, 4461, 4361, 4462, 4363, 4463, 4363, 4462, 4362, 4463, 4364, 4464, 4364, 4463, 4363, 4464, 4365, 4465, 4365, 4464, 4364, 4465, 4366, 4466, 4366, 4465, 4365, 4466, 4367, 4467, 4367, 4466, 4366, 4467, 4368, 4468, 4368, 4467, 4367, 4468, 4369, 4469, 4369, 4468, 4368, 4469, 4370, 4470, 4370, 4469, 4369, 4470, 4371, 4471, 4371, 4470, 4370, 4471, 4372, 4472, 4372, 4471, 4371, 4472, 4373, 4473, 4373, 4472, 4372, 4473, 4374, 4474, 4374, 4473, 4373, 4474, 4375, 4475, 4375, 4474, 4374, 4475, 4376, 4476, 4376, 4475, 4375, 4476, 4377, 4477, 4377, 4476, 4376, 4477, 4378, 4478, 4378, 4477, 4377, 4478, 4379, 4479, 4379, 4478, 4378, 4480, 4379, 4380, 4379, 4480, 4479, 4481, 4380, 4381, 4380, 4481, 4480, 4482, 4381, 4382, 4381, 4482, 4481, 4483, 4382, 4383, 4382, 4483, 4482, 4484, 4383, 4384, 4383, 4484, 4483, 4485, 4384, 4385, 4384, 4485, 4484, 4486, 4385, 4386, 4385, 4486, 4485, 4487, 4386, 4387, 4386, 4487, 4486, 4488, 4387, 4388, 4387, 4488, 4487, 4489, 4388, 4389, 4388, 4489, 4488, 4490, 4389, 4390, 4389, 4490, 4489, 4491, 4390, 4391, 4390, 4491, 4490, 4492, 4391, 4392, 4391, 4492, 4491, 4493, 4392, 4393, 4392, 4493, 4492, 4494, 4393, 4394, 4393, 4494, 4493, 4495, 4394, 4395, 4394, 4495, 4494, 4496, 4395, 4396, 4395, 4496, 4495, 4497, 4396, 4397, 4396, 4497, 4496, 4498, 4397, 4398, 4397, 4498, 4497, 4499, 4398, 4399, 4398, 4499, 4498, 4500, 4399, 4400, 4399, 4500, 4499, 4501, 4400, 4401, 4400, 4501, 4500, 4502, 4401, 4402, 4401, 4502, 4501, 4503, 4402, 4403, 4402, 4503, 4502, 4504, 4403, 4404, 4403, 4504, 4503, 4505, 4404, 4405, 4404, 4505, 4504, 4506, 4405, 4406, 4405, 4506, 4505, 4407, 4506, 4406, 4506, 4407, 4507, 4408, 4507, 4407, 4507, 4408, 4508, 4409, 4508, 4408, 4508, 4409, 4509, 4410, 4509, 4409, 4509, 4410, 4510, 4411, 4510, 4410, 4510, 4411, 4511, 4412, 4511, 4411, 4511, 4412, 4512, 4413, 4512, 4412, 4512, 4413, 4513, 4414, 4513, 4413, 4513, 4414, 4514, 4415, 4514, 4414, 4514, 4415, 4515, 4416, 4515, 4415, 4515, 4416, 4516, 4417, 4516, 4416, 4516, 4417, 4517, 4418, 4517, 4417, 4517, 4418, 4518, 4419, 4518, 4418, 4518, 4419, 4519, 4420, 4519, 4419, 4519, 4420, 4520, 4421, 4520, 4420, 4520, 4421, 4521, 4422, 4521, 4421, 4521, 4422, 4522, 4423, 4522, 4422, 4522, 4423, 4523, 4424, 4523, 4423, 4523, 4424, 4524, 4425, 4524, 4424, 4524, 4425, 4525, 4426, 4525, 4425, 4525, 4426, 4526, 4427, 4526, 4426, 4526, 4427, 4527, 4428, 4527, 4427, 4527, 4428, 4528, 4429, 4528, 4428, 4528, 4429, 4529, 4430, 4529, 4429, 4529, 4430, 4530, 4431, 4530, 4430, 4530, 4431, 4531, 4432, 4531, 4431, 4531, 4432, 4532, 4433, 4532, 4432, 4532, 4433, 4533, 4434, 4533, 4433, 4533, 4434, 4534, 4435, 4534, 4434, 4534, 4435, 4535, 4436, 4535, 4435, 4535, 4436, 4536, 4437, 4536, 4436, 4536, 4437, 4537, 4338, 4537, 4437, 4537, 4338, 4438, 4439, 4538, 4438, 4538, 4439, 4539, 4440, 4539, 4439, 4539, 4440, 4540, 4441, 4540, 4440, 4540, 4441, 4541, 4442, 4541, 4441, 4541, 4442, 4542, 4443, 4542, 4442, 4542, 4443, 4543, 4444, 4543, 4443, 4543, 4444, 4544, 4445, 4544, 4444, 4544, 4445, 4545, 4446, 4545, 4445, 4545, 4446, 4546, 4447, 4546, 4446, 4546, 4447, 4547, 4448, 4547, 4447, 4547, 4448, 4548, 4449, 4548, 4448, 4548, 4449, 4549, 4450, 4549, 4449, 4549, 4450, 4550, 4451, 4550, 4450, 4550, 4451, 4551, 4452, 4551, 4451, 4551, 4452, 4552, 4453, 4552, 4452, 4552, 4453, 4553, 4454, 4553, 4453, 4553, 4454, 4554, 4455, 4554, 4454, 4554, 4455, 4555, 4456, 4555, 4455, 4555, 4456, 4556, 4457, 4556, 4456, 4556, 4457, 4557, 4557, 4458, 4558, 4458, 4557, 4457, 4558, 4459, 4559, 4459, 4558, 4458, 4559, 4460, 4560, 4460, 4559, 4459, 4560, 4461, 4561, 4461, 4560, 4460, 4561, 4462, 4562, 4462, 4561, 4461, 4562, 4463, 4563, 4463, 4562, 4462, 4563, 4464, 4564, 4464, 4563, 4463, 4564, 4465, 4565, 4465, 4564, 4464, 4565, 4466, 4566, 4466, 4565, 4465, 4566, 4467, 4567, 4467, 4566, 4466, 4567, 4468, 4568, 4468, 4567, 4467, 4568, 4469, 4569, 4469, 4568, 4468, 4569, 4470, 4570, 4470, 4569, 4469, 4570, 4471, 4571, 4471, 4570, 4470, 4571, 4472, 4572, 4472, 4571, 4471, 4572, 4473, 4573, 4473, 4572, 4472, 4573, 4474, 4574, 4474, 4573, 4473, 4574, 4475, 4575, 4475, 4574, 4474, 4575, 4476, 4576, 4476, 4575, 4475, 4576, 4477, 4577, 4477, 4576, 4476, 4578, 4477, 4478, 4477, 4578, 4577, 4579, 4478, 4479, 4478, 4579, 4578, 4580, 4479, 4480, 4479, 4580, 4579, 4581, 4480, 4481, 4480, 4581, 4580, 4582, 4481, 4482, 4481, 4582, 4581, 4583, 4482, 4483, 4482, 4583, 4582, 4584, 4483, 4484, 4483, 4584, 4583, 4585, 4484, 4485, 4484, 4585, 4584, 4586, 4485, 4486, 4485, 4586, 4585, 4587, 4486, 4487, 4486, 4587, 4586, 4588, 4487, 4488, 4487, 4588, 4587, 4589, 4488, 4489, 4488, 4589, 4588, 4590, 4489, 4490, 4489, 4590, 4589, 4591, 4490, 4491, 4490, 4591, 4590, 4592, 4491, 4492, 4491, 4592, 4591, 4593, 4492, 4493, 4492, 4593, 4592, 4594, 4493, 4494, 4493, 4594, 4593, 4595, 4494, 4495, 4494, 4595, 4594, 4596, 4495, 4496, 4495, 4596, 4595, 4597, 4496, 4497, 4496, 4597, 4596, 4598, 4497, 4498, 4497, 4598, 4597, 4599, 4498, 4499, 4498, 4599, 4598, 4600, 4499, 4500, 4499, 4600, 4599, 4601, 4500, 4501, 4500, 4601, 4600, 4602, 4501, 4502, 4501, 4602, 4601, 4603, 4502, 4503, 4502, 4603, 4602, 4604, 4503, 4504, 4503, 4604, 4603, 4605, 4504, 4505, 4504, 4605, 4604, 4606, 4505, 4506, 4505, 4606, 4605, 4607, 4506, 4507, 4506, 4607, 4606, 4508, 4607, 4507, 4607, 4508, 4608, 4509, 4608, 4508, 4608, 4509, 4609, 4510, 4609, 4509, 4609, 4510, 4610, 4511, 4610, 4510, 4610, 4511, 4611, 4512, 4611, 4511, 4611, 4512, 4612, 4513, 4612, 4512, 4612, 4513, 4613, 4514, 4613, 4513, 4613, 4514, 4614, 4515, 4614, 4514, 4614, 4515, 4615, 4516, 4615, 4515, 4615, 4516, 4616, 4517, 4616, 4516, 4616, 4517, 4617, 4518, 4617, 4517, 4617, 4518, 4618, 4519, 4618, 4518, 4618, 4519, 4619, 4520, 4619, 4519, 4619, 4520, 4620, 4521, 4620, 4520, 4620, 4521, 4621, 4522, 4621, 4521, 4621, 4522, 4622, 4523, 4622, 4522, 4622, 4523, 4623, 4524, 4623, 4523, 4623, 4524, 4624, 4525, 4624, 4524, 4624, 4525, 4625, 4526, 4625, 4525, 4625, 4526, 4626, 4527, 4626, 4526, 4626, 4527, 4627, 4528, 4627, 4527, 4627, 4528, 4628, 4529, 4628, 4528, 4628, 4529, 4629, 4530, 4629, 4529, 4629, 4530, 4630, 4531, 4630, 4530, 4630, 4531, 4631, 4532, 4631, 4531, 4631, 4532, 4632, 4533, 4632, 4532, 4632, 4533, 4633, 4534, 4633, 4533, 4633, 4534, 4634, 4535, 4634, 4534, 4634, 4535, 4635, 4536, 4635, 4535, 4635, 4536, 4636, 4537, 4636, 4536, 4636, 4537, 4637, 4438, 4637, 4537, 4637, 4438, 4538, 4539, 4638, 4538, 4638, 4539, 4639, 4540, 4639, 4539, 4639, 4540, 4640, 4541, 4640, 4540, 4640, 4541, 4641, 4542, 4641, 4541, 4641, 4542, 4642, 4543, 4642, 4542, 4642, 4543, 4643, 4544, 4643, 4543, 4643, 4544, 4644, 4545, 4644, 4544, 4644, 4545, 4645, 4546, 4645, 4545, 4645, 4546, 4646, 4547, 4646, 4546, 4646, 4547, 4647, 4548, 4647, 4547, 4647, 4548, 4648, 4549, 4648, 4548, 4648, 4549, 4649, 4550, 4649, 4549, 4649, 4550, 4650, 4551, 4650, 4550, 4650, 4551, 4651, 4552, 4651, 4551, 4651, 4552, 4652, 4553, 4652, 4552, 4652, 4553, 4653, 4554, 4653, 4553, 4653, 4554, 4654, 4555, 4654, 4554, 4654, 4555, 4655, 4556, 4655, 4555, 4655, 4556, 4656, 4556, 4657, 4656, 4657, 4556, 4557, 4557, 4658, 4657, 4658, 4557, 4558, 4558, 4659, 4658, 4659, 4558, 4559, 4559, 4660, 4659, 4660, 4559, 4560, 4560, 4661, 4660, 4661, 4560, 4561, 4561, 4662, 4661, 4662, 4561, 4562, 4562, 4663, 4662, 4663, 4562, 4563, 4563, 4664, 4663, 4664, 4563, 4564, 4564, 4665, 4664, 4665, 4564, 4565, 4565, 4666, 4665, 4666, 4565, 4566, 4566, 4667, 4666, 4667, 4566, 4567, 4667, 4568, 4668, 4568, 4667, 4567, 4668, 4569, 4669, 4569, 4668, 4568, 4669, 4570, 4670, 4570, 4669, 4569, 4670, 4571, 4671, 4571, 4670, 4570, 4671, 4572, 4672, 4572, 4671, 4571, 4672, 4573, 4673, 4573, 4672, 4572, 4673, 4574, 4674, 4574, 4673, 4573, 4674, 4575, 4675, 4575, 4674, 4574, 4675, 4576, 4676, 4576, 4675, 4575, 4676, 4577, 4677, 4577, 4676, 4576, 4677, 4578, 4678, 4578, 4677, 4577, 4678, 4579, 4679, 4579, 4678, 4578, 4680, 4579, 4580, 4579, 4680, 4679, 4681, 4580, 4581, 4580, 4681, 4680, 4682, 4581, 4582, 4581, 4682, 4681, 4683, 4582, 4583, 4582, 4683, 4682, 4684, 4583, 4584, 4583, 4684, 4683, 4685, 4584, 4585, 4584, 4685, 4684, 4686, 4585, 4586, 4585, 4686, 4685, 4687, 4586, 4587, 4586, 4687, 4686, 4688, 4587, 4588, 4587, 4688, 4687, 4689, 4588, 4589, 4588, 4689, 4688, 4690, 4589, 4590, 4589, 4690, 4689, 4691, 4590, 4591, 4590, 4691, 4690, 4692, 4591, 4592, 4591, 4692, 4691, 4693, 4592, 4593, 4592, 4693, 4692, 4694, 4593, 4594, 4593, 4694, 4693, 4695, 4594, 4595, 4594, 4695, 4694, 4696, 4595, 4596, 4595, 4696, 4695, 4697, 4596, 4597, 4596, 4697, 4696, 4698, 4597, 4598, 4597, 4698, 4697, 4699, 4598, 4599, 4598, 4699, 4698, 4700, 4599, 4600, 4599, 4700, 4699, 4701, 4600, 4601, 4600, 4701, 4700, 4702, 4601, 4602, 4601, 4702, 4701, 4703, 4602, 4603, 4602, 4703, 4702, 4704, 4603, 4604, 4603, 4704, 4703, 4705, 4604, 4605, 4604, 4705, 4704, 4706, 4605, 4606, 4605, 4706, 4705, 4706, 4607, 4707, 4607, 4706, 4606, 4707, 4608, 4708, 4608, 4707, 4607, 4708, 4609, 4709, 4609, 4708, 4608, 4709, 4610, 4710, 4610, 4709, 4609, 4710, 4611, 4711, 4611, 4710, 4610, 4711, 4612, 4712, 4612, 4711, 4611, 4712, 4613, 4713, 4613, 4712, 4612, 4713, 4614, 4714, 4614, 4713, 4613, 4714, 4615, 4715, 4615, 4714, 4614, 4715, 4616, 4716, 4616, 4715, 4615, 4716, 4617, 4717, 4617, 4716, 4616, 4617, 4718, 4717, 4718, 4617, 4618, 4618, 4719, 4718, 4719, 4618, 4619, 4619, 4720, 4719, 4720, 4619, 4620, 4620, 4721, 4720, 4721, 4620, 4621, 4621, 4722, 4721, 4722, 4621, 4622, 4622, 4723, 4722, 4723, 4622, 4623, 4623, 4724, 4723, 4724, 4623, 4624, 4624, 4725, 4724, 4725, 4624, 4625, 4625, 4726, 4725, 4726, 4625, 4626, 4626, 4727, 4726, 4727, 4626, 4627, 4627, 4728, 4727, 4728, 4627, 4628, 4628, 4729, 4728, 4729, 4628, 4629, 4630, 4729, 4629, 4729, 4630, 4730, 4631, 4730, 4630, 4730, 4631, 4731, 4632, 4731, 4631, 4731, 4632, 4732, 4633, 4732, 4632, 4732, 4633, 4733, 4634, 4733, 4633, 4733, 4634, 4734, 4635, 4734, 4634, 4734, 4635, 4735, 4636, 4735, 4635, 4735, 4636, 4736, 4637, 4736, 4636, 4736, 4637, 4737, 4538, 4737, 4637, 4737, 4538, 4638, 4639, 4738, 4638, 4738, 4639, 4739, 4640, 4739, 4639, 4739, 4640, 4740, 4641, 4740, 4640, 4740, 4641, 4741, 4642, 4741, 4641, 4741, 4642, 4742, 4643, 4742, 4642, 4742, 4643, 4743, 4644, 4743, 4643, 4743, 4644, 4744, 4645, 4744, 4644, 4744, 4645, 4745, 4646, 4745, 4645, 4745, 4646, 4746, 4647, 4746, 4646, 4746, 4647, 4747, 4648, 4747, 4647, 4747, 4648, 4748, 4649, 4748, 4648, 4748, 4649, 4749, 4650, 4749, 4649, 4749, 4650, 4750, 4651, 4750, 4650, 4750, 4651, 4751, 4652, 4751, 4651, 4751, 4652, 4752, 4653, 4752, 4652, 4752, 4653, 4753, 4654, 4753, 4653, 4753, 4654, 4754, 4655, 4754, 4654, 4754, 4655, 4755, 4755, 4656, 4756, 4656, 4755, 4655, 4756, 4657, 4757, 4657, 4756, 4656, 4757, 4658, 4758, 4658, 4757, 4657, 4758, 4659, 4759, 4659, 4758, 4658, 4759, 4660, 4760, 4660, 4759, 4659, 4760, 4661, 4761, 4661, 4760, 4660, 4761, 4662, 4762, 4662, 4761, 4661, 4762, 4663, 4763, 4663, 4762, 4662, 4763, 4664, 4764, 4664, 4763, 4663, 4764, 4665, 4765, 4665, 4764, 4664, 4765, 4666, 4766, 4666, 4765, 4665, 4766, 4667, 4767, 4667, 4766, 4666, 4667, 4768, 4767, 4768, 4667, 4668, 4668, 4769, 4768, 4769, 4668, 4669, 4669, 4770, 4769, 4770, 4669, 4670, 4670, 4771, 4770, 4771, 4670, 4671, 4671, 4772, 4771, 4772, 4671, 4672, 4672, 4773, 4772, 4773, 4672, 4673, 4673, 4774, 4773, 4774, 4673, 4674, 4674, 4775, 4774, 4775, 4674, 4675, 4675, 4776, 4775, 4776, 4675, 4676, 4676, 4777, 4776, 4777, 4676, 4677, 4677, 4778, 4777, 4778, 4677, 4678, 4678, 4779, 4778, 4779, 4678, 4679, 4780, 4679, 4680, 4679, 4780, 4779, 4781, 4680, 4681, 4680, 4781, 4780, 4782, 4681, 4682, 4681, 4782, 4781, 4783, 4682, 4683, 4682, 4783, 4782, 4784, 4683, 4684, 4683, 4784, 4783, 4785, 4684, 4685, 4684, 4785, 4784, 4786, 4685, 4686, 4685, 4786, 4785, 4787, 4686, 4687, 4686, 4787, 4786, 4788, 4687, 4688, 4687, 4788, 4787, 4789, 4688, 4689, 4688, 4789, 4788, 4790, 4689, 4690, 4689, 4790, 4789, 4791, 4690, 4691, 4690, 4791, 4790, 4792, 4691, 4692, 4691, 4792, 4791, 4793, 4692, 4693, 4692, 4793, 4792, 4794, 4693, 4694, 4693, 4794, 4793, 4795, 4694, 4695, 4694, 4795, 4794, 4796, 4695, 4696, 4695, 4796, 4795, 4797, 4696, 4697, 4696, 4797, 4796, 4798, 4697, 4698, 4697, 4798, 4797, 4799, 4698, 4699, 4698, 4799, 4798, 4800, 4699, 4700, 4699, 4800, 4799, 4801, 4700, 4701, 4700, 4801, 4800, 4802, 4701, 4702, 4701, 4802, 4801, 4803, 4702, 4703, 4702, 4803, 4802, 4804, 4703, 4704, 4703, 4804, 4803, 4805, 4704, 4705, 4704, 4805, 4804, 4705, 4806, 4805, 4806, 4705, 4706, 4706, 4807, 4806, 4807, 4706, 4707, 4707, 4808, 4807, 4808, 4707, 4708, 4708, 4809, 4808, 4809, 4708, 4709, 4709, 4810, 4809, 4810, 4709, 4710, 4710, 4811, 4810, 4811, 4710, 4711, 4711, 4812, 4811, 4812, 4711, 4712, 4712, 4813, 4812, 4813, 4712, 4713, 4713, 4814, 4813, 4814, 4713, 4714, 4714, 4815, 4814, 4815, 4714, 4715, 4715, 4816, 4815, 4816, 4715, 4716, 4716, 4817, 4816, 4817, 4716, 4717, 4817, 4718, 4818, 4718, 4817, 4717, 4818, 4719, 4819, 4719, 4818, 4718, 4819, 4720, 4820, 4720, 4819, 4719, 4820, 4721, 4821, 4721, 4820, 4720, 4821, 4722, 4822, 4722, 4821, 4721, 4822, 4723, 4823, 4723, 4822, 4722, 4823, 4724, 4824, 4724, 4823, 4723, 4824, 4725, 4825, 4725, 4824, 4724, 4825, 4726, 4826, 4726, 4825, 4725, 4826, 4727, 4827, 4727, 4826, 4726, 4827, 4728, 4828, 4728, 4827, 4727, 4828, 4729, 4829, 4729, 4828, 4728, 4730, 4829, 4729, 4829, 4730, 4830, 4731, 4830, 4730, 4830, 4731, 4831, 4732, 4831, 4731, 4831, 4732, 4832, 4733, 4832, 4732, 4832, 4733, 4833, 4734, 4833, 4733, 4833, 4734, 4834, 4735, 4834, 4734, 4834, 4735, 4835, 4736, 4835, 4735, 4835, 4736, 4836, 4737, 4836, 4736, 4836, 4737, 4837, 4638, 4837, 4737, 4837, 4638, 4738, 4738, 4839, 4838, 4839, 4738, 4739, 4739, 4840, 4839, 4840, 4739, 4740, 4740, 4841, 4840, 4841, 4740, 4741, 4741, 4842, 4841, 4842, 4741, 4742, 4742, 4843, 4842, 4843, 4742, 4743, 4743, 4844, 4843, 4844, 4743, 4744, 4744, 4845, 4844, 4845, 4744, 4745, 4745, 4846, 4845, 4846, 4745, 4746, 4746, 4847, 4846, 4847, 4746, 4747, 4747, 4848, 4847, 4848, 4747, 4748, 4748, 4849, 4848, 4849, 4748, 4749, 4749, 4850, 4849, 4850, 4749, 4750, 4750, 4851, 4850, 4851, 4750, 4751, 4751, 4852, 4851, 4852, 4751, 4752, 4752, 4853, 4852, 4853, 4752, 4753, 4753, 4854, 4853, 4854, 4753, 4754, 4754, 4855, 4854, 4855, 4754, 4755, 4755, 4856, 4855, 4856, 4755, 4756, 4856, 4757, 4857, 4757, 4856, 4756, 4857, 4758, 4858, 4758, 4857, 4757, 4858, 4759, 4859, 4759, 4858, 4758, 4859, 4760, 4860, 4760, 4859, 4759, 4860, 4761, 4861, 4761, 4860, 4760, 4861, 4762, 4862, 4762, 4861, 4761, 4862, 4763, 4863, 4763, 4862, 4762, 4863, 4764, 4864, 4764, 4863, 4763, 4864, 4765, 4865, 4765, 4864, 4764, 4865, 4766, 4866, 4766, 4865, 4765, 4866, 4767, 4867, 4767, 4866, 4766, 4867, 4768, 4868, 4768, 4867, 4767, 4868, 4769, 4869, 4769, 4868, 4768, 4869, 4770, 4870, 4770, 4869, 4769, 4870, 4771, 4871, 4771, 4870, 4770, 4871, 4772, 4872, 4772, 4871, 4771, 4872, 4773, 4873, 4773, 4872, 4772, 4873, 4774, 4874, 4774, 4873, 4773, 4874, 4775, 4875, 4775, 4874, 4774, 4875, 4776, 4876, 4776, 4875, 4775, 4876, 4777, 4877, 4777, 4876, 4776, 4877, 4778, 4878, 4778, 4877, 4777, 4878, 4779, 4879, 4779, 4878, 4778, 4879, 4780, 4880, 4780, 4879, 4779, 4880, 4781, 4881, 4781, 4880, 4780, 4881, 4782, 4882, 4782, 4881, 4781, 4882, 4783, 4883, 4783, 4882, 4782, 4883, 4784, 4884, 4784, 4883, 4783, 4884, 4785, 4885, 4785, 4884, 4784, 4885, 4786, 4886, 4786, 4885, 4785, 4886, 4787, 4887, 4787, 4886, 4786, 4887, 4788, 4888, 4788, 4887, 4787, 4888, 4789, 4889, 4789, 4888, 4788, 4889, 4790, 4890, 4790, 4889, 4789, 4890, 4791, 4891, 4791, 4890, 4790, 4891, 4792, 4892, 4792, 4891, 4791, 4892, 4793, 4893, 4793, 4892, 4792, 4893, 4794, 4894, 4794, 4893, 4793, 4894, 4795, 4895, 4795, 4894, 4794, 4895, 4796, 4896, 4796, 4895, 4795, 4896, 4797, 4897, 4797, 4896, 4796, 4897, 4798, 4898, 4798, 4897, 4797, 4898, 4799, 4899, 4799, 4898, 4798, 4899, 4800, 4900, 4800, 4899, 4799, 4900, 4801, 4901, 4801, 4900, 4800, 4901, 4802, 4902, 4802, 4901, 4801, 4902, 4803, 4903, 4803, 4902, 4802, 4903, 4804, 4904, 4804, 4903, 4803, 4904, 4805, 4905, 4805, 4904, 4804, 4905, 4806, 4906, 4806, 4905, 4805, 4807, 4906, 4806, 4906, 4807, 4907, 4808, 4907, 4807, 4907, 4808, 4908, 4809, 4908, 4808, 4908, 4809, 4909, 4810, 4909, 4809, 4909, 4810, 4910, 4811, 4910, 4810, 4910, 4811, 4911, 4812, 4911, 4811, 4911, 4812, 4912, 4813, 4912, 4812, 4912, 4813, 4913, 4814, 4913, 4813, 4913, 4814, 4914, 4815, 4914, 4814, 4914, 4815, 4915, 4816, 4915, 4815, 4915, 4816, 4916, 4817, 4916, 4816, 4916, 4817, 4917, 4818, 4917, 4817, 4917, 4818, 4918, 4819, 4918, 4818, 4918, 4819, 4919, 4820, 4919, 4819, 4919, 4820, 4920, 4821, 4920, 4820, 4920, 4821, 4921, 4822, 4921, 4821, 4921, 4822, 4922, 4823, 4922, 4822, 4922, 4823, 4923, 4824, 4923, 4823, 4923, 4824, 4924, 4825, 4924, 4824, 4924, 4825, 4925, 4826, 4925, 4825, 4925, 4826, 4926, 4827, 4926, 4826, 4926, 4827, 4927, 4828, 4927, 4827, 4927, 4828, 4928, 4828, 4929, 4928, 4929, 4828, 4829, 4829, 4930, 4929, 4930, 4829, 4830, 4830, 4931, 4930, 4931, 4830, 4831, 4831, 4932, 4931, 4932, 4831, 4832, 4832, 4933, 4932, 4933, 4832, 4833, 4833, 4934, 4933, 4934, 4833, 4834, 4834, 4935, 4934, 4935, 4834, 4835, 4835, 4936, 4935, 4936, 4835, 4836, 4836, 4937, 4936, 4937, 4836, 4837, 4837, 4838, 4937, 4838, 4837, 4738, 4838, 4939, 4938, 4939, 4838, 4839, 4839, 4940, 4939, 4940, 4839, 4840, 4840, 4941, 4940, 4941, 4840, 4841, 4841, 4942, 4941, 4942, 4841, 4842, 4842, 4943, 4942, 4943, 4842, 4843, 4843, 4944, 4943, 4944, 4843, 4844, 4844, 4945, 4944, 4945, 4844, 4845, 4845, 4946, 4945, 4946, 4845, 4846, 4846, 4947, 4946, 4947, 4846, 4847, 4847, 4948, 4947, 4948, 4847, 4848, 4848, 4949, 4948, 4949, 4848, 4849, 4849, 4950, 4949, 4950, 4849, 4850, 4850, 4951, 4950, 4951, 4850, 4851, 4851, 4952, 4951, 4952, 4851, 4852, 4852, 4953, 4952, 4953, 4852, 4853, 4853, 4954, 4953, 4954, 4853, 4854, 4854, 4955, 4954, 4955, 4854, 4855, 4955, 4856, 4956, 4856, 4955, 4855, 4956, 4857, 4957, 4857, 4956, 4856, 4957, 4858, 4958, 4858, 4957, 4857, 4958, 4859, 4959, 4859, 4958, 4858, 4959, 4860, 4960, 4860, 4959, 4859, 4960, 4861, 4961, 4861, 4960, 4860, 4961, 4862, 4962, 4862, 4961, 4861, 4962, 4863, 4963, 4863, 4962, 4862, 4963, 4864, 4964, 4864, 4963, 4863, 4964, 4865, 4965, 4865, 4964, 4864, 4965, 4866, 4966, 4866, 4965, 4865, 4966, 4867, 4967, 4867, 4966, 4866, 4967, 4868, 4968, 4868, 4967, 4867, 4968, 4869, 4969, 4869, 4968, 4868, 4969, 4870, 4970, 4870, 4969, 4869, 4970, 4871, 4971, 4871, 4970, 4870, 4971, 4872, 4972, 4872, 4971, 4871, 4972, 4873, 4973, 4873, 4972, 4872, 4973, 4874, 4974, 4874, 4973, 4873, 4974, 4875, 4975, 4875, 4974, 4874, 4975, 4876, 4976, 4876, 4975, 4875, 4976, 4877, 4977, 4877, 4976, 4876, 4977, 4878, 4978, 4878, 4977, 4877, 4978, 4879, 4979, 4879, 4978, 4878, 4979, 4880, 4980, 4880, 4979, 4879, 4980, 4881, 4981, 4881, 4980, 4880, 4981, 4882, 4982, 4882, 4981, 4881, 4982, 4883, 4983, 4883, 4982, 4882, 4983, 4884, 4984, 4884, 4983, 4883, 4984, 4885, 4985, 4885, 4984, 4884, 4985, 4886, 4986, 4886, 4985, 4885, 4986, 4887, 4987, 4887, 4986, 4886, 4987, 4888, 4988, 4888, 4987, 4887, 4988, 4889, 4989, 4889, 4988, 4888, 4989, 4890, 4990, 4890, 4989, 4889, 4990, 4891, 4991, 4891, 4990, 4890, 4991, 4892, 4992, 4892, 4991, 4891, 4992, 4893, 4993, 4893, 4992, 4892, 4993, 4894, 4994, 4894, 4993, 4893, 4994, 4895, 4995, 4895, 4994, 4894, 4995, 4896, 4996, 4896, 4995, 4895, 4996, 4897, 4997, 4897, 4996, 4896, 4997, 4898, 4998, 4898, 4997, 4897, 4998, 4899, 4999, 4899, 4998, 4898, 4999, 4900, 5000, 4900, 4999, 4899, 5000, 4901, 5001, 4901, 5000, 4900, 5001, 4902, 5002, 4902, 5001, 4901, 5002, 4903, 5003, 4903, 5002, 4902, 5003, 4904, 5004, 4904, 5003, 4903, 5004, 4905, 5005, 4905, 5004, 4904, 4906, 5005, 4905, 5005, 4906, 5006, 4907, 5006, 4906, 5006, 4907, 5007, 4908, 5007, 4907, 5007, 4908, 5008, 4909, 5008, 4908, 5008, 4909, 5009, 4910, 5009, 4909, 5009, 4910, 5010, 4911, 5010, 4910, 5010, 4911, 5011, 4912, 5011, 4911, 5011, 4912, 5012, 4913, 5012, 4912, 5012, 4913, 5013, 4914, 5013, 4913, 5013, 4914, 5014, 4915, 5014, 4914, 5014, 4915, 5015, 4916, 5015, 4915, 5015, 4916, 5016, 4917, 5016, 4916, 5016, 4917, 5017, 4918, 5017, 4917, 5017, 4918, 5018, 4919, 5018, 4918, 5018, 4919, 5019, 4920, 5019, 4919, 5019, 4920, 5020, 4921, 5020, 4920, 5020, 4921, 5021, 4922, 5021, 4921, 5021, 4922, 5022, 4923, 5022, 4922, 5022, 4923, 5023, 4924, 5023, 4923, 5023, 4924, 5024, 4925, 5024, 4924, 5024, 4925, 5025, 4926, 5025, 4925, 5025, 4926, 5026, 4927, 5026, 4926, 5026, 4927, 5027, 4928, 5027, 4927, 5027, 4928, 5028, 4929, 5028, 4928, 5028, 4929, 5029, 4929, 5030, 5029, 5030, 4929, 4930, 4930, 5031, 5030, 5031, 4930, 4931, 4931, 5032, 5031, 5032, 4931, 4932, 4932, 5033, 5032, 5033, 4932, 4933, 4933, 5034, 5033, 5034, 4933, 4934, 4934, 5035, 5034, 5035, 4934, 4935, 4935, 5036, 5035, 5036, 4935, 4936, 4936, 5037, 5036, 5037, 4936, 4937, 4937, 4938, 5037, 4938, 4937, 4838, 4938, 5039, 5038, 5039, 4938, 4939, 4939, 5040, 5039, 5040, 4939, 4940, 4940, 5041, 5040, 5041, 4940, 4941, 4941, 5042, 5041, 5042, 4941, 4942, 4942, 5043, 5042, 5043, 4942, 4943, 4943, 5044, 5043, 5044, 4943, 4944, 4944, 5045, 5044, 5045, 4944, 4945, 4945, 5046, 5045, 5046, 4945, 4946, 4946, 5047, 5046, 5047, 4946, 4947, 4947, 5048, 5047, 5048, 4947, 4948, 4948, 5049, 5048, 5049, 4948, 4949, 4949, 5050, 5049, 5050, 4949, 4950, 4950, 5051, 5050, 5051, 4950, 4951, 4951, 5052, 5051, 5052, 4951, 4952, 4952, 5053, 5052, 5053, 4952, 4953, 4953, 5054, 5053, 5054, 4953, 4954, 4954, 5055, 5054, 5055, 4954, 4955, 5055, 4956, 5056, 4956, 5055, 4955, 5056, 4957, 5057, 4957, 5056, 4956, 5057, 4958, 5058, 4958, 5057, 4957, 5058, 4959, 5059, 4959, 5058, 4958, 5059, 4960, 5060, 4960, 5059, 4959, 5060, 4961, 5061, 4961, 5060, 4960, 5061, 4962, 5062, 4962, 5061, 4961, 5062, 4963, 5063, 4963, 5062, 4962, 5063, 4964, 5064, 4964, 5063, 4963, 5064, 4965, 5065, 4965, 5064, 4964, 5065, 4966, 5066, 4966, 5065, 4965, 5066, 4967, 5067, 4967, 5066, 4966, 5067, 4968, 5068, 4968, 5067, 4967, 5068, 4969, 5069, 4969, 5068, 4968, 5069, 4970, 5070, 4970, 5069, 4969, 5070, 4971, 5071, 4971, 5070, 4970, 5071, 4972, 5072, 4972, 5071, 4971, 5072, 4973, 5073, 4973, 5072, 4972, 5073, 4974, 5074, 4974, 5073, 4973, 5074, 4975, 5075, 4975, 5074, 4974, 5075, 4976, 5076, 4976, 5075, 4975, 5076, 4977, 5077, 4977, 5076, 4976, 5077, 4978, 5078, 4978, 5077, 4977, 5078, 4979, 5079, 4979, 5078, 4978, 5079, 4980, 5080, 4980, 5079, 4979, 5080, 4981, 5081, 4981, 5080, 4980, 5081, 4982, 5082, 4982, 5081, 4981, 5082, 4983, 5083, 4983, 5082, 4982, 5083, 4984, 5084, 4984, 5083, 4983, 5084, 4985, 5085, 4985, 5084, 4984, 5085, 4986, 5086, 4986, 5085, 4985, 5086, 4987, 5087, 4987, 5086, 4986, 5087, 4988, 5088, 4988, 5087, 4987, 5088, 4989, 5089, 4989, 5088, 4988, 5089, 4990, 5090, 4990, 5089, 4989, 5090, 4991, 5091, 4991, 5090, 4990, 5091, 4992, 5092, 4992, 5091, 4991, 5092, 4993, 5093, 4993, 5092, 4992, 5093, 4994, 5094, 4994, 5093, 4993, 5094, 4995, 5095, 4995, 5094, 4994, 5095, 4996, 5096, 4996, 5095, 4995, 5096, 4997, 5097, 4997, 5096, 4996, 5097, 4998, 5098, 4998, 5097, 4997, 5098, 4999, 5099, 4999, 5098, 4998, 5099, 5000, 5100, 5000, 5099, 4999, 5100, 5001, 5101, 5001, 5100, 5000, 5101, 5002, 5102, 5002, 5101, 5001, 5102, 5003, 5103, 5003, 5102, 5002, 5103, 5004, 5104, 5004, 5103, 5003, 5104, 5005, 5105, 5005, 5104, 5004, 5006, 5105, 5005, 5105, 5006, 5106, 5007, 5106, 5006, 5106, 5007, 5107, 5008, 5107, 5007, 5107, 5008, 5108, 5009, 5108, 5008, 5108, 5009, 5109, 5010, 5109, 5009, 5109, 5010, 5110, 5011, 5110, 5010, 5110, 5011, 5111, 5012, 5111, 5011, 5111, 5012, 5112, 5013, 5112, 5012, 5112, 5013, 5113, 5014, 5113, 5013, 5113, 5014, 5114, 5015, 5114, 5014, 5114, 5015, 5115, 5016, 5115, 5015, 5115, 5016, 5116, 5017, 5116, 5016, 5116, 5017, 5117, 5018, 5117, 5017, 5117, 5018, 5118, 5019, 5118, 5018, 5118, 5019, 5119, 5020, 5119, 5019, 5119, 5020, 5120, 5021, 5120, 5020, 5120, 5021, 5121, 5022, 5121, 5021, 5121, 5022, 5122, 5023, 5122, 5022, 5122, 5023, 5123, 5024, 5123, 5023, 5123, 5024, 5124, 5025, 5124, 5024, 5124, 5025, 5125, 5026, 5125, 5025, 5125, 5026, 5126, 5027, 5126, 5026, 5126, 5027, 5127, 5028, 5127, 5027, 5127, 5028, 5128, 5029, 5128, 5028, 5128, 5029, 5129, 5030, 5129, 5029, 5129, 5030, 5130, 5030, 5131, 5130, 5131, 5030, 5031, 5031, 5132, 5131, 5132, 5031, 5032, 5032, 5133, 5132, 5133, 5032, 5033, 5033, 5134, 5133, 5134, 5033, 5034, 5034, 5135, 5134, 5135, 5034, 5035, 5035, 5136, 5135, 5136, 5035, 5036, 5036, 5137, 5136, 5137, 5036, 5037, 5037, 5038, 5137, 5038, 5037, 4938, 5139, 5039, 5138, 5039, 5139, 5038, 5138, 5040, 5140, 5040, 5138, 5039, 5140, 5041, 5141, 5041, 5140, 5040, 5141, 5042, 5142, 5042, 5141, 5041, 5142, 5043, 5143, 5043, 5142, 5042, 5143, 5044, 5144, 5044, 5143, 5043, 5144, 5045, 5145, 5045, 5144, 5044, 5145, 5046, 5146, 5046, 5145, 5045, 5146, 5047, 5147, 5047, 5146, 5046, 5147, 5048, 5148, 5048, 5147, 5047, 5148, 5049, 5149, 5049, 5148, 5048, 5149, 5050, 5150, 5050, 5149, 5049, 5150, 5051, 5151, 5051, 5150, 5050, 5151, 5052, 5152, 5052, 5151, 5051, 5152, 5053, 5153, 5053, 5152, 5052, 5153, 5054, 5154, 5054, 5153, 5053, 5154, 5055, 5155, 5055, 5154, 5054, 5155, 5056, 5156, 5056, 5155, 5055, 5156, 5057, 5157, 5057, 5156, 5056, 5157, 5058, 5158, 5058, 5157, 5057, 5158, 5059, 5159, 5059, 5158, 5058, 5159, 5060, 5160, 5060, 5159, 5059, 5160, 5061, 5161, 5061, 5160, 5060, 5161, 5062, 5162, 5062, 5161, 5061, 5162, 5063, 5163, 5063, 5162, 5062, 5163, 5064, 5164, 5064, 5163, 5063, 5164, 5065, 5165, 5065, 5164, 5064, 5165, 5066, 5166, 5066, 5165, 5065, 5166, 5067, 5167, 5067, 5166, 5066, 5167, 5068, 5168, 5068, 5167, 5067, 5168, 5069, 5169, 5069, 5168, 5068, 5169, 5070, 5170, 5070, 5169, 5069, 5170, 5071, 5171, 5071, 5170, 5070, 5171, 5072, 5172, 5072, 5171, 5071, 5172, 5073, 5173, 5073, 5172, 5072, 5173, 5074, 5174, 5074, 5173, 5073, 5174, 5075, 5175, 5075, 5174, 5074, 5175, 5076, 5176, 5076, 5175, 5075, 5176, 5077, 5177, 5077, 5176, 5076, 5177, 5078, 5178, 5078, 5177, 5077, 5178, 5079, 5179, 5079, 5178, 5078, 5179, 5080, 5180, 5080, 5179, 5079, 5080, 5181, 5180, 5181, 5080, 5081, 5081, 5182, 5181, 5182, 5081, 5082, 5082, 5183, 5182, 5183, 5082, 5083, 5083, 5184, 5183, 5184, 5083, 5084, 5084, 5185, 5184, 5185, 5084, 5085, 5085, 5186, 5185, 5186, 5085, 5086, 5086, 5187, 5186, 5187, 5086, 5087, 5087, 5188, 5187, 5188, 5087, 5088, 5088, 5189, 5188, 5189, 5088, 5089, 5089, 5190, 5189, 5190, 5089, 5090, 5090, 5191, 5190, 5191, 5090, 5091, 5091, 5192, 5191, 5192, 5091, 5092, 5092, 5193, 5192, 5193, 5092, 5093, 5093, 5194, 5193, 5194, 5093, 5094, 5094, 5195, 5194, 5195, 5094, 5095, 5095, 5196, 5195, 5196, 5095, 5096, 5096, 5197, 5196, 5197, 5096, 5097, 5097, 5198, 5197, 5198, 5097, 5098, 5098, 5199, 5198, 5199, 5098, 5099, 5099, 5200, 5199, 5200, 5099, 5100, 5100, 5201, 5200, 5201, 5100, 5101, 5101, 5202, 5201, 5202, 5101, 5102, 5102, 5203, 5202, 5203, 5102, 5103, 5103, 5204, 5203, 5204, 5103, 5104, 5104, 5205, 5204, 5205, 5104, 5105, 5106, 5205, 5105, 5205, 5106, 5206, 5107, 5206, 5106, 5206, 5107, 5207, 5108, 5207, 5107, 5207, 5108, 5208, 5109, 5208, 5108, 5208, 5109, 5209, 5110, 5209, 5109, 5209, 5110, 5210, 5111, 5210, 5110, 5210, 5111, 5211, 5112, 5211, 5111, 5211, 5112, 5212, 5113, 5212, 5112, 5212, 5113, 5213, 5114, 5213, 5113, 5213, 5114, 5214, 5115, 5214, 5114, 5214, 5115, 5215, 5116, 5215, 5115, 5215, 5116, 5216, 5117, 5216, 5116, 5216, 5117, 5217, 5118, 5217, 5117, 5217, 5118, 5218, 5119, 5218, 5118, 5218, 5119, 5219, 5120, 5219, 5119, 5219, 5120, 5220, 5121, 5220, 5120, 5220, 5121, 5221, 5122, 5221, 5121, 5221, 5122, 5222, 5123, 5222, 5122, 5222, 5123, 5223, 5124, 5223, 5123, 5223, 5124, 5224, 5125, 5224, 5124, 5224, 5125, 5225, 5126, 5225, 5125, 5225, 5126, 5226, 5127, 5226, 5126, 5226, 5127, 5227, 5128, 5227, 5127, 5227, 5128, 5228, 5129, 5228, 5128, 5228, 5129, 5229, 5130, 5229, 5129, 5229, 5130, 5230, 5230, 5131, 5231, 5131, 5230, 5130, 5231, 5132, 5232, 5132, 5231, 5131, 5232, 5133, 5233, 5133, 5232, 5132, 5233, 5134, 5234, 5134, 5233, 5133, 5234, 5135, 5235, 5135, 5234, 5134, 5235, 5136, 5236, 5136, 5235, 5135, 5236, 5137, 5237, 5137, 5236, 5136, 5237, 5038, 5139, 5038, 5237, 5137, 5239, 5138, 5238, 5138, 5239, 5139, 5238, 5140, 5240, 5140, 5238, 5138, 5240, 5141, 5241, 5141, 5240, 5140, 5241, 5142, 5242, 5142, 5241, 5141, 5242, 5143, 5243, 5143, 5242, 5142, 5243, 5144, 5244, 5144, 5243, 5143, 5244, 5145, 5245, 5145, 5244, 5144, 5245, 5146, 5246, 5146, 5245, 5145, 5246, 5147, 5247, 5147, 5246, 5146, 5247, 5148, 5248, 5148, 5247, 5147, 5248, 5149, 5249, 5149, 5248, 5148, 5249, 5150, 5250, 5150, 5249, 5149, 5250, 5151, 5251, 5151, 5250, 5150, 5251, 5152, 5252, 5152, 5251, 5151, 5252, 5153, 5253, 5153, 5252, 5152, 5253, 5154, 5254, 5154, 5253, 5153, 5254, 5155, 5255, 5155, 5254, 5154, 5255, 5156, 5256, 5156, 5255, 5155, 5256, 5157, 5257, 5157, 5256, 5156, 5257, 5158, 5258, 5158, 5257, 5157, 5258, 5159, 5259, 5159, 5258, 5158, 5259, 5160, 5260, 5160, 5259, 5159, 5260, 5161, 5261, 5161, 5260, 5160, 5261, 5162, 5262, 5162, 5261, 5161, 5262, 5163, 5263, 5163, 5262, 5162, 5263, 5164, 5264, 5164, 5263, 5163, 5264, 5165, 5265, 5165, 5264, 5164, 5265, 5166, 5266, 5166, 5265, 5165, 5266, 5167, 5267, 5167, 5266, 5166, 5267, 5168, 5268, 5168, 5267, 5167, 5268, 5169, 5269, 5169, 5268, 5168, 5269, 5170, 5270, 5170, 5269, 5169, 5270, 5171, 5271, 5171, 5270, 5170, 5271, 5172, 5272, 5172, 5271, 5171, 5272, 5173, 5273, 5173, 5272, 5172, 5273, 5174, 5274, 5174, 5273, 5173, 5274, 5175, 5275, 5175, 5274, 5174, 5275, 5176, 5276, 5176, 5275, 5175, 5276, 5177, 5277, 5177, 5276, 5176, 5277, 5178, 5278, 5178, 5277, 5177, 5278, 5179, 5279, 5179, 5278, 5178, 5279, 5180, 5280, 5180, 5279, 5179, 5180, 5281, 5280, 5281, 5180, 5181, 5181, 5282, 5281, 5282, 5181, 5182, 5182, 5283, 5282, 5283, 5182, 5183, 5183, 5284, 5283, 5284, 5183, 5184, 5184, 5285, 5284, 5285, 5184, 5185, 5185, 5286, 5285, 5286, 5185, 5186, 5186, 5287, 5286, 5287, 5186, 5187, 5187, 5288, 5287, 5288, 5187, 5188, 5188, 5289, 5288, 5289, 5188, 5189, 5189, 5290, 5289, 5290, 5189, 5190, 5190, 5291, 5290, 5291, 5190, 5191, 5191, 5292, 5291, 5292, 5191, 5192, 5192, 5293, 5292, 5293, 5192, 5193, 5193, 5294, 5293, 5294, 5193, 5194, 5194, 5295, 5294, 5295, 5194, 5195, 5195, 5296, 5295, 5296, 5195, 5196, 5196, 5297, 5296, 5297, 5196, 5197, 5197, 5298, 5297, 5298, 5197, 5198, 5198, 5299, 5298, 5299, 5198, 5199, 5199, 5300, 5299, 5300, 5199, 5200, 5200, 5301, 5300, 5301, 5200, 5201, 5201, 5302, 5301, 5302, 5201, 5202, 5202, 5303, 5302, 5303, 5202, 5203, 5203, 5304, 5303, 5304, 5203, 5204, 5204, 5305, 5304, 5305, 5204, 5205, 5206, 5305, 5205, 5305, 5206, 5306, 5207, 5306, 5206, 5306, 5207, 5307, 5208, 5307, 5207, 5307, 5208, 5308, 5209, 5308, 5208, 5308, 5209, 5309, 5210, 5309, 5209, 5309, 5210, 5310, 5211, 5310, 5210, 5310, 5211, 5311, 5212, 5311, 5211, 5311, 5212, 5312, 5213, 5312, 5212, 5312, 5213, 5313, 5214, 5313, 5213, 5313, 5214, 5314, 5215, 5314, 5214, 5314, 5215, 5315, 5216, 5315, 5215, 5315, 5216, 5316, 5217, 5316, 5216, 5316, 5217, 5317, 5218, 5317, 5217, 5317, 5218, 5318, 5219, 5318, 5218, 5318, 5219, 5319, 5220, 5319, 5219, 5319, 5220, 5320, 5221, 5320, 5220, 5320, 5221, 5321, 5222, 5321, 5221, 5321, 5222, 5322, 5223, 5322, 5222, 5322, 5223, 5323, 5224, 5323, 5223, 5323, 5224, 5324, 5225, 5324, 5224, 5324, 5225, 5325, 5226, 5325, 5225, 5325, 5226, 5326, 5227, 5326, 5226, 5326, 5227, 5327, 5228, 5327, 5227, 5327, 5228, 5328, 5229, 5328, 5228, 5328, 5229, 5329, 5230, 5329, 5229, 5329, 5230, 5330, 5330, 5231, 5331, 5231, 5330, 5230, 5331, 5232, 5332, 5232, 5331, 5231, 5332, 5233, 5333, 5233, 5332, 5232, 5333, 5234, 5334, 5234, 5333, 5233, 5334, 5235, 5335, 5235, 5334, 5234, 5335, 5236, 5336, 5236, 5335, 5235, 5336, 5237, 5337, 5237, 5336, 5236, 5337, 5139, 5239, 5139, 5337, 5237, 5339, 5238, 5338, 5238, 5339, 5239, 5338, 5240, 5340, 5240, 5338, 5238, 5340, 5241, 5341, 5241, 5340, 5240, 5341, 5242, 5342, 5242, 5341, 5241, 5342, 5243, 5343, 5243, 5342, 5242, 5343, 5244, 5344, 5244, 5343, 5243, 5344, 5245, 5345, 5245, 5344, 5244, 5345, 5246, 5346, 5246, 5345, 5245, 5346, 5247, 5347, 5247, 5346, 5246, 5347, 5248, 5348, 5248, 5347, 5247, 5348, 5249, 5349, 5249, 5348, 5248, 5349, 5250, 5350, 5250, 5349, 5249, 5350, 5251, 5351, 5251, 5350, 5250, 5351, 5252, 5352, 5252, 5351, 5251, 5352, 5253, 5353, 5253, 5352, 5252, 5353, 5254, 5354, 5254, 5353, 5253, 5354, 5255, 5355, 5255, 5354, 5254, 5355, 5256, 5356, 5256, 5355, 5255, 5356, 5257, 5357, 5257, 5356, 5256, 5357, 5258, 5358, 5258, 5357, 5257, 5358, 5259, 5359, 5259, 5358, 5258, 5359, 5260, 5360, 5260, 5359, 5259, 5360, 5261, 5361, 5261, 5360, 5260, 5361, 5262, 5362, 5262, 5361, 5261, 5362, 5263, 5363, 5263, 5362, 5262, 5363, 5264, 5364, 5264, 5363, 5263, 5364, 5265, 5365, 5265, 5364, 5264, 5365, 5266, 5366, 5266, 5365, 5265, 5366, 5267, 5367, 5267, 5366, 5266, 5367, 5268, 5368, 5268, 5367, 5267, 5368, 5269, 5369, 5269, 5368, 5268, 5369, 5270, 5370, 5270, 5369, 5269, 5370, 5271, 5371, 5271, 5370, 5270, 5371, 5272, 5372, 5272, 5371, 5271, 5372, 5273, 5373, 5273, 5372, 5272, 5373, 5274, 5374, 5274, 5373, 5273, 5374, 5275, 5375, 5275, 5374, 5274, 5375, 5276, 5376, 5276, 5375, 5275, 5376, 5277, 5377, 5277, 5376, 5276, 5377, 5278, 5378, 5278, 5377, 5277, 5378, 5279, 5379, 5279, 5378, 5278, 5379, 5280, 5380, 5280, 5379, 5279, 5280, 5381, 5380, 5381, 5280, 5281, 5281, 5382, 5381, 5382, 5281, 5282, 5282, 5383, 5382, 5383, 5282, 5283, 5283, 5384, 5383, 5384, 5283, 5284, 5284, 5385, 5384, 5385, 5284, 5285, 5285, 5386, 5385, 5386, 5285, 5286, 5286, 5387, 5386, 5387, 5286, 5287, 5287, 5388, 5387, 5388, 5287, 5288, 5288, 5389, 5388, 5389, 5288, 5289, 5289, 5390, 5389, 5390, 5289, 5290, 5290, 5391, 5390, 5391, 5290, 5291, 5291, 5392, 5391, 5392, 5291, 5292, 5292, 5393, 5392, 5393, 5292, 5293, 5293, 5394, 5393, 5394, 5293, 5294, 5294, 5395, 5394, 5395, 5294, 5295, 5295, 5396, 5395, 5396, 5295, 5296, 5296, 5397, 5396, 5397, 5296, 5297, 5297, 5398, 5397, 5398, 5297, 5298, 5298, 5399, 5398, 5399, 5298, 5299, 5299, 5400, 5399, 5400, 5299, 5300, 5300, 5401, 5400, 5401, 5300, 5301, 5301, 5402, 5401, 5402, 5301, 5302, 5302, 5403, 5402, 5403, 5302, 5303, 5303, 5404, 5403, 5404, 5303, 5304, 5304, 5405, 5404, 5405, 5304, 5305, 5306, 5405, 5305, 5405, 5306, 5406, 5307, 5406, 5306, 5406, 5307, 5407, 5308, 5407, 5307, 5407, 5308, 5408, 5309, 5408, 5308, 5408, 5309, 5409, 5310, 5409, 5309, 5409, 5310, 5410, 5311, 5410, 5310, 5410, 5311, 5411, 5312, 5411, 5311, 5411, 5312, 5412, 5313, 5412, 5312, 5412, 5313, 5413, 5314, 5413, 5313, 5413, 5314, 5414, 5315, 5414, 5314, 5414, 5315, 5415, 5316, 5415, 5315, 5415, 5316, 5416, 5317, 5416, 5316, 5416, 5317, 5417, 5318, 5417, 5317, 5417, 5318, 5418, 5319, 5418, 5318, 5418, 5319, 5419, 5320, 5419, 5319, 5419, 5320, 5420, 5321, 5420, 5320, 5420, 5321, 5421, 5322, 5421, 5321, 5421, 5322, 5422, 5323, 5422, 5322, 5422, 5323, 5423, 5324, 5423, 5323, 5423, 5324, 5424, 5325, 5424, 5324, 5424, 5325, 5425, 5326, 5425, 5325, 5425, 5326, 5426, 5327, 5426, 5326, 5426, 5327, 5427, 5328, 5427, 5327, 5427, 5328, 5428, 5329, 5428, 5328, 5428, 5329, 5429, 5330, 5429, 5329, 5429, 5330, 5430, 5430, 5331, 5431, 5331, 5430, 5330, 5431, 5332, 5432, 5332, 5431, 5331, 5432, 5333, 5433, 5333, 5432, 5332, 5433, 5334, 5434, 5334, 5433, 5333, 5434, 5335, 5435, 5335, 5434, 5334, 5435, 5336, 5436, 5336, 5435, 5335, 5436, 5337, 5437, 5337, 5436, 5336, 5437, 5239, 5339, 5239, 5437, 5337, 5439, 5338, 5438, 5338, 5439, 5339, 5438, 5340, 5440, 5340, 5438, 5338, 5440, 5341, 5441, 5341, 5440, 5340, 5441, 5342, 5442, 5342, 5441, 5341, 5442, 5343, 5443, 5343, 5442, 5342, 5443, 5344, 5444, 5344, 5443, 5343, 5444, 5345, 5445, 5345, 5444, 5344, 5445, 5346, 5446, 5346, 5445, 5345, 5446, 5347, 5447, 5347, 5446, 5346, 5447, 5348, 5448, 5348, 5447, 5347, 5448, 5349, 5449, 5349, 5448, 5348, 5449, 5350, 5450, 5350, 5449, 5349, 5450, 5351, 5451, 5351, 5450, 5350, 5451, 5352, 5452, 5352, 5451, 5351, 5452, 5353, 5453, 5353, 5452, 5352, 5453, 5354, 5454, 5354, 5453, 5353, 5454, 5355, 5455, 5355, 5454, 5354, 5455, 5356, 5456, 5356, 5455, 5355, 5456, 5357, 5457, 5357, 5456, 5356, 5457, 5358, 5458, 5358, 5457, 5357, 5458, 5359, 5459, 5359, 5458, 5358, 5459, 5360, 5460, 5360, 5459, 5359, 5460, 5361, 5461, 5361, 5460, 5360, 5461, 5362, 5462, 5362, 5461, 5361, 5462, 5363, 5463, 5363, 5462, 5362, 5463, 5364, 5464, 5364, 5463, 5363, 5464, 5365, 5465, 5365, 5464, 5364, 5465, 5366, 5466, 5366, 5465, 5365, 5466, 5367, 5467, 5367, 5466, 5366, 5467, 5368, 5468, 5368, 5467, 5367, 5468, 5369, 5469, 5369, 5468, 5368, 5469, 5370, 5470, 5370, 5469, 5369, 5470, 5371, 5471, 5371, 5470, 5370, 5471, 5372, 5472, 5372, 5471, 5371, 5472, 5373, 5473, 5373, 5472, 5372, 5473, 5374, 5474, 5374, 5473, 5373, 5474, 5375, 5475, 5375, 5474, 5374, 5475, 5376, 5476, 5376, 5475, 5375, 5476, 5377, 5477, 5377, 5476, 5376, 5477, 5378, 5478, 5378, 5477, 5377, 5478, 5379, 5479, 5379, 5478, 5378, 5379, 5480, 5479, 5480, 5379, 5380, 5380, 5481, 5480, 5481, 5380, 5381, 5381, 5482, 5481, 5482, 5381, 5382, 5382, 5483, 5482, 5483, 5382, 5383, 5383, 5484, 5483, 5484, 5383, 5384, 5384, 5485, 5484, 5485, 5384, 5385, 5385, 5486, 5485, 5486, 5385, 5386, 5386, 5487, 5486, 5487, 5386, 5387, 5387, 5488, 5487, 5488, 5387, 5388, 5388, 5489, 5488, 5489, 5388, 5389, 5389, 5490, 5489, 5490, 5389, 5390, 5390, 5491, 5490, 5491, 5390, 5391, 5391, 5492, 5491, 5492, 5391, 5392, 5392, 5493, 5492, 5493, 5392, 5393, 5393, 5494, 5493, 5494, 5393, 5394, 5394, 5495, 5494, 5495, 5394, 5395, 5395, 5496, 5495, 5496, 5395, 5396, 5396, 5497, 5496, 5497, 5396, 5397, 5397, 5498, 5497, 5498, 5397, 5398, 5398, 5499, 5498, 5499, 5398, 5399, 5399, 5500, 5499, 5500, 5399, 5400, 5400, 5501, 5500, 5501, 5400, 5401, 5401, 5502, 5501, 5502, 5401, 5402, 5402, 5503, 5502, 5503, 5402, 5403, 5403, 5504, 5503, 5504, 5403, 5404, 5404, 5505, 5504, 5505, 5404, 5405, 5406, 5505, 5405, 5505, 5406, 5506, 5407, 5506, 5406, 5506, 5407, 5507, 5408, 5507, 5407, 5507, 5408, 5508, 5409, 5508, 5408, 5508, 5409, 5509, 5410, 5509, 5409, 5509, 5410, 5510, 5411, 5510, 5410, 5510, 5411, 5511, 5412, 5511, 5411, 5511, 5412, 5512, 5413, 5512, 5412, 5512, 5413, 5513, 5414, 5513, 5413, 5513, 5414, 5514, 5415, 5514, 5414, 5514, 5415, 5515, 5416, 5515, 5415, 5515, 5416, 5516, 5417, 5516, 5416, 5516, 5417, 5517, 5418, 5517, 5417, 5517, 5418, 5518, 5419, 5518, 5418, 5518, 5419, 5519, 5420, 5519, 5419, 5519, 5420, 5520, 5421, 5520, 5420, 5520, 5421, 5521, 5422, 5521, 5421, 5521, 5422, 5522, 5423, 5522, 5422, 5522, 5423, 5523, 5424, 5523, 5423, 5523, 5424, 5524, 5425, 5524, 5424, 5524, 5425, 5525, 5426, 5525, 5425, 5525, 5426, 5526, 5427, 5526, 5426, 5526, 5427, 5527, 5428, 5527, 5427, 5527, 5428, 5528, 5429, 5528, 5428, 5528, 5429, 5529, 5529, 5430, 5530, 5430, 5529, 5429, 5530, 5431, 5531, 5431, 5530, 5430, 5531, 5432, 5532, 5432, 5531, 5431, 5532, 5433, 5533, 5433, 5532, 5432, 5533, 5434, 5534, 5434, 5533, 5433, 5534, 5435, 5535, 5435, 5534, 5434, 5535, 5436, 5536, 5436, 5535, 5435, 5536, 5437, 5537, 5437, 5536, 5436, 5537, 5339, 5439, 5339, 5537, 5437, 0, 1, 2, 3, 2, 1, 1, 4, 3, 5, 3, 4, 4, 6, 5, 7, 5, 6, 6, 8, 7, 9, 7, 8, 8, 10, 9, 11, 9, 10, 10, 12, 11, 13, 11, 12, 12, 14, 13, 15, 13, 14, 14, 16, 15, 17, 15, 16, 16, 18, 17, 19, 17, 18, 18, 20, 19, 21, 19, 20, 20, 22, 21, 23, 21, 22, 22, 24, 23, 25, 23, 24, 24, 26, 25, 27, 25, 26, 26, 28, 27, 29, 27, 28, 28, 30, 29, 31, 29, 30, 30, 32, 31, 33, 31, 32, 32, 34, 33, 35, 33, 34, 36, 37, 34, 35, 34, 37, 38, 39, 36, 37, 36, 39, 40, 41, 38, 39, 38, 41, 42, 43, 40, 41, 40, 43, 44, 45, 42, 43, 42, 45, 46, 47, 44, 45, 44, 47, 48, 49, 46, 47, 46, 49, 50, 51, 48, 49, 48, 51, 52, 53, 50, 51, 50, 53, 54, 55, 52, 53, 52, 55, 56, 57, 54, 55, 54, 57, 58, 59, 56, 57, 56, 59, 60, 61, 58, 59, 58, 61, 62, 63, 60, 61, 60, 63, 64, 65, 62, 63, 62, 65, 66, 67, 64, 65, 64, 67, 68, 69, 66, 67, 66, 69, 70, 71, 68, 69, 68, 71, 72, 73, 70, 71, 70, 73, 74, 75, 72, 73, 72, 75, 76, 77, 74, 75, 74, 77, 78, 79, 76, 77, 76, 79, 80, 81, 78, 79, 78, 81, 82, 83, 80, 81, 80, 83, 84, 85, 82, 83, 82, 85, 86, 87, 84, 85, 84, 87, 88, 89, 86, 87, 86, 89, 90, 91, 88, 89, 88, 91, 92, 93, 90, 91, 90, 93, 94, 95, 92, 93, 92, 95, 96, 97, 94, 95, 94, 97, 98, 99, 96, 97, 96, 99, 100, 101, 98, 99, 98, 101, 102, 103, 100, 101, 100, 103, 104, 105, 102, 103, 102, 105, 106, 107, 104, 105, 104, 107, 108, 109, 106, 107, 106, 109, 110, 111, 108, 109, 108, 111, 112, 113, 110, 111, 110, 113, 114, 115, 112, 113, 112, 115, 116, 117, 114, 115, 114, 117, 118, 119, 116, 117, 116, 119, 120, 121, 118, 119, 118, 121, 122, 123, 120, 121, 120, 123, 124, 125, 122, 123, 122, 125, 126, 127, 124, 125, 124, 127, 128, 129, 126, 127, 126, 129, 130, 131, 128, 129, 128, 131, 132, 133, 130, 131, 130, 133, 134, 135, 132, 133, 132, 135, 135, 134, 136, 137, 136, 134, 136, 137, 138, 139, 138, 137, 138, 139, 140, 141, 140, 139, 140, 141, 142, 143, 142, 141, 142, 143, 144, 145, 144, 143, 144, 145, 146, 147, 146, 145, 146, 147, 148, 149, 148, 147, 148, 149, 150, 151, 150, 149, 150, 151, 152, 153, 152, 151, 152, 153, 154, 155, 154, 153, 154, 155, 156, 157, 156, 155, 156, 157, 158, 159, 158, 157, 158, 159, 160, 161, 160, 159, 160, 161, 162, 163, 162, 161, 162, 163, 164, 165, 164, 163, 164, 165, 166, 167, 166, 165, 166, 167, 168, 169, 168, 167, 168, 169, 170, 171, 170, 169, 170, 171, 172, 173, 172, 171, 172, 173, 174, 175, 174, 173, 174, 175, 176, 177, 176, 175, 176, 177, 178, 179, 178, 177, 178, 179, 180, 181, 180, 179, 180, 181, 182, 183, 182, 181, 182, 183, 184, 185, 184, 183, 185, 186, 184, 187, 184, 186, 186, 188, 187, 189, 187, 188, 188, 190, 189, 191, 189, 190, 190, 192, 191, 193, 191, 192, 192, 194, 193, 195, 193, 194, 194, 196, 195, 197, 195, 196, 196, 198, 197, 199, 197, 198, 198, 0, 199, 2, 199, 0, 200, 201, 0, 1, 0, 201, 201, 202, 1, 4, 1, 202, 202, 203, 4, 6, 4, 203, 203, 204, 6, 8, 6, 204, 204, 205, 8, 10, 8, 205, 205, 206, 10, 12, 10, 206, 206, 207, 12, 14, 12, 207, 207, 208, 14, 16, 14, 208, 208, 209, 16, 18, 16, 209, 209, 210, 18, 20, 18, 210, 210, 211, 20, 22, 20, 211, 211, 212, 22, 24, 22, 212, 212, 213, 24, 26, 24, 213, 213, 214, 26, 28, 26, 214, 214, 215, 28, 30, 28, 215, 215, 216, 30, 32, 30, 216, 216, 217, 32, 34, 32, 217, 218, 36, 217, 34, 217, 36, 219, 38, 218, 36, 218, 38, 220, 40, 219, 38, 219, 40, 221, 42, 220, 40, 220, 42, 222, 44, 221, 42, 221, 44, 223, 46, 222, 44, 222, 46, 224, 48, 223, 46, 223, 48, 225, 50, 224, 48, 224, 50, 226, 52, 225, 50, 225, 52, 227, 54, 226, 52, 226, 54, 228, 56, 227, 54, 227, 56, 229, 58, 228, 56, 228, 58, 230, 60, 229, 58, 229, 60, 231, 62, 230, 60, 230, 62, 232, 64, 231, 62, 231, 64, 233, 66, 232, 64, 232, 66, 234, 68, 233, 66, 233, 68, 235, 70, 234, 68, 234, 70, 236, 72, 235, 70, 235, 72, 237, 74, 236, 72, 236, 74, 238, 76, 237, 74, 237, 76, 239, 78, 238, 76, 238, 78, 240, 80, 239, 78, 239, 80, 241, 82, 240, 80, 240, 82, 242, 84, 241, 82, 241, 84, 243, 86, 242, 84, 242, 86, 244, 88, 243, 86, 243, 88, 245, 90, 244, 88, 244, 90, 246, 92, 245, 90, 245, 92, 247, 94, 246, 92, 246, 94, 248, 96, 247, 94, 247, 96, 249, 98, 248, 96, 248, 98, 250, 100, 249, 98, 249, 100, 251, 102, 250, 100, 250, 102, 252, 104, 251, 102, 251, 104, 253, 106, 252, 104, 252, 106, 254, 108, 253, 106, 253, 108, 255, 110, 254, 108, 254, 110, 256, 112, 255, 110, 255, 112, 257, 114, 256, 112, 256, 114, 258, 116, 257, 114, 257, 116, 259, 118, 258, 116, 258, 118, 260, 120, 259, 118, 259, 120, 261, 122, 260, 120, 260, 122, 262, 124, 261, 122, 261, 124, 263, 126, 262, 124, 262, 126, 264, 128, 263, 126, 263, 128, 265, 130, 264, 128, 264, 130, 266, 132, 265, 130, 265, 132, 267, 134, 266, 132, 266, 134, 134, 267, 137, 268, 137, 267, 137, 268, 139, 269, 139, 268, 139, 269, 141, 270, 141, 269, 141, 270, 143, 271, 143, 270, 143, 271, 145, 272, 145, 271, 145, 272, 147, 273, 147, 272, 147, 273, 149, 274, 149, 273, 149, 274, 151, 275, 151, 274, 151, 275, 153, 276, 153, 275, 153, 276, 155, 277, 155, 276, 155, 277, 157, 278, 157, 277, 157, 278, 159, 279, 159, 278, 159, 279, 161, 280, 161, 279, 161, 280, 163, 281, 163, 280, 163, 281, 165, 282, 165, 281, 165, 282, 167, 283, 167, 282, 167, 283, 169, 284, 169, 283, 169, 284, 171, 285, 171, 284, 171, 285, 173, 286, 173, 285, 173, 286, 175, 287, 175, 286, 175, 287, 177, 288, 177, 287, 177, 288, 179, 289, 179, 288, 179, 289, 181, 290, 181, 289, 181, 290, 183, 291, 183, 290, 291, 292, 183, 185, 183, 292, 292, 293, 185, 186, 185, 293, 293, 294, 186, 188, 186, 294, 294, 295, 188, 190, 188, 295, 295, 296, 190, 192, 190, 296, 296, 297, 192, 194, 192, 297, 297, 298, 194, 196, 194, 298, 298, 299, 196, 198, 196, 299, 299, 200, 198, 0, 198, 200, 300, 301, 200, 201, 200, 301, 301, 302, 201, 202, 201, 302, 302, 303, 202, 203, 202, 303, 303, 304, 203, 204, 203, 304, 304, 305, 204, 205, 204, 305, 305, 306, 205, 206, 205, 306, 306, 307, 206, 207, 206, 307, 307, 308, 207, 208, 207, 308, 308, 309, 208, 209, 208, 309, 309, 310, 209, 210, 209, 310, 310, 311, 210, 211, 210, 311, 311, 312, 211, 212, 211, 312, 312, 313, 212, 213, 212, 313, 313, 314, 213, 214, 213, 314, 314, 315, 214, 215, 214, 315, 315, 316, 215, 216, 215, 316, 316, 317, 216, 217, 216, 317, 317, 318, 217, 218, 217, 318, 319, 219, 318, 218, 318, 219, 320, 220, 319, 219, 319, 220, 321, 221, 320, 220, 320, 221, 322, 222, 321, 221, 321, 222, 323, 223, 322, 222, 322, 223, 324, 224, 323, 223, 323, 224, 325, 225, 324, 224, 324, 225, 326, 226, 325, 225, 325, 226, 327, 227, 326, 226, 326, 227, 328, 228, 327, 227, 327, 228, 329, 229, 328, 228, 328, 229, 330, 230, 329, 229, 329, 230, 331, 231, 330, 230, 330, 231, 332, 232, 331, 231, 331, 232, 333, 233, 332, 232, 332, 233, 334, 234, 333, 233, 333, 234, 335, 235, 334, 234, 334, 235, 336, 236, 335, 235, 335, 236, 337, 237, 336, 236, 336, 237, 338, 238, 337, 237, 337, 238, 339, 239, 338, 238, 338, 239, 340, 240, 339, 239, 339, 240, 341, 241, 340, 240, 340, 241, 342, 242, 341, 241, 341, 242, 343, 243, 342, 242, 342, 243, 344, 244, 343, 243, 343, 244, 345, 245, 344, 244, 344, 245, 346, 246, 345, 245, 345, 246, 347, 247, 346, 246, 346, 247, 348, 248, 347, 247, 347, 248, 349, 249, 348, 248, 348, 249, 350, 250, 349, 249, 349, 250, 351, 251, 350, 250, 350, 251, 352, 252, 351, 251, 351, 252, 353, 253, 352, 252, 352, 253, 354, 254, 353, 253, 353, 254, 355, 255, 354, 254, 354, 255, 356, 256, 355, 255, 355, 256, 357, 257, 356, 256, 356, 257, 358, 258, 357, 257, 357, 258, 359, 259, 358, 258, 358, 259, 360, 260, 359, 259, 359, 260, 361, 261, 360, 260, 360, 261, 362, 262, 361, 261, 361, 262, 363, 263, 362, 262, 362, 263, 364, 264, 363, 263, 363, 264, 365, 265, 364, 264, 364, 265, 366, 266, 365, 265, 365, 266, 367, 267, 366, 266, 366, 267, 368, 268, 367, 267, 367, 268, 268, 368, 269, 369, 269, 368, 269, 369, 270, 370, 270, 369, 270, 370, 271, 371, 271, 370, 271, 371, 272, 372, 272, 371, 272, 372, 273, 373, 273, 372, 273, 373, 274, 374, 274, 373, 274, 374, 275, 375, 275, 374, 275, 375, 276, 376, 276, 375, 276, 376, 277, 377, 277, 376, 277, 377, 278, 378, 278, 377, 278, 378, 279, 379, 279, 378, 279, 379, 280, 380, 280, 379, 280, 380, 281, 381, 281, 380, 281, 381, 282, 382, 282, 381, 282, 382, 283, 383, 283, 382, 283, 383, 284, 384, 284, 383, 284, 384, 285, 385, 285, 384, 285, 385, 286, 386, 286, 385, 286, 386, 287, 387, 287, 386, 287, 387, 288, 388, 288, 387, 288, 388, 289, 389, 289, 388, 289, 389, 290, 390, 290, 389, 390, 391, 290, 291, 290, 391, 391, 392, 291, 292, 291, 392, 392, 393, 292, 293, 292, 393, 393, 394, 293, 294, 293, 394, 394, 395, 294, 295, 294, 395, 395, 396, 295, 296, 295, 396, 396, 397, 296, 297, 296, 397, 397, 398, 297, 298, 297, 398, 398, 399, 298, 299, 298, 399, 399, 300, 299, 200, 299, 300, 400, 401, 300, 301, 300, 401, 401, 402, 301, 302, 301, 402, 402, 403, 302, 303, 302, 403, 403, 404, 303, 304, 303, 404, 404, 405, 304, 305, 304, 405, 405, 406, 305, 306, 305, 406, 406, 407, 306, 307, 306, 407, 407, 408, 307, 308, 307, 408, 408, 409, 308, 309, 308, 409, 409, 410, 309, 310, 309, 410, 410, 411, 310, 311, 310, 411, 411, 412, 311, 312, 311, 412, 412, 413, 312, 313, 312, 413, 413, 414, 313, 314, 313, 414, 414, 415, 314, 315, 314, 415, 415, 416, 315, 316, 315, 416, 416, 417, 316, 317, 316, 417, 417, 418, 317, 318, 317, 418, 418, 419, 318, 319, 318, 419, 419, 420, 319, 320, 319, 420, 420, 421, 320, 321, 320, 421, 421, 422, 321, 322, 321, 422, 422, 423, 322, 323, 322, 423, 423, 424, 323, 324, 323, 424, 424, 425, 324, 325, 324, 425, 425, 426, 325, 326, 325, 426, 426, 427, 326, 327, 326, 427, 427, 428, 327, 328, 327, 428, 428, 429, 328, 329, 328, 429, 430, 330, 429, 329, 429, 330, 431, 331, 430, 330, 430, 331, 432, 332, 431, 331, 431, 332, 433, 333, 432, 332, 432, 333, 434, 334, 433, 333, 433, 334, 435, 335, 434, 334, 434, 335, 436, 336, 435, 335, 435, 336, 437, 337, 436, 336, 436, 337, 438, 338, 437, 337, 437, 338, 439, 339, 438, 338, 438, 339, 440, 340, 439, 339, 439, 340, 441, 341, 440, 340, 440, 341, 442, 342, 441, 341, 441, 342, 443, 343, 442, 342, 442, 343, 444, 344, 443, 343, 443, 344, 445, 345, 444, 344, 444, 345, 446, 346, 445, 345, 445, 346, 447, 347, 446, 346, 446, 347, 448, 348, 447, 347, 447, 348, 449, 349, 448, 348, 448, 349, 450, 350, 449, 349, 449, 350, 451, 351, 450, 350, 450, 351, 452, 352, 451, 351, 451, 352, 453, 353, 452, 352, 452, 353, 454, 354, 453, 353, 453, 354, 455, 355, 454, 354, 454, 355, 456, 356, 455, 355, 455, 356, 457, 357, 456, 356, 456, 357, 458, 358, 457, 357, 457, 358, 459, 359, 458, 358, 458, 359, 460, 360, 459, 359, 459, 360, 461, 361, 460, 360, 460, 361, 462, 362, 461, 361, 461, 362, 463, 363, 462, 362, 462, 363, 464, 364, 463, 363, 463, 364, 465, 365, 464, 364, 464, 365, 466, 366, 465, 365, 465, 366, 467, 367, 466, 366, 466, 367, 468, 368, 467, 367, 467, 368, 469, 369, 468, 368, 468, 369, 470, 370, 469, 369, 469, 370, 471, 371, 470, 370, 470, 371, 472, 372, 471, 371, 471, 372, 473, 373, 472, 372, 472, 373, 474, 374, 473, 373, 473, 374, 475, 375, 474, 374, 474, 375, 476, 376, 475, 375, 475, 376, 477, 377, 476, 376, 476, 377, 478, 378, 477, 377, 477, 378, 479, 379, 478, 378, 478, 379, 479, 480, 379, 380, 379, 480, 480, 481, 380, 381, 380, 481, 481, 482, 381, 382, 381, 482, 482, 483, 382, 383, 382, 483, 483, 484, 383, 384, 383, 484, 484, 485, 384, 385, 384, 485, 485, 486, 385, 386, 385, 486, 486, 487, 386, 387, 386, 487, 487, 488, 387, 388, 387, 488, 488, 489, 388, 389, 388, 489, 489, 490, 389, 390, 389, 490, 490, 491, 390, 391, 390, 491, 491, 492, 391, 392, 391, 492, 492, 493, 392, 393, 392, 493, 493, 494, 393, 394, 393, 494, 494, 495, 394, 395, 394, 495, 495, 496, 395, 396, 395, 496, 496, 497, 396, 397, 396, 497, 497, 498, 397, 398, 397, 498, 498, 499, 398, 399, 398, 499, 499, 400, 399, 300, 399, 400, 400, 500, 401, 501, 401, 500, 401, 501, 402, 502, 402, 501, 402, 502, 403, 503, 403, 502, 403, 503, 404, 504, 404, 503, 404, 504, 405, 505, 405, 504, 405, 505, 406, 506, 406, 505, 406, 506, 407, 507, 407, 506, 407, 507, 408, 508, 408, 507, 408, 508, 409, 509, 409, 508, 409, 509, 410, 510, 410, 509, 410, 510, 411, 511, 411, 510, 411, 511, 412, 512, 412, 511, 412, 512, 413, 513, 413, 512, 413, 513, 414, 514, 414, 513, 414, 514, 415, 515, 415, 514, 415, 515, 416, 516, 416, 515, 416, 516, 417, 517, 417, 516, 417, 517, 418, 518, 418, 517, 518, 519, 418, 419, 418, 519, 519, 520, 419, 420, 419, 520, 520, 521, 420, 421, 420, 521, 521, 522, 421, 422, 421, 522, 522, 523, 422, 423, 422, 523, 523, 524, 423, 424, 423, 524, 524, 525, 424, 425, 424, 525, 525, 526, 425, 426, 425, 526, 526, 527, 426, 427, 426, 527, 527, 528, 427, 428, 427, 528, 528, 529, 428, 429, 428, 529, 530, 430, 529, 429, 529, 430, 531, 431, 530, 430, 530, 431, 532, 432, 531, 431, 531, 432, 533, 433, 532, 432, 532, 433, 534, 434, 533, 433, 533, 434, 535, 435, 534, 434, 534, 435, 536, 436, 535, 435, 535, 436, 537, 437, 536, 436, 536, 437, 538, 438, 537, 437, 537, 438, 539, 439, 538, 438, 538, 439, 540, 440, 539, 439, 539, 440, 541, 441, 540, 440, 540, 441, 442, 441, 542, 541, 542, 441, 443, 442, 543, 542, 543, 442, 444, 443, 544, 543, 544, 443, 445, 444, 545, 544, 545, 444, 446, 445, 546, 545, 546, 445, 447, 446, 547, 546, 547, 446, 448, 447, 548, 547, 548, 447, 449, 448, 549, 548, 549, 448, 450, 449, 550, 549, 550, 449, 451, 450, 551, 550, 551, 450, 452, 451, 552, 551, 552, 451, 453, 452, 553, 552, 553, 452, 454, 453, 554, 553, 554, 453, 455, 454, 555, 554, 555, 454, 456, 455, 556, 555, 556, 455, 457, 456, 557, 556, 557, 456, 458, 457, 558, 557, 558, 457, 459, 458, 559, 558, 559, 458, 460, 459, 560, 559, 560, 459, 461, 460, 561, 560, 561, 460, 562, 561, 560, 462, 461, 563, 561, 563, 461, 564, 563, 561, 562, 564, 561, 463, 462, 565, 563, 565, 462, 566, 565, 563, 564, 566, 563, 464, 463, 567, 565, 567, 463, 568, 567, 565, 566, 568, 565, 465, 464, 569, 567, 569, 464, 570, 569, 567, 568, 570, 567, 466, 465, 571, 569, 571, 465, 572, 571, 569, 570, 572, 569, 467, 466, 573, 571, 573, 466, 574, 573, 571, 572, 574, 571, 468, 467, 575, 573, 575, 467, 576, 575, 573, 574, 576, 573, 577, 578, 576, 575, 576, 578, 469, 575, 578, 468, 575, 469, 579, 580, 577, 578, 577, 580, 470, 578, 580, 469, 578, 470, 581, 582, 579, 580, 579, 582, 471, 580, 582, 470, 580, 471, 583, 584, 581, 582, 581, 584, 472, 582, 584, 471, 582, 472, 585, 586, 583, 584, 583, 586, 473, 584, 586, 472, 584, 473, 587, 588, 585, 586, 585, 588, 474, 586, 588, 473, 586, 474, 589, 590, 587, 588, 587, 590, 475, 588, 590, 474, 588, 475, 591, 592, 589, 590, 589, 592, 476, 590, 592, 475, 590, 476, 593, 594, 591, 592, 591, 594, 477, 592, 594, 476, 592, 477, 595, 596, 593, 594, 593, 596, 478, 594, 596, 477, 594, 478, 597, 598, 595, 596, 595, 598, 479, 596, 598, 478, 596, 479, 597, 599, 598, 600, 598, 599, 479, 598, 600, 480, 479, 600, 599, 601, 600, 602, 600, 601, 480, 600, 602, 481, 480, 602, 601, 603, 602, 604, 602, 603, 481, 602, 604, 482, 481, 604, 603, 605, 604, 606, 604, 605, 482, 604, 606, 483, 482, 606, 605, 607, 606, 608, 606, 607, 483, 606, 608, 484, 483, 608, 607, 609, 608, 610, 608, 609, 484, 608, 610, 485, 484, 610, 609, 611, 610, 612, 610, 611, 485, 610, 612, 486, 485, 612, 611, 613, 612, 614, 612, 613, 486, 612, 614, 487, 486, 614, 613, 615, 614, 616, 614, 615, 487, 614, 616, 488, 487, 616, 615, 617, 616, 618, 616, 617, 488, 616, 618, 489, 488, 618, 617, 619, 618, 620, 618, 619, 489, 618, 620, 490, 489, 620, 619, 621, 620, 622, 620, 621, 490, 620, 622, 491, 490, 622, 491, 622, 492, 623, 492, 622, 621, 623, 622, 624, 623, 621, 492, 623, 493, 625, 493, 623, 624, 625, 623, 626, 625, 624, 493, 625, 494, 627, 494, 625, 626, 627, 625, 628, 627, 626, 494, 627, 495, 629, 495, 627, 628, 629, 627, 630, 629, 628, 495, 629, 496, 631, 496, 629, 630, 631, 629, 632, 631, 630, 496, 631, 497, 633, 497, 631, 632, 633, 631, 634, 633, 632, 497, 633, 498, 635, 498, 633, 634, 635, 633, 636, 635, 634, 498, 635, 499, 637, 499, 635, 636, 637, 635, 499, 637, 400, 500, 400, 637, 500, 638, 501, 639, 501, 638, 501, 639, 502, 640, 502, 639, 502, 640, 503, 641, 503, 640, 503, 641, 504, 642, 504, 641, 504, 642, 505, 643, 505, 642, 505, 643, 506, 644, 506, 643, 506, 644, 507, 645, 507, 644, 507, 645, 508, 646, 508, 645, 508, 646, 509, 647, 509, 646, 509, 647, 510, 648, 510, 647, 510, 648, 511, 649, 511, 648, 511, 649, 512, 650, 512, 649, 512, 650, 513, 651, 513, 650, 513, 651, 514, 652, 514, 651, 514, 652, 515, 653, 515, 652, 515, 653, 516, 654, 516, 653, 516, 654, 517, 655, 517, 654, 517, 655, 518, 656, 518, 655, 518, 656, 519, 657, 519, 656, 658, 520, 657, 519, 657, 520, 659, 521, 658, 520, 658, 521, 660, 522, 659, 521, 659, 522, 661, 523, 660, 522, 660, 523, 662, 524, 661, 523, 661, 524, 663, 525, 662, 524, 662, 525, 664, 526, 663, 525, 663, 526, 665, 527, 664, 526, 664, 527, 666, 528, 665, 527, 665, 528, 667, 529, 666, 528, 666, 529, 668, 530, 667, 529, 667, 530, 669, 531, 668, 530, 668, 531, 670, 532, 669, 531, 669, 532, 671, 533, 670, 532, 670, 533, 672, 534, 671, 533, 671, 534, 673, 535, 672, 534, 672, 535, 674, 536, 673, 535, 673, 536, 675, 537, 674, 536, 674, 537, 676, 538, 675, 537, 675, 538, 677, 539, 676, 538, 676, 539, 540, 539, 678, 677, 678, 539, 541, 540, 679, 678, 679, 540, 542, 541, 680, 679, 680, 541, 543, 542, 681, 680, 681, 542, 544, 543, 682, 681, 682, 543, 545, 544, 683, 682, 683, 544, 546, 545, 684, 683, 684, 545, 547, 546, 685, 684, 685, 546, 548, 547, 686, 685, 686, 547, 549, 548, 687, 686, 687, 548, 550, 549, 688, 687, 688, 549, 551, 550, 689, 688, 689, 550, 552, 551, 690, 689, 690, 551, 553, 552, 691, 690, 691, 552, 554, 553, 692, 691, 692, 553, 555, 554, 693, 692, 693, 554, 556, 555, 694, 693, 694, 555, 557, 556, 695, 694, 695, 556, 558, 557, 696, 695, 696, 557, 559, 558, 697, 696, 697, 558, 560, 559, 698, 697, 698, 559, 562, 560, 699, 698, 699, 560, 564, 562, 700, 699, 700, 562, 566, 564, 701, 700, 701, 564, 568, 566, 702, 701, 702, 566, 570, 568, 703, 702, 703, 568, 572, 570, 704, 703, 704, 570, 574, 572, 705, 704, 705, 572, 576, 574, 706, 705, 706, 574, 577, 576, 707, 706, 707, 576, 577, 707, 579, 708, 579, 707, 579, 708, 581, 709, 581, 708, 581, 709, 583, 710, 583, 709, 583, 710, 585, 711, 585, 710, 585, 711, 587, 712, 587, 711, 587, 712, 589, 713, 589, 712, 589, 713, 591, 714, 591, 713, 591, 714, 593, 715, 593, 714, 593, 715, 595, 716, 595, 715, 595, 716, 597, 717, 597, 716, 597, 717, 599, 718, 599, 717, 599, 718, 601, 719, 601, 718, 601, 719, 603, 720, 603, 719, 603, 720, 605, 721, 605, 720, 605, 721, 607, 722, 607, 721, 607, 722, 609, 723, 609, 722, 609, 723, 611, 724, 611, 723, 611, 724, 613, 725, 613, 724, 613, 725, 615, 726, 615, 725, 615, 726, 617, 727, 617, 726, 617, 727, 619, 728, 619, 727, 619, 728, 621, 729, 621, 728, 621, 729, 624, 730, 624, 729, 624, 730, 626, 731, 626, 730, 626, 731, 628, 732, 628, 731, 628, 732, 630, 733, 630, 732, 630, 733, 632, 734, 632, 733, 632, 734, 634, 735, 634, 734, 634, 735, 636, 736, 636, 735, 636, 736, 637, 737, 637, 736, 637, 737, 500, 638, 500, 737, 638, 738, 639, 739, 639, 738, 639, 739, 640, 740, 640, 739, 640, 740, 641, 741, 641, 740, 641, 741, 642, 742, 642, 741, 642, 742, 643, 743, 643, 742, 643, 743, 644, 744, 644, 743, 644, 744, 645, 745, 645, 744, 645, 745, 646, 746, 646, 745, 646, 746, 647, 747, 647, 746, 647, 747, 648, 748, 648, 747, 648, 748, 649, 749, 649, 748, 649, 749, 650, 750, 650, 749, 650, 750, 651, 751, 651, 750, 651, 751, 652, 752, 652, 751, 652, 752, 653, 753, 653, 752, 653, 753, 654, 754, 654, 753, 654, 754, 655, 755, 655, 754, 655, 755, 656, 756, 656, 755, 757, 657, 756, 656, 756, 657, 758, 658, 757, 657, 757, 658, 759, 659, 758, 658, 758, 659, 760, 660, 759, 659, 759, 660, 761, 661, 760, 660, 760, 661, 762, 662, 761, 661, 761, 662, 763, 663, 762, 662, 762, 663, 764, 664, 763, 663, 763, 664, 765, 665, 764, 664, 764, 665, 766, 666, 765, 665, 765, 666, 767, 667, 766, 666, 766, 667, 768, 668, 767, 667, 767, 668, 769, 669, 768, 668, 768, 669, 770, 670, 769, 669, 769, 670, 771, 671, 770, 670, 770, 671, 772, 672, 771, 671, 771, 672, 773, 673, 772, 672, 772, 673, 774, 674, 773, 673, 773, 674, 775, 675, 774, 674, 774, 675, 776, 676, 775, 675, 775, 676, 777, 677, 776, 676, 776, 677, 778, 678, 777, 677, 777, 678, 679, 678, 779, 778, 779, 678, 680, 679, 780, 779, 780, 679, 681, 680, 781, 780, 781, 680, 682, 681, 782, 781, 782, 681, 683, 682, 783, 782, 783, 682, 684, 683, 784, 783, 784, 683, 685, 684, 785, 784, 785, 684, 686, 685, 786, 785, 786, 685, 687, 686, 787, 786, 787, 686, 688, 687, 788, 787, 788, 687, 689, 688, 789, 788, 789, 688, 690, 689, 790, 789, 790, 689, 691, 690, 791, 790, 791, 690, 692, 691, 792, 791, 792, 691, 693, 692, 793, 792, 793, 692, 694, 693, 794, 793, 794, 693, 695, 694, 795, 794, 795, 694, 696, 695, 796, 795, 796, 695, 697, 696, 797, 796, 797, 696, 698, 697, 798, 797, 798, 697, 699, 698, 799, 798, 799, 698, 700, 699, 800, 799, 800, 699, 701, 700, 801, 800, 801, 700, 702, 701, 802, 801, 802, 701, 703, 702, 803, 802, 803, 702, 704, 703, 804, 803, 804, 703, 705, 704, 805, 804, 805, 704, 706, 705, 806, 805, 806, 705, 706, 806, 707, 807, 707, 806, 707, 807, 708, 808, 708, 807, 708, 808, 709, 809, 709, 808, 709, 809, 710, 810, 710, 809, 710, 810, 711, 811, 711, 810, 711, 811, 712, 812, 712, 811, 712, 812, 713, 813, 713, 812, 713, 813, 714, 814, 714, 813, 714, 814, 715, 815, 715, 814, 715, 815, 716, 816, 716, 815, 716, 816, 717, 817, 717, 816, 717, 817, 718, 818, 718, 817, 718, 818, 719, 819, 719, 818, 719, 819, 720, 820, 720, 819, 720, 820, 721, 821, 721, 820, 721, 821, 722, 822, 722, 821, 722, 822, 723, 823, 723, 822, 723, 823, 724, 824, 724, 823, 724, 824, 725, 825, 725, 824, 725, 825, 726, 826, 726, 825, 726, 826, 727, 827, 727, 826, 727, 827, 728, 828, 728, 827, 728, 828, 729, 829, 729, 828, 729, 829, 730, 830, 730, 829, 730, 830, 731, 831, 731, 830, 731, 831, 732, 832, 732, 831, 732, 832, 733, 833, 733, 832, 733, 833, 734, 834, 734, 833, 734, 834, 735, 835, 735, 834, 735, 835, 736, 836, 736, 835, 736, 836, 737, 837, 737, 836, 737, 837, 638, 738, 638, 837, 738, 838, 739, 839, 739, 838, 739, 839, 740, 840, 740, 839, 740, 840, 741, 841, 741, 840, 741, 841, 742, 842, 742, 841, 742, 842, 743, 843, 743, 842, 743, 843, 744, 844, 744, 843, 744, 844, 745, 845, 745, 844, 745, 845, 746, 846, 746, 845, 746, 846, 747, 847, 747, 846, 747, 847, 748, 848, 748, 847, 748, 848, 749, 849, 749, 848, 749, 849, 750, 850, 750, 849, 750, 850, 751, 851, 751, 850, 751, 851, 752, 852, 752, 851, 752, 852, 753, 853, 753, 852, 753, 853, 754, 854, 754, 853, 754, 854, 755, 855, 755, 854, 856, 756, 855, 755, 855, 756, 857, 757, 856, 756, 856, 757, 858, 758, 857, 757, 857, 758, 859, 759, 858, 758, 858, 759, 860, 760, 859, 759, 859, 760, 861, 761, 860, 760, 860, 761, 862, 762, 861, 761, 861, 762, 863, 763, 862, 762, 862, 763, 864, 764, 863, 763, 863, 764, 865, 765, 864, 764, 864, 765, 866, 766, 865, 765, 865, 766, 867, 767, 866, 766, 866, 767, 868, 768, 867, 767, 867, 768, 869, 769, 868, 768, 868, 769, 870, 770, 869, 769, 869, 770, 871, 771, 870, 770, 870, 771, 872, 772, 871, 771, 871, 772, 873, 773, 872, 772, 872, 773, 874, 774, 873, 773, 873, 774, 875, 775, 874, 774, 874, 775, 876, 776, 875, 775, 875, 776, 877, 777, 876, 776, 876, 777, 878, 778, 877, 777, 877, 778, 879, 779, 878, 778, 878, 779, 780, 779, 880, 879, 880, 779, 781, 780, 881, 880, 881, 780, 782, 781, 882, 881, 882, 781, 783, 782, 883, 882, 883, 782, 784, 783, 884, 883, 884, 783, 785, 784, 885, 884, 885, 784, 786, 785, 886, 885, 886, 785, 787, 786, 887, 886, 887, 786, 788, 787, 888, 887, 888, 787, 789, 788, 889, 888, 889, 788, 790, 789, 890, 889, 890, 789, 791, 790, 891, 890, 891, 790, 792, 791, 892, 891, 892, 791, 793, 792, 893, 892, 893, 792, 794, 793, 894, 893, 894, 793, 795, 794, 895, 894, 895, 794, 796, 795, 896, 895, 896, 795, 797, 796, 897, 896, 897, 796, 798, 797, 898, 897, 898, 797, 799, 798, 899, 898, 899, 798, 800, 799, 900, 899, 900, 799, 801, 800, 901, 900, 901, 800, 802, 801, 902, 901, 902, 801, 803, 802, 903, 902, 903, 802, 804, 803, 904, 903, 904, 803, 805, 804, 905, 904, 905, 804, 805, 905, 806, 906, 806, 905, 806, 906, 807, 907, 807, 906, 807, 907, 808, 908, 808, 907, 808, 908, 809, 909, 809, 908, 809, 909, 810, 910, 810, 909, 810, 910, 811, 911, 811, 910, 811, 911, 812, 912, 812, 911, 812, 912, 813, 913, 813, 912, 813, 913, 814, 914, 814, 913, 814, 914, 815, 915, 815, 914, 815, 915, 816, 916, 816, 915, 816, 916, 817, 917, 817, 916, 817, 917, 818, 918, 818, 917, 818, 918, 819, 919, 819, 918, 819, 919, 820, 920, 820, 919, 820, 920, 821, 921, 821, 920, 821, 921, 822, 922, 822, 921, 822, 922, 823, 923, 823, 922, 823, 923, 824, 924, 824, 923, 824, 924, 825, 925, 825, 924, 825, 925, 826, 926, 826, 925, 826, 926, 827, 927, 827, 926, 827, 927, 828, 928, 828, 927, 828, 928, 829, 929, 829, 928, 829, 929, 830, 930, 830, 929, 830, 930, 831, 931, 831, 930, 831, 931, 832, 932, 832, 931, 832, 932, 833, 933, 833, 932, 833, 933, 834, 934, 834, 933, 834, 934, 835, 935, 835, 934, 835, 935, 836, 936, 836, 935, 836, 936, 837, 937, 837, 936, 837, 937, 738, 838, 738, 937, 838, 938, 839, 939, 839, 938, 839, 939, 840, 940, 840, 939, 840, 940, 841, 941, 841, 940, 841, 941, 842, 942, 842, 941, 842, 942, 843, 943, 843, 942, 843, 943, 844, 944, 844, 943, 844, 944, 845, 945, 845, 944, 845, 945, 846, 946, 846, 945, 846, 946, 847, 947, 847, 946, 847, 947, 848, 948, 848, 947, 848, 948, 849, 949, 849, 948, 849, 949, 850, 950, 850, 949, 850, 950, 851, 951, 851, 950, 851, 951, 852, 952, 852, 951, 852, 952, 853, 953, 853, 952, 853, 953, 854, 954, 854, 953, 854, 954, 855, 955, 855, 954, 956, 856, 955, 855, 955, 856, 957, 857, 956, 856, 956, 857, 958, 858, 957, 857, 957, 858, 959, 859, 958, 858, 958, 859, 960, 860, 959, 859, 959, 860, 961, 861, 960, 860, 960, 861, 962, 862, 961, 861, 961, 862, 963, 863, 962, 862, 962, 863, 964, 864, 963, 863, 963, 864, 965, 865, 964, 864, 964, 865, 966, 866, 965, 865, 965, 866, 967, 867, 966, 866, 966, 867, 968, 868, 967, 867, 967, 868, 969, 869, 968, 868, 968, 869, 970, 870, 969, 869, 969, 870, 971, 871, 970, 870, 970, 871, 972, 872, 971, 871, 971, 872, 973, 873, 972, 872, 972, 873, 974, 874, 973, 873, 973, 874, 975, 875, 974, 874, 974, 875, 976, 876, 975, 875, 975, 876, 977, 877, 976, 876, 976, 877, 978, 878, 977, 877, 977, 878, 979, 879, 978, 878, 978, 879, 880, 879, 980, 979, 980, 879, 881, 880, 981, 980, 981, 880, 882, 881, 982, 981, 982, 881, 883, 882, 983, 982, 983, 882, 884, 883, 984, 983, 984, 883, 885, 884, 985, 984, 985, 884, 886, 885, 986, 985, 986, 885, 887, 886, 987, 986, 987, 886, 888, 887, 988, 987, 988, 887, 889, 888, 989, 988, 989, 888, 890, 889, 990, 989, 990, 889, 891, 890, 991, 990, 991, 890, 892, 891, 992, 991, 992, 891, 893, 892, 993, 992, 993, 892, 894, 893, 994, 993, 994, 893, 895, 894, 995, 994, 995, 894, 896, 895, 996, 995, 996, 895, 897, 896, 997, 996, 997, 896, 898, 897, 998, 997, 998, 897, 899, 898, 999, 998, 999, 898, 900, 899, 1000, 999, 1000, 899, 901, 900, 1001, 1000, 1001, 900, 902, 901, 1002, 1001, 1002, 901, 903, 902, 1003, 1002, 1003, 902, 904, 903, 1004, 1003, 1004, 903, 905, 904, 1005, 1004, 1005, 904, 905, 1005, 906, 1006, 906, 1005, 906, 1006, 907, 1007, 907, 1006, 907, 1007, 908, 1008, 908, 1007, 908, 1008, 909, 1009, 909, 1008, 909, 1009, 910, 1010, 910, 1009, 910, 1010, 911, 1011, 911, 1010, 911, 1011, 912, 1012, 912, 1011, 912, 1012, 913, 1013, 913, 1012, 913, 1013, 914, 1014, 914, 1013, 914, 1014, 915, 1015, 915, 1014, 915, 1015, 916, 1016, 916, 1015, 916, 1016, 917, 1017, 917, 1016, 917, 1017, 918, 1018, 918, 1017, 918, 1018, 919, 1019, 919, 1018, 919, 1019, 920, 1020, 920, 1019, 920, 1020, 921, 1021, 921, 1020, 921, 1021, 922, 1022, 922, 1021, 922, 1022, 923, 1023, 923, 1022, 923, 1023, 924, 1024, 924, 1023, 924, 1024, 925, 1025, 925, 1024, 925, 1025, 926, 1026, 926, 1025, 926, 1026, 927, 1027, 927, 1026, 927, 1027, 928, 1028, 928, 1027, 928, 1028, 929, 1029, 929, 1028, 929, 1029, 930, 1030, 930, 1029, 930, 1030, 931, 1031, 931, 1030, 931, 1031, 932, 1032, 932, 1031, 932, 1032, 933, 1033, 933, 1032, 933, 1033, 934, 1034, 934, 1033, 934, 1034, 935, 1035, 935, 1034, 935, 1035, 936, 1036, 936, 1035, 936, 1036, 937, 1037, 937, 1036, 937, 1037, 838, 938, 838, 1037, 938, 1038, 939, 1039, 939, 1038, 939, 1039, 940, 1040, 940, 1039, 940, 1040, 941, 1041, 941, 1040, 941, 1041, 942, 1042, 942, 1041, 942, 1042, 943, 1043, 943, 1042, 943, 1043, 944, 1044, 944, 1043, 944, 1044, 945, 1045, 945, 1044, 945, 1045, 946, 1046, 946, 1045, 946, 1046, 947, 1047, 947, 1046, 947, 1047, 948, 1048, 948, 1047, 948, 1048, 949, 1049, 949, 1048, 949, 1049, 950, 1050, 950, 1049, 950, 1050, 951, 1051, 951, 1050, 951, 1051, 952, 1052, 952, 1051, 952, 1052, 953, 1053, 953, 1052, 953, 1053, 954, 1054, 954, 1053, 954, 1054, 955, 1055, 955, 1054, 1056, 956, 1055, 955, 1055, 956, 1057, 957, 1056, 956, 1056, 957, 1058, 958, 1057, 957, 1057, 958, 1059, 959, 1058, 958, 1058, 959, 1060, 960, 1059, 959, 1059, 960, 1061, 961, 1060, 960, 1060, 961, 1062, 962, 1061, 961, 1061, 962, 1063, 963, 1062, 962, 1062, 963, 1064, 964, 1063, 963, 1063, 964, 1065, 965, 1064, 964, 1064, 965, 1066, 966, 1065, 965, 1065, 966, 1067, 967, 1066, 966, 1066, 967, 1068, 968, 1067, 967, 1067, 968, 1069, 969, 1068, 968, 1068, 969, 1070, 970, 1069, 969, 1069, 970, 1071, 971, 1070, 970, 1070, 971, 1072, 972, 1071, 971, 1071, 972, 1073, 973, 1072, 972, 1072, 973, 1074, 974, 1073, 973, 1073, 974, 1075, 975, 1074, 974, 1074, 975, 1076, 976, 1075, 975, 1075, 976, 1077, 977, 1076, 976, 1076, 977, 1078, 978, 1077, 977, 1077, 978, 1079, 979, 1078, 978, 1078, 979, 1080, 980, 1079, 979, 1079, 980, 981, 980, 1081, 1080, 1081, 980, 982, 981, 1082, 1081, 1082, 981, 983, 982, 1083, 1082, 1083, 982, 984, 983, 1084, 1083, 1084, 983, 985, 984, 1085, 1084, 1085, 984, 986, 985, 1086, 1085, 1086, 985, 987, 986, 1087, 1086, 1087, 986, 988, 987, 1088, 1087, 1088, 987, 989, 988, 1089, 1088, 1089, 988, 990, 989, 1090, 1089, 1090, 989, 991, 990, 1091, 1090, 1091, 990, 992, 991, 1092, 1091, 1092, 991, 993, 992, 1093, 1092, 1093, 992, 994, 993, 1094, 1093, 1094, 993, 995, 994, 1095, 1094, 1095, 994, 996, 995, 1096, 1095, 1096, 995, 997, 996, 1097, 1096, 1097, 996, 998, 997, 1098, 1097, 1098, 997, 999, 998, 1099, 1098, 1099, 998, 1000, 999, 1100, 1099, 1100, 999, 1001, 1000, 1101, 1100, 1101, 1000, 1002, 1001, 1102, 1101, 1102, 1001, 1003, 1002, 1103, 1102, 1103, 1002, 1004, 1003, 1104, 1103, 1104, 1003, 1005, 1004, 1105, 1104, 1105, 1004, 1005, 1105, 1006, 1106, 1006, 1105, 1006, 1106, 1007, 1107, 1007, 1106, 1007, 1107, 1008, 1108, 1008, 1107, 1008, 1108, 1009, 1109, 1009, 1108, 1009, 1109, 1010, 1110, 1010, 1109, 1010, 1110, 1011, 1111, 1011, 1110, 1011, 1111, 1012, 1112, 1012, 1111, 1012, 1112, 1013, 1113, 1013, 1112, 1013, 1113, 1014, 1114, 1014, 1113, 1014, 1114, 1015, 1115, 1015, 1114, 1015, 1115, 1016, 1116, 1016, 1115, 1016, 1116, 1017, 1117, 1017, 1116, 1017, 1117, 1018, 1118, 1018, 1117, 1018, 1118, 1019, 1119, 1019, 1118, 1019, 1119, 1020, 1120, 1020, 1119, 1020, 1120, 1021, 1121, 1021, 1120, 1021, 1121, 1022, 1122, 1022, 1121, 1022, 1122, 1023, 1123, 1023, 1122, 1023, 1123, 1024, 1124, 1024, 1123, 1024, 1124, 1025, 1125, 1025, 1124, 1025, 1125, 1026, 1126, 1026, 1125, 1026, 1126, 1027, 1127, 1027, 1126, 1027, 1127, 1028, 1128, 1028, 1127, 1028, 1128, 1029, 1129, 1029, 1128, 1029, 1129, 1030, 1130, 1030, 1129, 1030, 1130, 1031, 1131, 1031, 1130, 1031, 1131, 1032, 1132, 1032, 1131, 1032, 1132, 1033, 1133, 1033, 1132, 1033, 1133, 1034, 1134, 1034, 1133, 1034, 1134, 1035, 1135, 1035, 1134, 1035, 1135, 1036, 1136, 1036, 1135, 1036, 1136, 1037, 1137, 1037, 1136, 1037, 1137, 938, 1038, 938, 1137, 1038, 1138, 1039, 1139, 1039, 1138, 1039, 1139, 1040, 1140, 1040, 1139, 1040, 1140, 1041, 1141, 1041, 1140, 1041, 1141, 1042, 1142, 1042, 1141, 1042, 1142, 1043, 1143, 1043, 1142, 1043, 1143, 1044, 1144, 1044, 1143, 1044, 1144, 1045, 1145, 1045, 1144, 1045, 1145, 1046, 1146, 1046, 1145, 1046, 1146, 1047, 1147, 1047, 1146, 1047, 1147, 1048, 1148, 1048, 1147, 1048, 1148, 1049, 1149, 1049, 1148, 1049, 1149, 1050, 1150, 1050, 1149, 1050, 1150, 1051, 1151, 1051, 1150, 1051, 1151, 1052, 1152, 1052, 1151, 1052, 1152, 1053, 1153, 1053, 1152, 1053, 1153, 1054, 1154, 1054, 1153, 1054, 1154, 1055, 1155, 1055, 1154, 1156, 1056, 1155, 1055, 1155, 1056, 1157, 1057, 1156, 1056, 1156, 1057, 1158, 1058, 1157, 1057, 1157, 1058, 1159, 1059, 1158, 1058, 1158, 1059, 1160, 1060, 1159, 1059, 1159, 1060, 1161, 1061, 1160, 1060, 1160, 1061, 1162, 1062, 1161, 1061, 1161, 1062, 1163, 1063, 1162, 1062, 1162, 1063, 1164, 1064, 1163, 1063, 1163, 1064, 1165, 1065, 1164, 1064, 1164, 1065, 1166, 1066, 1165, 1065, 1165, 1066, 1167, 1067, 1166, 1066, 1166, 1067, 1168, 1068, 1167, 1067, 1167, 1068, 1169, 1069, 1168, 1068, 1168, 1069, 1170, 1070, 1169, 1069, 1169, 1070, 1171, 1071, 1170, 1070, 1170, 1071, 1172, 1072, 1171, 1071, 1171, 1072, 1173, 1073, 1172, 1072, 1172, 1073, 1174, 1074, 1173, 1073, 1173, 1074, 1175, 1075, 1174, 1074, 1174, 1075, 1176, 1076, 1175, 1075, 1175, 1076, 1177, 1077, 1176, 1076, 1176, 1077, 1178, 1078, 1177, 1077, 1177, 1078, 1179, 1079, 1178, 1078, 1178, 1079, 1180, 1080, 1179, 1079, 1179, 1080, 1081, 1080, 1181, 1180, 1181, 1080, 1082, 1081, 1182, 1181, 1182, 1081, 1083, 1082, 1183, 1182, 1183, 1082, 1084, 1083, 1184, 1183, 1184, 1083, 1085, 1084, 1185, 1184, 1185, 1084, 1086, 1085, 1186, 1185, 1186, 1085, 1087, 1086, 1187, 1186, 1187, 1086, 1088, 1087, 1188, 1187, 1188, 1087, 1089, 1088, 1189, 1188, 1189, 1088, 1090, 1089, 1190, 1189, 1190, 1089, 1091, 1090, 1191, 1190, 1191, 1090, 1092, 1091, 1192, 1191, 1192, 1091, 1093, 1092, 1193, 1192, 1193, 1092, 1094, 1093, 1194, 1193, 1194, 1093, 1095, 1094, 1195, 1194, 1195, 1094, 1096, 1095, 1196, 1195, 1196, 1095, 1097, 1096, 1197, 1196, 1197, 1096, 1098, 1097, 1198, 1197, 1198, 1097, 1099, 1098, 1199, 1198, 1199, 1098, 1100, 1099, 1200, 1199, 1200, 1099, 1101, 1100, 1201, 1200, 1201, 1100, 1102, 1101, 1202, 1201, 1202, 1101, 1103, 1102, 1203, 1202, 1203, 1102, 1104, 1103, 1204, 1203, 1204, 1103, 1105, 1104, 1205, 1204, 1205, 1104, 1105, 1205, 1106, 1206, 1106, 1205, 1106, 1206, 1107, 1207, 1107, 1206, 1107, 1207, 1108, 1208, 1108, 1207, 1108, 1208, 1109, 1209, 1109, 1208, 1109, 1209, 1110, 1210, 1110, 1209, 1110, 1210, 1111, 1211, 1111, 1210, 1111, 1211, 1112, 1212, 1112, 1211, 1112, 1212, 1113, 1213, 1113, 1212, 1113, 1213, 1114, 1214, 1114, 1213, 1114, 1214, 1115, 1215, 1115, 1214, 1115, 1215, 1116, 1216, 1116, 1215, 1116, 1216, 1117, 1217, 1117, 1216, 1117, 1217, 1118, 1218, 1118, 1217, 1118, 1218, 1119, 1219, 1119, 1218, 1119, 1219, 1120, 1220, 1120, 1219, 1120, 1220, 1121, 1221, 1121, 1220, 1121, 1221, 1122, 1222, 1122, 1221, 1122, 1222, 1123, 1223, 1123, 1222, 1123, 1223, 1124, 1224, 1124, 1223, 1124, 1224, 1125, 1225, 1125, 1224, 1125, 1225, 1126, 1226, 1126, 1225, 1126, 1226, 1127, 1227, 1127, 1226, 1127, 1227, 1128, 1228, 1128, 1227, 1128, 1228, 1129, 1229, 1129, 1228, 1129, 1229, 1130, 1230, 1130, 1229, 1130, 1230, 1131, 1231, 1131, 1230, 1131, 1231, 1132, 1232, 1132, 1231, 1132, 1232, 1133, 1233, 1133, 1232, 1133, 1233, 1134, 1234, 1134, 1233, 1134, 1234, 1135, 1235, 1135, 1234, 1135, 1235, 1136, 1236, 1136, 1235, 1136, 1236, 1137, 1237, 1137, 1236, 1137, 1237, 1038, 1138, 1038, 1237, 1138, 1238, 1139, 1239, 1139, 1238, 1139, 1239, 1140, 1240, 1140, 1239, 1140, 1240, 1141, 1241, 1141, 1240, 1141, 1241, 1142, 1242, 1142, 1241, 1142, 1242, 1143, 1243, 1143, 1242, 1143, 1243, 1144, 1244, 1144, 1243, 1144, 1244, 1145, 1245, 1145, 1244, 1145, 1245, 1146, 1246, 1146, 1245, 1146, 1246, 1147, 1247, 1147, 1246, 1147, 1247, 1148, 1248, 1148, 1247, 1148, 1248, 1149, 1249, 1149, 1248, 1149, 1249, 1150, 1250, 1150, 1249, 1150, 1250, 1151, 1251, 1151, 1250, 1151, 1251, 1152, 1252, 1152, 1251, 1152, 1252, 1153, 1253, 1153, 1252, 1153, 1253, 1154, 1254, 1154, 1253, 1154, 1254, 1155, 1255, 1155, 1254, 1256, 1156, 1255, 1155, 1255, 1156, 1257, 1157, 1256, 1156, 1256, 1157, 1258, 1158, 1257, 1157, 1257, 1158, 1259, 1159, 1258, 1158, 1258, 1159, 1260, 1160, 1259, 1159, 1259, 1160, 1261, 1161, 1260, 1160, 1260, 1161, 1262, 1162, 1261, 1161, 1261, 1162, 1263, 1163, 1262, 1162, 1262, 1163, 1264, 1164, 1263, 1163, 1263, 1164, 1265, 1165, 1264, 1164, 1264, 1165, 1266, 1166, 1265, 1165, 1265, 1166, 1267, 1167, 1266, 1166, 1266, 1167, 1268, 1168, 1267, 1167, 1267, 1168, 1269, 1169, 1268, 1168, 1268, 1169, 1270, 1170, 1269, 1169, 1269, 1170, 1271, 1171, 1270, 1170, 1270, 1171, 1272, 1172, 1271, 1171, 1271, 1172, 1273, 1173, 1272, 1172, 1272, 1173, 1274, 1174, 1273, 1173, 1273, 1174, 1275, 1175, 1274, 1174, 1274, 1175, 1276, 1176, 1275, 1175, 1275, 1176, 1277, 1177, 1276, 1176, 1276, 1177, 1278, 1178, 1277, 1177, 1277, 1178, 1279, 1179, 1278, 1178, 1278, 1179, 1280, 1180, 1279, 1179, 1279, 1180, 1181, 1180, 1281, 1280, 1281, 1180, 1182, 1181, 1282, 1281, 1282, 1181, 1183, 1182, 1283, 1282, 1283, 1182, 1184, 1183, 1284, 1283, 1284, 1183, 1185, 1184, 1285, 1284, 1285, 1184, 1186, 1185, 1286, 1285, 1286, 1185, 1187, 1186, 1287, 1286, 1287, 1186, 1188, 1187, 1288, 1287, 1288, 1187, 1189, 1188, 1289, 1288, 1289, 1188, 1190, 1189, 1290, 1289, 1290, 1189, 1191, 1190, 1291, 1290, 1291, 1190, 1192, 1191, 1292, 1291, 1292, 1191, 1193, 1192, 1293, 1292, 1293, 1192, 1194, 1193, 1294, 1293, 1294, 1193, 1195, 1194, 1295, 1294, 1295, 1194, 1196, 1195, 1296, 1295, 1296, 1195, 1197, 1196, 1297, 1296, 1297, 1196, 1198, 1197, 1298, 1297, 1298, 1197, 1199, 1198, 1299, 1298, 1299, 1198, 1200, 1199, 1300, 1299, 1300, 1199, 1201, 1200, 1301, 1300, 1301, 1200, 1202, 1201, 1302, 1301, 1302, 1201, 1203, 1202, 1303, 1302, 1303, 1202, 1204, 1203, 1304, 1303, 1304, 1203, 1205, 1204, 1305, 1304, 1305, 1204, 1205, 1305, 1206, 1306, 1206, 1305, 1206, 1306, 1207, 1307, 1207, 1306, 1207, 1307, 1208, 1308, 1208, 1307, 1208, 1308, 1209, 1309, 1209, 1308, 1209, 1309, 1210, 1310, 1210, 1309, 1210, 1310, 1211, 1311, 1211, 1310, 1211, 1311, 1212, 1312, 1212, 1311, 1212, 1312, 1213, 1313, 1213, 1312, 1213, 1313, 1214, 1314, 1214, 1313, 1214, 1314, 1215, 1315, 1215, 1314, 1215, 1315, 1216, 1316, 1216, 1315, 1216, 1316, 1217, 1317, 1217, 1316, 1217, 1317, 1218, 1318, 1218, 1317, 1218, 1318, 1219, 1319, 1219, 1318, 1219, 1319, 1220, 1320, 1220, 1319, 1220, 1320, 1221, 1321, 1221, 1320, 1221, 1321, 1222, 1322, 1222, 1321, 1222, 1322, 1223, 1323, 1223, 1322, 1223, 1323, 1224, 1324, 1224, 1323, 1224, 1324, 1225, 1325, 1225, 1324, 1225, 1325, 1226, 1326, 1226, 1325, 1226, 1326, 1227, 1327, 1227, 1326, 1227, 1327, 1228, 1328, 1228, 1327, 1228, 1328, 1229, 1329, 1229, 1328, 1229, 1329, 1230, 1330, 1230, 1329, 1230, 1330, 1231, 1331, 1231, 1330, 1231, 1331, 1232, 1332, 1232, 1331, 1232, 1332, 1233, 1333, 1233, 1332, 1233, 1333, 1234, 1334, 1234, 1333, 1234, 1334, 1235, 1335, 1235, 1334, 1235, 1335, 1236, 1336, 1236, 1335, 1236, 1336, 1237, 1337, 1237, 1336, 1237, 1337, 1138, 1238, 1138, 1337, 1239, 1238, 1338, 1339, 1338, 1238, 1240, 1239, 1340, 1338, 1340, 1239, 1241, 1240, 1341, 1340, 1341, 1240, 1242, 1241, 1342, 1341, 1342, 1241, 1243, 1242, 1343, 1342, 1343, 1242, 1244, 1243, 1344, 1343, 1344, 1243, 1245, 1244, 1345, 1344, 1345, 1244, 1246, 1245, 1346, 1345, 1346, 1245, 1247, 1246, 1347, 1346, 1347, 1246, 1248, 1247, 1348, 1347, 1348, 1247, 1249, 1248, 1349, 1348, 1349, 1248, 1250, 1249, 1350, 1349, 1350, 1249, 1251, 1250, 1351, 1350, 1351, 1250, 1252, 1251, 1352, 1351, 1352, 1251, 1253, 1252, 1353, 1352, 1353, 1252, 1254, 1253, 1354, 1353, 1354, 1253, 1255, 1254, 1355, 1354, 1355, 1254, 1356, 1256, 1355, 1255, 1355, 1256, 1357, 1257, 1356, 1256, 1356, 1257, 1358, 1258, 1357, 1257, 1357, 1258, 1359, 1259, 1358, 1258, 1358, 1259, 1360, 1260, 1359, 1259, 1359, 1260, 1361, 1261, 1360, 1260, 1360, 1261, 1362, 1262, 1361, 1261, 1361, 1262, 1363, 1263, 1362, 1262, 1362, 1263, 1364, 1264, 1363, 1263, 1363, 1264, 1365, 1265, 1364, 1264, 1364, 1265, 1366, 1266, 1365, 1265, 1365, 1266, 1367, 1267, 1366, 1266, 1366, 1267, 1368, 1268, 1367, 1267, 1367, 1268, 1369, 1269, 1368, 1268, 1368, 1269, 1370, 1270, 1369, 1269, 1369, 1270, 1371, 1271, 1370, 1270, 1370, 1271, 1372, 1272, 1371, 1271, 1371, 1272, 1373, 1273, 1372, 1272, 1372, 1273, 1374, 1274, 1373, 1273, 1373, 1274, 1375, 1275, 1374, 1274, 1374, 1275, 1376, 1276, 1375, 1275, 1375, 1276, 1377, 1277, 1376, 1276, 1376, 1277, 1378, 1278, 1377, 1277, 1377, 1278, 1379, 1279, 1378, 1278, 1378, 1279, 1380, 1280, 1379, 1279, 1379, 1280, 1280, 1380, 1281, 1381, 1281, 1380, 1281, 1381, 1282, 1382, 1282, 1381, 1282, 1382, 1283, 1383, 1283, 1382, 1283, 1383, 1284, 1384, 1284, 1383, 1284, 1384, 1285, 1385, 1285, 1384, 1285, 1385, 1286, 1386, 1286, 1385, 1286, 1386, 1287, 1387, 1287, 1386, 1287, 1387, 1288, 1388, 1288, 1387, 1288, 1388, 1289, 1389, 1289, 1388, 1289, 1389, 1290, 1390, 1290, 1389, 1290, 1390, 1291, 1391, 1291, 1390, 1291, 1391, 1292, 1392, 1292, 1391, 1292, 1392, 1293, 1393, 1293, 1392, 1293, 1393, 1294, 1394, 1294, 1393, 1294, 1394, 1295, 1395, 1295, 1394, 1295, 1395, 1296, 1396, 1296, 1395, 1296, 1396, 1297, 1397, 1297, 1396, 1297, 1397, 1298, 1398, 1298, 1397, 1298, 1398, 1299, 1399, 1299, 1398, 1299, 1399, 1300, 1400, 1300, 1399, 1300, 1400, 1301, 1401, 1301, 1400, 1301, 1401, 1302, 1402, 1302, 1401, 1302, 1402, 1303, 1403, 1303, 1402, 1303, 1403, 1304, 1404, 1304, 1403, 1304, 1404, 1305, 1405, 1305, 1404, 1305, 1405, 1306, 1406, 1306, 1405, 1306, 1406, 1307, 1407, 1307, 1406, 1307, 1407, 1308, 1408, 1308, 1407, 1308, 1408, 1309, 1409, 1309, 1408, 1309, 1409, 1310, 1410, 1310, 1409, 1310, 1410, 1311, 1411, 1311, 1410, 1311, 1411, 1312, 1412, 1312, 1411, 1312, 1412, 1313, 1413, 1313, 1412, 1313, 1413, 1314, 1414, 1314, 1413, 1314, 1414, 1315, 1415, 1315, 1414, 1315, 1415, 1316, 1416, 1316, 1415, 1316, 1416, 1317, 1417, 1317, 1416, 1317, 1417, 1318, 1418, 1318, 1417, 1318, 1418, 1319, 1419, 1319, 1418, 1319, 1419, 1320, 1420, 1320, 1419, 1320, 1420, 1321, 1421, 1321, 1420, 1321, 1421, 1322, 1422, 1322, 1421, 1322, 1422, 1323, 1423, 1323, 1422, 1323, 1423, 1324, 1424, 1324, 1423, 1324, 1424, 1325, 1425, 1325, 1424, 1325, 1425, 1326, 1426, 1326, 1425, 1326, 1426, 1327, 1427, 1327, 1426, 1327, 1427, 1328, 1428, 1328, 1427, 1328, 1428, 1329, 1429, 1329, 1428, 1329, 1429, 1330, 1430, 1330, 1429, 1331, 1330, 1431, 1430, 1431, 1330, 1332, 1331, 1432, 1431, 1432, 1331, 1333, 1332, 1433, 1432, 1433, 1332, 1334, 1333, 1434, 1433, 1434, 1333, 1335, 1334, 1435, 1434, 1435, 1334, 1336, 1335, 1436, 1435, 1436, 1335, 1337, 1336, 1437, 1436, 1437, 1336, 1238, 1337, 1339, 1437, 1339, 1337, 1338, 1339, 1438, 1439, 1438, 1339, 1340, 1338, 1440, 1438, 1440, 1338, 1341, 1340, 1441, 1440, 1441, 1340, 1342, 1341, 1442, 1441, 1442, 1341, 1343, 1342, 1443, 1442, 1443, 1342, 1344, 1343, 1444, 1443, 1444, 1343, 1345, 1344, 1445, 1444, 1445, 1344, 1346, 1345, 1446, 1445, 1446, 1345, 1347, 1346, 1447, 1446, 1447, 1346, 1348, 1347, 1448, 1447, 1448, 1347, 1349, 1348, 1449, 1448, 1449, 1348, 1350, 1349, 1450, 1449, 1450, 1349, 1351, 1350, 1451, 1450, 1451, 1350, 1352, 1351, 1452, 1451, 1452, 1351, 1353, 1352, 1453, 1452, 1453, 1352, 1354, 1353, 1454, 1453, 1454, 1353, 1355, 1354, 1455, 1454, 1455, 1354, 1356, 1355, 1456, 1455, 1456, 1355, 1357, 1356, 1457, 1456, 1457, 1356, 1358, 1357, 1458, 1457, 1458, 1357, 1359, 1358, 1459, 1458, 1459, 1358, 1360, 1359, 1460, 1459, 1460, 1359, 1361, 1360, 1461, 1460, 1461, 1360, 1362, 1361, 1462, 1461, 1462, 1361, 1363, 1362, 1463, 1462, 1463, 1362, 1364, 1363, 1464, 1463, 1464, 1363, 1365, 1364, 1465, 1464, 1465, 1364, 1366, 1365, 1466, 1465, 1466, 1365, 1367, 1366, 1467, 1466, 1467, 1366, 1368, 1367, 1468, 1467, 1468, 1367, 1369, 1368, 1469, 1468, 1469, 1368, 1370, 1369, 1470, 1469, 1470, 1369, 1371, 1370, 1471, 1470, 1471, 1370, 1372, 1371, 1472, 1471, 1472, 1371, 1373, 1372, 1473, 1472, 1473, 1372, 1374, 1373, 1474, 1473, 1474, 1373, 1375, 1374, 1475, 1474, 1475, 1374, 1376, 1375, 1476, 1475, 1476, 1375, 1377, 1376, 1477, 1476, 1477, 1376, 1378, 1377, 1478, 1477, 1478, 1377, 1379, 1378, 1479, 1478, 1479, 1378, 1379, 1479, 1380, 1480, 1380, 1479, 1380, 1480, 1381, 1481, 1381, 1480, 1381, 1481, 1382, 1482, 1382, 1481, 1382, 1482, 1383, 1483, 1383, 1482, 1383, 1483, 1384, 1484, 1384, 1483, 1384, 1484, 1385, 1485, 1385, 1484, 1385, 1485, 1386, 1486, 1386, 1485, 1386, 1486, 1387, 1487, 1387, 1486, 1387, 1487, 1388, 1488, 1388, 1487, 1388, 1488, 1389, 1489, 1389, 1488, 1389, 1489, 1390, 1490, 1390, 1489, 1390, 1490, 1391, 1491, 1391, 1490, 1391, 1491, 1392, 1492, 1392, 1491, 1392, 1492, 1393, 1493, 1393, 1492, 1393, 1493, 1394, 1494, 1394, 1493, 1394, 1494, 1395, 1495, 1395, 1494, 1395, 1495, 1396, 1496, 1396, 1495, 1396, 1496, 1397, 1497, 1397, 1496, 1397, 1497, 1398, 1498, 1398, 1497, 1398, 1498, 1399, 1499, 1399, 1498, 1399, 1499, 1400, 1500, 1400, 1499, 1400, 1500, 1401, 1501, 1401, 1500, 1401, 1501, 1402, 1502, 1402, 1501, 1402, 1502, 1403, 1503, 1403, 1502, 1403, 1503, 1404, 1504, 1404, 1503, 1404, 1504, 1405, 1505, 1405, 1504, 1405, 1505, 1406, 1506, 1406, 1505, 1406, 1506, 1407, 1507, 1407, 1506, 1407, 1507, 1408, 1508, 1408, 1507, 1408, 1508, 1409, 1509, 1409, 1508, 1409, 1509, 1410, 1510, 1410, 1509, 1410, 1510, 1411, 1511, 1411, 1510, 1411, 1511, 1412, 1512, 1412, 1511, 1412, 1512, 1413, 1513, 1413, 1512, 1413, 1513, 1414, 1514, 1414, 1513, 1414, 1514, 1415, 1515, 1415, 1514, 1415, 1515, 1416, 1516, 1416, 1515, 1416, 1516, 1417, 1517, 1417, 1516, 1417, 1517, 1418, 1518, 1418, 1517, 1418, 1518, 1419, 1519, 1419, 1518, 1419, 1519, 1420, 1520, 1420, 1519, 1420, 1520, 1421, 1521, 1421, 1520, 1421, 1521, 1422, 1522, 1422, 1521, 1422, 1522, 1423, 1523, 1423, 1522, 1423, 1523, 1424, 1524, 1424, 1523, 1424, 1524, 1425, 1525, 1425, 1524, 1425, 1525, 1426, 1526, 1426, 1525, 1426, 1526, 1427, 1527, 1427, 1526, 1427, 1527, 1428, 1528, 1428, 1527, 1428, 1528, 1429, 1529, 1429, 1528, 1430, 1429, 1530, 1529, 1530, 1429, 1431, 1430, 1531, 1530, 1531, 1430, 1432, 1431, 1532, 1531, 1532, 1431, 1433, 1432, 1533, 1532, 1533, 1432, 1434, 1433, 1534, 1533, 1534, 1433, 1435, 1434, 1535, 1534, 1535, 1434, 1436, 1435, 1536, 1535, 1536, 1435, 1437, 1436, 1537, 1536, 1537, 1436, 1339, 1437, 1439, 1537, 1439, 1437, 1438, 1439, 1538, 1539, 1538, 1439, 1440, 1438, 1540, 1538, 1540, 1438, 1441, 1440, 1541, 1540, 1541, 1440, 1442, 1441, 1542, 1541, 1542, 1441, 1443, 1442, 1543, 1542, 1543, 1442, 1444, 1443, 1544, 1543, 1544, 1443, 1445, 1444, 1545, 1544, 1545, 1444, 1446, 1445, 1546, 1545, 1546, 1445, 1447, 1446, 1547, 1546, 1547, 1446, 1448, 1447, 1548, 1547, 1548, 1447, 1449, 1448, 1549, 1548, 1549, 1448, 1450, 1449, 1550, 1549, 1550, 1449, 1451, 1450, 1551, 1550, 1551, 1450, 1452, 1451, 1552, 1551, 1552, 1451, 1453, 1452, 1553, 1552, 1553, 1452, 1454, 1453, 1554, 1553, 1554, 1453, 1455, 1454, 1555, 1554, 1555, 1454, 1456, 1455, 1556, 1555, 1556, 1455, 1456, 1556, 1457, 1557, 1457, 1556, 1457, 1557, 1458, 1558, 1458, 1557, 1458, 1558, 1459, 1559, 1459, 1558, 1459, 1559, 1460, 1560, 1460, 1559, 1460, 1560, 1461, 1561, 1461, 1560, 1461, 1561, 1462, 1562, 1462, 1561, 1462, 1562, 1463, 1563, 1463, 1562, 1463, 1563, 1464, 1564, 1464, 1563, 1464, 1564, 1465, 1565, 1465, 1564, 1465, 1565, 1466, 1566, 1466, 1565, 1466, 1566, 1467, 1567, 1467, 1566, 1468, 1467, 1568, 1567, 1568, 1467, 1469, 1468, 1569, 1568, 1569, 1468, 1470, 1469, 1570, 1569, 1570, 1469, 1471, 1470, 1571, 1570, 1571, 1470, 1472, 1471, 1572, 1571, 1572, 1471, 1473, 1472, 1573, 1572, 1573, 1472, 1474, 1473, 1574, 1573, 1574, 1473, 1475, 1474, 1575, 1574, 1575, 1474, 1476, 1475, 1576, 1575, 1576, 1475, 1477, 1476, 1577, 1576, 1577, 1476, 1478, 1477, 1578, 1577, 1578, 1477, 1479, 1478, 1579, 1578, 1579, 1478, 1479, 1579, 1480, 1580, 1480, 1579, 1480, 1580, 1481, 1581, 1481, 1580, 1481, 1581, 1482, 1582, 1482, 1581, 1482, 1582, 1483, 1583, 1483, 1582, 1483, 1583, 1484, 1584, 1484, 1583, 1484, 1584, 1485, 1585, 1485, 1584, 1485, 1585, 1486, 1586, 1486, 1585, 1486, 1586, 1487, 1587, 1487, 1586, 1487, 1587, 1488, 1588, 1488, 1587, 1488, 1588, 1489, 1589, 1489, 1588, 1489, 1589, 1490, 1590, 1490, 1589, 1490, 1590, 1491, 1591, 1491, 1590, 1491, 1591, 1492, 1592, 1492, 1591, 1492, 1592, 1493, 1593, 1493, 1592, 1493, 1593, 1494, 1594, 1494, 1593, 1494, 1594, 1495, 1595, 1495, 1594, 1495, 1595, 1496, 1596, 1496, 1595, 1496, 1596, 1497, 1597, 1497, 1596, 1497, 1597, 1498, 1598, 1498, 1597, 1498, 1598, 1499, 1599, 1499, 1598, 1499, 1599, 1500, 1600, 1500, 1599, 1500, 1600, 1501, 1601, 1501, 1600, 1501, 1601, 1502, 1602, 1502, 1601, 1502, 1602, 1503, 1603, 1503, 1602, 1503, 1603, 1504, 1604, 1504, 1603, 1504, 1604, 1505, 1605, 1505, 1604, 1505, 1605, 1506, 1606, 1506, 1605, 1507, 1506, 1607, 1606, 1607, 1506, 1508, 1507, 1608, 1607, 1608, 1507, 1509, 1508, 1609, 1608, 1609, 1508, 1510, 1509, 1610, 1609, 1610, 1509, 1511, 1510, 1611, 1610, 1611, 1510, 1512, 1511, 1612, 1611, 1612, 1511, 1513, 1512, 1613, 1612, 1613, 1512, 1514, 1513, 1614, 1613, 1614, 1513, 1515, 1514, 1615, 1614, 1615, 1514, 1516, 1515, 1616, 1615, 1616, 1515, 1517, 1516, 1617, 1616, 1617, 1516, 1517, 1617, 1518, 1618, 1518, 1617, 1518, 1618, 1519, 1619, 1519, 1618, 1519, 1619, 1520, 1620, 1520, 1619, 1520, 1620, 1521, 1621, 1521, 1620, 1521, 1621, 1522, 1622, 1522, 1621, 1522, 1622, 1523, 1623, 1523, 1622, 1523, 1623, 1524, 1624, 1524, 1623, 1524, 1624, 1525, 1625, 1525, 1624, 1525, 1625, 1526, 1626, 1526, 1625, 1526, 1626, 1527, 1627, 1527, 1626, 1527, 1627, 1528, 1628, 1528, 1627, 1528, 1628, 1529, 1629, 1529, 1628, 1530, 1529, 1630, 1629, 1630, 1529, 1531, 1530, 1631, 1630, 1631, 1530, 1532, 1531, 1632, 1631, 1632, 1531, 1533, 1532, 1633, 1632, 1633, 1532, 1534, 1533, 1634, 1633, 1634, 1533, 1535, 1534, 1635, 1634, 1635, 1534, 1536, 1535, 1636, 1635, 1636, 1535, 1537, 1536, 1637, 1636, 1637, 1536, 1439, 1537, 1539, 1637, 1539, 1537, 1538, 1539, 1638, 1639, 1638, 1539, 1540, 1538, 1640, 1638, 1640, 1538, 1541, 1540, 1641, 1640, 1641, 1540, 1542, 1541, 1642, 1641, 1642, 1541, 1543, 1542, 1643, 1642, 1643, 1542, 1544, 1543, 1644, 1643, 1644, 1543, 1545, 1544, 1645, 1644, 1645, 1544, 1546, 1545, 1646, 1645, 1646, 1545, 1547, 1546, 1647, 1646, 1647, 1546, 1548, 1547, 1648, 1647, 1648, 1547, 1549, 1548, 1649, 1648, 1649, 1548, 1550, 1549, 1650, 1649, 1650, 1549, 1551, 1550, 1651, 1650, 1651, 1550, 1552, 1551, 1652, 1651, 1652, 1551, 1553, 1552, 1653, 1652, 1653, 1552, 1554, 1553, 1654, 1653, 1654, 1553, 1555, 1554, 1655, 1654, 1655, 1554, 1555, 1655, 1556, 1656, 1556, 1655, 1556, 1656, 1557, 1657, 1557, 1656, 1557, 1657, 1558, 1658, 1558, 1657, 1558, 1658, 1559, 1659, 1559, 1658, 1559, 1659, 1560, 1660, 1560, 1659, 1560, 1660, 1561, 1661, 1561, 1660, 1561, 1661, 1562, 1662, 1562, 1661, 1562, 1662, 1563, 1663, 1563, 1662, 1563, 1663, 1564, 1664, 1564, 1663, 1564, 1664, 1565, 1665, 1565, 1664, 1565, 1665, 1566, 1666, 1566, 1665, 1566, 1666, 1567, 1667, 1567, 1666, 1568, 1567, 1668, 1667, 1668, 1567, 1569, 1568, 1669, 1668, 1669, 1568, 1570, 1569, 1670, 1669, 1670, 1569, 1571, 1570, 1671, 1670, 1671, 1570, 1572, 1571, 1672, 1671, 1672, 1571, 1573, 1572, 1673, 1672, 1673, 1572, 1574, 1573, 1674, 1673, 1674, 1573, 1575, 1574, 1675, 1674, 1675, 1574, 1576, 1575, 1676, 1675, 1676, 1575, 1577, 1576, 1677, 1676, 1677, 1576, 1578, 1577, 1678, 1677, 1678, 1577, 1579, 1578, 1679, 1678, 1679, 1578, 1579, 1679, 1580, 1680, 1580, 1679, 1580, 1680, 1581, 1681, 1581, 1680, 1581, 1681, 1582, 1682, 1582, 1681, 1582, 1682, 1583, 1683, 1583, 1682, 1583, 1683, 1584, 1684, 1584, 1683, 1584, 1684, 1585, 1685, 1585, 1684, 1585, 1685, 1586, 1686, 1586, 1685, 1586, 1686, 1587, 1687, 1587, 1686, 1587, 1687, 1588, 1688, 1588, 1687, 1588, 1688, 1589, 1689, 1589, 1688, 1589, 1689, 1590, 1690, 1590, 1689, 1590, 1690, 1591, 1691, 1591, 1690, 1591, 1691, 1592, 1692, 1592, 1691, 1592, 1692, 1593, 1693, 1593, 1692, 1593, 1693, 1594, 1694, 1594, 1693, 1594, 1694, 1595, 1695, 1595, 1694, 1595, 1695, 1596, 1696, 1596, 1695, 1596, 1696, 1597, 1697, 1597, 1696, 1597, 1697, 1598, 1698, 1598, 1697, 1598, 1698, 1599, 1699, 1599, 1698, 1599, 1699, 1600, 1700, 1600, 1699, 1600, 1700, 1601, 1701, 1601, 1700, 1601, 1701, 1602, 1702, 1602, 1701, 1602, 1702, 1603, 1703, 1603, 1702, 1603, 1703, 1604, 1704, 1604, 1703, 1604, 1704, 1605, 1705, 1605, 1704, 1606, 1605, 1706, 1705, 1706, 1605, 1607, 1606, 1707, 1706, 1707, 1606, 1608, 1607, 1708, 1707, 1708, 1607, 1609, 1608, 1709, 1708, 1709, 1608, 1610, 1609, 1710, 1709, 1710, 1609, 1611, 1610, 1711, 1710, 1711, 1610, 1612, 1611, 1712, 1711, 1712, 1611, 1613, 1612, 1713, 1712, 1713, 1612, 1614, 1613, 1714, 1713, 1714, 1613, 1615, 1614, 1715, 1714, 1715, 1614, 1616, 1615, 1716, 1715, 1716, 1615, 1617, 1616, 1717, 1716, 1717, 1616, 1617, 1717, 1618, 1718, 1618, 1717, 1618, 1718, 1619, 1719, 1619, 1718, 1619, 1719, 1620, 1720, 1620, 1719, 1620, 1720, 1621, 1721, 1621, 1720, 1621, 1721, 1622, 1722, 1622, 1721, 1622, 1722, 1623, 1723, 1623, 1722, 1623, 1723, 1624, 1724, 1624, 1723, 1624, 1724, 1625, 1725, 1625, 1724, 1625, 1725, 1626, 1726, 1626, 1725, 1626, 1726, 1627, 1727, 1627, 1726, 1627, 1727, 1628, 1728, 1628, 1727, 1628, 1728, 1629, 1729, 1629, 1728, 1630, 1629, 1730, 1729, 1730, 1629, 1631, 1630, 1731, 1730, 1731, 1630, 1632, 1631, 1732, 1731, 1732, 1631, 1633, 1632, 1733, 1732, 1733, 1632, 1634, 1633, 1734, 1733, 1734, 1633, 1635, 1634, 1735, 1734, 1735, 1634, 1636, 1635, 1736, 1735, 1736, 1635, 1637, 1636, 1737, 1736, 1737, 1636, 1539, 1637, 1639, 1737, 1639, 1637, 1738, 1638, 1739, 1639, 1739, 1638, 1740, 1640, 1738, 1638, 1738, 1640, 1741, 1641, 1740, 1640, 1740, 1641, 1742, 1642, 1741, 1641, 1741, 1642, 1743, 1643, 1742, 1642, 1742, 1643, 1744, 1644, 1743, 1643, 1743, 1644, 1745, 1645, 1744, 1644, 1744, 1645, 1746, 1646, 1745, 1645, 1745, 1646, 1747, 1647, 1746, 1646, 1746, 1647, 1748, 1648, 1747, 1647, 1747, 1648, 1749, 1649, 1748, 1648, 1748, 1649, 1750, 1650, 1749, 1649, 1749, 1650, 1751, 1651, 1750, 1650, 1750, 1651, 1752, 1652, 1751, 1651, 1751, 1652, 1753, 1653, 1752, 1652, 1752, 1653, 1754, 1654, 1753, 1653, 1753, 1654, 1755, 1655, 1754, 1654, 1754, 1655, 1655, 1755, 1656, 1756, 1656, 1755, 1656, 1756, 1657, 1757, 1657, 1756, 1657, 1757, 1658, 1758, 1658, 1757, 1658, 1758, 1659, 1759, 1659, 1758, 1659, 1759, 1660, 1760, 1660, 1759, 1660, 1760, 1661, 1761, 1661, 1760, 1661, 1761, 1662, 1762, 1662, 1761, 1662, 1762, 1663, 1763, 1663, 1762, 1663, 1763, 1664, 1764, 1664, 1763, 1664, 1764, 1665, 1765, 1665, 1764, 1665, 1765, 1666, 1766, 1666, 1765, 1666, 1766, 1667, 1767, 1667, 1766, 1668, 1667, 1768, 1767, 1768, 1667, 1669, 1668, 1769, 1768, 1769, 1668, 1670, 1669, 1770, 1769, 1770, 1669, 1671, 1670, 1771, 1770, 1771, 1670, 1672, 1671, 1772, 1771, 1772, 1671, 1673, 1672, 1773, 1772, 1773, 1672, 1674, 1673, 1774, 1773, 1774, 1673, 1675, 1674, 1775, 1774, 1775, 1674, 1676, 1675, 1776, 1775, 1776, 1675, 1677, 1676, 1777, 1776, 1777, 1676, 1678, 1677, 1778, 1777, 1778, 1677, 1679, 1678, 1779, 1778, 1779, 1678, 1680, 1679, 1780, 1779, 1780, 1679, 1680, 1780, 1681, 1781, 1681, 1780, 1681, 1781, 1682, 1782, 1682, 1781, 1682, 1782, 1683, 1783, 1683, 1782, 1683, 1783, 1684, 1784, 1684, 1783, 1684, 1784, 1685, 1785, 1685, 1784, 1685, 1785, 1686, 1786, 1686, 1785, 1686, 1786, 1687, 1787, 1687, 1786, 1687, 1787, 1688, 1788, 1688, 1787, 1688, 1788, 1689, 1789, 1689, 1788, 1689, 1789, 1690, 1790, 1690, 1789, 1690, 1790, 1691, 1791, 1691, 1790, 1691, 1791, 1692, 1792, 1692, 1791, 1692, 1792, 1693, 1793, 1693, 1792, 1693, 1793, 1694, 1794, 1694, 1793, 1694, 1794, 1695, 1795, 1695, 1794, 1695, 1795, 1696, 1796, 1696, 1795, 1696, 1796, 1697, 1797, 1697, 1796, 1697, 1797, 1698, 1798, 1698, 1797, 1698, 1798, 1699, 1799, 1699, 1798, 1699, 1799, 1700, 1800, 1700, 1799, 1700, 1800, 1701, 1801, 1701, 1800, 1701, 1801, 1702, 1802, 1702, 1801, 1702, 1802, 1703, 1803, 1703, 1802, 1703, 1803, 1704, 1804, 1704, 1803, 1704, 1804, 1705, 1805, 1705, 1804, 1706, 1705, 1806, 1805, 1806, 1705, 1707, 1706, 1807, 1806, 1807, 1706, 1708, 1707, 1808, 1807, 1808, 1707, 1709, 1708, 1809, 1808, 1809, 1708, 1710, 1709, 1810, 1809, 1810, 1709, 1711, 1710, 1811, 1810, 1811, 1710, 1712, 1711, 1812, 1811, 1812, 1711, 1713, 1712, 1813, 1812, 1813, 1712, 1714, 1713, 1814, 1813, 1814, 1713, 1715, 1714, 1815, 1814, 1815, 1714, 1716, 1715, 1816, 1815, 1816, 1715, 1717, 1716, 1817, 1816, 1817, 1716, 1717, 1817, 1718, 1818, 1718, 1817, 1718, 1818, 1719, 1819, 1719, 1818, 1719, 1819, 1720, 1820, 1720, 1819, 1720, 1820, 1721, 1821, 1721, 1820, 1721, 1821, 1722, 1822, 1722, 1821, 1722, 1822, 1723, 1823, 1723, 1822, 1723, 1823, 1724, 1824, 1724, 1823, 1724, 1824, 1725, 1825, 1725, 1824, 1725, 1825, 1726, 1826, 1726, 1825, 1726, 1826, 1727, 1827, 1727, 1826, 1727, 1827, 1728, 1828, 1728, 1827, 1728, 1828, 1729, 1829, 1729, 1828, 1729, 1829, 1730, 1830, 1730, 1829, 1831, 1731, 1830, 1730, 1830, 1731, 1832, 1732, 1831, 1731, 1831, 1732, 1833, 1733, 1832, 1732, 1832, 1733, 1834, 1734, 1833, 1733, 1833, 1734, 1835, 1735, 1834, 1734, 1834, 1735, 1836, 1736, 1835, 1735, 1835, 1736, 1837, 1737, 1836, 1736, 1836, 1737, 1739, 1639, 1837, 1737, 1837, 1639, 1838, 1738, 1839, 1739, 1839, 1738, 1840, 1740, 1838, 1738, 1838, 1740, 1841, 1741, 1840, 1740, 1840, 1741, 1842, 1742, 1841, 1741, 1841, 1742, 1843, 1743, 1842, 1742, 1842, 1743, 1844, 1744, 1843, 1743, 1843, 1744, 1845, 1745, 1844, 1744, 1844, 1745, 1846, 1746, 1845, 1745, 1845, 1746, 1847, 1747, 1846, 1746, 1846, 1747, 1848, 1748, 1847, 1747, 1847, 1748, 1849, 1749, 1848, 1748, 1848, 1749, 1850, 1750, 1849, 1749, 1849, 1750, 1851, 1751, 1850, 1750, 1850, 1751, 1852, 1752, 1851, 1751, 1851, 1752, 1853, 1753, 1852, 1752, 1852, 1753, 1854, 1754, 1853, 1753, 1853, 1754, 1855, 1755, 1854, 1754, 1854, 1755, 1756, 1755, 1856, 1855, 1856, 1755, 1757, 1756, 1857, 1856, 1857, 1756, 1758, 1757, 1858, 1857, 1858, 1757, 1759, 1758, 1859, 1858, 1859, 1758, 1760, 1759, 1860, 1859, 1860, 1759, 1761, 1760, 1861, 1860, 1861, 1760, 1762, 1761, 1862, 1861, 1862, 1761, 1763, 1762, 1863, 1862, 1863, 1762, 1764, 1763, 1864, 1863, 1864, 1763, 1765, 1764, 1865, 1864, 1865, 1764, 1766, 1765, 1866, 1865, 1866, 1765, 1767, 1766, 1867, 1866, 1867, 1766, 1767, 1867, 1768, 1868, 1768, 1867, 1768, 1868, 1769, 1869, 1769, 1868, 1769, 1869, 1770, 1870, 1770, 1869, 1770, 1870, 1771, 1871, 1771, 1870, 1771, 1871, 1772, 1872, 1772, 1871, 1772, 1872, 1773, 1873, 1773, 1872, 1773, 1873, 1774, 1874, 1774, 1873, 1774, 1874, 1775, 1875, 1775, 1874, 1775, 1875, 1776, 1876, 1776, 1875, 1776, 1876, 1777, 1877, 1777, 1876, 1777, 1877, 1778, 1878, 1778, 1877, 1778, 1878, 1779, 1879, 1779, 1878, 1879, 1880, 1779, 1780, 1779, 1880, 1880, 1881, 1780, 1781, 1780, 1881, 1881, 1882, 1781, 1782, 1781, 1882, 1882, 1883, 1782, 1783, 1782, 1883, 1883, 1884, 1783, 1784, 1783, 1884, 1884, 1885, 1784, 1785, 1784, 1885, 1885, 1886, 1785, 1786, 1785, 1886, 1886, 1887, 1786, 1787, 1786, 1887, 1887, 1888, 1787, 1788, 1787, 1888, 1888, 1889, 1788, 1789, 1788, 1889, 1889, 1890, 1789, 1790, 1789, 1890, 1890, 1891, 1790, 1791, 1790, 1891, 1891, 1892, 1791, 1792, 1791, 1892, 1892, 1893, 1792, 1793, 1792, 1893, 1893, 1894, 1793, 1794, 1793, 1894, 1894, 1895, 1794, 1795, 1794, 1895, 1895, 1896, 1795, 1796, 1795, 1896, 1896, 1897, 1796, 1797, 1796, 1897, 1897, 1898, 1797, 1798, 1797, 1898, 1898, 1899, 1798, 1799, 1798, 1899, 1899, 1900, 1799, 1800, 1799, 1900, 1900, 1901, 1800, 1801, 1800, 1901, 1901, 1902, 1801, 1802, 1801, 1902, 1902, 1903, 1802, 1803, 1802, 1903, 1903, 1904, 1803, 1804, 1803, 1904, 1904, 1905, 1804, 1805, 1804, 1905, 1805, 1905, 1806, 1906, 1806, 1905, 1806, 1906, 1807, 1907, 1807, 1906, 1807, 1907, 1808, 1908, 1808, 1907, 1808, 1908, 1809, 1909, 1809, 1908, 1809, 1909, 1810, 1910, 1810, 1909, 1810, 1910, 1811, 1911, 1811, 1910, 1811, 1911, 1812, 1912, 1812, 1911, 1812, 1912, 1813, 1913, 1813, 1912, 1813, 1913, 1814, 1914, 1814, 1913, 1814, 1914, 1815, 1915, 1815, 1914, 1815, 1915, 1816, 1916, 1816, 1915, 1816, 1916, 1817, 1917, 1817, 1916, 1818, 1817, 1918, 1917, 1918, 1817, 1819, 1818, 1919, 1918, 1919, 1818, 1820, 1819, 1920, 1919, 1920, 1819, 1821, 1820, 1921, 1920, 1921, 1820, 1822, 1821, 1922, 1921, 1922, 1821, 1823, 1822, 1923, 1922, 1923, 1822, 1824, 1823, 1924, 1923, 1924, 1823, 1825, 1824, 1925, 1924, 1925, 1824, 1826, 1825, 1926, 1925, 1926, 1825, 1827, 1826, 1927, 1926, 1927, 1826, 1828, 1827, 1928, 1927, 1928, 1827, 1829, 1828, 1929, 1928, 1929, 1828, 1930, 1830, 1929, 1829, 1929, 1830, 1931, 1831, 1930, 1830, 1930, 1831, 1932, 1832, 1931, 1831, 1931, 1832, 1933, 1833, 1932, 1832, 1932, 1833, 1934, 1834, 1933, 1833, 1933, 1834, 1935, 1835, 1934, 1834, 1934, 1835, 1936, 1836, 1935, 1835, 1935, 1836, 1937, 1837, 1936, 1836, 1936, 1837, 1839, 1739, 1937, 1837, 1937, 1739, 1938, 1838, 1939, 1839, 1939, 1838, 1940, 1840, 1938, 1838, 1938, 1840, 1941, 1841, 1940, 1840, 1940, 1841, 1942, 1842, 1941, 1841, 1941, 1842, 1943, 1843, 1942, 1842, 1942, 1843, 1944, 1844, 1943, 1843, 1943, 1844, 1945, 1845, 1944, 1844, 1944, 1845, 1946, 1846, 1945, 1845, 1945, 1846, 1947, 1847, 1946, 1846, 1946, 1847, 1948, 1848, 1947, 1847, 1947, 1848, 1949, 1849, 1948, 1848, 1948, 1849, 1950, 1850, 1949, 1849, 1949, 1850, 1951, 1851, 1950, 1850, 1950, 1851, 1952, 1852, 1951, 1851, 1951, 1852, 1953, 1853, 1952, 1852, 1952, 1853, 1954, 1854, 1953, 1853, 1953, 1854, 1955, 1855, 1954, 1854, 1954, 1855, 1956, 1856, 1955, 1855, 1955, 1856, 1857, 1856, 1957, 1956, 1957, 1856, 1858, 1857, 1958, 1957, 1958, 1857, 1859, 1858, 1959, 1958, 1959, 1858, 1860, 1859, 1960, 1959, 1960, 1859, 1861, 1860, 1961, 1960, 1961, 1860, 1862, 1861, 1962, 1961, 1962, 1861, 1863, 1862, 1963, 1962, 1963, 1862, 1864, 1863, 1964, 1963, 1964, 1863, 1865, 1864, 1965, 1964, 1965, 1864, 1866, 1865, 1966, 1965, 1966, 1865, 1867, 1866, 1967, 1966, 1967, 1866, 1867, 1967, 1868, 1968, 1868, 1967, 1868, 1968, 1869, 1969, 1869, 1968, 1869, 1969, 1870, 1970, 1870, 1969, 1870, 1970, 1871, 1971, 1871, 1970, 1871, 1971, 1872, 1972, 1872, 1971, 1872, 1972, 1873, 1973, 1873, 1972, 1873, 1973, 1874, 1974, 1874, 1973, 1874, 1974, 1875, 1975, 1875, 1974, 1875, 1975, 1876, 1976, 1876, 1975, 1876, 1976, 1877, 1977, 1877, 1976, 1877, 1977, 1878, 1978, 1878, 1977, 1978, 1979, 1878, 1879, 1878, 1979, 1979, 1980, 1879, 1880, 1879, 1980, 1980, 1981, 1880, 1881, 1880, 1981, 1981, 1982, 1881, 1882, 1881, 1982, 1982, 1983, 1882, 1883, 1882, 1983, 1983, 1984, 1883, 1884, 1883, 1984, 1984, 1985, 1884, 1885, 1884, 1985, 1985, 1986, 1885, 1886, 1885, 1986, 1986, 1987, 1886, 1887, 1886, 1987, 1987, 1988, 1887, 1888, 1887, 1988, 1988, 1989, 1888, 1889, 1888, 1989, 1989, 1990, 1889, 1890, 1889, 1990, 1990, 1991, 1890, 1891, 1890, 1991, 1991, 1992, 1891, 1892, 1891, 1992, 1992, 1993, 1892, 1893, 1892, 1993, 1993, 1994, 1893, 1894, 1893, 1994, 1994, 1995, 1894, 1895, 1894, 1995, 1995, 1996, 1895, 1896, 1895, 1996, 1996, 1997, 1896, 1897, 1896, 1997, 1997, 1998, 1897, 1898, 1897, 1998, 1998, 1999, 1898, 1899, 1898, 1999, 1999, 2000, 1899, 1900, 1899, 2000, 2000, 2001, 1900, 1901, 1900, 2001, 2001, 2002, 1901, 1902, 1901, 2002, 2002, 2003, 1902, 1903, 1902, 2003, 2003, 2004, 1903, 1904, 1903, 2004, 2004, 2005, 1904, 1905, 1904, 2005, 2005, 2006, 1905, 1906, 1905, 2006, 1906, 2006, 1907, 2007, 1907, 2006, 1907, 2007, 1908, 2008, 1908, 2007, 1908, 2008, 1909, 2009, 1909, 2008, 1909, 2009, 1910, 2010, 1910, 2009, 1910, 2010, 1911, 2011, 1911, 2010, 1911, 2011, 1912, 2012, 1912, 2011, 1912, 2012, 1913, 2013, 1913, 2012, 1913, 2013, 1914, 2014, 1914, 2013, 1914, 2014, 1915, 2015, 1915, 2014, 1915, 2015, 1916, 2016, 1916, 2015, 1916, 2016, 1917, 2017, 1917, 2016, 1918, 1917, 2018, 2017, 2018, 1917, 1919, 1918, 2019, 2018, 2019, 1918, 1920, 1919, 2020, 2019, 2020, 1919, 1921, 1920, 2021, 2020, 2021, 1920, 1922, 1921, 2022, 2021, 2022, 1921, 1923, 1922, 2023, 2022, 2023, 1922, 1924, 1923, 2024, 2023, 2024, 1923, 1925, 1924, 2025, 2024, 2025, 1924, 1926, 1925, 2026, 2025, 2026, 1925, 1927, 1926, 2027, 2026, 2027, 1926, 1928, 1927, 2028, 2027, 2028, 1927, 2029, 1929, 2028, 1928, 2028, 1929, 2030, 1930, 2029, 1929, 2029, 1930, 2031, 1931, 2030, 1930, 2030, 1931, 2032, 1932, 2031, 1931, 2031, 1932, 2033, 1933, 2032, 1932, 2032, 1933, 2034, 1934, 2033, 1933, 2033, 1934, 2035, 1935, 2034, 1934, 2034, 1935, 2036, 1936, 2035, 1935, 2035, 1936, 2037, 1937, 2036, 1936, 2036, 1937, 1939, 1839, 2037, 1937, 2037, 1839, 2038, 1938, 2039, 1939, 2039, 1938, 2040, 1940, 2038, 1938, 2038, 1940, 2041, 1941, 2040, 1940, 2040, 1941, 2042, 1942, 2041, 1941, 2041, 1942, 2043, 1943, 2042, 1942, 2042, 1943, 2044, 1944, 2043, 1943, 2043, 1944, 2045, 1945, 2044, 1944, 2044, 1945, 2046, 1946, 2045, 1945, 2045, 1946, 2047, 1947, 2046, 1946, 2046, 1947, 2048, 1948, 2047, 1947, 2047, 1948, 2049, 1949, 2048, 1948, 2048, 1949, 2050, 1950, 2049, 1949, 2049, 1950, 2051, 1951, 2050, 1950, 2050, 1951, 2052, 1952, 2051, 1951, 2051, 1952, 2053, 1953, 2052, 1952, 2052, 1953, 2054, 1954, 2053, 1953, 2053, 1954, 2055, 1955, 2054, 1954, 2054, 1955, 2056, 1956, 2055, 1955, 2055, 1956, 2057, 1957, 2056, 1956, 2056, 1957, 2058, 1958, 2057, 1957, 2057, 1958, 2059, 1959, 2058, 1958, 2058, 1959, 2060, 1960, 2059, 1959, 2059, 1960, 2061, 1961, 2060, 1960, 2060, 1961, 2062, 1962, 2061, 1961, 2061, 1962, 2063, 1963, 2062, 1962, 2062, 1963, 2064, 1964, 2063, 1963, 2063, 1964, 2065, 1965, 2064, 1964, 2064, 1965, 2066, 1966, 2065, 1965, 2065, 1966, 2067, 1967, 2066, 1966, 2066, 1967, 2068, 1968, 2067, 1967, 2067, 1968, 2069, 1969, 2068, 1968, 2068, 1969, 2070, 1970, 2069, 1969, 2069, 1970, 2071, 1971, 2070, 1970, 2070, 1971, 2072, 1972, 2071, 1971, 2071, 1972, 2073, 1973, 2072, 1972, 2072, 1973, 2074, 1974, 2073, 1973, 2073, 1974, 2075, 1975, 2074, 1974, 2074, 1975, 2076, 1976, 2075, 1975, 2075, 1976, 2077, 1977, 2076, 1976, 2076, 1977, 2078, 1978, 2077, 1977, 2077, 1978, 2078, 2079, 1978, 1979, 1978, 2079, 2079, 2080, 1979, 1980, 1979, 2080, 2080, 2081, 1980, 1981, 1980, 2081, 2081, 2082, 1981, 1982, 1981, 2082, 2082, 2083, 1982, 1983, 1982, 2083, 2083, 2084, 1983, 1984, 1983, 2084, 2084, 2085, 1984, 1985, 1984, 2085, 2085, 2086, 1985, 1986, 1985, 2086, 2086, 2087, 1986, 1987, 1986, 2087, 2087, 2088, 1987, 1988, 1987, 2088, 2088, 2089, 1988, 1989, 1988, 2089, 2089, 2090, 1989, 1990, 1989, 2090, 2090, 2091, 1990, 1991, 1990, 2091, 2091, 2092, 1991, 1992, 1991, 2092, 2092, 2093, 1992, 1993, 1992, 2093, 2093, 2094, 1993, 1994, 1993, 2094, 2094, 2095, 1994, 1995, 1994, 2095, 2095, 2096, 1995, 1996, 1995, 2096, 2096, 2097, 1996, 1997, 1996, 2097, 2097, 2098, 1997, 1998, 1997, 2098, 2098, 2099, 1998, 1999, 1998, 2099, 2099, 2100, 1999, 2000, 1999, 2100, 2100, 2101, 2000, 2001, 2000, 2101, 2101, 2102, 2001, 2002, 2001, 2102, 2102, 2103, 2002, 2003, 2002, 2103, 2103, 2104, 2003, 2004, 2003, 2104, 2104, 2105, 2004, 2005, 2004, 2105, 2105, 2106, 2005, 2006, 2005, 2106, 2106, 2107, 2006, 2007, 2006, 2107, 2107, 2108, 2007, 2008, 2007, 2108, 2108, 2109, 2008, 2009, 2008, 2109, 2109, 2110, 2009, 2010, 2009, 2110, 2110, 2111, 2010, 2011, 2010, 2111, 2111, 2112, 2011, 2012, 2011, 2112, 2112, 2113, 2012, 2013, 2012, 2113, 2113, 2114, 2013, 2014, 2013, 2114, 2114, 2115, 2014, 2015, 2014, 2115, 2115, 2116, 2015, 2016, 2015, 2116, 2116, 2117, 2016, 2017, 2016, 2117, 2117, 2118, 2017, 2018, 2017, 2118, 2118, 2119, 2018, 2019, 2018, 2119, 2119, 2120, 2019, 2020, 2019, 2120, 2120, 2121, 2020, 2021, 2020, 2121, 2121, 2122, 2021, 2022, 2021, 2122, 2122, 2123, 2022, 2023, 2022, 2123, 2123, 2124, 2023, 2024, 2023, 2124, 2124, 2125, 2024, 2025, 2024, 2125, 2125, 2126, 2025, 2026, 2025, 2126, 2126, 2127, 2026, 2027, 2026, 2127, 2127, 2128, 2027, 2028, 2027, 2128, 2129, 2029, 2128, 2028, 2128, 2029, 2130, 2030, 2129, 2029, 2129, 2030, 2131, 2031, 2130, 2030, 2130, 2031, 2132, 2032, 2131, 2031, 2131, 2032, 2133, 2033, 2132, 2032, 2132, 2033, 2134, 2034, 2133, 2033, 2133, 2034, 2135, 2035, 2134, 2034, 2134, 2035, 2136, 2036, 2135, 2035, 2135, 2036, 2137, 2037, 2136, 2036, 2136, 2037, 2039, 1939, 2137, 2037, 2137, 1939, 2138, 2038, 2139, 2039, 2139, 2038, 2140, 2040, 2138, 2038, 2138, 2040, 2141, 2041, 2140, 2040, 2140, 2041, 2142, 2042, 2141, 2041, 2141, 2042, 2143, 2043, 2142, 2042, 2142, 2043, 2144, 2044, 2143, 2043, 2143, 2044, 2145, 2045, 2144, 2044, 2144, 2045, 2146, 2046, 2145, 2045, 2145, 2046, 2147, 2047, 2146, 2046, 2146, 2047, 2148, 2048, 2147, 2047, 2147, 2048, 2149, 2049, 2148, 2048, 2148, 2049, 2150, 2050, 2149, 2049, 2149, 2050, 2151, 2051, 2150, 2050, 2150, 2051, 2152, 2052, 2151, 2051, 2151, 2052, 2153, 2053, 2152, 2052, 2152, 2053, 2154, 2054, 2153, 2053, 2153, 2054, 2155, 2055, 2154, 2054, 2154, 2055, 2156, 2056, 2155, 2055, 2155, 2056, 2157, 2057, 2156, 2056, 2156, 2057, 2158, 2058, 2157, 2057, 2157, 2058, 2159, 2059, 2158, 2058, 2158, 2059, 2160, 2060, 2159, 2059, 2159, 2060, 2161, 2061, 2160, 2060, 2160, 2061, 2162, 2062, 2161, 2061, 2161, 2062, 2163, 2063, 2162, 2062, 2162, 2063, 2164, 2064, 2163, 2063, 2163, 2064, 2165, 2065, 2164, 2064, 2164, 2065, 2166, 2066, 2165, 2065, 2165, 2066, 2167, 2067, 2166, 2066, 2166, 2067, 2168, 2068, 2167, 2067, 2167, 2068, 2169, 2069, 2168, 2068, 2168, 2069, 2170, 2070, 2169, 2069, 2169, 2070, 2171, 2071, 2170, 2070, 2170, 2071, 2172, 2072, 2171, 2071, 2171, 2072, 2173, 2073, 2172, 2072, 2172, 2073, 2174, 2074, 2173, 2073, 2173, 2074, 2175, 2075, 2174, 2074, 2174, 2075, 2176, 2076, 2175, 2075, 2175, 2076, 2177, 2077, 2176, 2076, 2176, 2077, 2178, 2078, 2177, 2077, 2177, 2078, 2179, 2079, 2178, 2078, 2178, 2079, 2179, 2180, 2079, 2080, 2079, 2180, 2180, 2181, 2080, 2081, 2080, 2181, 2181, 2182, 2081, 2082, 2081, 2182, 2182, 2183, 2082, 2083, 2082, 2183, 2183, 2184, 2083, 2084, 2083, 2184, 2184, 2185, 2084, 2085, 2084, 2185, 2185, 2186, 2085, 2086, 2085, 2186, 2186, 2187, 2086, 2087, 2086, 2187, 2187, 2188, 2087, 2088, 2087, 2188, 2188, 2189, 2088, 2089, 2088, 2189, 2189, 2190, 2089, 2090, 2089, 2190, 2190, 2191, 2090, 2091, 2090, 2191, 2191, 2192, 2091, 2092, 2091, 2192, 2192, 2193, 2092, 2093, 2092, 2193, 2193, 2194, 2093, 2094, 2093, 2194, 2194, 2195, 2094, 2095, 2094, 2195, 2195, 2196, 2095, 2096, 2095, 2196, 2196, 2197, 2096, 2097, 2096, 2197, 2197, 2198, 2097, 2098, 2097, 2198, 2198, 2199, 2098, 2099, 2098, 2199, 2199, 2200, 2099, 2100, 2099, 2200, 2200, 2201, 2100, 2101, 2100, 2201, 2201, 2202, 2101, 2102, 2101, 2202, 2202, 2203, 2102, 2103, 2102, 2203, 2203, 2204, 2103, 2104, 2103, 2204, 2204, 2205, 2104, 2105, 2104, 2205, 2105, 2205, 2106, 2206, 2106, 2205, 2106, 2206, 2107, 2207, 2107, 2206, 2107, 2207, 2108, 2208, 2108, 2207, 2108, 2208, 2109, 2209, 2109, 2208, 2109, 2209, 2110, 2210, 2110, 2209, 2110, 2210, 2111, 2211, 2111, 2210, 2111, 2211, 2112, 2212, 2112, 2211, 2112, 2212, 2113, 2213, 2113, 2212, 2113, 2213, 2114, 2214, 2114, 2213, 2114, 2214, 2115, 2215, 2115, 2214, 2115, 2215, 2116, 2216, 2116, 2215, 2116, 2216, 2117, 2217, 2117, 2216, 2117, 2217, 2118, 2218, 2118, 2217, 2118, 2218, 2119, 2219, 2119, 2218, 2119, 2219, 2120, 2220, 2120, 2219, 2120, 2220, 2121, 2221, 2121, 2220, 2121, 2221, 2122, 2222, 2122, 2221, 2122, 2222, 2123, 2223, 2123, 2222, 2123, 2223, 2124, 2224, 2124, 2223, 2124, 2224, 2125, 2225, 2125, 2224, 2125, 2225, 2126, 2226, 2126, 2225, 2126, 2226, 2127, 2227, 2127, 2226, 2127, 2227, 2128, 2228, 2128, 2227, 2128, 2228, 2129, 2229, 2129, 2228, 2230, 2130, 2229, 2129, 2229, 2130, 2231, 2131, 2230, 2130, 2230, 2131, 2232, 2132, 2231, 2131, 2231, 2132, 2233, 2133, 2232, 2132, 2232, 2133, 2234, 2134, 2233, 2133, 2233, 2134, 2235, 2135, 2234, 2134, 2234, 2135, 2236, 2136, 2235, 2135, 2235, 2136, 2237, 2137, 2236, 2136, 2236, 2137, 2139, 2039, 2237, 2137, 2237, 2039, 2238, 2138, 2239, 2139, 2239, 2138, 2240, 2140, 2238, 2138, 2238, 2140, 2241, 2141, 2240, 2140, 2240, 2141, 2242, 2142, 2241, 2141, 2241, 2142, 2243, 2143, 2242, 2142, 2242, 2143, 2244, 2144, 2243, 2143, 2243, 2144, 2245, 2145, 2244, 2144, 2244, 2145, 2246, 2146, 2245, 2145, 2245, 2146, 2247, 2147, 2246, 2146, 2246, 2147, 2248, 2148, 2247, 2147, 2247, 2148, 2249, 2149, 2248, 2148, 2248, 2149, 2250, 2150, 2249, 2149, 2249, 2150, 2251, 2151, 2250, 2150, 2250, 2151, 2252, 2152, 2251, 2151, 2251, 2152, 2253, 2153, 2252, 2152, 2252, 2153, 2254, 2154, 2253, 2153, 2253, 2154, 2255, 2155, 2254, 2154, 2254, 2155, 2256, 2156, 2255, 2155, 2255, 2156, 2257, 2157, 2256, 2156, 2256, 2157, 2258, 2158, 2257, 2157, 2257, 2158, 2259, 2159, 2258, 2158, 2258, 2159, 2260, 2160, 2259, 2159, 2259, 2160, 2261, 2161, 2260, 2160, 2260, 2161, 2262, 2162, 2261, 2161, 2261, 2162, 2263, 2163, 2262, 2162, 2262, 2163, 2264, 2164, 2263, 2163, 2263, 2164, 2265, 2165, 2264, 2164, 2264, 2165, 2266, 2166, 2265, 2165, 2265, 2166, 2267, 2167, 2266, 2166, 2266, 2167, 2268, 2168, 2267, 2167, 2267, 2168, 2269, 2169, 2268, 2168, 2268, 2169, 2270, 2170, 2269, 2169, 2269, 2170, 2271, 2171, 2270, 2170, 2270, 2171, 2272, 2172, 2271, 2171, 2271, 2172, 2273, 2173, 2272, 2172, 2272, 2173, 2274, 2174, 2273, 2173, 2273, 2174, 2275, 2175, 2274, 2174, 2274, 2175, 2276, 2176, 2275, 2175, 2275, 2176, 2277, 2177, 2276, 2176, 2276, 2177, 2278, 2178, 2277, 2177, 2277, 2178, 2279, 2179, 2278, 2178, 2278, 2179, 2280, 2180, 2279, 2179, 2279, 2180, 2280, 2281, 2180, 2181, 2180, 2281, 2281, 2282, 2181, 2182, 2181, 2282, 2282, 2283, 2182, 2183, 2182, 2283, 2283, 2284, 2183, 2184, 2183, 2284, 2284, 2285, 2184, 2185, 2184, 2285, 2285, 2286, 2185, 2186, 2185, 2286, 2286, 2287, 2186, 2187, 2186, 2287, 2287, 2288, 2187, 2188, 2187, 2288, 2288, 2289, 2188, 2189, 2188, 2289, 2289, 2290, 2189, 2190, 2189, 2290, 2290, 2291, 2190, 2191, 2190, 2291, 2291, 2292, 2191, 2192, 2191, 2292, 2292, 2293, 2192, 2193, 2192, 2293, 2293, 2294, 2193, 2194, 2193, 2294, 2294, 2295, 2194, 2195, 2194, 2295, 2295, 2296, 2195, 2196, 2195, 2296, 2296, 2297, 2196, 2197, 2196, 2297, 2297, 2298, 2197, 2198, 2197, 2298, 2298, 2299, 2198, 2199, 2198, 2299, 2299, 2300, 2199, 2200, 2199, 2300, 2300, 2301, 2200, 2201, 2200, 2301, 2301, 2302, 2201, 2202, 2201, 2302, 2302, 2303, 2202, 2203, 2202, 2303, 2303, 2304, 2203, 2204, 2203, 2304, 2304, 2305, 2204, 2205, 2204, 2305, 2205, 2305, 2206, 2306, 2206, 2305, 2206, 2306, 2207, 2307, 2207, 2306, 2207, 2307, 2208, 2308, 2208, 2307, 2208, 2308, 2209, 2309, 2209, 2308, 2209, 2309, 2210, 2310, 2210, 2309, 2210, 2310, 2211, 2311, 2211, 2310, 2211, 2311, 2212, 2312, 2212, 2311, 2212, 2312, 2213, 2313, 2213, 2312, 2213, 2313, 2214, 2314, 2214, 2313, 2214, 2314, 2215, 2315, 2215, 2314, 2215, 2315, 2216, 2316, 2216, 2315, 2216, 2316, 2217, 2317, 2217, 2316, 2217, 2317, 2218, 2318, 2218, 2317, 2218, 2318, 2219, 2319, 2219, 2318, 2219, 2319, 2220, 2320, 2220, 2319, 2220, 2320, 2221, 2321, 2221, 2320, 2221, 2321, 2222, 2322, 2222, 2321, 2222, 2322, 2223, 2323, 2223, 2322, 2223, 2323, 2224, 2324, 2224, 2323, 2224, 2324, 2225, 2325, 2225, 2324, 2225, 2325, 2226, 2326, 2226, 2325, 2226, 2326, 2227, 2327, 2227, 2326, 2227, 2327, 2228, 2328, 2228, 2327, 2228, 2328, 2229, 2329, 2229, 2328, 2229, 2329, 2230, 2330, 2230, 2329, 2331, 2231, 2330, 2230, 2330, 2231, 2332, 2232, 2331, 2231, 2331, 2232, 2333, 2233, 2332, 2232, 2332, 2233, 2334, 2234, 2333, 2233, 2333, 2234, 2335, 2235, 2334, 2234, 2334, 2235, 2336, 2236, 2335, 2235, 2335, 2236, 2337, 2237, 2336, 2236, 2336, 2237, 2239, 2139, 2337, 2237, 2337, 2139, 2338, 2238, 2339, 2239, 2339, 2238, 2340, 2240, 2338, 2238, 2338, 2240, 2341, 2241, 2340, 2240, 2340, 2241, 2342, 2242, 2341, 2241, 2341, 2242, 2343, 2243, 2342, 2242, 2342, 2243, 2344, 2244, 2343, 2243, 2343, 2244, 2345, 2245, 2344, 2244, 2344, 2245, 2346, 2246, 2345, 2245, 2345, 2246, 2347, 2247, 2346, 2246, 2346, 2247, 2348, 2248, 2347, 2247, 2347, 2248, 2349, 2249, 2348, 2248, 2348, 2249, 2350, 2250, 2349, 2249, 2349, 2250, 2351, 2251, 2350, 2250, 2350, 2251, 2352, 2252, 2351, 2251, 2351, 2252, 2353, 2253, 2352, 2252, 2352, 2253, 2354, 2254, 2353, 2253, 2353, 2254, 2355, 2255, 2354, 2254, 2354, 2255, 2356, 2256, 2355, 2255, 2355, 2256, 2357, 2257, 2356, 2256, 2356, 2257, 2358, 2258, 2357, 2257, 2357, 2258, 2359, 2259, 2358, 2258, 2358, 2259, 2360, 2260, 2359, 2259, 2359, 2260, 2361, 2261, 2360, 2260, 2360, 2261, 2362, 2262, 2361, 2261, 2361, 2262, 2363, 2263, 2362, 2262, 2362, 2263, 2364, 2264, 2363, 2263, 2363, 2264, 2365, 2265, 2364, 2264, 2364, 2265, 2366, 2266, 2365, 2265, 2365, 2266, 2367, 2267, 2366, 2266, 2366, 2267, 2368, 2268, 2367, 2267, 2367, 2268, 2369, 2269, 2368, 2268, 2368, 2269, 2370, 2270, 2369, 2269, 2369, 2270, 2371, 2271, 2370, 2270, 2370, 2271, 2372, 2272, 2371, 2271, 2371, 2272, 2373, 2273, 2372, 2272, 2372, 2273, 2374, 2274, 2373, 2273, 2373, 2274, 2375, 2275, 2374, 2274, 2374, 2275, 2376, 2276, 2375, 2275, 2375, 2276, 2377, 2277, 2376, 2276, 2376, 2277, 2378, 2278, 2377, 2277, 2377, 2278, 2379, 2279, 2378, 2278, 2378, 2279, 2380, 2280, 2379, 2279, 2379, 2280, 2380, 2381, 2280, 2281, 2280, 2381, 2381, 2382, 2281, 2282, 2281, 2382, 2382, 2383, 2282, 2283, 2282, 2383, 2383, 2384, 2283, 2284, 2283, 2384, 2384, 2385, 2284, 2285, 2284, 2385, 2385, 2386, 2285, 2286, 2285, 2386, 2386, 2387, 2286, 2287, 2286, 2387, 2387, 2388, 2287, 2288, 2287, 2388, 2388, 2389, 2288, 2289, 2288, 2389, 2389, 2390, 2289, 2290, 2289, 2390, 2390, 2391, 2290, 2291, 2290, 2391, 2391, 2392, 2291, 2292, 2291, 2392, 2392, 2393, 2292, 2293, 2292, 2393, 2393, 2394, 2293, 2294, 2293, 2394, 2394, 2395, 2294, 2295, 2294, 2395, 2395, 2396, 2295, 2296, 2295, 2396, 2396, 2397, 2296, 2297, 2296, 2397, 2397, 2398, 2297, 2298, 2297, 2398, 2398, 2399, 2298, 2299, 2298, 2399, 2399, 2400, 2299, 2300, 2299, 2400, 2400, 2401, 2300, 2301, 2300, 2401, 2401, 2402, 2301, 2302, 2301, 2402, 2402, 2403, 2302, 2303, 2302, 2403, 2403, 2404, 2303, 2304, 2303, 2404, 2404, 2405, 2304, 2305, 2304, 2405, 2305, 2405, 2306, 2406, 2306, 2405, 2306, 2406, 2307, 2407, 2307, 2406, 2307, 2407, 2308, 2408, 2308, 2407, 2308, 2408, 2309, 2409, 2309, 2408, 2309, 2409, 2310, 2410, 2310, 2409, 2310, 2410, 2311, 2411, 2311, 2410, 2311, 2411, 2312, 2412, 2312, 2411, 2312, 2412, 2313, 2413, 2313, 2412, 2313, 2413, 2314, 2414, 2314, 2413, 2314, 2414, 2315, 2415, 2315, 2414, 2315, 2415, 2316, 2416, 2316, 2415, 2316, 2416, 2317, 2417, 2317, 2416, 2317, 2417, 2318, 2418, 2318, 2417, 2318, 2418, 2319, 2419, 2319, 2418, 2319, 2419, 2320, 2420, 2320, 2419, 2320, 2420, 2321, 2421, 2321, 2420, 2321, 2421, 2322, 2422, 2322, 2421, 2322, 2422, 2323, 2423, 2323, 2422, 2323, 2423, 2324, 2424, 2324, 2423, 2324, 2424, 2325, 2425, 2325, 2424, 2325, 2425, 2326, 2426, 2326, 2425, 2326, 2426, 2327, 2427, 2327, 2426, 2327, 2427, 2328, 2428, 2328, 2427, 2328, 2428, 2329, 2429, 2329, 2428, 2329, 2429, 2330, 2430, 2330, 2429, 2431, 2331, 2430, 2330, 2430, 2331, 2432, 2332, 2431, 2331, 2431, 2332, 2433, 2333, 2432, 2332, 2432, 2333, 2434, 2334, 2433, 2333, 2433, 2334, 2435, 2335, 2434, 2334, 2434, 2335, 2436, 2336, 2435, 2335, 2435, 2336, 2437, 2337, 2436, 2336, 2436, 2337, 2339, 2239, 2437, 2337, 2437, 2239, 2438, 2338, 2439, 2339, 2439, 2338, 2440, 2340, 2438, 2338, 2438, 2340, 2441, 2341, 2440, 2340, 2440, 2341, 2442, 2342, 2441, 2341, 2441, 2342, 2443, 2343, 2442, 2342, 2442, 2343, 2444, 2344, 2443, 2343, 2443, 2344, 2445, 2345, 2444, 2344, 2444, 2345, 2446, 2346, 2445, 2345, 2445, 2346, 2447, 2347, 2446, 2346, 2446, 2347, 2448, 2348, 2447, 2347, 2447, 2348, 2449, 2349, 2448, 2348, 2448, 2349, 2450, 2350, 2449, 2349, 2449, 2350, 2451, 2351, 2450, 2350, 2450, 2351, 2452, 2352, 2451, 2351, 2451, 2352, 2453, 2353, 2452, 2352, 2452, 2353, 2454, 2354, 2453, 2353, 2453, 2354, 2455, 2355, 2454, 2354, 2454, 2355, 2456, 2356, 2455, 2355, 2455, 2356, 2457, 2357, 2456, 2356, 2456, 2357, 2458, 2358, 2457, 2357, 2457, 2358, 2459, 2359, 2458, 2358, 2458, 2359, 2460, 2360, 2459, 2359, 2459, 2360, 2461, 2361, 2460, 2360, 2460, 2361, 2462, 2362, 2461, 2361, 2461, 2362, 2463, 2363, 2462, 2362, 2462, 2363, 2464, 2364, 2463, 2363, 2463, 2364, 2465, 2365, 2464, 2364, 2464, 2365, 2466, 2366, 2465, 2365, 2465, 2366, 2467, 2367, 2466, 2366, 2466, 2367, 2468, 2368, 2467, 2367, 2467, 2368, 2469, 2369, 2468, 2368, 2468, 2369, 2470, 2370, 2469, 2369, 2469, 2370, 2471, 2371, 2470, 2370, 2470, 2371, 2472, 2372, 2471, 2371, 2471, 2372, 2473, 2373, 2472, 2372, 2472, 2373, 2474, 2374, 2473, 2373, 2473, 2374, 2475, 2375, 2474, 2374, 2474, 2375, 2476, 2376, 2475, 2375, 2475, 2376, 2477, 2377, 2476, 2376, 2476, 2377, 2478, 2378, 2477, 2377, 2477, 2378, 2479, 2379, 2478, 2378, 2478, 2379, 2480, 2380, 2479, 2379, 2479, 2380, 2480, 2481, 2380, 2381, 2380, 2481, 2481, 2482, 2381, 2382, 2381, 2482, 2482, 2483, 2382, 2383, 2382, 2483, 2483, 2484, 2383, 2384, 2383, 2484, 2484, 2485, 2384, 2385, 2384, 2485, 2485, 2486, 2385, 2386, 2385, 2486, 2486, 2487, 2386, 2387, 2386, 2487, 2487, 2488, 2387, 2388, 2387, 2488, 2488, 2489, 2388, 2389, 2388, 2489, 2489, 2490, 2389, 2390, 2389, 2490, 2490, 2491, 2390, 2391, 2390, 2491, 2491, 2492, 2391, 2392, 2391, 2492, 2492, 2493, 2392, 2393, 2392, 2493, 2493, 2494, 2393, 2394, 2393, 2494, 2494, 2495, 2394, 2395, 2394, 2495, 2495, 2496, 2395, 2396, 2395, 2496, 2496, 2497, 2396, 2397, 2396, 2497, 2497, 2498, 2397, 2398, 2397, 2498, 2498, 2499, 2398, 2399, 2398, 2499, 2499, 2500, 2399, 2400, 2399, 2500, 2500, 2501, 2400, 2401, 2400, 2501, 2501, 2502, 2401, 2402, 2401, 2502, 2502, 2503, 2402, 2403, 2402, 2503, 2503, 2504, 2403, 2404, 2403, 2504, 2504, 2505, 2404, 2405, 2404, 2505, 2405, 2505, 2406, 2506, 2406, 2505, 2406, 2506, 2407, 2507, 2407, 2506, 2407, 2507, 2408, 2508, 2408, 2507, 2408, 2508, 2409, 2509, 2409, 2508, 2409, 2509, 2410, 2510, 2410, 2509, 2410, 2510, 2411, 2511, 2411, 2510, 2411, 2511, 2412, 2512, 2412, 2511, 2412, 2512, 2413, 2513, 2413, 2512, 2413, 2513, 2414, 2514, 2414, 2513, 2414, 2514, 2415, 2515, 2415, 2514, 2415, 2515, 2416, 2516, 2416, 2515, 2416, 2516, 2417, 2517, 2417, 2516, 2417, 2517, 2418, 2518, 2418, 2517, 2418, 2518, 2419, 2519, 2419, 2518, 2419, 2519, 2420, 2520, 2420, 2519, 2420, 2520, 2421, 2521, 2421, 2520, 2421, 2521, 2422, 2522, 2422, 2521, 2422, 2522, 2423, 2523, 2423, 2522, 2423, 2523, 2424, 2524, 2424, 2523, 2424, 2524, 2425, 2525, 2425, 2524, 2425, 2525, 2426, 2526, 2426, 2525, 2426, 2526, 2427, 2527, 2427, 2526, 2427, 2527, 2428, 2528, 2428, 2527, 2428, 2528, 2429, 2529, 2429, 2528, 2429, 2529, 2430, 2530, 2430, 2529, 2531, 2431, 2530, 2430, 2530, 2431, 2532, 2432, 2531, 2431, 2531, 2432, 2533, 2433, 2532, 2432, 2532, 2433, 2534, 2434, 2533, 2433, 2533, 2434, 2535, 2435, 2534, 2434, 2534, 2435, 2536, 2436, 2535, 2435, 2535, 2436, 2537, 2437, 2536, 2436, 2536, 2437, 2439, 2339, 2537, 2437, 2537, 2339, 2538, 2539, 2439, 2438, 2439, 2539, 2539, 2540, 2438, 2440, 2438, 2540, 2540, 2541, 2440, 2441, 2440, 2541, 2541, 2542, 2441, 2442, 2441, 2542, 2542, 2543, 2442, 2443, 2442, 2543, 2543, 2544, 2443, 2444, 2443, 2544, 2544, 2545, 2444, 2445, 2444, 2545, 2545, 2546, 2445, 2446, 2445, 2546, 2546, 2547, 2446, 2447, 2446, 2547, 2547, 2548, 2447, 2448, 2447, 2548, 2548, 2549, 2448, 2449, 2448, 2549, 2549, 2550, 2449, 2450, 2449, 2550, 2550, 2551, 2450, 2451, 2450, 2551, 2551, 2552, 2451, 2452, 2451, 2552, 2552, 2553, 2452, 2453, 2452, 2553, 2553, 2554, 2453, 2454, 2453, 2554, 2554, 2555, 2454, 2455, 2454, 2555, 2556, 2456, 2555, 2455, 2555, 2456, 2557, 2457, 2556, 2456, 2556, 2457, 2558, 2458, 2557, 2457, 2557, 2458, 2559, 2459, 2558, 2458, 2558, 2459, 2560, 2460, 2559, 2459, 2559, 2460, 2561, 2461, 2560, 2460, 2560, 2461, 2562, 2462, 2561, 2461, 2561, 2462, 2563, 2463, 2562, 2462, 2562, 2463, 2564, 2464, 2563, 2463, 2563, 2464, 2565, 2465, 2564, 2464, 2564, 2465, 2566, 2466, 2565, 2465, 2565, 2466, 2567, 2467, 2566, 2466, 2566, 2467, 2568, 2468, 2567, 2467, 2567, 2468, 2569, 2469, 2568, 2468, 2568, 2469, 2570, 2470, 2569, 2469, 2569, 2470, 2571, 2471, 2570, 2470, 2570, 2471, 2572, 2472, 2571, 2471, 2571, 2472, 2573, 2473, 2572, 2472, 2572, 2473, 2574, 2474, 2573, 2473, 2573, 2474, 2575, 2475, 2574, 2474, 2574, 2475, 2576, 2476, 2575, 2475, 2575, 2476, 2577, 2477, 2576, 2476, 2576, 2477, 2578, 2478, 2577, 2477, 2577, 2478, 2579, 2479, 2578, 2478, 2578, 2479, 2580, 2480, 2579, 2479, 2579, 2480, 2581, 2481, 2580, 2480, 2580, 2481, 2582, 2482, 2581, 2481, 2581, 2482, 2583, 2483, 2582, 2482, 2582, 2483, 2584, 2484, 2583, 2483, 2583, 2484, 2585, 2485, 2584, 2484, 2584, 2485, 2586, 2486, 2585, 2485, 2585, 2486, 2587, 2487, 2586, 2486, 2586, 2487, 2588, 2488, 2587, 2487, 2587, 2488, 2589, 2489, 2588, 2488, 2588, 2489, 2590, 2490, 2589, 2489, 2589, 2490, 2591, 2491, 2590, 2490, 2590, 2491, 2592, 2492, 2591, 2491, 2591, 2492, 2593, 2493, 2592, 2492, 2592, 2493, 2594, 2494, 2593, 2493, 2593, 2494, 2595, 2495, 2594, 2494, 2594, 2495, 2596, 2496, 2595, 2495, 2595, 2496, 2597, 2497, 2596, 2496, 2596, 2497, 2598, 2498, 2597, 2497, 2597, 2498, 2599, 2499, 2598, 2498, 2598, 2499, 2600, 2500, 2599, 2499, 2599, 2500, 2601, 2501, 2600, 2500, 2600, 2501, 2602, 2502, 2601, 2501, 2601, 2502, 2603, 2503, 2602, 2502, 2602, 2503, 2604, 2504, 2603, 2503, 2603, 2504, 2605, 2505, 2604, 2504, 2604, 2505, 2505, 2605, 2506, 2606, 2506, 2605, 2506, 2606, 2507, 2607, 2507, 2606, 2507, 2607, 2508, 2608, 2508, 2607, 2508, 2608, 2509, 2609, 2509, 2608, 2509, 2609, 2510, 2610, 2510, 2609, 2510, 2610, 2511, 2611, 2511, 2610, 2511, 2611, 2512, 2612, 2512, 2611, 2512, 2612, 2513, 2613, 2513, 2612, 2513, 2613, 2514, 2614, 2514, 2613, 2514, 2614, 2515, 2615, 2515, 2614, 2515, 2615, 2516, 2616, 2516, 2615, 2516, 2616, 2517, 2617, 2517, 2616, 2517, 2617, 2518, 2618, 2518, 2617, 2518, 2618, 2519, 2619, 2519, 2618, 2519, 2619, 2520, 2620, 2520, 2619, 2520, 2620, 2521, 2621, 2521, 2620, 2521, 2621, 2522, 2622, 2522, 2621, 2522, 2622, 2523, 2623, 2523, 2622, 2523, 2623, 2524, 2624, 2524, 2623, 2524, 2624, 2525, 2625, 2525, 2624, 2525, 2625, 2526, 2626, 2526, 2625, 2526, 2626, 2527, 2627, 2527, 2626, 2527, 2627, 2528, 2628, 2528, 2627, 2528, 2628, 2529, 2629, 2529, 2628, 2529, 2629, 2530, 2630, 2530, 2629, 2630, 2631, 2530, 2531, 2530, 2631, 2631, 2632, 2531, 2532, 2531, 2632, 2632, 2633, 2532, 2533, 2532, 2633, 2633, 2634, 2533, 2534, 2533, 2634, 2634, 2635, 2534, 2535, 2534, 2635, 2635, 2636, 2535, 2536, 2535, 2636, 2636, 2637, 2536, 2537, 2536, 2637, 2637, 2538, 2537, 2439, 2537, 2538, 2638, 2639, 2538, 2539, 2538, 2639, 2639, 2640, 2539, 2540, 2539, 2640, 2640, 2641, 2540, 2541, 2540, 2641, 2641, 2642, 2541, 2542, 2541, 2642, 2642, 2643, 2542, 2543, 2542, 2643, 2643, 2644, 2543, 2544, 2543, 2644, 2644, 2645, 2544, 2545, 2544, 2645, 2645, 2646, 2545, 2546, 2545, 2646, 2646, 2647, 2546, 2547, 2546, 2647, 2647, 2648, 2547, 2548, 2547, 2648, 2648, 2649, 2548, 2549, 2548, 2649, 2649, 2650, 2549, 2550, 2549, 2650, 2650, 2651, 2550, 2551, 2550, 2651, 2651, 2652, 2551, 2552, 2551, 2652, 2652, 2653, 2552, 2553, 2552, 2653, 2653, 2654, 2553, 2554, 2553, 2654, 2654, 2655, 2554, 2555, 2554, 2655, 2656, 2556, 2655, 2555, 2655, 2556, 2657, 2557, 2656, 2556, 2656, 2557, 2658, 2558, 2657, 2557, 2657, 2558, 2659, 2559, 2658, 2558, 2658, 2559, 2660, 2560, 2659, 2559, 2659, 2560, 2661, 2561, 2660, 2560, 2660, 2561, 2662, 2562, 2661, 2561, 2661, 2562, 2663, 2563, 2662, 2562, 2662, 2563, 2664, 2564, 2663, 2563, 2663, 2564, 2665, 2565, 2664, 2564, 2664, 2565, 2666, 2566, 2665, 2565, 2665, 2566, 2667, 2567, 2666, 2566, 2666, 2567, 2668, 2568, 2667, 2567, 2667, 2568, 2669, 2569, 2668, 2568, 2668, 2569, 2670, 2570, 2669, 2569, 2669, 2570, 2671, 2571, 2670, 2570, 2670, 2571, 2672, 2572, 2671, 2571, 2671, 2572, 2673, 2573, 2672, 2572, 2672, 2573, 2674, 2574, 2673, 2573, 2673, 2574, 2675, 2575, 2674, 2574, 2674, 2575, 2676, 2576, 2675, 2575, 2675, 2576, 2677, 2577, 2676, 2576, 2676, 2577, 2678, 2578, 2677, 2577, 2677, 2578, 2679, 2579, 2678, 2578, 2678, 2579, 2680, 2580, 2679, 2579, 2679, 2580, 2681, 2581, 2680, 2580, 2680, 2581, 2682, 2582, 2681, 2581, 2681, 2582, 2683, 2583, 2682, 2582, 2682, 2583, 2684, 2584, 2683, 2583, 2683, 2584, 2685, 2585, 2684, 2584, 2684, 2585, 2686, 2586, 2685, 2585, 2685, 2586, 2687, 2587, 2686, 2586, 2686, 2587, 2688, 2588, 2687, 2587, 2687, 2588, 2689, 2589, 2688, 2588, 2688, 2589, 2690, 2590, 2689, 2589, 2689, 2590, 2691, 2591, 2690, 2590, 2690, 2591, 2692, 2592, 2691, 2591, 2691, 2592, 2693, 2593, 2692, 2592, 2692, 2593, 2694, 2594, 2693, 2593, 2693, 2594, 2695, 2595, 2694, 2594, 2694, 2595, 2696, 2596, 2695, 2595, 2695, 2596, 2697, 2597, 2696, 2596, 2696, 2597, 2698, 2598, 2697, 2597, 2697, 2598, 2699, 2599, 2698, 2598, 2698, 2599, 2700, 2600, 2699, 2599, 2699, 2600, 2701, 2601, 2700, 2600, 2700, 2601, 2702, 2602, 2701, 2601, 2701, 2602, 2703, 2603, 2702, 2602, 2702, 2603, 2704, 2604, 2703, 2603, 2703, 2604, 2705, 2605, 2704, 2604, 2704, 2605, 2605, 2705, 2606, 2706, 2606, 2705, 2606, 2706, 2607, 2707, 2607, 2706, 2607, 2707, 2608, 2708, 2608, 2707, 2608, 2708, 2609, 2709, 2609, 2708, 2609, 2709, 2610, 2710, 2610, 2709, 2610, 2710, 2611, 2711, 2611, 2710, 2611, 2711, 2612, 2712, 2612, 2711, 2612, 2712, 2613, 2713, 2613, 2712, 2613, 2713, 2614, 2714, 2614, 2713, 2614, 2714, 2615, 2715, 2615, 2714, 2615, 2715, 2616, 2716, 2616, 2715, 2616, 2716, 2617, 2717, 2617, 2716, 2617, 2717, 2618, 2718, 2618, 2717, 2618, 2718, 2619, 2719, 2619, 2718, 2619, 2719, 2620, 2720, 2620, 2719, 2620, 2720, 2621, 2721, 2621, 2720, 2621, 2721, 2622, 2722, 2622, 2721, 2622, 2722, 2623, 2723, 2623, 2722, 2623, 2723, 2624, 2724, 2624, 2723, 2624, 2724, 2625, 2725, 2625, 2724, 2625, 2725, 2626, 2726, 2626, 2725, 2626, 2726, 2627, 2727, 2627, 2726, 2627, 2727, 2628, 2728, 2628, 2727, 2628, 2728, 2629, 2729, 2629, 2728, 2629, 2729, 2630, 2730, 2630, 2729, 2730, 2731, 2630, 2631, 2630, 2731, 2731, 2732, 2631, 2632, 2631, 2732, 2732, 2733, 2632, 2633, 2632, 2733, 2733, 2734, 2633, 2634, 2633, 2734, 2734, 2735, 2634, 2635, 2634, 2735, 2735, 2736, 2635, 2636, 2635, 2736, 2736, 2737, 2636, 2637, 2636, 2737, 2737, 2638, 2637, 2538, 2637, 2638, 2738, 2739, 2638, 2639, 2638, 2739, 2739, 2740, 2639, 2640, 2639, 2740, 2740, 2741, 2640, 2641, 2640, 2741, 2741, 2742, 2641, 2642, 2641, 2742, 2742, 2743, 2642, 2643, 2642, 2743, 2743, 2744, 2643, 2644, 2643, 2744, 2744, 2745, 2644, 2645, 2644, 2745, 2745, 2746, 2645, 2646, 2645, 2746, 2746, 2747, 2646, 2647, 2646, 2747, 2747, 2748, 2647, 2648, 2647, 2748, 2748, 2749, 2648, 2649, 2648, 2749, 2749, 2750, 2649, 2650, 2649, 2750, 2750, 2751, 2650, 2651, 2650, 2751, 2751, 2752, 2651, 2652, 2651, 2752, 2752, 2753, 2652, 2653, 2652, 2753, 2753, 2754, 2653, 2654, 2653, 2754, 2754, 2755, 2654, 2655, 2654, 2755, 2756, 2656, 2755, 2655, 2755, 2656, 2757, 2657, 2756, 2656, 2756, 2657, 2758, 2658, 2757, 2657, 2757, 2658, 2759, 2659, 2758, 2658, 2758, 2659, 2760, 2660, 2759, 2659, 2759, 2660, 2761, 2661, 2760, 2660, 2760, 2661, 2762, 2662, 2761, 2661, 2761, 2662, 2763, 2663, 2762, 2662, 2762, 2663, 2764, 2664, 2763, 2663, 2763, 2664, 2765, 2665, 2764, 2664, 2764, 2665, 2766, 2666, 2765, 2665, 2765, 2666, 2767, 2667, 2766, 2666, 2766, 2667, 2768, 2668, 2767, 2667, 2767, 2668, 2769, 2669, 2768, 2668, 2768, 2669, 2770, 2670, 2769, 2669, 2769, 2670, 2771, 2671, 2770, 2670, 2770, 2671, 2772, 2672, 2771, 2671, 2771, 2672, 2773, 2673, 2772, 2672, 2772, 2673, 2774, 2674, 2773, 2673, 2773, 2674, 2775, 2675, 2774, 2674, 2774, 2675, 2776, 2676, 2775, 2675, 2775, 2676, 2777, 2677, 2776, 2676, 2776, 2677, 2778, 2678, 2777, 2677, 2777, 2678, 2779, 2679, 2778, 2678, 2778, 2679, 2780, 2680, 2779, 2679, 2779, 2680, 2781, 2681, 2780, 2680, 2780, 2681, 2782, 2682, 2781, 2681, 2781, 2682, 2783, 2683, 2782, 2682, 2782, 2683, 2784, 2684, 2783, 2683, 2783, 2684, 2785, 2685, 2784, 2684, 2784, 2685, 2786, 2686, 2785, 2685, 2785, 2686, 2787, 2687, 2786, 2686, 2786, 2687, 2788, 2688, 2787, 2687, 2787, 2688, 2789, 2689, 2788, 2688, 2788, 2689, 2790, 2690, 2789, 2689, 2789, 2690, 2791, 2691, 2790, 2690, 2790, 2691, 2792, 2692, 2791, 2691, 2791, 2692, 2793, 2693, 2792, 2692, 2792, 2693, 2794, 2694, 2793, 2693, 2793, 2694, 2795, 2695, 2794, 2694, 2794, 2695, 2796, 2696, 2795, 2695, 2795, 2696, 2797, 2697, 2796, 2696, 2796, 2697, 2798, 2698, 2797, 2697, 2797, 2698, 2799, 2699, 2798, 2698, 2798, 2699, 2800, 2700, 2799, 2699, 2799, 2700, 2801, 2701, 2800, 2700, 2800, 2701, 2802, 2702, 2801, 2701, 2801, 2702, 2803, 2703, 2802, 2702, 2802, 2703, 2804, 2704, 2803, 2703, 2803, 2704, 2805, 2705, 2804, 2704, 2804, 2705, 2705, 2805, 2706, 2806, 2706, 2805, 2706, 2806, 2707, 2807, 2707, 2806, 2707, 2807, 2708, 2808, 2708, 2807, 2708, 2808, 2709, 2809, 2709, 2808, 2709, 2809, 2710, 2810, 2710, 2809, 2710, 2810, 2711, 2811, 2711, 2810, 2711, 2811, 2712, 2812, 2712, 2811, 2712, 2812, 2713, 2813, 2713, 2812, 2713, 2813, 2714, 2814, 2714, 2813, 2714, 2814, 2715, 2815, 2715, 2814, 2715, 2815, 2716, 2816, 2716, 2815, 2716, 2816, 2717, 2817, 2717, 2816, 2717, 2817, 2718, 2818, 2718, 2817, 2718, 2818, 2719, 2819, 2719, 2818, 2719, 2819, 2720, 2820, 2720, 2819, 2720, 2820, 2721, 2821, 2721, 2820, 2721, 2821, 2722, 2822, 2722, 2821, 2722, 2822, 2723, 2823, 2723, 2822, 2723, 2823, 2724, 2824, 2724, 2823, 2724, 2824, 2725, 2825, 2725, 2824, 2725, 2825, 2726, 2826, 2726, 2825, 2726, 2826, 2727, 2827, 2727, 2826, 2727, 2827, 2728, 2828, 2728, 2827, 2728, 2828, 2729, 2829, 2729, 2828, 2729, 2829, 2730, 2830, 2730, 2829, 2830, 2831, 2730, 2731, 2730, 2831, 2831, 2832, 2731, 2732, 2731, 2832, 2832, 2833, 2732, 2733, 2732, 2833, 2833, 2834, 2733, 2734, 2733, 2834, 2834, 2835, 2734, 2735, 2734, 2835, 2835, 2836, 2735, 2736, 2735, 2836, 2836, 2837, 2736, 2737, 2736, 2837, 2837, 2738, 2737, 2638, 2737, 2738, 2838, 2839, 2738, 2739, 2738, 2839, 2839, 2840, 2739, 2740, 2739, 2840, 2840, 2841, 2740, 2741, 2740, 2841, 2841, 2842, 2741, 2742, 2741, 2842, 2842, 2843, 2742, 2743, 2742, 2843, 2843, 2844, 2743, 2744, 2743, 2844, 2844, 2845, 2744, 2745, 2744, 2845, 2845, 2846, 2745, 2746, 2745, 2846, 2846, 2847, 2746, 2747, 2746, 2847, 2847, 2848, 2747, 2748, 2747, 2848, 2848, 2849, 2748, 2749, 2748, 2849, 2849, 2850, 2749, 2750, 2749, 2850, 2850, 2851, 2750, 2751, 2750, 2851, 2851, 2852, 2751, 2752, 2751, 2852, 2852, 2853, 2752, 2753, 2752, 2853, 2853, 2854, 2753, 2754, 2753, 2854, 2854, 2855, 2754, 2755, 2754, 2855, 2856, 2756, 2855, 2755, 2855, 2756, 2857, 2757, 2856, 2756, 2856, 2757, 2858, 2758, 2857, 2757, 2857, 2758, 2859, 2759, 2858, 2758, 2858, 2759, 2860, 2760, 2859, 2759, 2859, 2760, 2861, 2761, 2860, 2760, 2860, 2761, 2862, 2762, 2861, 2761, 2861, 2762, 2863, 2763, 2862, 2762, 2862, 2763, 2864, 2764, 2863, 2763, 2863, 2764, 2865, 2765, 2864, 2764, 2864, 2765, 2866, 2766, 2865, 2765, 2865, 2766, 2867, 2767, 2866, 2766, 2866, 2767, 2868, 2768, 2867, 2767, 2867, 2768, 2869, 2769, 2868, 2768, 2868, 2769, 2870, 2770, 2869, 2769, 2869, 2770, 2871, 2771, 2870, 2770, 2870, 2771, 2872, 2772, 2871, 2771, 2871, 2772, 2873, 2773, 2872, 2772, 2872, 2773, 2874, 2774, 2873, 2773, 2873, 2774, 2875, 2775, 2874, 2774, 2874, 2775, 2876, 2776, 2875, 2775, 2875, 2776, 2877, 2777, 2876, 2776, 2876, 2777, 2878, 2778, 2877, 2777, 2877, 2778, 2879, 2779, 2878, 2778, 2878, 2779, 2880, 2780, 2879, 2779, 2879, 2780, 2881, 2781, 2880, 2780, 2880, 2781, 2882, 2782, 2881, 2781, 2881, 2782, 2883, 2783, 2882, 2782, 2882, 2783, 2884, 2784, 2883, 2783, 2883, 2784, 2885, 2785, 2884, 2784, 2884, 2785, 2886, 2786, 2885, 2785, 2885, 2786, 2887, 2787, 2886, 2786, 2886, 2787, 2888, 2788, 2887, 2787, 2887, 2788, 2889, 2789, 2888, 2788, 2888, 2789, 2890, 2790, 2889, 2789, 2889, 2790, 2891, 2791, 2890, 2790, 2890, 2791, 2892, 2792, 2891, 2791, 2891, 2792, 2893, 2793, 2892, 2792, 2892, 2793, 2894, 2794, 2893, 2793, 2893, 2794, 2895, 2795, 2894, 2794, 2894, 2795, 2896, 2796, 2895, 2795, 2895, 2796, 2897, 2797, 2896, 2796, 2896, 2797, 2898, 2798, 2897, 2797, 2897, 2798, 2899, 2799, 2898, 2798, 2898, 2799, 2900, 2800, 2899, 2799, 2899, 2800, 2901, 2801, 2900, 2800, 2900, 2801, 2902, 2802, 2901, 2801, 2901, 2802, 2903, 2803, 2902, 2802, 2902, 2803, 2904, 2804, 2903, 2803, 2903, 2804, 2905, 2805, 2904, 2804, 2904, 2805, 2805, 2905, 2806, 2906, 2806, 2905, 2806, 2906, 2807, 2907, 2807, 2906, 2807, 2907, 2808, 2908, 2808, 2907, 2808, 2908, 2809, 2909, 2809, 2908, 2809, 2909, 2810, 2910, 2810, 2909, 2810, 2910, 2811, 2911, 2811, 2910, 2811, 2911, 2812, 2912, 2812, 2911, 2812, 2912, 2813, 2913, 2813, 2912, 2813, 2913, 2814, 2914, 2814, 2913, 2814, 2914, 2815, 2915, 2815, 2914, 2815, 2915, 2816, 2916, 2816, 2915, 2816, 2916, 2817, 2917, 2817, 2916, 2817, 2917, 2818, 2918, 2818, 2917, 2818, 2918, 2819, 2919, 2819, 2918, 2819, 2919, 2820, 2920, 2820, 2919, 2820, 2920, 2821, 2921, 2821, 2920, 2821, 2921, 2822, 2922, 2822, 2921, 2822, 2922, 2823, 2923, 2823, 2922, 2823, 2923, 2824, 2924, 2824, 2923, 2824, 2924, 2825, 2925, 2825, 2924, 2825, 2925, 2826, 2926, 2826, 2925, 2826, 2926, 2827, 2927, 2827, 2926, 2827, 2927, 2828, 2928, 2828, 2927, 2828, 2928, 2829, 2929, 2829, 2928, 2829, 2929, 2830, 2930, 2830, 2929, 2930, 2931, 2830, 2831, 2830, 2931, 2931, 2932, 2831, 2832, 2831, 2932, 2932, 2933, 2832, 2833, 2832, 2933, 2933, 2934, 2833, 2834, 2833, 2934, 2934, 2935, 2834, 2835, 2834, 2935, 2935, 2936, 2835, 2836, 2835, 2936, 2936, 2937, 2836, 2837, 2836, 2937, 2937, 2838, 2837, 2738, 2837, 2838, 2938, 2939, 2838, 2839, 2838, 2939, 2939, 2940, 2839, 2840, 2839, 2940, 2940, 2941, 2840, 2841, 2840, 2941, 2941, 2942, 2841, 2842, 2841, 2942, 2942, 2943, 2842, 2843, 2842, 2943, 2943, 2944, 2843, 2844, 2843, 2944, 2944, 2945, 2844, 2845, 2844, 2945, 2945, 2946, 2845, 2846, 2845, 2946, 2946, 2947, 2846, 2847, 2846, 2947, 2947, 2948, 2847, 2848, 2847, 2948, 2948, 2949, 2848, 2849, 2848, 2949, 2949, 2950, 2849, 2850, 2849, 2950, 2950, 2951, 2850, 2851, 2850, 2951, 2951, 2952, 2851, 2852, 2851, 2952, 2952, 2953, 2852, 2853, 2852, 2953, 2953, 2954, 2853, 2854, 2853, 2954, 2954, 2955, 2854, 2855, 2854, 2955, 2956, 2856, 2955, 2855, 2955, 2856, 2957, 2857, 2956, 2856, 2956, 2857, 2958, 2858, 2957, 2857, 2957, 2858, 2959, 2859, 2958, 2858, 2958, 2859, 2960, 2860, 2959, 2859, 2959, 2860, 2961, 2861, 2960, 2860, 2960, 2861, 2962, 2862, 2961, 2861, 2961, 2862, 2963, 2863, 2962, 2862, 2962, 2863, 2964, 2864, 2963, 2863, 2963, 2864, 2965, 2865, 2964, 2864, 2964, 2865, 2966, 2866, 2965, 2865, 2965, 2866, 2967, 2867, 2966, 2866, 2966, 2867, 2968, 2868, 2967, 2867, 2967, 2868, 2969, 2869, 2968, 2868, 2968, 2869, 2970, 2870, 2969, 2869, 2969, 2870, 2971, 2871, 2970, 2870, 2970, 2871, 2972, 2872, 2971, 2871, 2971, 2872, 2973, 2873, 2972, 2872, 2972, 2873, 2974, 2874, 2973, 2873, 2973, 2874, 2975, 2875, 2974, 2874, 2974, 2875, 2976, 2876, 2975, 2875, 2975, 2876, 2977, 2877, 2976, 2876, 2976, 2877, 2978, 2878, 2977, 2877, 2977, 2878, 2979, 2879, 2978, 2878, 2978, 2879, 2980, 2880, 2979, 2879, 2979, 2880, 2981, 2881, 2980, 2880, 2980, 2881, 2982, 2882, 2981, 2881, 2981, 2882, 2983, 2883, 2982, 2882, 2982, 2883, 2984, 2884, 2983, 2883, 2983, 2884, 2985, 2885, 2984, 2884, 2984, 2885, 2986, 2886, 2985, 2885, 2985, 2886, 2987, 2887, 2986, 2886, 2986, 2887, 2988, 2888, 2987, 2887, 2987, 2888, 2989, 2889, 2988, 2888, 2988, 2889, 2990, 2890, 2989, 2889, 2989, 2890, 2991, 2891, 2990, 2890, 2990, 2891, 2992, 2892, 2991, 2891, 2991, 2892, 2993, 2893, 2992, 2892, 2992, 2893, 2994, 2894, 2993, 2893, 2993, 2894, 2995, 2895, 2994, 2894, 2994, 2895, 2996, 2896, 2995, 2895, 2995, 2896, 2997, 2897, 2996, 2896, 2996, 2897, 2998, 2898, 2997, 2897, 2997, 2898, 2999, 2899, 2998, 2898, 2998, 2899, 3000, 2900, 2999, 2899, 2999, 2900, 3001, 2901, 3000, 2900, 3000, 2901, 3002, 2902, 3001, 2901, 3001, 2902, 3003, 2903, 3002, 2902, 3002, 2903, 3004, 2904, 3003, 2903, 3003, 2904, 3005, 2905, 3004, 2904, 3004, 2905, 2905, 3005, 2906, 3006, 2906, 3005, 2906, 3006, 2907, 3007, 2907, 3006, 2907, 3007, 2908, 3008, 2908, 3007, 2908, 3008, 2909, 3009, 2909, 3008, 2909, 3009, 2910, 3010, 2910, 3009, 2910, 3010, 2911, 3011, 2911, 3010, 2911, 3011, 2912, 3012, 2912, 3011, 2912, 3012, 2913, 3013, 2913, 3012, 2913, 3013, 2914, 3014, 2914, 3013, 2914, 3014, 2915, 3015, 2915, 3014, 2915, 3015, 2916, 3016, 2916, 3015, 2916, 3016, 2917, 3017, 2917, 3016, 2917, 3017, 2918, 3018, 2918, 3017, 2918, 3018, 2919, 3019, 2919, 3018, 2919, 3019, 2920, 3020, 2920, 3019, 2920, 3020, 2921, 3021, 2921, 3020, 2921, 3021, 2922, 3022, 2922, 3021, 2922, 3022, 2923, 3023, 2923, 3022, 2923, 3023, 2924, 3024, 2924, 3023, 2924, 3024, 2925, 3025, 2925, 3024, 2925, 3025, 2926, 3026, 2926, 3025, 2926, 3026, 2927, 3027, 2927, 3026, 2927, 3027, 2928, 3028, 2928, 3027, 2928, 3028, 2929, 3029, 2929, 3028, 3029, 3030, 2929, 2930, 2929, 3030, 3030, 3031, 2930, 2931, 2930, 3031, 3031, 3032, 2931, 2932, 2931, 3032, 3032, 3033, 2932, 2933, 2932, 3033, 3033, 3034, 2933, 2934, 2933, 3034, 3034, 3035, 2934, 2935, 2934, 3035, 3035, 3036, 2935, 2936, 2935, 3036, 3036, 3037, 2936, 2937, 2936, 3037, 3037, 2938, 2937, 2838, 2937, 2938, 3038, 3039, 2938, 2939, 2938, 3039, 3039, 3040, 2939, 2940, 2939, 3040, 3040, 3041, 2940, 2941, 2940, 3041, 3041, 3042, 2941, 2942, 2941, 3042, 3042, 3043, 2942, 2943, 2942, 3043, 3043, 3044, 2943, 2944, 2943, 3044, 3044, 3045, 2944, 2945, 2944, 3045, 3045, 3046, 2945, 2946, 2945, 3046, 3046, 3047, 2946, 2947, 2946, 3047, 3047, 3048, 2947, 2948, 2947, 3048, 3048, 3049, 2948, 2949, 2948, 3049, 3049, 3050, 2949, 2950, 2949, 3050, 3050, 3051, 2950, 2951, 2950, 3051, 3051, 3052, 2951, 2952, 2951, 3052, 3052, 3053, 2952, 2953, 2952, 3053, 3053, 3054, 2953, 2954, 2953, 3054, 3054, 3055, 2954, 2955, 2954, 3055, 3055, 3056, 2955, 2956, 2955, 3056, 3057, 2957, 3056, 2956, 3056, 2957, 3058, 2958, 3057, 2957, 3057, 2958, 3059, 2959, 3058, 2958, 3058, 2959, 3060, 2960, 3059, 2959, 3059, 2960, 3061, 2961, 3060, 2960, 3060, 2961, 3062, 2962, 3061, 2961, 3061, 2962, 3063, 2963, 3062, 2962, 3062, 2963, 3064, 2964, 3063, 2963, 3063, 2964, 3065, 2965, 3064, 2964, 3064, 2965, 3066, 2966, 3065, 2965, 3065, 2966, 3067, 2967, 3066, 2966, 3066, 2967, 3067, 3068, 2967, 2968, 2967, 3068, 3068, 3069, 2968, 2969, 2968, 3069, 3069, 3070, 2969, 2970, 2969, 3070, 3070, 3071, 2970, 2971, 2970, 3071, 3071, 3072, 2971, 2972, 2971, 3072, 3072, 3073, 2972, 2973, 2972, 3073, 3073, 3074, 2973, 2974, 2973, 3074, 3074, 3075, 2974, 2975, 2974, 3075, 3075, 3076, 2975, 2976, 2975, 3076, 3076, 3077, 2976, 2977, 2976, 3077, 3077, 3078, 2977, 2978, 2977, 3078, 3078, 3079, 2978, 2979, 2978, 3079, 3080, 2980, 3079, 2979, 3079, 2980, 3081, 2981, 3080, 2980, 3080, 2981, 3082, 2982, 3081, 2981, 3081, 2982, 3083, 2983, 3082, 2982, 3082, 2983, 3084, 2984, 3083, 2983, 3083, 2984, 3085, 2985, 3084, 2984, 3084, 2985, 3086, 2986, 3085, 2985, 3085, 2986, 3087, 2987, 3086, 2986, 3086, 2987, 3088, 2988, 3087, 2987, 3087, 2988, 3089, 2989, 3088, 2988, 3088, 2989, 3090, 2990, 3089, 2989, 3089, 2990, 3091, 2991, 3090, 2990, 3090, 2991, 3092, 2992, 3091, 2991, 3091, 2992, 3093, 2993, 3092, 2992, 3092, 2993, 3094, 2994, 3093, 2993, 3093, 2994, 3095, 2995, 3094, 2994, 3094, 2995, 3096, 2996, 3095, 2995, 3095, 2996, 3097, 2997, 3096, 2996, 3096, 2997, 3098, 2998, 3097, 2997, 3097, 2998, 3099, 2999, 3098, 2998, 3098, 2999, 3100, 3000, 3099, 2999, 3099, 3000, 3101, 3001, 3100, 3000, 3100, 3001, 3102, 3002, 3101, 3001, 3101, 3002, 3103, 3003, 3102, 3002, 3102, 3003, 3104, 3004, 3103, 3003, 3103, 3004, 3105, 3005, 3104, 3004, 3104, 3005, 3106, 3006, 3105, 3005, 3105, 3006, 3106, 3107, 3006, 3007, 3006, 3107, 3107, 3108, 3007, 3008, 3007, 3108, 3108, 3109, 3008, 3009, 3008, 3109, 3109, 3110, 3009, 3010, 3009, 3110, 3110, 3111, 3010, 3011, 3010, 3111, 3111, 3112, 3011, 3012, 3011, 3112, 3112, 3113, 3012, 3013, 3012, 3113, 3113, 3114, 3013, 3014, 3013, 3114, 3114, 3115, 3014, 3015, 3014, 3115, 3115, 3116, 3015, 3016, 3015, 3116, 3116, 3117, 3016, 3017, 3016, 3117, 3118, 3018, 3117, 3017, 3117, 3018, 3119, 3019, 3118, 3018, 3118, 3019, 3120, 3020, 3119, 3019, 3119, 3020, 3121, 3021, 3120, 3020, 3120, 3021, 3122, 3022, 3121, 3021, 3121, 3022, 3123, 3023, 3122, 3022, 3122, 3023, 3124, 3024, 3123, 3023, 3123, 3024, 3125, 3025, 3124, 3024, 3124, 3025, 3126, 3026, 3125, 3025, 3125, 3026, 3127, 3027, 3126, 3026, 3126, 3027, 3128, 3028, 3127, 3027, 3127, 3028, 3129, 3029, 3128, 3028, 3128, 3029, 3129, 3130, 3029, 3030, 3029, 3130, 3130, 3131, 3030, 3031, 3030, 3131, 3131, 3132, 3031, 3032, 3031, 3132, 3132, 3133, 3032, 3033, 3032, 3133, 3133, 3134, 3033, 3034, 3033, 3134, 3134, 3135, 3034, 3035, 3034, 3135, 3135, 3136, 3035, 3036, 3035, 3136, 3136, 3137, 3036, 3037, 3036, 3137, 3137, 3038, 3037, 2938, 3037, 3038, 3038, 3138, 3039, 3139, 3039, 3138, 3039, 3139, 3040, 3140, 3040, 3139, 3040, 3140, 3041, 3141, 3041, 3140, 3041, 3141, 3042, 3142, 3042, 3141, 3042, 3142, 3043, 3143, 3043, 3142, 3043, 3143, 3044, 3144, 3044, 3143, 3044, 3144, 3045, 3145, 3045, 3144, 3045, 3145, 3046, 3146, 3046, 3145, 3046, 3146, 3047, 3147, 3047, 3146, 3047, 3147, 3048, 3148, 3048, 3147, 3048, 3148, 3049, 3149, 3049, 3148, 3049, 3149, 3050, 3150, 3050, 3149, 3050, 3150, 3051, 3151, 3051, 3150, 3051, 3151, 3052, 3152, 3052, 3151, 3052, 3152, 3053, 3153, 3053, 3152, 3053, 3153, 3054, 3154, 3054, 3153, 3054, 3154, 3055, 3155, 3055, 3154, 3155, 3156, 3055, 3056, 3055, 3156, 3156, 3157, 3056, 3057, 3056, 3157, 3157, 3158, 3057, 3058, 3057, 3158, 3158, 3159, 3058, 3059, 3058, 3159, 3159, 3160, 3059, 3060, 3059, 3160, 3160, 3161, 3060, 3061, 3060, 3161, 3161, 3162, 3061, 3062, 3061, 3162, 3162, 3163, 3062, 3063, 3062, 3163, 3163, 3164, 3063, 3064, 3063, 3164, 3164, 3165, 3064, 3065, 3064, 3165, 3165, 3166, 3065, 3066, 3065, 3166, 3166, 3167, 3066, 3067, 3066, 3167, 3168, 3068, 3167, 3067, 3167, 3068, 3169, 3069, 3168, 3068, 3168, 3069, 3170, 3070, 3169, 3069, 3169, 3070, 3171, 3071, 3170, 3070, 3170, 3071, 3172, 3072, 3171, 3071, 3171, 3072, 3173, 3073, 3172, 3072, 3172, 3073, 3174, 3074, 3173, 3073, 3173, 3074, 3175, 3075, 3174, 3074, 3174, 3075, 3176, 3076, 3175, 3075, 3175, 3076, 3177, 3077, 3176, 3076, 3176, 3077, 3178, 3078, 3177, 3077, 3177, 3078, 3179, 3079, 3178, 3078, 3178, 3079, 3080, 3079, 3180, 3179, 3180, 3079, 3081, 3080, 3181, 3180, 3181, 3080, 3082, 3081, 3182, 3181, 3182, 3081, 3083, 3082, 3183, 3182, 3183, 3082, 3084, 3083, 3184, 3183, 3184, 3083, 3085, 3084, 3185, 3184, 3185, 3084, 3086, 3085, 3186, 3185, 3186, 3085, 3087, 3086, 3187, 3186, 3187, 3086, 3088, 3087, 3188, 3187, 3188, 3087, 3089, 3088, 3189, 3188, 3189, 3088, 3090, 3089, 3190, 3189, 3190, 3089, 3091, 3090, 3191, 3190, 3191, 3090, 3092, 3091, 3192, 3191, 3192, 3091, 3093, 3092, 3193, 3192, 3193, 3092, 3094, 3093, 3194, 3193, 3194, 3093, 3095, 3094, 3195, 3194, 3195, 3094, 3096, 3095, 3196, 3195, 3196, 3095, 3097, 3096, 3197, 3196, 3197, 3096, 3098, 3097, 3198, 3197, 3198, 3097, 3099, 3098, 3199, 3198, 3199, 3098, 3100, 3099, 3200, 3199, 3200, 3099, 3101, 3100, 3201, 3200, 3201, 3100, 3102, 3101, 3202, 3201, 3202, 3101, 3103, 3102, 3203, 3202, 3203, 3102, 3104, 3103, 3204, 3203, 3204, 3103, 3105, 3104, 3205, 3204, 3205, 3104, 3206, 3106, 3205, 3105, 3205, 3106, 3207, 3107, 3206, 3106, 3206, 3107, 3208, 3108, 3207, 3107, 3207, 3108, 3209, 3109, 3208, 3108, 3208, 3109, 3210, 3110, 3209, 3109, 3209, 3110, 3211, 3111, 3210, 3110, 3210, 3111, 3212, 3112, 3211, 3111, 3211, 3112, 3213, 3113, 3212, 3112, 3212, 3113, 3214, 3114, 3213, 3113, 3213, 3114, 3215, 3115, 3214, 3114, 3214, 3115, 3216, 3116, 3215, 3115, 3215, 3116, 3217, 3117, 3216, 3116, 3216, 3117, 3217, 3218, 3117, 3118, 3117, 3218, 3218, 3219, 3118, 3119, 3118, 3219, 3219, 3220, 3119, 3120, 3119, 3220, 3220, 3221, 3120, 3121, 3120, 3221, 3221, 3222, 3121, 3122, 3121, 3222, 3222, 3223, 3122, 3123, 3122, 3223, 3223, 3224, 3123, 3124, 3123, 3224, 3224, 3225, 3124, 3125, 3124, 3225, 3225, 3226, 3125, 3126, 3125, 3226, 3226, 3227, 3126, 3127, 3126, 3227, 3227, 3228, 3127, 3128, 3127, 3228, 3228, 3229, 3128, 3129, 3128, 3229, 3129, 3229, 3130, 3230, 3130, 3229, 3130, 3230, 3131, 3231, 3131, 3230, 3131, 3231, 3132, 3232, 3132, 3231, 3132, 3232, 3133, 3233, 3133, 3232, 3133, 3233, 3134, 3234, 3134, 3233, 3134, 3234, 3135, 3235, 3135, 3234, 3135, 3235, 3136, 3236, 3136, 3235, 3136, 3236, 3137, 3237, 3137, 3236, 3137, 3237, 3038, 3138, 3038, 3237, 3138, 3238, 3139, 3239, 3139, 3238, 3139, 3239, 3140, 3240, 3140, 3239, 3140, 3240, 3141, 3241, 3141, 3240, 3141, 3241, 3142, 3242, 3142, 3241, 3142, 3242, 3143, 3243, 3143, 3242, 3143, 3243, 3144, 3244, 3144, 3243, 3144, 3244, 3145, 3245, 3145, 3244, 3145, 3245, 3146, 3246, 3146, 3245, 3146, 3246, 3147, 3247, 3147, 3246, 3147, 3247, 3148, 3248, 3148, 3247, 3148, 3248, 3149, 3249, 3149, 3248, 3149, 3249, 3150, 3250, 3150, 3249, 3150, 3250, 3151, 3251, 3151, 3250, 3151, 3251, 3152, 3252, 3152, 3251, 3152, 3252, 3153, 3253, 3153, 3252, 3153, 3253, 3154, 3254, 3154, 3253, 3154, 3254, 3155, 3255, 3155, 3254, 3155, 3255, 3156, 3256, 3156, 3255, 3156, 3256, 3157, 3257, 3157, 3256, 3258, 3158, 3257, 3157, 3257, 3158, 3259, 3159, 3258, 3158, 3258, 3159, 3260, 3160, 3259, 3159, 3259, 3160, 3261, 3161, 3260, 3160, 3260, 3161, 3262, 3162, 3261, 3161, 3261, 3162, 3263, 3163, 3262, 3162, 3262, 3163, 3264, 3164, 3263, 3163, 3263, 3164, 3265, 3165, 3264, 3164, 3264, 3165, 3266, 3166, 3265, 3165, 3265, 3166, 3267, 3167, 3266, 3166, 3266, 3167, 3268, 3168, 3267, 3167, 3267, 3168, 3269, 3169, 3268, 3168, 3268, 3169, 3270, 3170, 3269, 3169, 3269, 3170, 3271, 3171, 3270, 3170, 3270, 3171, 3272, 3172, 3271, 3171, 3271, 3172, 3273, 3173, 3272, 3172, 3272, 3173, 3274, 3174, 3273, 3173, 3273, 3174, 3275, 3175, 3274, 3174, 3274, 3175, 3276, 3176, 3275, 3175, 3275, 3176, 3277, 3177, 3276, 3176, 3276, 3177, 3278, 3178, 3277, 3177, 3277, 3178, 3179, 3178, 3279, 3278, 3279, 3178, 3180, 3179, 3280, 3279, 3280, 3179, 3181, 3180, 3281, 3280, 3281, 3180, 3182, 3181, 3282, 3281, 3282, 3181, 3183, 3182, 3283, 3282, 3283, 3182, 3184, 3183, 3284, 3283, 3284, 3183, 3185, 3184, 3285, 3284, 3285, 3184, 3186, 3185, 3286, 3285, 3286, 3185, 3187, 3186, 3287, 3286, 3287, 3186, 3188, 3187, 3288, 3287, 3288, 3187, 3189, 3188, 3289, 3288, 3289, 3188, 3190, 3189, 3290, 3289, 3290, 3189, 3191, 3190, 3291, 3290, 3291, 3190, 3192, 3191, 3292, 3291, 3292, 3191, 3193, 3192, 3293, 3292, 3293, 3192, 3194, 3193, 3294, 3293, 3294, 3193, 3195, 3194, 3295, 3294, 3295, 3194, 3196, 3195, 3296, 3295, 3296, 3195, 3197, 3196, 3297, 3296, 3297, 3196, 3198, 3197, 3298, 3297, 3298, 3197, 3199, 3198, 3299, 3298, 3299, 3198, 3200, 3199, 3300, 3299, 3300, 3199, 3201, 3200, 3301, 3300, 3301, 3200, 3202, 3201, 3302, 3301, 3302, 3201, 3203, 3202, 3303, 3302, 3303, 3202, 3204, 3203, 3304, 3303, 3304, 3203, 3205, 3204, 3305, 3304, 3305, 3204, 3206, 3205, 3306, 3305, 3306, 3205, 3207, 3206, 3307, 3306, 3307, 3206, 3207, 3307, 3208, 3308, 3208, 3307, 3208, 3308, 3209, 3309, 3209, 3308, 3209, 3309, 3210, 3310, 3210, 3309, 3210, 3310, 3211, 3311, 3211, 3310, 3211, 3311, 3212, 3312, 3212, 3311, 3212, 3312, 3213, 3313, 3213, 3312, 3213, 3313, 3214, 3314, 3214, 3313, 3214, 3314, 3215, 3315, 3215, 3314, 3215, 3315, 3216, 3316, 3216, 3315, 3216, 3316, 3217, 3317, 3217, 3316, 3217, 3317, 3218, 3318, 3218, 3317, 3218, 3318, 3219, 3319, 3219, 3318, 3219, 3319, 3220, 3320, 3220, 3319, 3220, 3320, 3221, 3321, 3221, 3320, 3221, 3321, 3222, 3322, 3222, 3321, 3222, 3322, 3223, 3323, 3223, 3322, 3223, 3323, 3224, 3324, 3224, 3323, 3224, 3324, 3225, 3325, 3225, 3324, 3225, 3325, 3226, 3326, 3226, 3325, 3226, 3326, 3227, 3327, 3227, 3326, 3227, 3327, 3228, 3328, 3228, 3327, 3228, 3328, 3229, 3329, 3229, 3328, 3229, 3329, 3230, 3330, 3230, 3329, 3230, 3330, 3231, 3331, 3231, 3330, 3231, 3331, 3232, 3332, 3232, 3331, 3232, 3332, 3233, 3333, 3233, 3332, 3233, 3333, 3234, 3334, 3234, 3333, 3234, 3334, 3235, 3335, 3235, 3334, 3235, 3335, 3236, 3336, 3236, 3335, 3236, 3336, 3237, 3337, 3237, 3336, 3237, 3337, 3138, 3238, 3138, 3337, 3238, 3338, 3239, 3339, 3239, 3338, 3239, 3339, 3240, 3340, 3240, 3339, 3240, 3340, 3241, 3341, 3241, 3340, 3241, 3341, 3242, 3342, 3242, 3341, 3242, 3342, 3243, 3343, 3243, 3342, 3243, 3343, 3244, 3344, 3244, 3343, 3244, 3344, 3245, 3345, 3245, 3344, 3245, 3345, 3246, 3346, 3246, 3345, 3246, 3346, 3247, 3347, 3247, 3346, 3247, 3347, 3248, 3348, 3248, 3347, 3248, 3348, 3249, 3349, 3249, 3348, 3249, 3349, 3250, 3350, 3250, 3349, 3250, 3350, 3251, 3351, 3251, 3350, 3251, 3351, 3252, 3352, 3252, 3351, 3252, 3352, 3253, 3353, 3253, 3352, 3253, 3353, 3254, 3354, 3254, 3353, 3254, 3354, 3255, 3355, 3255, 3354, 3255, 3355, 3256, 3356, 3256, 3355, 3357, 3257, 3356, 3256, 3356, 3257, 3358, 3258, 3357, 3257, 3357, 3258, 3359, 3259, 3358, 3258, 3358, 3259, 3360, 3260, 3359, 3259, 3359, 3260, 3361, 3261, 3360, 3260, 3360, 3261, 3362, 3262, 3361, 3261, 3361, 3262, 3363, 3263, 3362, 3262, 3362, 3263, 3364, 3264, 3363, 3263, 3363, 3264, 3365, 3265, 3364, 3264, 3364, 3265, 3366, 3266, 3365, 3265, 3365, 3266, 3367, 3267, 3366, 3266, 3366, 3267, 3368, 3268, 3367, 3267, 3367, 3268, 3369, 3269, 3368, 3268, 3368, 3269, 3370, 3270, 3369, 3269, 3369, 3270, 3371, 3271, 3370, 3270, 3370, 3271, 3372, 3272, 3371, 3271, 3371, 3272, 3373, 3273, 3372, 3272, 3372, 3273, 3374, 3274, 3373, 3273, 3373, 3274, 3375, 3275, 3374, 3274, 3374, 3275, 3376, 3276, 3375, 3275, 3375, 3276, 3377, 3277, 3376, 3276, 3376, 3277, 3378, 3278, 3377, 3277, 3377, 3278, 3279, 3278, 3379, 3378, 3379, 3278, 3280, 3279, 3380, 3379, 3380, 3279, 3281, 3280, 3381, 3380, 3381, 3280, 3282, 3281, 3382, 3381, 3382, 3281, 3283, 3282, 3383, 3382, 3383, 3282, 3284, 3283, 3384, 3383, 3384, 3283, 3285, 3284, 3385, 3384, 3385, 3284, 3286, 3285, 3386, 3385, 3386, 3285, 3287, 3286, 3387, 3386, 3387, 3286, 3288, 3287, 3388, 3387, 3388, 3287, 3289, 3288, 3389, 3388, 3389, 3288, 3290, 3289, 3390, 3389, 3390, 3289, 3291, 3290, 3391, 3390, 3391, 3290, 3292, 3291, 3392, 3391, 3392, 3291, 3293, 3292, 3393, 3392, 3393, 3292, 3294, 3293, 3394, 3393, 3394, 3293, 3295, 3294, 3395, 3394, 3395, 3294, 3296, 3295, 3396, 3395, 3396, 3295, 3297, 3296, 3397, 3396, 3397, 3296, 3298, 3297, 3398, 3397, 3398, 3297, 3299, 3298, 3399, 3398, 3399, 3298, 3300, 3299, 3400, 3399, 3400, 3299, 3301, 3300, 3401, 3400, 3401, 3300, 3302, 3301, 3402, 3401, 3402, 3301, 3303, 3302, 3403, 3402, 3403, 3302, 3304, 3303, 3404, 3403, 3404, 3303, 3305, 3304, 3405, 3404, 3405, 3304, 3306, 3305, 3406, 3405, 3406, 3305, 3306, 3406, 3307, 3407, 3307, 3406, 3307, 3407, 3308, 3408, 3308, 3407, 3308, 3408, 3309, 3409, 3309, 3408, 3309, 3409, 3310, 3410, 3310, 3409, 3310, 3410, 3311, 3411, 3311, 3410, 3311, 3411, 3312, 3412, 3312, 3411, 3312, 3412, 3313, 3413, 3313, 3412, 3313, 3413, 3314, 3414, 3314, 3413, 3314, 3414, 3315, 3415, 3315, 3414, 3315, 3415, 3316, 3416, 3316, 3415, 3316, 3416, 3317, 3417, 3317, 3416, 3317, 3417, 3318, 3418, 3318, 3417, 3318, 3418, 3319, 3419, 3319, 3418, 3319, 3419, 3320, 3420, 3320, 3419, 3320, 3420, 3321, 3421, 3321, 3420, 3321, 3421, 3322, 3422, 3322, 3421, 3322, 3422, 3323, 3423, 3323, 3422, 3323, 3423, 3324, 3424, 3324, 3423, 3324, 3424, 3325, 3425, 3325, 3424, 3325, 3425, 3326, 3426, 3326, 3425, 3326, 3426, 3327, 3427, 3327, 3426, 3327, 3427, 3328, 3428, 3328, 3427, 3328, 3428, 3329, 3429, 3329, 3428, 3329, 3429, 3330, 3430, 3330, 3429, 3330, 3430, 3331, 3431, 3331, 3430, 3331, 3431, 3332, 3432, 3332, 3431, 3332, 3432, 3333, 3433, 3333, 3432, 3333, 3433, 3334, 3434, 3334, 3433, 3334, 3434, 3335, 3435, 3335, 3434, 3335, 3435, 3336, 3436, 3336, 3435, 3336, 3436, 3337, 3437, 3337, 3436, 3337, 3437, 3238, 3338, 3238, 3437, 3338, 3438, 3339, 3439, 3339, 3438, 3339, 3439, 3340, 3440, 3340, 3439, 3340, 3440, 3341, 3441, 3341, 3440, 3341, 3441, 3342, 3442, 3342, 3441, 3342, 3442, 3343, 3443, 3343, 3442, 3343, 3443, 3344, 3444, 3344, 3443, 3344, 3444, 3345, 3445, 3345, 3444, 3345, 3445, 3346, 3446, 3346, 3445, 3346, 3446, 3347, 3447, 3347, 3446, 3347, 3447, 3348, 3448, 3348, 3447, 3348, 3448, 3349, 3449, 3349, 3448, 3349, 3449, 3350, 3450, 3350, 3449, 3350, 3450, 3351, 3451, 3351, 3450, 3351, 3451, 3352, 3452, 3352, 3451, 3352, 3452, 3353, 3453, 3353, 3452, 3353, 3453, 3354, 3454, 3354, 3453, 3354, 3454, 3355, 3455, 3355, 3454, 3456, 3356, 3455, 3355, 3455, 3356, 3457, 3357, 3456, 3356, 3456, 3357, 3458, 3358, 3457, 3357, 3457, 3358, 3459, 3359, 3458, 3358, 3458, 3359, 3460, 3360, 3459, 3359, 3459, 3360, 3461, 3361, 3460, 3360, 3460, 3361, 3462, 3362, 3461, 3361, 3461, 3362, 3463, 3363, 3462, 3362, 3462, 3363, 3464, 3364, 3463, 3363, 3463, 3364, 3465, 3365, 3464, 3364, 3464, 3365, 3466, 3366, 3465, 3365, 3465, 3366, 3467, 3367, 3466, 3366, 3466, 3367, 3468, 3368, 3467, 3367, 3467, 3368, 3469, 3369, 3468, 3368, 3468, 3369, 3470, 3370, 3469, 3369, 3469, 3370, 3471, 3371, 3470, 3370, 3470, 3371, 3472, 3372, 3471, 3371, 3471, 3372, 3473, 3373, 3472, 3372, 3472, 3373, 3474, 3374, 3473, 3373, 3473, 3374, 3475, 3375, 3474, 3374, 3474, 3375, 3476, 3376, 3475, 3375, 3475, 3376, 3477, 3377, 3476, 3376, 3476, 3377, 3478, 3378, 3477, 3377, 3477, 3378, 3479, 3379, 3478, 3378, 3478, 3379, 3380, 3379, 3480, 3479, 3480, 3379, 3381, 3380, 3481, 3480, 3481, 3380, 3382, 3381, 3482, 3481, 3482, 3381, 3383, 3382, 3483, 3482, 3483, 3382, 3384, 3383, 3484, 3483, 3484, 3383, 3385, 3384, 3485, 3484, 3485, 3384, 3386, 3385, 3486, 3485, 3486, 3385, 3387, 3386, 3487, 3486, 3487, 3386, 3388, 3387, 3488, 3487, 3488, 3387, 3389, 3388, 3489, 3488, 3489, 3388, 3390, 3389, 3490, 3489, 3490, 3389, 3391, 3390, 3491, 3490, 3491, 3390, 3392, 3391, 3492, 3491, 3492, 3391, 3393, 3392, 3493, 3492, 3493, 3392, 3394, 3393, 3494, 3493, 3494, 3393, 3395, 3394, 3495, 3494, 3495, 3394, 3396, 3395, 3496, 3495, 3496, 3395, 3397, 3396, 3497, 3496, 3497, 3396, 3398, 3397, 3498, 3497, 3498, 3397, 3399, 3398, 3499, 3498, 3499, 3398, 3400, 3399, 3500, 3499, 3500, 3399, 3401, 3400, 3501, 3500, 3501, 3400, 3402, 3401, 3502, 3501, 3502, 3401, 3403, 3402, 3503, 3502, 3503, 3402, 3404, 3403, 3504, 3503, 3504, 3403, 3405, 3404, 3505, 3504, 3505, 3404, 3405, 3505, 3406, 3506, 3406, 3505, 3406, 3506, 3407, 3507, 3407, 3506, 3407, 3507, 3408, 3508, 3408, 3507, 3408, 3508, 3409, 3509, 3409, 3508, 3409, 3509, 3410, 3510, 3410, 3509, 3410, 3510, 3411, 3511, 3411, 3510, 3411, 3511, 3412, 3512, 3412, 3511, 3412, 3512, 3413, 3513, 3413, 3512, 3413, 3513, 3414, 3514, 3414, 3513, 3414, 3514, 3415, 3515, 3415, 3514, 3415, 3515, 3416, 3516, 3416, 3515, 3416, 3516, 3417, 3517, 3417, 3516, 3417, 3517, 3418, 3518, 3418, 3517, 3418, 3518, 3419, 3519, 3419, 3518, 3419, 3519, 3420, 3520, 3420, 3519, 3420, 3520, 3421, 3521, 3421, 3520, 3421, 3521, 3422, 3522, 3422, 3521, 3422, 3522, 3423, 3523, 3423, 3522, 3423, 3523, 3424, 3524, 3424, 3523, 3424, 3524, 3425, 3525, 3425, 3524, 3425, 3525, 3426, 3526, 3426, 3525, 3426, 3526, 3427, 3527, 3427, 3526, 3427, 3527, 3428, 3528, 3428, 3527, 3428, 3528, 3429, 3529, 3429, 3528, 3429, 3529, 3430, 3530, 3430, 3529, 3430, 3530, 3431, 3531, 3431, 3530, 3431, 3531, 3432, 3532, 3432, 3531, 3432, 3532, 3433, 3533, 3433, 3532, 3433, 3533, 3434, 3534, 3434, 3533, 3434, 3534, 3435, 3535, 3435, 3534, 3435, 3535, 3436, 3536, 3436, 3535, 3436, 3536, 3437, 3537, 3437, 3536, 3437, 3537, 3338, 3438, 3338, 3537, 3438, 3538, 3439, 3539, 3439, 3538, 3439, 3539, 3440, 3540, 3440, 3539, 3440, 3540, 3441, 3541, 3441, 3540, 3441, 3541, 3442, 3542, 3442, 3541, 3442, 3542, 3443, 3543, 3443, 3542, 3443, 3543, 3444, 3544, 3444, 3543, 3444, 3544, 3445, 3545, 3445, 3544, 3445, 3545, 3446, 3546, 3446, 3545, 3446, 3546, 3447, 3547, 3447, 3546, 3447, 3547, 3448, 3548, 3448, 3547, 3448, 3548, 3449, 3549, 3449, 3548, 3449, 3549, 3450, 3550, 3450, 3549, 3450, 3550, 3451, 3551, 3451, 3550, 3451, 3551, 3452, 3552, 3452, 3551, 3452, 3552, 3453, 3553, 3453, 3552, 3453, 3553, 3454, 3554, 3454, 3553, 3454, 3554, 3455, 3555, 3455, 3554, 3556, 3456, 3555, 3455, 3555, 3456, 3557, 3457, 3556, 3456, 3556, 3457, 3558, 3458, 3557, 3457, 3557, 3458, 3559, 3459, 3558, 3458, 3558, 3459, 3560, 3460, 3559, 3459, 3559, 3460, 3561, 3461, 3560, 3460, 3560, 3461, 3562, 3462, 3561, 3461, 3561, 3462, 3563, 3463, 3562, 3462, 3562, 3463, 3564, 3464, 3563, 3463, 3563, 3464, 3565, 3465, 3564, 3464, 3564, 3465, 3566, 3466, 3565, 3465, 3565, 3466, 3567, 3467, 3566, 3466, 3566, 3467, 3568, 3468, 3567, 3467, 3567, 3468, 3569, 3469, 3568, 3468, 3568, 3469, 3570, 3470, 3569, 3469, 3569, 3470, 3571, 3471, 3570, 3470, 3570, 3471, 3572, 3472, 3571, 3471, 3571, 3472, 3573, 3473, 3572, 3472, 3572, 3473, 3574, 3474, 3573, 3473, 3573, 3474, 3575, 3475, 3574, 3474, 3574, 3475, 3576, 3476, 3575, 3475, 3575, 3476, 3577, 3477, 3576, 3476, 3576, 3477, 3578, 3478, 3577, 3477, 3577, 3478, 3579, 3479, 3578, 3478, 3578, 3479, 3580, 3480, 3579, 3479, 3579, 3480, 3481, 3480, 3581, 3580, 3581, 3480, 3482, 3481, 3582, 3581, 3582, 3481, 3483, 3482, 3583, 3582, 3583, 3482, 3484, 3483, 3584, 3583, 3584, 3483, 3485, 3484, 3585, 3584, 3585, 3484, 3486, 3485, 3586, 3585, 3586, 3485, 3487, 3486, 3587, 3586, 3587, 3486, 3488, 3487, 3588, 3587, 3588, 3487, 3489, 3488, 3589, 3588, 3589, 3488, 3490, 3489, 3590, 3589, 3590, 3489, 3491, 3490, 3591, 3590, 3591, 3490, 3492, 3491, 3592, 3591, 3592, 3491, 3493, 3492, 3593, 3592, 3593, 3492, 3494, 3493, 3594, 3593, 3594, 3493, 3495, 3494, 3595, 3594, 3595, 3494, 3496, 3495, 3596, 3595, 3596, 3495, 3497, 3496, 3597, 3596, 3597, 3496, 3498, 3497, 3598, 3597, 3598, 3497, 3499, 3498, 3599, 3598, 3599, 3498, 3500, 3499, 3600, 3599, 3600, 3499, 3501, 3500, 3601, 3600, 3601, 3500, 3502, 3501, 3602, 3601, 3602, 3501, 3503, 3502, 3603, 3602, 3603, 3502, 3504, 3503, 3604, 3603, 3604, 3503, 3505, 3504, 3605, 3604, 3605, 3504, 3505, 3605, 3506, 3606, 3506, 3605, 3506, 3606, 3507, 3607, 3507, 3606, 3507, 3607, 3508, 3608, 3508, 3607, 3508, 3608, 3509, 3609, 3509, 3608, 3509, 3609, 3510, 3610, 3510, 3609, 3510, 3610, 3511, 3611, 3511, 3610, 3511, 3611, 3512, 3612, 3512, 3611, 3512, 3612, 3513, 3613, 3513, 3612, 3513, 3613, 3514, 3614, 3514, 3613, 3514, 3614, 3515, 3615, 3515, 3614, 3515, 3615, 3516, 3616, 3516, 3615, 3516, 3616, 3517, 3617, 3517, 3616, 3517, 3617, 3518, 3618, 3518, 3617, 3518, 3618, 3519, 3619, 3519, 3618, 3519, 3619, 3520, 3620, 3520, 3619, 3520, 3620, 3521, 3621, 3521, 3620, 3521, 3621, 3522, 3622, 3522, 3621, 3522, 3622, 3523, 3623, 3523, 3622, 3523, 3623, 3524, 3624, 3524, 3623, 3524, 3624, 3525, 3625, 3525, 3624, 3525, 3625, 3526, 3626, 3526, 3625, 3526, 3626, 3527, 3627, 3527, 3626, 3527, 3627, 3528, 3628, 3528, 3627, 3528, 3628, 3529, 3629, 3529, 3628, 3529, 3629, 3530, 3630, 3530, 3629, 3530, 3630, 3531, 3631, 3531, 3630, 3531, 3631, 3532, 3632, 3532, 3631, 3532, 3632, 3533, 3633, 3533, 3632, 3533, 3633, 3534, 3634, 3534, 3633, 3534, 3634, 3535, 3635, 3535, 3634, 3535, 3635, 3536, 3636, 3536, 3635, 3536, 3636, 3537, 3637, 3537, 3636, 3537, 3637, 3438, 3538, 3438, 3637, 3538, 3638, 3539, 3639, 3539, 3638, 3539, 3639, 3540, 3640, 3540, 3639, 3540, 3640, 3541, 3641, 3541, 3640, 3541, 3641, 3542, 3642, 3542, 3641, 3542, 3642, 3543, 3643, 3543, 3642, 3543, 3643, 3544, 3644, 3544, 3643, 3544, 3644, 3545, 3645, 3545, 3644, 3545, 3645, 3546, 3646, 3546, 3645, 3546, 3646, 3547, 3647, 3547, 3646, 3547, 3647, 3548, 3648, 3548, 3647, 3548, 3648, 3549, 3649, 3549, 3648, 3549, 3649, 3550, 3650, 3550, 3649, 3550, 3650, 3551, 3651, 3551, 3650, 3551, 3651, 3552, 3652, 3552, 3651, 3552, 3652, 3553, 3653, 3553, 3652, 3553, 3653, 3554, 3654, 3554, 3653, 3554, 3654, 3555, 3655, 3555, 3654, 3656, 3556, 3655, 3555, 3655, 3556, 3657, 3557, 3656, 3556, 3656, 3557, 3658, 3558, 3657, 3557, 3657, 3558, 3659, 3559, 3658, 3558, 3658, 3559, 3660, 3560, 3659, 3559, 3659, 3560, 3661, 3561, 3660, 3560, 3660, 3561, 3662, 3562, 3661, 3561, 3661, 3562, 3663, 3563, 3662, 3562, 3662, 3563, 3664, 3564, 3663, 3563, 3663, 3564, 3665, 3565, 3664, 3564, 3664, 3565, 3666, 3566, 3665, 3565, 3665, 3566, 3667, 3567, 3666, 3566, 3666, 3567, 3668, 3568, 3667, 3567, 3667, 3568, 3669, 3569, 3668, 3568, 3668, 3569, 3670, 3570, 3669, 3569, 3669, 3570, 3671, 3571, 3670, 3570, 3670, 3571, 3672, 3572, 3671, 3571, 3671, 3572, 3673, 3573, 3672, 3572, 3672, 3573, 3674, 3574, 3673, 3573, 3673, 3574, 3675, 3575, 3674, 3574, 3674, 3575, 3676, 3576, 3675, 3575, 3675, 3576, 3677, 3577, 3676, 3576, 3676, 3577, 3678, 3578, 3677, 3577, 3677, 3578, 3679, 3579, 3678, 3578, 3678, 3579, 3680, 3580, 3679, 3579, 3679, 3580, 3581, 3580, 3681, 3680, 3681, 3580, 3582, 3581, 3682, 3681, 3682, 3581, 3583, 3582, 3683, 3682, 3683, 3582, 3584, 3583, 3684, 3683, 3684, 3583, 3585, 3584, 3685, 3684, 3685, 3584, 3586, 3585, 3686, 3685, 3686, 3585, 3587, 3586, 3687, 3686, 3687, 3586, 3588, 3587, 3688, 3687, 3688, 3587, 3589, 3588, 3689, 3688, 3689, 3588, 3590, 3589, 3690, 3689, 3690, 3589, 3591, 3590, 3691, 3690, 3691, 3590, 3592, 3591, 3692, 3691, 3692, 3591, 3593, 3592, 3693, 3692, 3693, 3592, 3594, 3593, 3694, 3693, 3694, 3593, 3595, 3594, 3695, 3694, 3695, 3594, 3596, 3595, 3696, 3695, 3696, 3595, 3597, 3596, 3697, 3696, 3697, 3596, 3598, 3597, 3698, 3697, 3698, 3597, 3599, 3598, 3699, 3698, 3699, 3598, 3600, 3599, 3700, 3699, 3700, 3599, 3601, 3600, 3701, 3700, 3701, 3600, 3602, 3601, 3702, 3701, 3702, 3601, 3603, 3602, 3703, 3702, 3703, 3602, 3604, 3603, 3704, 3703, 3704, 3603, 3605, 3604, 3705, 3704, 3705, 3604, 3605, 3705, 3606, 3706, 3606, 3705, 3606, 3706, 3607, 3707, 3607, 3706, 3607, 3707, 3608, 3708, 3608, 3707, 3608, 3708, 3609, 3709, 3609, 3708, 3609, 3709, 3610, 3710, 3610, 3709, 3610, 3710, 3611, 3711, 3611, 3710, 3611, 3711, 3612, 3712, 3612, 3711, 3612, 3712, 3613, 3713, 3613, 3712, 3613, 3713, 3614, 3714, 3614, 3713, 3614, 3714, 3615, 3715, 3615, 3714, 3615, 3715, 3616, 3716, 3616, 3715, 3616, 3716, 3617, 3717, 3617, 3716, 3617, 3717, 3618, 3718, 3618, 3717, 3618, 3718, 3619, 3719, 3619, 3718, 3619, 3719, 3620, 3720, 3620, 3719, 3620, 3720, 3621, 3721, 3621, 3720, 3621, 3721, 3622, 3722, 3622, 3721, 3622, 3722, 3623, 3723, 3623, 3722, 3623, 3723, 3624, 3724, 3624, 3723, 3624, 3724, 3625, 3725, 3625, 3724, 3625, 3725, 3626, 3726, 3626, 3725, 3626, 3726, 3627, 3727, 3627, 3726, 3627, 3727, 3628, 3728, 3628, 3727, 3628, 3728, 3629, 3729, 3629, 3728, 3629, 3729, 3630, 3730, 3630, 3729, 3630, 3730, 3631, 3731, 3631, 3730, 3631, 3731, 3632, 3732, 3632, 3731, 3632, 3732, 3633, 3733, 3633, 3732, 3633, 3733, 3634, 3734, 3634, 3733, 3634, 3734, 3635, 3735, 3635, 3734, 3635, 3735, 3636, 3736, 3636, 3735, 3636, 3736, 3637, 3737, 3637, 3736, 3637, 3737, 3538, 3638, 3538, 3737, 3638, 3738, 3639, 3739, 3639, 3738, 3639, 3739, 3640, 3740, 3640, 3739, 3640, 3740, 3641, 3741, 3641, 3740, 3641, 3741, 3642, 3742, 3642, 3741, 3642, 3742, 3643, 3743, 3643, 3742, 3643, 3743, 3644, 3744, 3644, 3743, 3644, 3744, 3645, 3745, 3645, 3744, 3645, 3745, 3646, 3746, 3646, 3745, 3646, 3746, 3647, 3747, 3647, 3746, 3647, 3747, 3648, 3748, 3648, 3747, 3648, 3748, 3649, 3749, 3649, 3748, 3649, 3749, 3650, 3750, 3650, 3749, 3650, 3750, 3651, 3751, 3651, 3750, 3651, 3751, 3652, 3752, 3652, 3751, 3652, 3752, 3653, 3753, 3653, 3752, 3653, 3753, 3654, 3754, 3654, 3753, 3654, 3754, 3655, 3755, 3655, 3754, 3756, 3656, 3755, 3655, 3755, 3656, 3757, 3657, 3756, 3656, 3756, 3657, 3758, 3658, 3757, 3657, 3757, 3658, 3759, 3659, 3758, 3658, 3758, 3659, 3760, 3660, 3759, 3659, 3759, 3660, 3761, 3661, 3760, 3660, 3760, 3661, 3762, 3662, 3761, 3661, 3761, 3662, 3763, 3663, 3762, 3662, 3762, 3663, 3764, 3664, 3763, 3663, 3763, 3664, 3765, 3665, 3764, 3664, 3764, 3665, 3766, 3666, 3765, 3665, 3765, 3666, 3767, 3667, 3766, 3666, 3766, 3667, 3768, 3668, 3767, 3667, 3767, 3668, 3769, 3669, 3768, 3668, 3768, 3669, 3770, 3670, 3769, 3669, 3769, 3670, 3771, 3671, 3770, 3670, 3770, 3671, 3772, 3672, 3771, 3671, 3771, 3672, 3773, 3673, 3772, 3672, 3772, 3673, 3774, 3674, 3773, 3673, 3773, 3674, 3775, 3675, 3774, 3674, 3774, 3675, 3776, 3676, 3775, 3675, 3775, 3676, 3777, 3677, 3776, 3676, 3776, 3677, 3778, 3678, 3777, 3677, 3777, 3678, 3779, 3679, 3778, 3678, 3778, 3679, 3780, 3680, 3779, 3679, 3779, 3680, 3681, 3680, 3781, 3780, 3781, 3680, 3682, 3681, 3782, 3781, 3782, 3681, 3683, 3682, 3783, 3782, 3783, 3682, 3684, 3683, 3784, 3783, 3784, 3683, 3685, 3684, 3785, 3784, 3785, 3684, 3686, 3685, 3786, 3785, 3786, 3685, 3687, 3686, 3787, 3786, 3787, 3686, 3688, 3687, 3788, 3787, 3788, 3687, 3689, 3688, 3789, 3788, 3789, 3688, 3690, 3689, 3790, 3789, 3790, 3689, 3691, 3690, 3791, 3790, 3791, 3690, 3692, 3691, 3792, 3791, 3792, 3691, 3693, 3692, 3793, 3792, 3793, 3692, 3694, 3693, 3794, 3793, 3794, 3693, 3695, 3694, 3795, 3794, 3795, 3694, 3696, 3695, 3796, 3795, 3796, 3695, 3697, 3696, 3797, 3796, 3797, 3696, 3698, 3697, 3798, 3797, 3798, 3697, 3699, 3698, 561, 3798, 561, 3698, 3799, 561, 3798, 3700, 3699, 563, 561, 563, 3699, 3800, 563, 561, 3799, 3800, 561, 3701, 3700, 565, 563, 565, 3700, 3801, 565, 563, 3800, 3801, 563, 3702, 3701, 567, 565, 567, 3701, 3802, 567, 565, 3801, 3802, 565, 3703, 3702, 569, 567, 569, 3702, 3803, 569, 567, 3802, 3803, 567, 3704, 3703, 571, 569, 571, 3703, 3804, 571, 569, 3803, 3804, 569, 3705, 3704, 573, 571, 573, 3704, 3805, 573, 571, 3804, 3805, 571, 573, 3805, 3705, 3706, 3705, 3805, 575, 3706, 3805, 575, 3805, 3806, 575, 3806, 3706, 3707, 3706, 3806, 578, 3707, 3806, 578, 3806, 3807, 578, 3807, 3707, 3708, 3707, 3807, 580, 3708, 3807, 580, 3807, 3808, 580, 3808, 3708, 3709, 3708, 3808, 582, 3709, 3808, 582, 3808, 3809, 582, 3809, 3709, 3710, 3709, 3809, 584, 3710, 3809, 584, 3809, 3810, 584, 3810, 3710, 3711, 3710, 3810, 586, 3711, 3810, 586, 3810, 3811, 586, 3811, 3711, 3712, 3711, 3811, 588, 3712, 3811, 588, 3811, 3812, 588, 3812, 3712, 3713, 3712, 3812, 590, 3713, 3812, 590, 3812, 3813, 590, 3813, 3713, 3714, 3713, 3813, 592, 3714, 3813, 592, 3813, 3814, 592, 3814, 3714, 3715, 3714, 3814, 594, 3715, 3814, 594, 3814, 3815, 594, 3815, 3715, 3716, 3715, 3815, 596, 3716, 3815, 596, 3815, 3816, 3717, 3716, 3816, 598, 3717, 3816, 598, 3816, 3817, 598, 3817, 3717, 3718, 3717, 3817, 600, 3718, 3817, 600, 3817, 3818, 600, 3818, 3718, 3719, 3718, 3818, 602, 3719, 3818, 602, 3818, 3819, 602, 3819, 3719, 3720, 3719, 3819, 604, 3720, 3819, 604, 3819, 3820, 604, 3820, 3720, 3721, 3720, 3820, 606, 3721, 3820, 606, 3820, 3821, 606, 3821, 3721, 3722, 3721, 3821, 608, 3722, 3821, 608, 3821, 3822, 608, 3822, 3722, 3723, 3722, 3822, 610, 3723, 3822, 610, 3822, 3823, 610, 3823, 3723, 3724, 3723, 3823, 612, 3724, 3823, 612, 3823, 3824, 612, 3824, 3724, 3725, 3724, 3824, 614, 3725, 3824, 614, 3824, 3825, 614, 3825, 3725, 3726, 3725, 3825, 616, 3726, 3825, 616, 3825, 3826, 616, 3826, 3726, 3727, 3726, 3826, 618, 3727, 3826, 618, 3826, 3827, 618, 3827, 3727, 3728, 3727, 3827, 620, 3728, 3827, 620, 3827, 3828, 620, 3828, 3728, 3729, 3728, 3828, 622, 3729, 3828, 622, 3828, 3829, 622, 3829, 3729, 3730, 3729, 3829, 3830, 3730, 3829, 623, 3730, 3830, 3730, 623, 3731, 625, 3731, 623, 3830, 625, 623, 3831, 625, 3830, 3731, 625, 3732, 627, 3732, 625, 3831, 627, 625, 3832, 627, 3831, 3732, 627, 3733, 629, 3733, 627, 3832, 629, 627, 3833, 629, 3832, 3733, 629, 3734, 631, 3734, 629, 3833, 631, 629, 3834, 631, 3833, 3734, 631, 3735, 633, 3735, 631, 3834, 633, 631, 3835, 633, 3834, 3735, 633, 3736, 635, 3736, 633, 3835, 635, 633, 3836, 635, 3835, 3736, 635, 3737, 3837, 3737, 635, 3836, 3837, 635, 3737, 3837, 3638, 3738, 3638, 3837, 3838, 3839, 3840, 3841, 3840, 3839, 3840, 3841, 3842, 3843, 3842, 3841, 3842, 3843, 3844, 3845, 3844, 3843, 3844, 3845, 3846, 3847, 3846, 3845, 3846, 3847, 3848, 3849, 3848, 3847, 3848, 3849, 3850, 3851, 3850, 3849, 3850, 3851, 3852, 3853, 3852, 3851, 3852, 3853, 3854, 3855, 3854, 3853, 3854, 3855, 3856, 3857, 3856, 3855, 3856, 3857, 3858, 3859, 3858, 3857, 3858, 3859, 3860, 3861, 3860, 3859, 3860, 3861, 3862, 3863, 3862, 3861, 3862, 3863, 3864, 3865, 3864, 3863, 3864, 3865, 3866, 3867, 3866, 3865, 3866, 3867, 3868, 3869, 3868, 3867, 3868, 3869, 3870, 3871, 3870, 3869, 3870, 3871, 3872, 3873, 3872, 3871, 3874, 3875, 3873, 3872, 3873, 3875, 3876, 3877, 3874, 3875, 3874, 3877, 3878, 3879, 3876, 3877, 3876, 3879, 3880, 3881, 3878, 3879, 3878, 3881, 3882, 3883, 3880, 3881, 3880, 3883, 3884, 3885, 3882, 3883, 3882, 3885, 3886, 3887, 3884, 3885, 3884, 3887, 3888, 3889, 3886, 3887, 3886, 3889, 3890, 3891, 3888, 3889, 3888, 3891, 3892, 3893, 3890, 3891, 3890, 3893, 3894, 3895, 3892, 3893, 3892, 3895, 3896, 3897, 3894, 3895, 3894, 3897, 3898, 3899, 3896, 3897, 3896, 3899, 3900, 3901, 3898, 3899, 3898, 3901, 3902, 3903, 3900, 3901, 3900, 3903, 3904, 3905, 3902, 3903, 3902, 3905, 3906, 3907, 3904, 3905, 3904, 3907, 3908, 3909, 3906, 3907, 3906, 3909, 3910, 3911, 3908, 3909, 3908, 3911, 3912, 3913, 3910, 3911, 3910, 3913, 3914, 3915, 3912, 3913, 3912, 3915, 3916, 3917, 3914, 3915, 3914, 3917, 3918, 3919, 3916, 3917, 3916, 3919, 3920, 3921, 3918, 3919, 3918, 3921, 3922, 3923, 3920, 3921, 3920, 3923, 3924, 3923, 3925, 3922, 3925, 3923, 3926, 3924, 3927, 3925, 3927, 3924, 3928, 3926, 3929, 3927, 3929, 3926, 3930, 3928, 3931, 3929, 3931, 3928, 3932, 3930, 3933, 3931, 3933, 3930, 3934, 3932, 3935, 3933, 3935, 3932, 3936, 3934, 3937, 3935, 3937, 3934, 3938, 3936, 3939, 3937, 3939, 3936, 3940, 3938, 3941, 3939, 3941, 3938, 3942, 3940, 3943, 3941, 3943, 3940, 3944, 3942, 3945, 3943, 3945, 3942, 3946, 3944, 3947, 3945, 3947, 3944, 3948, 3946, 3949, 3947, 3949, 3946, 3950, 3948, 3951, 3949, 3951, 3948, 3952, 3950, 3953, 3951, 3953, 3950, 3954, 3952, 3955, 3953, 3955, 3952, 3956, 3954, 3957, 3955, 3957, 3954, 3958, 3956, 3959, 3957, 3959, 3956, 3960, 3958, 3961, 3959, 3961, 3958, 3962, 3960, 3963, 3961, 3963, 3960, 3964, 3962, 3965, 3963, 3965, 3962, 3966, 3964, 3967, 3965, 3967, 3964, 3968, 3966, 3969, 3967, 3969, 3966, 3970, 3968, 3971, 3969, 3971, 3968, 3972, 3970, 3973, 3971, 3973, 3970, 3972, 3973, 3974, 3975, 3974, 3973, 3974, 3975, 3976, 3977, 3976, 3975, 3976, 3977, 3978, 3979, 3978, 3977, 3978, 3979, 3980, 3981, 3980, 3979, 3980, 3981, 3982, 3983, 3982, 3981, 3982, 3983, 3984, 3985, 3984, 3983, 3984, 3985, 3986, 3987, 3986, 3985, 3986, 3987, 3988, 3989, 3988, 3987, 3988, 3989, 3990, 3991, 3990, 3989, 3990, 3991, 3992, 3993, 3992, 3991, 3992, 3993, 3994, 3995, 3994, 3993, 3994, 3995, 3996, 3997, 3996, 3995, 3996, 3997, 3998, 3999, 3998, 3997, 3998, 3999, 4000, 4001, 4000, 3999, 4000, 4001, 4002, 4003, 4002, 4001, 4002, 4003, 4004, 4005, 4004, 4003, 4004, 4005, 4006, 4007, 4006, 4005, 4006, 4007, 4008, 4009, 4008, 4007, 4008, 4009, 4010, 4011, 4010, 4009, 4010, 4011, 4012, 4013, 4012, 4011, 4012, 4013, 4014, 4015, 4014, 4013, 4014, 4015, 4016, 4017, 4016, 4015, 4016, 4017, 4018, 4019, 4018, 4017, 4018, 4019, 4020, 4021, 4020, 4019, 4020, 4021, 4022, 4023, 4022, 4021, 4022, 4023, 4024, 4025, 4024, 4023, 4024, 4025, 4026, 4027, 4026, 4025, 4026, 4027, 4028, 4029, 4028, 4027, 4028, 4029, 4030, 4031, 4030, 4029, 4030, 4031, 4032, 4033, 4032, 4031, 4032, 4033, 4034, 4035, 4034, 4033, 4034, 4035, 4036, 4037, 4036, 4035, 4036, 4037, 3838, 3839, 3838, 4037, 3839, 4038, 3841, 4039, 3841, 4038, 3841, 4039, 3843, 4040, 3843, 4039, 3843, 4040, 3845, 4041, 3845, 4040, 3845, 4041, 3847, 4042, 3847, 4041, 3847, 4042, 3849, 4043, 3849, 4042, 3849, 4043, 3851, 4044, 3851, 4043, 3851, 4044, 3853, 4045, 3853, 4044, 3853, 4045, 3855, 4046, 3855, 4045, 3855, 4046, 3857, 4047, 3857, 4046, 3857, 4047, 3859, 4048, 3859, 4047, 3859, 4048, 3861, 4049, 3861, 4048, 3861, 4049, 3863, 4050, 3863, 4049, 3863, 4050, 3865, 4051, 3865, 4050, 3865, 4051, 3867, 4052, 3867, 4051, 3867, 4052, 3869, 4053, 3869, 4052, 3869, 4053, 3871, 4054, 3871, 4053, 3871, 4054, 3873, 4055, 3873, 4054, 4056, 3874, 4055, 3873, 4055, 3874, 4057, 3876, 4056, 3874, 4056, 3876, 4058, 3878, 4057, 3876, 4057, 3878, 4059, 3880, 4058, 3878, 4058, 3880, 4060, 3882, 4059, 3880, 4059, 3882, 4061, 3884, 4060, 3882, 4060, 3884, 4062, 3886, 4061, 3884, 4061, 3886, 4063, 3888, 4062, 3886, 4062, 3888, 4064, 3890, 4063, 3888, 4063, 3890, 4065, 3892, 4064, 3890, 4064, 3892, 4066, 3894, 4065, 3892, 4065, 3894, 4067, 3896, 4066, 3894, 4066, 3896, 4068, 3898, 4067, 3896, 4067, 3898, 4069, 3900, 4068, 3898, 4068, 3900, 4070, 3902, 4069, 3900, 4069, 3902, 4071, 3904, 4070, 3902, 4070, 3904, 4072, 3906, 4071, 3904, 4071, 3906, 4073, 3908, 4072, 3906, 4072, 3908, 4074, 3910, 4073, 3908, 4073, 3910, 4075, 3912, 4074, 3910, 4074, 3912, 4076, 3914, 4075, 3912, 4075, 3914, 4077, 3916, 4076, 3914, 4076, 3916, 4078, 3918, 4077, 3916, 4077, 3918, 4079, 3920, 4078, 3918, 4078, 3920, 4080, 3922, 4079, 3920, 4079, 3922, 3925, 3922, 4081, 4080, 4081, 3922, 3927, 3925, 4082, 4081, 4082, 3925, 3929, 3927, 4083, 4082, 4083, 3927, 3931, 3929, 4084, 4083, 4084, 3929, 3933, 3931, 4085, 4084, 4085, 3931, 3935, 3933, 4086, 4085, 4086, 3933, 3937, 3935, 4087, 4086, 4087, 3935, 3939, 3937, 4088, 4087, 4088, 3937, 3941, 3939, 4089, 4088, 4089, 3939, 3943, 3941, 4090, 4089, 4090, 3941, 3945, 3943, 4091, 4090, 4091, 3943, 3947, 3945, 4092, 4091, 4092, 3945, 3949, 3947, 4093, 4092, 4093, 3947, 3951, 3949, 4094, 4093, 4094, 3949, 3953, 3951, 4095, 4094, 4095, 3951, 3955, 3953, 4096, 4095, 4096, 3953, 3957, 3955, 4097, 4096, 4097, 3955, 3959, 3957, 4098, 4097, 4098, 3957, 3961, 3959, 4099, 4098, 4099, 3959, 3963, 3961, 4100, 4099, 4100, 3961, 3965, 3963, 4101, 4100, 4101, 3963, 3967, 3965, 4102, 4101, 4102, 3965, 3969, 3967, 4103, 4102, 4103, 3967, 3971, 3969, 4104, 4103, 4104, 3969, 3973, 3971, 4105, 4104, 4105, 3971, 3973, 4105, 3975, 4106, 3975, 4105, 3975, 4106, 3977, 4107, 3977, 4106, 3977, 4107, 3979, 4108, 3979, 4107, 3979, 4108, 3981, 4109, 3981, 4108, 3981, 4109, 3983, 4110, 3983, 4109, 3983, 4110, 3985, 4111, 3985, 4110, 3985, 4111, 3987, 4112, 3987, 4111, 3987, 4112, 3989, 4113, 3989, 4112, 3989, 4113, 3991, 4114, 3991, 4113, 3991, 4114, 3993, 4115, 3993, 4114, 3993, 4115, 3995, 4116, 3995, 4115, 3995, 4116, 3997, 4117, 3997, 4116, 3997, 4117, 3999, 4118, 3999, 4117, 3999, 4118, 4001, 4119, 4001, 4118, 4001, 4119, 4003, 4120, 4003, 4119, 4003, 4120, 4005, 4121, 4005, 4120, 4005, 4121, 4007, 4122, 4007, 4121, 4007, 4122, 4009, 4123, 4009, 4122, 4009, 4123, 4011, 4124, 4011, 4123, 4011, 4124, 4013, 4125, 4013, 4124, 4013, 4125, 4015, 4126, 4015, 4125, 4015, 4126, 4017, 4127, 4017, 4126, 4017, 4127, 4019, 4128, 4019, 4127, 4019, 4128, 4021, 4129, 4021, 4128, 4021, 4129, 4023, 4130, 4023, 4129, 4023, 4130, 4025, 4131, 4025, 4130, 4025, 4131, 4027, 4132, 4027, 4131, 4027, 4132, 4029, 4133, 4029, 4132, 4029, 4133, 4031, 4134, 4031, 4133, 4031, 4134, 4033, 4135, 4033, 4134, 4033, 4135, 4035, 4136, 4035, 4135, 4035, 4136, 4037, 4137, 4037, 4136, 4037, 4137, 3839, 4038, 3839, 4137, 4038, 4138, 4039, 4139, 4039, 4138, 4039, 4139, 4040, 4140, 4040, 4139, 4040, 4140, 4041, 4141, 4041, 4140, 4041, 4141, 4042, 4142, 4042, 4141, 4042, 4142, 4043, 4143, 4043, 4142, 4043, 4143, 4044, 4144, 4044, 4143, 4044, 4144, 4045, 4145, 4045, 4144, 4045, 4145, 4046, 4146, 4046, 4145, 4046, 4146, 4047, 4147, 4047, 4146, 4047, 4147, 4048, 4148, 4048, 4147, 4048, 4148, 4049, 4149, 4049, 4148, 4049, 4149, 4050, 4150, 4050, 4149, 4050, 4150, 4051, 4151, 4051, 4150, 4051, 4151, 4052, 4152, 4052, 4151, 4052, 4152, 4053, 4153, 4053, 4152, 4053, 4153, 4054, 4154, 4054, 4153, 4054, 4154, 4055, 4155, 4055, 4154, 4156, 4056, 4155, 4055, 4155, 4056, 4157, 4057, 4156, 4056, 4156, 4057, 4158, 4058, 4157, 4057, 4157, 4058, 4159, 4059, 4158, 4058, 4158, 4059, 4160, 4060, 4159, 4059, 4159, 4060, 4161, 4061, 4160, 4060, 4160, 4061, 4162, 4062, 4161, 4061, 4161, 4062, 4163, 4063, 4162, 4062, 4162, 4063, 4164, 4064, 4163, 4063, 4163, 4064, 4165, 4065, 4164, 4064, 4164, 4065, 4166, 4066, 4165, 4065, 4165, 4066, 4167, 4067, 4166, 4066, 4166, 4067, 4168, 4068, 4167, 4067, 4167, 4068, 4169, 4069, 4168, 4068, 4168, 4069, 4170, 4070, 4169, 4069, 4169, 4070, 4171, 4071, 4170, 4070, 4170, 4071, 4172, 4072, 4171, 4071, 4171, 4072, 4173, 4073, 4172, 4072, 4172, 4073, 4174, 4074, 4173, 4073, 4173, 4074, 4175, 4075, 4174, 4074, 4174, 4075, 4176, 4076, 4175, 4075, 4175, 4076, 4177, 4077, 4176, 4076, 4176, 4077, 4178, 4078, 4177, 4077, 4177, 4078, 4179, 4079, 4178, 4078, 4178, 4079, 4180, 4080, 4179, 4079, 4179, 4080, 4081, 4080, 4181, 4180, 4181, 4080, 4082, 4081, 4182, 4181, 4182, 4081, 4083, 4082, 4183, 4182, 4183, 4082, 4084, 4083, 4184, 4183, 4184, 4083, 4085, 4084, 4185, 4184, 4185, 4084, 4086, 4085, 4186, 4185, 4186, 4085, 4087, 4086, 4187, 4186, 4187, 4086, 4088, 4087, 4188, 4187, 4188, 4087, 4089, 4088, 4189, 4188, 4189, 4088, 4090, 4089, 4190, 4189, 4190, 4089, 4091, 4090, 4191, 4190, 4191, 4090, 4092, 4091, 4192, 4191, 4192, 4091, 4093, 4092, 4193, 4192, 4193, 4092, 4094, 4093, 4194, 4193, 4194, 4093, 4095, 4094, 4195, 4194, 4195, 4094, 4096, 4095, 4196, 4195, 4196, 4095, 4097, 4096, 4197, 4196, 4197, 4096, 4098, 4097, 4198, 4197, 4198, 4097, 4099, 4098, 4199, 4198, 4199, 4098, 4100, 4099, 4200, 4199, 4200, 4099, 4101, 4100, 4201, 4200, 4201, 4100, 4102, 4101, 4202, 4201, 4202, 4101, 4103, 4102, 4203, 4202, 4203, 4102, 4104, 4103, 4204, 4203, 4204, 4103, 4105, 4104, 4205, 4204, 4205, 4104, 4105, 4205, 4106, 4206, 4106, 4205, 4106, 4206, 4107, 4207, 4107, 4206, 4107, 4207, 4108, 4208, 4108, 4207, 4108, 4208, 4109, 4209, 4109, 4208, 4109, 4209, 4110, 4210, 4110, 4209, 4110, 4210, 4111, 4211, 4111, 4210, 4111, 4211, 4112, 4212, 4112, 4211, 4112, 4212, 4113, 4213, 4113, 4212, 4113, 4213, 4114, 4214, 4114, 4213, 4114, 4214, 4115, 4215, 4115, 4214, 4115, 4215, 4116, 4216, 4116, 4215, 4116, 4216, 4117, 4217, 4117, 4216, 4117, 4217, 4118, 4218, 4118, 4217, 4118, 4218, 4119, 4219, 4119, 4218, 4119, 4219, 4120, 4220, 4120, 4219, 4120, 4220, 4121, 4221, 4121, 4220, 4121, 4221, 4122, 4222, 4122, 4221, 4122, 4222, 4123, 4223, 4123, 4222, 4123, 4223, 4124, 4224, 4124, 4223, 4124, 4224, 4125, 4225, 4125, 4224, 4125, 4225, 4126, 4226, 4126, 4225, 4126, 4226, 4127, 4227, 4127, 4226, 4127, 4227, 4128, 4228, 4128, 4227, 4128, 4228, 4129, 4229, 4129, 4228, 4129, 4229, 4130, 4230, 4130, 4229, 4130, 4230, 4131, 4231, 4131, 4230, 4131, 4231, 4132, 4232, 4132, 4231, 4132, 4232, 4133, 4233, 4133, 4232, 4133, 4233, 4134, 4234, 4134, 4233, 4134, 4234, 4135, 4235, 4135, 4234, 4135, 4235, 4136, 4236, 4136, 4235, 4136, 4236, 4137, 4237, 4137, 4236, 4137, 4237, 4038, 4138, 4038, 4237, 4138, 4238, 4139, 4239, 4139, 4238, 4139, 4239, 4140, 4240, 4140, 4239, 4140, 4240, 4141, 4241, 4141, 4240, 4141, 4241, 4142, 4242, 4142, 4241, 4142, 4242, 4143, 4243, 4143, 4242, 4143, 4243, 4144, 4244, 4144, 4243, 4144, 4244, 4145, 4245, 4145, 4244, 4145, 4245, 4146, 4246, 4146, 4245, 4146, 4246, 4147, 4247, 4147, 4246, 4147, 4247, 4148, 4248, 4148, 4247, 4148, 4248, 4149, 4249, 4149, 4248, 4149, 4249, 4150, 4250, 4150, 4249, 4150, 4250, 4151, 4251, 4151, 4250, 4151, 4251, 4152, 4252, 4152, 4251, 4152, 4252, 4153, 4253, 4153, 4252, 4153, 4253, 4154, 4254, 4154, 4253, 4154, 4254, 4155, 4255, 4155, 4254, 4256, 4156, 4255, 4155, 4255, 4156, 4257, 4157, 4256, 4156, 4256, 4157, 4258, 4158, 4257, 4157, 4257, 4158, 4259, 4159, 4258, 4158, 4258, 4159, 4260, 4160, 4259, 4159, 4259, 4160, 4261, 4161, 4260, 4160, 4260, 4161, 4262, 4162, 4261, 4161, 4261, 4162, 4263, 4163, 4262, 4162, 4262, 4163, 4264, 4164, 4263, 4163, 4263, 4164, 4265, 4165, 4264, 4164, 4264, 4165, 4266, 4166, 4265, 4165, 4265, 4166, 4267, 4167, 4266, 4166, 4266, 4167, 4268, 4168, 4267, 4167, 4267, 4168, 4269, 4169, 4268, 4168, 4268, 4169, 4270, 4170, 4269, 4169, 4269, 4170, 4271, 4171, 4270, 4170, 4270, 4171, 4272, 4172, 4271, 4171, 4271, 4172, 4273, 4173, 4272, 4172, 4272, 4173, 4274, 4174, 4273, 4173, 4273, 4174, 4275, 4175, 4274, 4174, 4274, 4175, 4276, 4176, 4275, 4175, 4275, 4176, 4277, 4177, 4276, 4176, 4276, 4177, 4278, 4178, 4277, 4177, 4277, 4178, 4279, 4179, 4278, 4178, 4278, 4179, 4280, 4180, 4279, 4179, 4279, 4180, 4181, 4180, 4281, 4280, 4281, 4180, 4182, 4181, 4282, 4281, 4282, 4181, 4183, 4182, 4283, 4282, 4283, 4182, 4184, 4183, 4284, 4283, 4284, 4183, 4185, 4184, 4285, 4284, 4285, 4184, 4186, 4185, 4286, 4285, 4286, 4185, 4187, 4186, 4287, 4286, 4287, 4186, 4188, 4187, 4288, 4287, 4288, 4187, 4189, 4188, 4289, 4288, 4289, 4188, 4190, 4189, 4290, 4289, 4290, 4189, 4191, 4190, 4291, 4290, 4291, 4190, 4192, 4191, 4292, 4291, 4292, 4191, 4193, 4192, 4293, 4292, 4293, 4192, 4194, 4193, 4294, 4293, 4294, 4193, 4195, 4194, 4295, 4294, 4295, 4194, 4196, 4195, 4296, 4295, 4296, 4195, 4197, 4196, 4297, 4296, 4297, 4196, 4198, 4197, 4298, 4297, 4298, 4197, 4199, 4198, 4299, 4298, 4299, 4198, 4200, 4199, 4300, 4299, 4300, 4199, 4201, 4200, 4301, 4300, 4301, 4200, 4202, 4201, 4302, 4301, 4302, 4201, 4203, 4202, 4303, 4302, 4303, 4202, 4204, 4203, 4304, 4303, 4304, 4203, 4205, 4204, 4305, 4304, 4305, 4204, 4205, 4305, 4206, 4306, 4206, 4305, 4206, 4306, 4207, 4307, 4207, 4306, 4207, 4307, 4208, 4308, 4208, 4307, 4208, 4308, 4209, 4309, 4209, 4308, 4209, 4309, 4210, 4310, 4210, 4309, 4210, 4310, 4211, 4311, 4211, 4310, 4211, 4311, 4212, 4312, 4212, 4311, 4212, 4312, 4213, 4313, 4213, 4312, 4213, 4313, 4214, 4314, 4214, 4313, 4214, 4314, 4215, 4315, 4215, 4314, 4215, 4315, 4216, 4316, 4216, 4315, 4216, 4316, 4217, 4317, 4217, 4316, 4217, 4317, 4218, 4318, 4218, 4317, 4218, 4318, 4219, 4319, 4219, 4318, 4219, 4319, 4220, 4320, 4220, 4319, 4220, 4320, 4221, 4321, 4221, 4320, 4221, 4321, 4222, 4322, 4222, 4321, 4222, 4322, 4223, 4323, 4223, 4322, 4223, 4323, 4224, 4324, 4224, 4323, 4224, 4324, 4225, 4325, 4225, 4324, 4225, 4325, 4226, 4326, 4226, 4325, 4226, 4326, 4227, 4327, 4227, 4326, 4227, 4327, 4228, 4328, 4228, 4327, 4228, 4328, 4229, 4329, 4229, 4328, 4229, 4329, 4230, 4330, 4230, 4329, 4230, 4330, 4231, 4331, 4231, 4330, 4231, 4331, 4232, 4332, 4232, 4331, 4232, 4332, 4233, 4333, 4233, 4332, 4233, 4333, 4234, 4334, 4234, 4333, 4234, 4334, 4235, 4335, 4235, 4334, 4235, 4335, 4236, 4336, 4236, 4335, 4236, 4336, 4237, 4337, 4237, 4336, 4237, 4337, 4138, 4238, 4138, 4337, 4238, 4338, 4239, 4339, 4239, 4338, 4239, 4339, 4240, 4340, 4240, 4339, 4240, 4340, 4241, 4341, 4241, 4340, 4241, 4341, 4242, 4342, 4242, 4341, 4242, 4342, 4243, 4343, 4243, 4342, 4243, 4343, 4244, 4344, 4244, 4343, 4244, 4344, 4245, 4345, 4245, 4344, 4245, 4345, 4246, 4346, 4246, 4345, 4246, 4346, 4247, 4347, 4247, 4346, 4247, 4347, 4248, 4348, 4248, 4347, 4248, 4348, 4249, 4349, 4249, 4348, 4249, 4349, 4250, 4350, 4250, 4349, 4250, 4350, 4251, 4351, 4251, 4350, 4251, 4351, 4252, 4352, 4252, 4351, 4252, 4352, 4253, 4353, 4253, 4352, 4253, 4353, 4254, 4354, 4254, 4353, 4254, 4354, 4255, 4355, 4255, 4354, 4356, 4256, 4355, 4255, 4355, 4256, 4357, 4257, 4356, 4256, 4356, 4257, 4358, 4258, 4357, 4257, 4357, 4258, 4359, 4259, 4358, 4258, 4358, 4259, 4360, 4260, 4359, 4259, 4359, 4260, 4361, 4261, 4360, 4260, 4360, 4261, 4362, 4262, 4361, 4261, 4361, 4262, 4363, 4263, 4362, 4262, 4362, 4263, 4364, 4264, 4363, 4263, 4363, 4264, 4365, 4265, 4364, 4264, 4364, 4265, 4366, 4266, 4365, 4265, 4365, 4266, 4367, 4267, 4366, 4266, 4366, 4267, 4368, 4268, 4367, 4267, 4367, 4268, 4369, 4269, 4368, 4268, 4368, 4269, 4370, 4270, 4369, 4269, 4369, 4270, 4371, 4271, 4370, 4270, 4370, 4271, 4372, 4272, 4371, 4271, 4371, 4272, 4373, 4273, 4372, 4272, 4372, 4273, 4374, 4274, 4373, 4273, 4373, 4274, 4375, 4275, 4374, 4274, 4374, 4275, 4376, 4276, 4375, 4275, 4375, 4276, 4377, 4277, 4376, 4276, 4376, 4277, 4378, 4278, 4377, 4277, 4377, 4278, 4379, 4279, 4378, 4278, 4378, 4279, 4280, 4279, 4380, 4379, 4380, 4279, 4281, 4280, 4381, 4380, 4381, 4280, 4282, 4281, 4382, 4381, 4382, 4281, 4283, 4282, 4383, 4382, 4383, 4282, 4284, 4283, 4384, 4383, 4384, 4283, 4285, 4284, 4385, 4384, 4385, 4284, 4286, 4285, 4386, 4385, 4386, 4285, 4287, 4286, 4387, 4386, 4387, 4286, 4288, 4287, 4388, 4387, 4388, 4287, 4289, 4288, 4389, 4388, 4389, 4288, 4290, 4289, 4390, 4389, 4390, 4289, 4291, 4290, 4391, 4390, 4391, 4290, 4292, 4291, 4392, 4391, 4392, 4291, 4293, 4292, 4393, 4392, 4393, 4292, 4294, 4293, 4394, 4393, 4394, 4293, 4295, 4294, 4395, 4394, 4395, 4294, 4296, 4295, 4396, 4395, 4396, 4295, 4297, 4296, 4397, 4396, 4397, 4296, 4298, 4297, 4398, 4397, 4398, 4297, 4299, 4298, 4399, 4398, 4399, 4298, 4300, 4299, 4400, 4399, 4400, 4299, 4301, 4300, 4401, 4400, 4401, 4300, 4302, 4301, 4402, 4401, 4402, 4301, 4303, 4302, 4403, 4402, 4403, 4302, 4304, 4303, 4404, 4403, 4404, 4303, 4305, 4304, 4405, 4404, 4405, 4304, 4305, 4405, 4306, 4406, 4306, 4405, 4306, 4406, 4307, 4407, 4307, 4406, 4307, 4407, 4308, 4408, 4308, 4407, 4308, 4408, 4309, 4409, 4309, 4408, 4309, 4409, 4310, 4410, 4310, 4409, 4310, 4410, 4311, 4411, 4311, 4410, 4311, 4411, 4312, 4412, 4312, 4411, 4312, 4412, 4313, 4413, 4313, 4412, 4313, 4413, 4314, 4414, 4314, 4413, 4314, 4414, 4315, 4415, 4315, 4414, 4315, 4415, 4316, 4416, 4316, 4415, 4316, 4416, 4317, 4417, 4317, 4416, 4317, 4417, 4318, 4418, 4318, 4417, 4318, 4418, 4319, 4419, 4319, 4418, 4319, 4419, 4320, 4420, 4320, 4419, 4320, 4420, 4321, 4421, 4321, 4420, 4321, 4421, 4322, 4422, 4322, 4421, 4322, 4422, 4323, 4423, 4323, 4422, 4323, 4423, 4324, 4424, 4324, 4423, 4324, 4424, 4325, 4425, 4325, 4424, 4325, 4425, 4326, 4426, 4326, 4425, 4326, 4426, 4327, 4427, 4327, 4426, 4327, 4427, 4328, 4428, 4328, 4427, 4328, 4428, 4329, 4429, 4329, 4428, 4329, 4429, 4330, 4430, 4330, 4429, 4330, 4430, 4331, 4431, 4331, 4430, 4331, 4431, 4332, 4432, 4332, 4431, 4332, 4432, 4333, 4433, 4333, 4432, 4333, 4433, 4334, 4434, 4334, 4433, 4334, 4434, 4335, 4435, 4335, 4434, 4335, 4435, 4336, 4436, 4336, 4435, 4336, 4436, 4337, 4437, 4337, 4436, 4337, 4437, 4238, 4338, 4238, 4437, 4338, 4438, 4339, 4439, 4339, 4438, 4339, 4439, 4340, 4440, 4340, 4439, 4340, 4440, 4341, 4441, 4341, 4440, 4341, 4441, 4342, 4442, 4342, 4441, 4342, 4442, 4343, 4443, 4343, 4442, 4343, 4443, 4344, 4444, 4344, 4443, 4344, 4444, 4345, 4445, 4345, 4444, 4345, 4445, 4346, 4446, 4346, 4445, 4346, 4446, 4347, 4447, 4347, 4446, 4347, 4447, 4348, 4448, 4348, 4447, 4348, 4448, 4349, 4449, 4349, 4448, 4349, 4449, 4350, 4450, 4350, 4449, 4350, 4450, 4351, 4451, 4351, 4450, 4351, 4451, 4352, 4452, 4352, 4451, 4352, 4452, 4353, 4453, 4353, 4452, 4353, 4453, 4354, 4454, 4354, 4453, 4354, 4454, 4355, 4455, 4355, 4454, 4355, 4455, 4356, 4456, 4356, 4455, 4457, 4357, 4456, 4356, 4456, 4357, 4458, 4358, 4457, 4357, 4457, 4358, 4459, 4359, 4458, 4358, 4458, 4359, 4460, 4360, 4459, 4359, 4459, 4360, 4461, 4361, 4460, 4360, 4460, 4361, 4462, 4362, 4461, 4361, 4461, 4362, 4463, 4363, 4462, 4362, 4462, 4363, 4464, 4364, 4463, 4363, 4463, 4364, 4465, 4365, 4464, 4364, 4464, 4365, 4466, 4366, 4465, 4365, 4465, 4366, 4467, 4367, 4466, 4366, 4466, 4367, 4468, 4368, 4467, 4367, 4467, 4368, 4469, 4369, 4468, 4368, 4468, 4369, 4470, 4370, 4469, 4369, 4469, 4370, 4471, 4371, 4470, 4370, 4470, 4371, 4472, 4372, 4471, 4371, 4471, 4372, 4473, 4373, 4472, 4372, 4472, 4373, 4474, 4374, 4473, 4373, 4473, 4374, 4475, 4375, 4474, 4374, 4474, 4375, 4476, 4376, 4475, 4375, 4475, 4376, 4477, 4377, 4476, 4376, 4476, 4377, 4478, 4378, 4477, 4377, 4477, 4378, 4479, 4379, 4478, 4378, 4478, 4379, 4380, 4379, 4480, 4479, 4480, 4379, 4381, 4380, 4481, 4480, 4481, 4380, 4382, 4381, 4482, 4481, 4482, 4381, 4383, 4382, 4483, 4482, 4483, 4382, 4384, 4383, 4484, 4483, 4484, 4383, 4385, 4384, 4485, 4484, 4485, 4384, 4386, 4385, 4486, 4485, 4486, 4385, 4387, 4386, 4487, 4486, 4487, 4386, 4388, 4387, 4488, 4487, 4488, 4387, 4389, 4388, 4489, 4488, 4489, 4388, 4390, 4389, 4490, 4489, 4490, 4389, 4391, 4390, 4491, 4490, 4491, 4390, 4392, 4391, 4492, 4491, 4492, 4391, 4393, 4392, 4493, 4492, 4493, 4392, 4394, 4393, 4494, 4493, 4494, 4393, 4395, 4394, 4495, 4494, 4495, 4394, 4396, 4395, 4496, 4495, 4496, 4395, 4397, 4396, 4497, 4496, 4497, 4396, 4398, 4397, 4498, 4497, 4498, 4397, 4399, 4398, 4499, 4498, 4499, 4398, 4400, 4399, 4500, 4499, 4500, 4399, 4401, 4400, 4501, 4500, 4501, 4400, 4402, 4401, 4502, 4501, 4502, 4401, 4403, 4402, 4503, 4502, 4503, 4402, 4404, 4403, 4504, 4503, 4504, 4403, 4405, 4404, 4505, 4504, 4505, 4404, 4406, 4405, 4506, 4505, 4506, 4405, 4406, 4506, 4407, 4507, 4407, 4506, 4407, 4507, 4408, 4508, 4408, 4507, 4408, 4508, 4409, 4509, 4409, 4508, 4409, 4509, 4410, 4510, 4410, 4509, 4410, 4510, 4411, 4511, 4411, 4510, 4411, 4511, 4412, 4512, 4412, 4511, 4412, 4512, 4413, 4513, 4413, 4512, 4413, 4513, 4414, 4514, 4414, 4513, 4414, 4514, 4415, 4515, 4415, 4514, 4415, 4515, 4416, 4516, 4416, 4515, 4416, 4516, 4417, 4517, 4417, 4516, 4417, 4517, 4418, 4518, 4418, 4517, 4418, 4518, 4419, 4519, 4419, 4518, 4419, 4519, 4420, 4520, 4420, 4519, 4420, 4520, 4421, 4521, 4421, 4520, 4421, 4521, 4422, 4522, 4422, 4521, 4422, 4522, 4423, 4523, 4423, 4522, 4423, 4523, 4424, 4524, 4424, 4523, 4424, 4524, 4425, 4525, 4425, 4524, 4425, 4525, 4426, 4526, 4426, 4525, 4426, 4526, 4427, 4527, 4427, 4526, 4427, 4527, 4428, 4528, 4428, 4527, 4428, 4528, 4429, 4529, 4429, 4528, 4429, 4529, 4430, 4530, 4430, 4529, 4430, 4530, 4431, 4531, 4431, 4530, 4431, 4531, 4432, 4532, 4432, 4531, 4432, 4532, 4433, 4533, 4433, 4532, 4433, 4533, 4434, 4534, 4434, 4533, 4434, 4534, 4435, 4535, 4435, 4534, 4435, 4535, 4436, 4536, 4436, 4535, 4436, 4536, 4437, 4537, 4437, 4536, 4437, 4537, 4338, 4438, 4338, 4537, 4438, 4538, 4439, 4539, 4439, 4538, 4439, 4539, 4440, 4540, 4440, 4539, 4440, 4540, 4441, 4541, 4441, 4540, 4441, 4541, 4442, 4542, 4442, 4541, 4442, 4542, 4443, 4543, 4443, 4542, 4443, 4543, 4444, 4544, 4444, 4543, 4444, 4544, 4445, 4545, 4445, 4544, 4445, 4545, 4446, 4546, 4446, 4545, 4446, 4546, 4447, 4547, 4447, 4546, 4447, 4547, 4448, 4548, 4448, 4547, 4448, 4548, 4449, 4549, 4449, 4548, 4449, 4549, 4450, 4550, 4450, 4549, 4450, 4550, 4451, 4551, 4451, 4550, 4451, 4551, 4452, 4552, 4452, 4551, 4452, 4552, 4453, 4553, 4453, 4552, 4453, 4553, 4454, 4554, 4454, 4553, 4454, 4554, 4455, 4555, 4455, 4554, 4455, 4555, 4456, 4556, 4456, 4555, 4456, 4556, 4457, 4557, 4457, 4556, 4558, 4458, 4557, 4457, 4557, 4458, 4559, 4459, 4558, 4458, 4558, 4459, 4560, 4460, 4559, 4459, 4559, 4460, 4561, 4461, 4560, 4460, 4560, 4461, 4562, 4462, 4561, 4461, 4561, 4462, 4563, 4463, 4562, 4462, 4562, 4463, 4564, 4464, 4563, 4463, 4563, 4464, 4565, 4465, 4564, 4464, 4564, 4465, 4566, 4466, 4565, 4465, 4565, 4466, 4567, 4467, 4566, 4466, 4566, 4467, 4568, 4468, 4567, 4467, 4567, 4468, 4569, 4469, 4568, 4468, 4568, 4469, 4570, 4470, 4569, 4469, 4569, 4470, 4571, 4471, 4570, 4470, 4570, 4471, 4572, 4472, 4571, 4471, 4571, 4472, 4573, 4473, 4572, 4472, 4572, 4473, 4574, 4474, 4573, 4473, 4573, 4474, 4575, 4475, 4574, 4474, 4574, 4475, 4576, 4476, 4575, 4475, 4575, 4476, 4577, 4477, 4576, 4476, 4576, 4477, 4478, 4477, 4578, 4577, 4578, 4477, 4479, 4478, 4579, 4578, 4579, 4478, 4480, 4479, 4580, 4579, 4580, 4479, 4481, 4480, 4581, 4580, 4581, 4480, 4482, 4481, 4582, 4581, 4582, 4481, 4483, 4482, 4583, 4582, 4583, 4482, 4484, 4483, 4584, 4583, 4584, 4483, 4485, 4484, 4585, 4584, 4585, 4484, 4486, 4485, 4586, 4585, 4586, 4485, 4487, 4486, 4587, 4586, 4587, 4486, 4488, 4487, 4588, 4587, 4588, 4487, 4489, 4488, 4589, 4588, 4589, 4488, 4490, 4489, 4590, 4589, 4590, 4489, 4491, 4490, 4591, 4590, 4591, 4490, 4492, 4491, 4592, 4591, 4592, 4491, 4493, 4492, 4593, 4592, 4593, 4492, 4494, 4493, 4594, 4593, 4594, 4493, 4495, 4494, 4595, 4594, 4595, 4494, 4496, 4495, 4596, 4595, 4596, 4495, 4497, 4496, 4597, 4596, 4597, 4496, 4498, 4497, 4598, 4597, 4598, 4497, 4499, 4498, 4599, 4598, 4599, 4498, 4500, 4499, 4600, 4599, 4600, 4499, 4501, 4500, 4601, 4600, 4601, 4500, 4502, 4501, 4602, 4601, 4602, 4501, 4503, 4502, 4603, 4602, 4603, 4502, 4504, 4503, 4604, 4603, 4604, 4503, 4505, 4504, 4605, 4604, 4605, 4504, 4506, 4505, 4606, 4605, 4606, 4505, 4507, 4506, 4607, 4606, 4607, 4506, 4507, 4607, 4508, 4608, 4508, 4607, 4508, 4608, 4509, 4609, 4509, 4608, 4509, 4609, 4510, 4610, 4510, 4609, 4510, 4610, 4511, 4611, 4511, 4610, 4511, 4611, 4512, 4612, 4512, 4611, 4512, 4612, 4513, 4613, 4513, 4612, 4513, 4613, 4514, 4614, 4514, 4613, 4514, 4614, 4515, 4615, 4515, 4614, 4515, 4615, 4516, 4616, 4516, 4615, 4516, 4616, 4517, 4617, 4517, 4616, 4517, 4617, 4518, 4618, 4518, 4617, 4518, 4618, 4519, 4619, 4519, 4618, 4519, 4619, 4520, 4620, 4520, 4619, 4520, 4620, 4521, 4621, 4521, 4620, 4521, 4621, 4522, 4622, 4522, 4621, 4522, 4622, 4523, 4623, 4523, 4622, 4523, 4623, 4524, 4624, 4524, 4623, 4524, 4624, 4525, 4625, 4525, 4624, 4525, 4625, 4526, 4626, 4526, 4625, 4526, 4626, 4527, 4627, 4527, 4626, 4527, 4627, 4528, 4628, 4528, 4627, 4528, 4628, 4529, 4629, 4529, 4628, 4529, 4629, 4530, 4630, 4530, 4629, 4530, 4630, 4531, 4631, 4531, 4630, 4531, 4631, 4532, 4632, 4532, 4631, 4532, 4632, 4533, 4633, 4533, 4632, 4533, 4633, 4534, 4634, 4534, 4633, 4534, 4634, 4535, 4635, 4535, 4634, 4535, 4635, 4536, 4636, 4536, 4635, 4536, 4636, 4537, 4637, 4537, 4636, 4537, 4637, 4438, 4538, 4438, 4637, 4538, 4638, 4539, 4639, 4539, 4638, 4539, 4639, 4540, 4640, 4540, 4639, 4540, 4640, 4541, 4641, 4541, 4640, 4541, 4641, 4542, 4642, 4542, 4641, 4542, 4642, 4543, 4643, 4543, 4642, 4543, 4643, 4544, 4644, 4544, 4643, 4544, 4644, 4545, 4645, 4545, 4644, 4545, 4645, 4546, 4646, 4546, 4645, 4546, 4646, 4547, 4647, 4547, 4646, 4547, 4647, 4548, 4648, 4548, 4647, 4548, 4648, 4549, 4649, 4549, 4648, 4549, 4649, 4550, 4650, 4550, 4649, 4550, 4650, 4551, 4651, 4551, 4650, 4551, 4651, 4552, 4652, 4552, 4651, 4552, 4652, 4553, 4653, 4553, 4652, 4553, 4653, 4554, 4654, 4554, 4653, 4554, 4654, 4555, 4655, 4555, 4654, 4555, 4655, 4556, 4656, 4556, 4655, 4656, 4657, 4556, 4557, 4556, 4657, 4657, 4658, 4557, 4558, 4557, 4658, 4658, 4659, 4558, 4559, 4558, 4659, 4659, 4660, 4559, 4560, 4559, 4660, 4660, 4661, 4560, 4561, 4560, 4661, 4661, 4662, 4561, 4562, 4561, 4662, 4662, 4663, 4562, 4563, 4562, 4663, 4663, 4664, 4563, 4564, 4563, 4664, 4664, 4665, 4564, 4565, 4564, 4665, 4665, 4666, 4565, 4566, 4565, 4666, 4666, 4667, 4566, 4567, 4566, 4667, 4668, 4568, 4667, 4567, 4667, 4568, 4669, 4569, 4668, 4568, 4668, 4569, 4670, 4570, 4669, 4569, 4669, 4570, 4671, 4571, 4670, 4570, 4670, 4571, 4672, 4572, 4671, 4571, 4671, 4572, 4673, 4573, 4672, 4572, 4672, 4573, 4674, 4574, 4673, 4573, 4673, 4574, 4675, 4575, 4674, 4574, 4674, 4575, 4676, 4576, 4675, 4575, 4675, 4576, 4677, 4577, 4676, 4576, 4676, 4577, 4678, 4578, 4677, 4577, 4677, 4578, 4679, 4579, 4678, 4578, 4678, 4579, 4580, 4579, 4680, 4679, 4680, 4579, 4581, 4580, 4681, 4680, 4681, 4580, 4582, 4581, 4682, 4681, 4682, 4581, 4583, 4582, 4683, 4682, 4683, 4582, 4584, 4583, 4684, 4683, 4684, 4583, 4585, 4584, 4685, 4684, 4685, 4584, 4586, 4585, 4686, 4685, 4686, 4585, 4587, 4586, 4687, 4686, 4687, 4586, 4588, 4587, 4688, 4687, 4688, 4587, 4589, 4588, 4689, 4688, 4689, 4588, 4590, 4589, 4690, 4689, 4690, 4589, 4591, 4590, 4691, 4690, 4691, 4590, 4592, 4591, 4692, 4691, 4692, 4591, 4593, 4592, 4693, 4692, 4693, 4592, 4594, 4593, 4694, 4693, 4694, 4593, 4595, 4594, 4695, 4694, 4695, 4594, 4596, 4595, 4696, 4695, 4696, 4595, 4597, 4596, 4697, 4696, 4697, 4596, 4598, 4597, 4698, 4697, 4698, 4597, 4599, 4598, 4699, 4698, 4699, 4598, 4600, 4599, 4700, 4699, 4700, 4599, 4601, 4600, 4701, 4700, 4701, 4600, 4602, 4601, 4702, 4701, 4702, 4601, 4603, 4602, 4703, 4702, 4703, 4602, 4604, 4603, 4704, 4703, 4704, 4603, 4605, 4604, 4705, 4704, 4705, 4604, 4606, 4605, 4706, 4705, 4706, 4605, 4707, 4607, 4706, 4606, 4706, 4607, 4708, 4608, 4707, 4607, 4707, 4608, 4709, 4609, 4708, 4608, 4708, 4609, 4710, 4610, 4709, 4609, 4709, 4610, 4711, 4611, 4710, 4610, 4710, 4611, 4712, 4612, 4711, 4611, 4711, 4612, 4713, 4613, 4712, 4612, 4712, 4613, 4714, 4614, 4713, 4613, 4713, 4614, 4715, 4615, 4714, 4614, 4714, 4615, 4716, 4616, 4715, 4615, 4715, 4616, 4717, 4617, 4716, 4616, 4716, 4617, 4717, 4718, 4617, 4618, 4617, 4718, 4718, 4719, 4618, 4619, 4618, 4719, 4719, 4720, 4619, 4620, 4619, 4720, 4720, 4721, 4620, 4621, 4620, 4721, 4721, 4722, 4621, 4622, 4621, 4722, 4722, 4723, 4622, 4623, 4622, 4723, 4723, 4724, 4623, 4624, 4623, 4724, 4724, 4725, 4624, 4625, 4624, 4725, 4725, 4726, 4625, 4626, 4625, 4726, 4726, 4727, 4626, 4627, 4626, 4727, 4727, 4728, 4627, 4628, 4627, 4728, 4728, 4729, 4628, 4629, 4628, 4729, 4629, 4729, 4630, 4730, 4630, 4729, 4630, 4730, 4631, 4731, 4631, 4730, 4631, 4731, 4632, 4732, 4632, 4731, 4632, 4732, 4633, 4733, 4633, 4732, 4633, 4733, 4634, 4734, 4634, 4733, 4634, 4734, 4635, 4735, 4635, 4734, 4635, 4735, 4636, 4736, 4636, 4735, 4636, 4736, 4637, 4737, 4637, 4736, 4637, 4737, 4538, 4638, 4538, 4737, 4638, 4738, 4639, 4739, 4639, 4738, 4639, 4739, 4640, 4740, 4640, 4739, 4640, 4740, 4641, 4741, 4641, 4740, 4641, 4741, 4642, 4742, 4642, 4741, 4642, 4742, 4643, 4743, 4643, 4742, 4643, 4743, 4644, 4744, 4644, 4743, 4644, 4744, 4645, 4745, 4645, 4744, 4645, 4745, 4646, 4746, 4646, 4745, 4646, 4746, 4647, 4747, 4647, 4746, 4647, 4747, 4648, 4748, 4648, 4747, 4648, 4748, 4649, 4749, 4649, 4748, 4649, 4749, 4650, 4750, 4650, 4749, 4650, 4750, 4651, 4751, 4651, 4750, 4651, 4751, 4652, 4752, 4652, 4751, 4652, 4752, 4653, 4753, 4653, 4752, 4653, 4753, 4654, 4754, 4654, 4753, 4654, 4754, 4655, 4755, 4655, 4754, 4756, 4656, 4755, 4655, 4755, 4656, 4757, 4657, 4756, 4656, 4756, 4657, 4758, 4658, 4757, 4657, 4757, 4658, 4759, 4659, 4758, 4658, 4758, 4659, 4760, 4660, 4759, 4659, 4759, 4660, 4761, 4661, 4760, 4660, 4760, 4661, 4762, 4662, 4761, 4661, 4761, 4662, 4763, 4663, 4762, 4662, 4762, 4663, 4764, 4664, 4763, 4663, 4763, 4664, 4765, 4665, 4764, 4664, 4764, 4665, 4766, 4666, 4765, 4665, 4765, 4666, 4767, 4667, 4766, 4666, 4766, 4667, 4767, 4768, 4667, 4668, 4667, 4768, 4768, 4769, 4668, 4669, 4668, 4769, 4769, 4770, 4669, 4670, 4669, 4770, 4770, 4771, 4670, 4671, 4670, 4771, 4771, 4772, 4671, 4672, 4671, 4772, 4772, 4773, 4672, 4673, 4672, 4773, 4773, 4774, 4673, 4674, 4673, 4774, 4774, 4775, 4674, 4675, 4674, 4775, 4775, 4776, 4675, 4676, 4675, 4776, 4776, 4777, 4676, 4677, 4676, 4777, 4777, 4778, 4677, 4678, 4677, 4778, 4778, 4779, 4678, 4679, 4678, 4779, 4680, 4679, 4780, 4779, 4780, 4679, 4681, 4680, 4781, 4780, 4781, 4680, 4682, 4681, 4782, 4781, 4782, 4681, 4683, 4682, 4783, 4782, 4783, 4682, 4684, 4683, 4784, 4783, 4784, 4683, 4685, 4684, 4785, 4784, 4785, 4684, 4686, 4685, 4786, 4785, 4786, 4685, 4687, 4686, 4787, 4786, 4787, 4686, 4688, 4687, 4788, 4787, 4788, 4687, 4689, 4688, 4789, 4788, 4789, 4688, 4690, 4689, 4790, 4789, 4790, 4689, 4691, 4690, 4791, 4790, 4791, 4690, 4692, 4691, 4792, 4791, 4792, 4691, 4693, 4692, 4793, 4792, 4793, 4692, 4694, 4693, 4794, 4793, 4794, 4693, 4695, 4694, 4795, 4794, 4795, 4694, 4696, 4695, 4796, 4795, 4796, 4695, 4697, 4696, 4797, 4796, 4797, 4696, 4698, 4697, 4798, 4797, 4798, 4697, 4699, 4698, 4799, 4798, 4799, 4698, 4700, 4699, 4800, 4799, 4800, 4699, 4701, 4700, 4801, 4800, 4801, 4700, 4702, 4701, 4802, 4801, 4802, 4701, 4703, 4702, 4803, 4802, 4803, 4702, 4704, 4703, 4804, 4803, 4804, 4703, 4705, 4704, 4805, 4804, 4805, 4704, 4805, 4806, 4705, 4706, 4705, 4806, 4806, 4807, 4706, 4707, 4706, 4807, 4807, 4808, 4707, 4708, 4707, 4808, 4808, 4809, 4708, 4709, 4708, 4809, 4809, 4810, 4709, 4710, 4709, 4810, 4810, 4811, 4710, 4711, 4710, 4811, 4811, 4812, 4711, 4712, 4711, 4812, 4812, 4813, 4712, 4713, 4712, 4813, 4813, 4814, 4713, 4714, 4713, 4814, 4814, 4815, 4714, 4715, 4714, 4815, 4815, 4816, 4715, 4716, 4715, 4816, 4816, 4817, 4716, 4717, 4716, 4817, 4818, 4718, 4817, 4717, 4817, 4718, 4819, 4719, 4818, 4718, 4818, 4719, 4820, 4720, 4819, 4719, 4819, 4720, 4821, 4721, 4820, 4720, 4820, 4721, 4822, 4722, 4821, 4721, 4821, 4722, 4823, 4723, 4822, 4722, 4822, 4723, 4824, 4724, 4823, 4723, 4823, 4724, 4825, 4725, 4824, 4724, 4824, 4725, 4826, 4726, 4825, 4725, 4825, 4726, 4827, 4727, 4826, 4726, 4826, 4727, 4828, 4728, 4827, 4727, 4827, 4728, 4829, 4729, 4828, 4728, 4828, 4729, 4729, 4829, 4730, 4830, 4730, 4829, 4730, 4830, 4731, 4831, 4731, 4830, 4731, 4831, 4732, 4832, 4732, 4831, 4732, 4832, 4733, 4833, 4733, 4832, 4733, 4833, 4734, 4834, 4734, 4833, 4734, 4834, 4735, 4835, 4735, 4834, 4735, 4835, 4736, 4836, 4736, 4835, 4736, 4836, 4737, 4837, 4737, 4836, 4737, 4837, 4638, 4738, 4638, 4837, 4838, 4839, 4738, 4739, 4738, 4839, 4839, 4840, 4739, 4740, 4739, 4840, 4840, 4841, 4740, 4741, 4740, 4841, 4841, 4842, 4741, 4742, 4741, 4842, 4842, 4843, 4742, 4743, 4742, 4843, 4843, 4844, 4743, 4744, 4743, 4844, 4844, 4845, 4744, 4745, 4744, 4845, 4845, 4846, 4745, 4746, 4745, 4846, 4846, 4847, 4746, 4747, 4746, 4847, 4847, 4848, 4747, 4748, 4747, 4848, 4848, 4849, 4748, 4749, 4748, 4849, 4849, 4850, 4749, 4750, 4749, 4850, 4850, 4851, 4750, 4751, 4750, 4851, 4851, 4852, 4751, 4752, 4751, 4852, 4852, 4853, 4752, 4753, 4752, 4853, 4853, 4854, 4753, 4754, 4753, 4854, 4854, 4855, 4754, 4755, 4754, 4855, 4855, 4856, 4755, 4756, 4755, 4856, 4857, 4757, 4856, 4756, 4856, 4757, 4858, 4758, 4857, 4757, 4857, 4758, 4859, 4759, 4858, 4758, 4858, 4759, 4860, 4760, 4859, 4759, 4859, 4760, 4861, 4761, 4860, 4760, 4860, 4761, 4862, 4762, 4861, 4761, 4861, 4762, 4863, 4763, 4862, 4762, 4862, 4763, 4864, 4764, 4863, 4763, 4863, 4764, 4865, 4765, 4864, 4764, 4864, 4765, 4866, 4766, 4865, 4765, 4865, 4766, 4867, 4767, 4866, 4766, 4866, 4767, 4868, 4768, 4867, 4767, 4867, 4768, 4869, 4769, 4868, 4768, 4868, 4769, 4870, 4770, 4869, 4769, 4869, 4770, 4871, 4771, 4870, 4770, 4870, 4771, 4872, 4772, 4871, 4771, 4871, 4772, 4873, 4773, 4872, 4772, 4872, 4773, 4874, 4774, 4873, 4773, 4873, 4774, 4875, 4775, 4874, 4774, 4874, 4775, 4876, 4776, 4875, 4775, 4875, 4776, 4877, 4777, 4876, 4776, 4876, 4777, 4878, 4778, 4877, 4777, 4877, 4778, 4879, 4779, 4878, 4778, 4878, 4779, 4880, 4780, 4879, 4779, 4879, 4780, 4881, 4781, 4880, 4780, 4880, 4781, 4882, 4782, 4881, 4781, 4881, 4782, 4883, 4783, 4882, 4782, 4882, 4783, 4884, 4784, 4883, 4783, 4883, 4784, 4885, 4785, 4884, 4784, 4884, 4785, 4886, 4786, 4885, 4785, 4885, 4786, 4887, 4787, 4886, 4786, 4886, 4787, 4888, 4788, 4887, 4787, 4887, 4788, 4889, 4789, 4888, 4788, 4888, 4789, 4890, 4790, 4889, 4789, 4889, 4790, 4891, 4791, 4890, 4790, 4890, 4791, 4892, 4792, 4891, 4791, 4891, 4792, 4893, 4793, 4892, 4792, 4892, 4793, 4894, 4794, 4893, 4793, 4893, 4794, 4895, 4795, 4894, 4794, 4894, 4795, 4896, 4796, 4895, 4795, 4895, 4796, 4897, 4797, 4896, 4796, 4896, 4797, 4898, 4798, 4897, 4797, 4897, 4798, 4899, 4799, 4898, 4798, 4898, 4799, 4900, 4800, 4899, 4799, 4899, 4800, 4901, 4801, 4900, 4800, 4900, 4801, 4902, 4802, 4901, 4801, 4901, 4802, 4903, 4803, 4902, 4802, 4902, 4803, 4904, 4804, 4903, 4803, 4903, 4804, 4905, 4805, 4904, 4804, 4904, 4805, 4906, 4806, 4905, 4805, 4905, 4806, 4806, 4906, 4807, 4907, 4807, 4906, 4807, 4907, 4808, 4908, 4808, 4907, 4808, 4908, 4809, 4909, 4809, 4908, 4809, 4909, 4810, 4910, 4810, 4909, 4810, 4910, 4811, 4911, 4811, 4910, 4811, 4911, 4812, 4912, 4812, 4911, 4812, 4912, 4813, 4913, 4813, 4912, 4813, 4913, 4814, 4914, 4814, 4913, 4814, 4914, 4815, 4915, 4815, 4914, 4815, 4915, 4816, 4916, 4816, 4915, 4816, 4916, 4817, 4917, 4817, 4916, 4817, 4917, 4818, 4918, 4818, 4917, 4818, 4918, 4819, 4919, 4819, 4918, 4819, 4919, 4820, 4920, 4820, 4919, 4820, 4920, 4821, 4921, 4821, 4920, 4821, 4921, 4822, 4922, 4822, 4921, 4822, 4922, 4823, 4923, 4823, 4922, 4823, 4923, 4824, 4924, 4824, 4923, 4824, 4924, 4825, 4925, 4825, 4924, 4825, 4925, 4826, 4926, 4826, 4925, 4826, 4926, 4827, 4927, 4827, 4926, 4827, 4927, 4828, 4928, 4828, 4927, 4928, 4929, 4828, 4829, 4828, 4929, 4929, 4930, 4829, 4830, 4829, 4930, 4930, 4931, 4830, 4831, 4830, 4931, 4931, 4932, 4831, 4832, 4831, 4932, 4932, 4933, 4832, 4833, 4832, 4933, 4933, 4934, 4833, 4834, 4833, 4934, 4934, 4935, 4834, 4835, 4834, 4935, 4935, 4936, 4835, 4836, 4835, 4936, 4936, 4937, 4836, 4837, 4836, 4937, 4937, 4838, 4837, 4738, 4837, 4838, 4938, 4939, 4838, 4839, 4838, 4939, 4939, 4940, 4839, 4840, 4839, 4940, 4940, 4941, 4840, 4841, 4840, 4941, 4941, 4942, 4841, 4842, 4841, 4942, 4942, 4943, 4842, 4843, 4842, 4943, 4943, 4944, 4843, 4844, 4843, 4944, 4944, 4945, 4844, 4845, 4844, 4945, 4945, 4946, 4845, 4846, 4845, 4946, 4946, 4947, 4846, 4847, 4846, 4947, 4947, 4948, 4847, 4848, 4847, 4948, 4948, 4949, 4848, 4849, 4848, 4949, 4949, 4950, 4849, 4850, 4849, 4950, 4950, 4951, 4850, 4851, 4850, 4951, 4951, 4952, 4851, 4852, 4851, 4952, 4952, 4953, 4852, 4853, 4852, 4953, 4953, 4954, 4853, 4854, 4853, 4954, 4954, 4955, 4854, 4855, 4854, 4955, 4956, 4856, 4955, 4855, 4955, 4856, 4957, 4857, 4956, 4856, 4956, 4857, 4958, 4858, 4957, 4857, 4957, 4858, 4959, 4859, 4958, 4858, 4958, 4859, 4960, 4860, 4959, 4859, 4959, 4860, 4961, 4861, 4960, 4860, 4960, 4861, 4962, 4862, 4961, 4861, 4961, 4862, 4963, 4863, 4962, 4862, 4962, 4863, 4964, 4864, 4963, 4863, 4963, 4864, 4965, 4865, 4964, 4864, 4964, 4865, 4966, 4866, 4965, 4865, 4965, 4866, 4967, 4867, 4966, 4866, 4966, 4867, 4968, 4868, 4967, 4867, 4967, 4868, 4969, 4869, 4968, 4868, 4968, 4869, 4970, 4870, 4969, 4869, 4969, 4870, 4971, 4871, 4970, 4870, 4970, 4871, 4972, 4872, 4971, 4871, 4971, 4872, 4973, 4873, 4972, 4872, 4972, 4873, 4974, 4874, 4973, 4873, 4973, 4874, 4975, 4875, 4974, 4874, 4974, 4875, 4976, 4876, 4975, 4875, 4975, 4876, 4977, 4877, 4976, 4876, 4976, 4877, 4978, 4878, 4977, 4877, 4977, 4878, 4979, 4879, 4978, 4878, 4978, 4879, 4980, 4880, 4979, 4879, 4979, 4880, 4981, 4881, 4980, 4880, 4980, 4881, 4982, 4882, 4981, 4881, 4981, 4882, 4983, 4883, 4982, 4882, 4982, 4883, 4984, 4884, 4983, 4883, 4983, 4884, 4985, 4885, 4984, 4884, 4984, 4885, 4986, 4886, 4985, 4885, 4985, 4886, 4987, 4887, 4986, 4886, 4986, 4887, 4988, 4888, 4987, 4887, 4987, 4888, 4989, 4889, 4988, 4888, 4988, 4889, 4990, 4890, 4989, 4889, 4989, 4890, 4991, 4891, 4990, 4890, 4990, 4891, 4992, 4892, 4991, 4891, 4991, 4892, 4993, 4893, 4992, 4892, 4992, 4893, 4994, 4894, 4993, 4893, 4993, 4894, 4995, 4895, 4994, 4894, 4994, 4895, 4996, 4896, 4995, 4895, 4995, 4896, 4997, 4897, 4996, 4896, 4996, 4897, 4998, 4898, 4997, 4897, 4997, 4898, 4999, 4899, 4998, 4898, 4998, 4899, 5000, 4900, 4999, 4899, 4999, 4900, 5001, 4901, 5000, 4900, 5000, 4901, 5002, 4902, 5001, 4901, 5001, 4902, 5003, 4903, 5002, 4902, 5002, 4903, 5004, 4904, 5003, 4903, 5003, 4904, 5005, 4905, 5004, 4904, 5004, 4905, 4905, 5005, 4906, 5006, 4906, 5005, 4906, 5006, 4907, 5007, 4907, 5006, 4907, 5007, 4908, 5008, 4908, 5007, 4908, 5008, 4909, 5009, 4909, 5008, 4909, 5009, 4910, 5010, 4910, 5009, 4910, 5010, 4911, 5011, 4911, 5010, 4911, 5011, 4912, 5012, 4912, 5011, 4912, 5012, 4913, 5013, 4913, 5012, 4913, 5013, 4914, 5014, 4914, 5013, 4914, 5014, 4915, 5015, 4915, 5014, 4915, 5015, 4916, 5016, 4916, 5015, 4916, 5016, 4917, 5017, 4917, 5016, 4917, 5017, 4918, 5018, 4918, 5017, 4918, 5018, 4919, 5019, 4919, 5018, 4919, 5019, 4920, 5020, 4920, 5019, 4920, 5020, 4921, 5021, 4921, 5020, 4921, 5021, 4922, 5022, 4922, 5021, 4922, 5022, 4923, 5023, 4923, 5022, 4923, 5023, 4924, 5024, 4924, 5023, 4924, 5024, 4925, 5025, 4925, 5024, 4925, 5025, 4926, 5026, 4926, 5025, 4926, 5026, 4927, 5027, 4927, 5026, 4927, 5027, 4928, 5028, 4928, 5027, 4928, 5028, 4929, 5029, 4929, 5028, 5029, 5030, 4929, 4930, 4929, 5030, 5030, 5031, 4930, 4931, 4930, 5031, 5031, 5032, 4931, 4932, 4931, 5032, 5032, 5033, 4932, 4933, 4932, 5033, 5033, 5034, 4933, 4934, 4933, 5034, 5034, 5035, 4934, 4935, 4934, 5035, 5035, 5036, 4935, 4936, 4935, 5036, 5036, 5037, 4936, 4937, 4936, 5037, 5037, 4938, 4937, 4838, 4937, 4938, 5038, 5039, 4938, 4939, 4938, 5039, 5039, 5040, 4939, 4940, 4939, 5040, 5040, 5041, 4940, 4941, 4940, 5041, 5041, 5042, 4941, 4942, 4941, 5042, 5042, 5043, 4942, 4943, 4942, 5043, 5043, 5044, 4943, 4944, 4943, 5044, 5044, 5045, 4944, 4945, 4944, 5045, 5045, 5046, 4945, 4946, 4945, 5046, 5046, 5047, 4946, 4947, 4946, 5047, 5047, 5048, 4947, 4948, 4947, 5048, 5048, 5049, 4948, 4949, 4948, 5049, 5049, 5050, 4949, 4950, 4949, 5050, 5050, 5051, 4950, 4951, 4950, 5051, 5051, 5052, 4951, 4952, 4951, 5052, 5052, 5053, 4952, 4953, 4952, 5053, 5053, 5054, 4953, 4954, 4953, 5054, 5054, 5055, 4954, 4955, 4954, 5055, 5056, 4956, 5055, 4955, 5055, 4956, 5057, 4957, 5056, 4956, 5056, 4957, 5058, 4958, 5057, 4957, 5057, 4958, 5059, 4959, 5058, 4958, 5058, 4959, 5060, 4960, 5059, 4959, 5059, 4960, 5061, 4961, 5060, 4960, 5060, 4961, 5062, 4962, 5061, 4961, 5061, 4962, 5063, 4963, 5062, 4962, 5062, 4963, 5064, 4964, 5063, 4963, 5063, 4964, 5065, 4965, 5064, 4964, 5064, 4965, 5066, 4966, 5065, 4965, 5065, 4966, 5067, 4967, 5066, 4966, 5066, 4967, 5068, 4968, 5067, 4967, 5067, 4968, 5069, 4969, 5068, 4968, 5068, 4969, 5070, 4970, 5069, 4969, 5069, 4970, 5071, 4971, 5070, 4970, 5070, 4971, 5072, 4972, 5071, 4971, 5071, 4972, 5073, 4973, 5072, 4972, 5072, 4973, 5074, 4974, 5073, 4973, 5073, 4974, 5075, 4975, 5074, 4974, 5074, 4975, 5076, 4976, 5075, 4975, 5075, 4976, 5077, 4977, 5076, 4976, 5076, 4977, 5078, 4978, 5077, 4977, 5077, 4978, 5079, 4979, 5078, 4978, 5078, 4979, 5080, 4980, 5079, 4979, 5079, 4980, 5081, 4981, 5080, 4980, 5080, 4981, 5082, 4982, 5081, 4981, 5081, 4982, 5083, 4983, 5082, 4982, 5082, 4983, 5084, 4984, 5083, 4983, 5083, 4984, 5085, 4985, 5084, 4984, 5084, 4985, 5086, 4986, 5085, 4985, 5085, 4986, 5087, 4987, 5086, 4986, 5086, 4987, 5088, 4988, 5087, 4987, 5087, 4988, 5089, 4989, 5088, 4988, 5088, 4989, 5090, 4990, 5089, 4989, 5089, 4990, 5091, 4991, 5090, 4990, 5090, 4991, 5092, 4992, 5091, 4991, 5091, 4992, 5093, 4993, 5092, 4992, 5092, 4993, 5094, 4994, 5093, 4993, 5093, 4994, 5095, 4995, 5094, 4994, 5094, 4995, 5096, 4996, 5095, 4995, 5095, 4996, 5097, 4997, 5096, 4996, 5096, 4997, 5098, 4998, 5097, 4997, 5097, 4998, 5099, 4999, 5098, 4998, 5098, 4999, 5100, 5000, 5099, 4999, 5099, 5000, 5101, 5001, 5100, 5000, 5100, 5001, 5102, 5002, 5101, 5001, 5101, 5002, 5103, 5003, 5102, 5002, 5102, 5003, 5104, 5004, 5103, 5003, 5103, 5004, 5105, 5005, 5104, 5004, 5104, 5005, 5005, 5105, 5006, 5106, 5006, 5105, 5006, 5106, 5007, 5107, 5007, 5106, 5007, 5107, 5008, 5108, 5008, 5107, 5008, 5108, 5009, 5109, 5009, 5108, 5009, 5109, 5010, 5110, 5010, 5109, 5010, 5110, 5011, 5111, 5011, 5110, 5011, 5111, 5012, 5112, 5012, 5111, 5012, 5112, 5013, 5113, 5013, 5112, 5013, 5113, 5014, 5114, 5014, 5113, 5014, 5114, 5015, 5115, 5015, 5114, 5015, 5115, 5016, 5116, 5016, 5115, 5016, 5116, 5017, 5117, 5017, 5116, 5017, 5117, 5018, 5118, 5018, 5117, 5018, 5118, 5019, 5119, 5019, 5118, 5019, 5119, 5020, 5120, 5020, 5119, 5020, 5120, 5021, 5121, 5021, 5120, 5021, 5121, 5022, 5122, 5022, 5121, 5022, 5122, 5023, 5123, 5023, 5122, 5023, 5123, 5024, 5124, 5024, 5123, 5024, 5124, 5025, 5125, 5025, 5124, 5025, 5125, 5026, 5126, 5026, 5125, 5026, 5126, 5027, 5127, 5027, 5126, 5027, 5127, 5028, 5128, 5028, 5127, 5028, 5128, 5029, 5129, 5029, 5128, 5029, 5129, 5030, 5130, 5030, 5129, 5130, 5131, 5030, 5031, 5030, 5131, 5131, 5132, 5031, 5032, 5031, 5132, 5132, 5133, 5032, 5033, 5032, 5133, 5133, 5134, 5033, 5034, 5033, 5134, 5134, 5135, 5034, 5035, 5034, 5135, 5135, 5136, 5035, 5036, 5035, 5136, 5136, 5137, 5036, 5037, 5036, 5137, 5137, 5038, 5037, 4938, 5037, 5038, 5138, 5039, 5139, 5038, 5139, 5039, 5140, 5040, 5138, 5039, 5138, 5040, 5141, 5041, 5140, 5040, 5140, 5041, 5142, 5042, 5141, 5041, 5141, 5042, 5143, 5043, 5142, 5042, 5142, 5043, 5144, 5044, 5143, 5043, 5143, 5044, 5145, 5045, 5144, 5044, 5144, 5045, 5146, 5046, 5145, 5045, 5145, 5046, 5147, 5047, 5146, 5046, 5146, 5047, 5148, 5048, 5147, 5047, 5147, 5048, 5149, 5049, 5148, 5048, 5148, 5049, 5150, 5050, 5149, 5049, 5149, 5050, 5151, 5051, 5150, 5050, 5150, 5051, 5152, 5052, 5151, 5051, 5151, 5052, 5153, 5053, 5152, 5052, 5152, 5053, 5154, 5054, 5153, 5053, 5153, 5054, 5155, 5055, 5154, 5054, 5154, 5055, 5156, 5056, 5155, 5055, 5155, 5056, 5157, 5057, 5156, 5056, 5156, 5057, 5158, 5058, 5157, 5057, 5157, 5058, 5159, 5059, 5158, 5058, 5158, 5059, 5160, 5060, 5159, 5059, 5159, 5060, 5161, 5061, 5160, 5060, 5160, 5061, 5162, 5062, 5161, 5061, 5161, 5062, 5163, 5063, 5162, 5062, 5162, 5063, 5164, 5064, 5163, 5063, 5163, 5064, 5165, 5065, 5164, 5064, 5164, 5065, 5166, 5066, 5165, 5065, 5165, 5066, 5167, 5067, 5166, 5066, 5166, 5067, 5168, 5068, 5167, 5067, 5167, 5068, 5169, 5069, 5168, 5068, 5168, 5069, 5170, 5070, 5169, 5069, 5169, 5070, 5171, 5071, 5170, 5070, 5170, 5071, 5172, 5072, 5171, 5071, 5171, 5072, 5173, 5073, 5172, 5072, 5172, 5073, 5174, 5074, 5173, 5073, 5173, 5074, 5175, 5075, 5174, 5074, 5174, 5075, 5176, 5076, 5175, 5075, 5175, 5076, 5177, 5077, 5176, 5076, 5176, 5077, 5178, 5078, 5177, 5077, 5177, 5078, 5179, 5079, 5178, 5078, 5178, 5079, 5180, 5080, 5179, 5079, 5179, 5080, 5180, 5181, 5080, 5081, 5080, 5181, 5181, 5182, 5081, 5082, 5081, 5182, 5182, 5183, 5082, 5083, 5082, 5183, 5183, 5184, 5083, 5084, 5083, 5184, 5184, 5185, 5084, 5085, 5084, 5185, 5185, 5186, 5085, 5086, 5085, 5186, 5186, 5187, 5086, 5087, 5086, 5187, 5187, 5188, 5087, 5088, 5087, 5188, 5188, 5189, 5088, 5089, 5088, 5189, 5189, 5190, 5089, 5090, 5089, 5190, 5190, 5191, 5090, 5091, 5090, 5191, 5191, 5192, 5091, 5092, 5091, 5192, 5192, 5193, 5092, 5093, 5092, 5193, 5193, 5194, 5093, 5094, 5093, 5194, 5194, 5195, 5094, 5095, 5094, 5195, 5195, 5196, 5095, 5096, 5095, 5196, 5196, 5197, 5096, 5097, 5096, 5197, 5197, 5198, 5097, 5098, 5097, 5198, 5198, 5199, 5098, 5099, 5098, 5199, 5199, 5200, 5099, 5100, 5099, 5200, 5200, 5201, 5100, 5101, 5100, 5201, 5201, 5202, 5101, 5102, 5101, 5202, 5202, 5203, 5102, 5103, 5102, 5203, 5203, 5204, 5103, 5104, 5103, 5204, 5204, 5205, 5104, 5105, 5104, 5205, 5105, 5205, 5106, 5206, 5106, 5205, 5106, 5206, 5107, 5207, 5107, 5206, 5107, 5207, 5108, 5208, 5108, 5207, 5108, 5208, 5109, 5209, 5109, 5208, 5109, 5209, 5110, 5210, 5110, 5209, 5110, 5210, 5111, 5211, 5111, 5210, 5111, 5211, 5112, 5212, 5112, 5211, 5112, 5212, 5113, 5213, 5113, 5212, 5113, 5213, 5114, 5214, 5114, 5213, 5114, 5214, 5115, 5215, 5115, 5214, 5115, 5215, 5116, 5216, 5116, 5215, 5116, 5216, 5117, 5217, 5117, 5216, 5117, 5217, 5118, 5218, 5118, 5217, 5118, 5218, 5119, 5219, 5119, 5218, 5119, 5219, 5120, 5220, 5120, 5219, 5120, 5220, 5121, 5221, 5121, 5220, 5121, 5221, 5122, 5222, 5122, 5221, 5122, 5222, 5123, 5223, 5123, 5222, 5123, 5223, 5124, 5224, 5124, 5223, 5124, 5224, 5125, 5225, 5125, 5224, 5125, 5225, 5126, 5226, 5126, 5225, 5126, 5226, 5127, 5227, 5127, 5226, 5127, 5227, 5128, 5228, 5128, 5227, 5128, 5228, 5129, 5229, 5129, 5228, 5129, 5229, 5130, 5230, 5130, 5229, 5231, 5131, 5230, 5130, 5230, 5131, 5232, 5132, 5231, 5131, 5231, 5132, 5233, 5133, 5232, 5132, 5232, 5133, 5234, 5134, 5233, 5133, 5233, 5134, 5235, 5135, 5234, 5134, 5234, 5135, 5236, 5136, 5235, 5135, 5235, 5136, 5237, 5137, 5236, 5136, 5236, 5137, 5139, 5038, 5237, 5137, 5237, 5038, 5238, 5138, 5239, 5139, 5239, 5138, 5240, 5140, 5238, 5138, 5238, 5140, 5241, 5141, 5240, 5140, 5240, 5141, 5242, 5142, 5241, 5141, 5241, 5142, 5243, 5143, 5242, 5142, 5242, 5143, 5244, 5144, 5243, 5143, 5243, 5144, 5245, 5145, 5244, 5144, 5244, 5145, 5246, 5146, 5245, 5145, 5245, 5146, 5247, 5147, 5246, 5146, 5246, 5147, 5248, 5148, 5247, 5147, 5247, 5148, 5249, 5149, 5248, 5148, 5248, 5149, 5250, 5150, 5249, 5149, 5249, 5150, 5251, 5151, 5250, 5150, 5250, 5151, 5252, 5152, 5251, 5151, 5251, 5152, 5253, 5153, 5252, 5152, 5252, 5153, 5254, 5154, 5253, 5153, 5253, 5154, 5255, 5155, 5254, 5154, 5254, 5155, 5256, 5156, 5255, 5155, 5255, 5156, 5257, 5157, 5256, 5156, 5256, 5157, 5258, 5158, 5257, 5157, 5257, 5158, 5259, 5159, 5258, 5158, 5258, 5159, 5260, 5160, 5259, 5159, 5259, 5160, 5261, 5161, 5260, 5160, 5260, 5161, 5262, 5162, 5261, 5161, 5261, 5162, 5263, 5163, 5262, 5162, 5262, 5163, 5264, 5164, 5263, 5163, 5263, 5164, 5265, 5165, 5264, 5164, 5264, 5165, 5266, 5166, 5265, 5165, 5265, 5166, 5267, 5167, 5266, 5166, 5266, 5167, 5268, 5168, 5267, 5167, 5267, 5168, 5269, 5169, 5268, 5168, 5268, 5169, 5270, 5170, 5269, 5169, 5269, 5170, 5271, 5171, 5270, 5170, 5270, 5171, 5272, 5172, 5271, 5171, 5271, 5172, 5273, 5173, 5272, 5172, 5272, 5173, 5274, 5174, 5273, 5173, 5273, 5174, 5275, 5175, 5274, 5174, 5274, 5175, 5276, 5176, 5275, 5175, 5275, 5176, 5277, 5177, 5276, 5176, 5276, 5177, 5278, 5178, 5277, 5177, 5277, 5178, 5279, 5179, 5278, 5178, 5278, 5179, 5280, 5180, 5279, 5179, 5279, 5180, 5280, 5281, 5180, 5181, 5180, 5281, 5281, 5282, 5181, 5182, 5181, 5282, 5282, 5283, 5182, 5183, 5182, 5283, 5283, 5284, 5183, 5184, 5183, 5284, 5284, 5285, 5184, 5185, 5184, 5285, 5285, 5286, 5185, 5186, 5185, 5286, 5286, 5287, 5186, 5187, 5186, 5287, 5287, 5288, 5187, 5188, 5187, 5288, 5288, 5289, 5188, 5189, 5188, 5289, 5289, 5290, 5189, 5190, 5189, 5290, 5290, 5291, 5190, 5191, 5190, 5291, 5291, 5292, 5191, 5192, 5191, 5292, 5292, 5293, 5192, 5193, 5192, 5293, 5293, 5294, 5193, 5194, 5193, 5294, 5294, 5295, 5194, 5195, 5194, 5295, 5295, 5296, 5195, 5196, 5195, 5296, 5296, 5297, 5196, 5197, 5196, 5297, 5297, 5298, 5197, 5198, 5197, 5298, 5298, 5299, 5198, 5199, 5198, 5299, 5299, 5300, 5199, 5200, 5199, 5300, 5300, 5301, 5200, 5201, 5200, 5301, 5301, 5302, 5201, 5202, 5201, 5302, 5302, 5303, 5202, 5203, 5202, 5303, 5303, 5304, 5203, 5204, 5203, 5304, 5304, 5305, 5204, 5205, 5204, 5305, 5205, 5305, 5206, 5306, 5206, 5305, 5206, 5306, 5207, 5307, 5207, 5306, 5207, 5307, 5208, 5308, 5208, 5307, 5208, 5308, 5209, 5309, 5209, 5308, 5209, 5309, 5210, 5310, 5210, 5309, 5210, 5310, 5211, 5311, 5211, 5310, 5211, 5311, 5212, 5312, 5212, 5311, 5212, 5312, 5213, 5313, 5213, 5312, 5213, 5313, 5214, 5314, 5214, 5313, 5214, 5314, 5215, 5315, 5215, 5314, 5215, 5315, 5216, 5316, 5216, 5315, 5216, 5316, 5217, 5317, 5217, 5316, 5217, 5317, 5218, 5318, 5218, 5317, 5218, 5318, 5219, 5319, 5219, 5318, 5219, 5319, 5220, 5320, 5220, 5319, 5220, 5320, 5221, 5321, 5221, 5320, 5221, 5321, 5222, 5322, 5222, 5321, 5222, 5322, 5223, 5323, 5223, 5322, 5223, 5323, 5224, 5324, 5224, 5323, 5224, 5324, 5225, 5325, 5225, 5324, 5225, 5325, 5226, 5326, 5226, 5325, 5226, 5326, 5227, 5327, 5227, 5326, 5227, 5327, 5228, 5328, 5228, 5327, 5228, 5328, 5229, 5329, 5229, 5328, 5229, 5329, 5230, 5330, 5230, 5329, 5331, 5231, 5330, 5230, 5330, 5231, 5332, 5232, 5331, 5231, 5331, 5232, 5333, 5233, 5332, 5232, 5332, 5233, 5334, 5234, 5333, 5233, 5333, 5234, 5335, 5235, 5334, 5234, 5334, 5235, 5336, 5236, 5335, 5235, 5335, 5236, 5337, 5237, 5336, 5236, 5336, 5237, 5239, 5139, 5337, 5237, 5337, 5139, 5338, 5238, 5339, 5239, 5339, 5238, 5340, 5240, 5338, 5238, 5338, 5240, 5341, 5241, 5340, 5240, 5340, 5241, 5342, 5242, 5341, 5241, 5341, 5242, 5343, 5243, 5342, 5242, 5342, 5243, 5344, 5244, 5343, 5243, 5343, 5244, 5345, 5245, 5344, 5244, 5344, 5245, 5346, 5246, 5345, 5245, 5345, 5246, 5347, 5247, 5346, 5246, 5346, 5247, 5348, 5248, 5347, 5247, 5347, 5248, 5349, 5249, 5348, 5248, 5348, 5249, 5350, 5250, 5349, 5249, 5349, 5250, 5351, 5251, 5350, 5250, 5350, 5251, 5352, 5252, 5351, 5251, 5351, 5252, 5353, 5253, 5352, 5252, 5352, 5253, 5354, 5254, 5353, 5253, 5353, 5254, 5355, 5255, 5354, 5254, 5354, 5255, 5356, 5256, 5355, 5255, 5355, 5256, 5357, 5257, 5356, 5256, 5356, 5257, 5358, 5258, 5357, 5257, 5357, 5258, 5359, 5259, 5358, 5258, 5358, 5259, 5360, 5260, 5359, 5259, 5359, 5260, 5361, 5261, 5360, 5260, 5360, 5261, 5362, 5262, 5361, 5261, 5361, 5262, 5363, 5263, 5362, 5262, 5362, 5263, 5364, 5264, 5363, 5263, 5363, 5264, 5365, 5265, 5364, 5264, 5364, 5265, 5366, 5266, 5365, 5265, 5365, 5266, 5367, 5267, 5366, 5266, 5366, 5267, 5368, 5268, 5367, 5267, 5367, 5268, 5369, 5269, 5368, 5268, 5368, 5269, 5370, 5270, 5369, 5269, 5369, 5270, 5371, 5271, 5370, 5270, 5370, 5271, 5372, 5272, 5371, 5271, 5371, 5272, 5373, 5273, 5372, 5272, 5372, 5273, 5374, 5274, 5373, 5273, 5373, 5274, 5375, 5275, 5374, 5274, 5374, 5275, 5376, 5276, 5375, 5275, 5375, 5276, 5377, 5277, 5376, 5276, 5376, 5277, 5378, 5278, 5377, 5277, 5377, 5278, 5379, 5279, 5378, 5278, 5378, 5279, 5380, 5280, 5379, 5279, 5379, 5280, 5380, 5381, 5280, 5281, 5280, 5381, 5381, 5382, 5281, 5282, 5281, 5382, 5382, 5383, 5282, 5283, 5282, 5383, 5383, 5384, 5283, 5284, 5283, 5384, 5384, 5385, 5284, 5285, 5284, 5385, 5385, 5386, 5285, 5286, 5285, 5386, 5386, 5387, 5286, 5287, 5286, 5387, 5387, 5388, 5287, 5288, 5287, 5388, 5388, 5389, 5288, 5289, 5288, 5389, 5389, 5390, 5289, 5290, 5289, 5390, 5390, 5391, 5290, 5291, 5290, 5391, 5391, 5392, 5291, 5292, 5291, 5392, 5392, 5393, 5292, 5293, 5292, 5393, 5393, 5394, 5293, 5294, 5293, 5394, 5394, 5395, 5294, 5295, 5294, 5395, 5395, 5396, 5295, 5296, 5295, 5396, 5396, 5397, 5296, 5297, 5296, 5397, 5397, 5398, 5297, 5298, 5297, 5398, 5398, 5399, 5298, 5299, 5298, 5399, 5399, 5400, 5299, 5300, 5299, 5400, 5400, 5401, 5300, 5301, 5300, 5401, 5401, 5402, 5301, 5302, 5301, 5402, 5402, 5403, 5302, 5303, 5302, 5403, 5403, 5404, 5303, 5304, 5303, 5404, 5404, 5405, 5304, 5305, 5304, 5405, 5305, 5405, 5306, 5406, 5306, 5405, 5306, 5406, 5307, 5407, 5307, 5406, 5307, 5407, 5308, 5408, 5308, 5407, 5308, 5408, 5309, 5409, 5309, 5408, 5309, 5409, 5310, 5410, 5310, 5409, 5310, 5410, 5311, 5411, 5311, 5410, 5311, 5411, 5312, 5412, 5312, 5411, 5312, 5412, 5313, 5413, 5313, 5412, 5313, 5413, 5314, 5414, 5314, 5413, 5314, 5414, 5315, 5415, 5315, 5414, 5315, 5415, 5316, 5416, 5316, 5415, 5316, 5416, 5317, 5417, 5317, 5416, 5317, 5417, 5318, 5418, 5318, 5417, 5318, 5418, 5319, 5419, 5319, 5418, 5319, 5419, 5320, 5420, 5320, 5419, 5320, 5420, 5321, 5421, 5321, 5420, 5321, 5421, 5322, 5422, 5322, 5421, 5322, 5422, 5323, 5423, 5323, 5422, 5323, 5423, 5324, 5424, 5324, 5423, 5324, 5424, 5325, 5425, 5325, 5424, 5325, 5425, 5326, 5426, 5326, 5425, 5326, 5426, 5327, 5427, 5327, 5426, 5327, 5427, 5328, 5428, 5328, 5427, 5328, 5428, 5329, 5429, 5329, 5428, 5329, 5429, 5330, 5430, 5330, 5429, 5431, 5331, 5430, 5330, 5430, 5331, 5432, 5332, 5431, 5331, 5431, 5332, 5433, 5333, 5432, 5332, 5432, 5333, 5434, 5334, 5433, 5333, 5433, 5334, 5435, 5335, 5434, 5334, 5434, 5335, 5436, 5336, 5435, 5335, 5435, 5336, 5437, 5337, 5436, 5336, 5436, 5337, 5339, 5239, 5437, 5337, 5437, 5239, 5438, 5338, 5439, 5339, 5439, 5338, 5440, 5340, 5438, 5338, 5438, 5340, 5441, 5341, 5440, 5340, 5440, 5341, 5442, 5342, 5441, 5341, 5441, 5342, 5443, 5343, 5442, 5342, 5442, 5343, 5444, 5344, 5443, 5343, 5443, 5344, 5445, 5345, 5444, 5344, 5444, 5345, 5446, 5346, 5445, 5345, 5445, 5346, 5447, 5347, 5446, 5346, 5446, 5347, 5448, 5348, 5447, 5347, 5447, 5348, 5449, 5349, 5448, 5348, 5448, 5349, 5450, 5350, 5449, 5349, 5449, 5350, 5451, 5351, 5450, 5350, 5450, 5351, 5452, 5352, 5451, 5351, 5451, 5352, 5453, 5353, 5452, 5352, 5452, 5353, 5454, 5354, 5453, 5353, 5453, 5354, 5455, 5355, 5454, 5354, 5454, 5355, 5456, 5356, 5455, 5355, 5455, 5356, 5457, 5357, 5456, 5356, 5456, 5357, 5458, 5358, 5457, 5357, 5457, 5358, 5459, 5359, 5458, 5358, 5458, 5359, 5460, 5360, 5459, 5359, 5459, 5360, 5461, 5361, 5460, 5360, 5460, 5361, 5462, 5362, 5461, 5361, 5461, 5362, 5463, 5363, 5462, 5362, 5462, 5363, 5464, 5364, 5463, 5363, 5463, 5364, 5465, 5365, 5464, 5364, 5464, 5365, 5466, 5366, 5465, 5365, 5465, 5366, 5467, 5367, 5466, 5366, 5466, 5367, 5468, 5368, 5467, 5367, 5467, 5368, 5469, 5369, 5468, 5368, 5468, 5369, 5470, 5370, 5469, 5369, 5469, 5370, 5471, 5371, 5470, 5370, 5470, 5371, 5472, 5372, 5471, 5371, 5471, 5372, 5473, 5373, 5472, 5372, 5472, 5373, 5474, 5374, 5473, 5373, 5473, 5374, 5475, 5375, 5474, 5374, 5474, 5375, 5476, 5376, 5475, 5375, 5475, 5376, 5477, 5377, 5476, 5376, 5476, 5377, 5478, 5378, 5477, 5377, 5477, 5378, 5479, 5379, 5478, 5378, 5478, 5379, 5479, 5480, 5379, 5380, 5379, 5480, 5480, 5481, 5380, 5381, 5380, 5481, 5481, 5482, 5381, 5382, 5381, 5482, 5482, 5483, 5382, 5383, 5382, 5483, 5483, 5484, 5383, 5384, 5383, 5484, 5484, 5485, 5384, 5385, 5384, 5485, 5485, 5486, 5385, 5386, 5385, 5486, 5486, 5487, 5386, 5387, 5386, 5487, 5487, 5488, 5387, 5388, 5387, 5488, 5488, 5489, 5388, 5389, 5388, 5489, 5489, 5490, 5389, 5390, 5389, 5490, 5490, 5491, 5390, 5391, 5390, 5491, 5491, 5492, 5391, 5392, 5391, 5492, 5492, 5493, 5392, 5393, 5392, 5493, 5493, 5494, 5393, 5394, 5393, 5494, 5494, 5495, 5394, 5395, 5394, 5495, 5495, 5496, 5395, 5396, 5395, 5496, 5496, 5497, 5396, 5397, 5396, 5497, 5497, 5498, 5397, 5398, 5397, 5498, 5498, 5499, 5398, 5399, 5398, 5499, 5499, 5500, 5399, 5400, 5399, 5500, 5500, 5501, 5400, 5401, 5400, 5501, 5501, 5502, 5401, 5402, 5401, 5502, 5502, 5503, 5402, 5403, 5402, 5503, 5503, 5504, 5403, 5404, 5403, 5504, 5504, 5505, 5404, 5405, 5404, 5505, 5405, 5505, 5406, 5506, 5406, 5505, 5406, 5506, 5407, 5507, 5407, 5506, 5407, 5507, 5408, 5508, 5408, 5507, 5408, 5508, 5409, 5509, 5409, 5508, 5409, 5509, 5410, 5510, 5410, 5509, 5410, 5510, 5411, 5511, 5411, 5510, 5411, 5511, 5412, 5512, 5412, 5511, 5412, 5512, 5413, 5513, 5413, 5512, 5413, 5513, 5414, 5514, 5414, 5513, 5414, 5514, 5415, 5515, 5415, 5514, 5415, 5515, 5416, 5516, 5416, 5515, 5416, 5516, 5417, 5517, 5417, 5516, 5417, 5517, 5418, 5518, 5418, 5517, 5418, 5518, 5419, 5519, 5419, 5518, 5419, 5519, 5420, 5520, 5420, 5519, 5420, 5520, 5421, 5521, 5421, 5520, 5421, 5521, 5422, 5522, 5422, 5521, 5422, 5522, 5423, 5523, 5423, 5522, 5423, 5523, 5424, 5524, 5424, 5523, 5424, 5524, 5425, 5525, 5425, 5524, 5425, 5525, 5426, 5526, 5426, 5525, 5426, 5526, 5427, 5527, 5427, 5526, 5427, 5527, 5428, 5528, 5428, 5527, 5428, 5528, 5429, 5529, 5429, 5528, 5530, 5430, 5529, 5429, 5529, 5430, 5531, 5431, 5530, 5430, 5530, 5431, 5532, 5432, 5531, 5431, 5531, 5432, 5533, 5433, 5532, 5432, 5532, 5433, 5534, 5434, 5533, 5433, 5533, 5434, 5535, 5435, 5534, 5434, 5534, 5435, 5536, 5436, 5535, 5435, 5535, 5436, 5537, 5437, 5536, 5436, 5536, 5437, 5439, 5339, 5537, 5437, 5537, 5339]
        point3f[] points = [(1.99698, -1.57768, 0.29961), (1.99807, -1.58703, 0.30179), (3.31731, -1.60480, 0.29961), (3.31712, -1.61412, 0.30179), (1.99918, -1.59649, 0.30339), (3.31693, -1.62356, 0.30339), (2.00030, -1.60604, 0.30439), (3.31673, -1.63308, 0.30439), (2.00143, -1.61563, 0.30479), (3.31653, -1.64264, 0.30479), (2.00256, -1.62523, 0.30459), (3.31634, -1.65221, 0.30459), (2.00368, -1.63479, 0.30379), (3.31614, -1.66175, 0.30379), (2.00479, -1.64429, 0.30239), (3.31595, -1.67122, 0.30239), (2.00590, -1.65368, 0.30040), (3.31575, -1.68058, 0.30040), (2.00698, -1.66292, 0.29783), (3.31557, -1.68980, 0.29783), (2.00805, -1.67199, 0.29468), (3.31538, -1.69884, 0.29468), (2.00908, -1.68084, 0.29097), (3.31520, -1.70767, 0.29097), (2.01009, -1.68944, 0.28671), (3.31502, -1.71624, 0.28671), (2.01107, -1.69775, 0.28192), (3.31485, -1.72453, 0.28192), (2.01201, -1.70575, 0.27663), (3.31469, -1.73250, 0.27663), (2.01291, -1.71339, 0.27084), (3.31453, -1.74013, 0.27084), (2.01376, -1.72066, 0.26458), (3.31438, -1.74737, 0.26458), (2.01456, -1.72752, 0.25788), (3.31424, -1.75421, 0.25788), (2.01532, -1.73394, 0.25077), (3.31411, -1.76062, 0.25077), (2.01602, -1.73990, 0.24326), (3.31399, -1.76656, 0.24326), (2.01666, -1.74538, 0.23540), (3.31388, -1.77202, 0.23540), (2.01724, -1.75035, 0.22721), (3.31377, -1.77698, 0.22721), (2.01776, -1.75480, 0.21873), (3.31368, -1.78142, 0.21873), (2.01822, -1.75870, 0.20998), (3.31360, -1.78531, 0.20998), (2.01861, -1.76205, 0.20101), (3.31354, -1.78865, 0.20101), (2.01894, -1.76483, 0.19184), (3.31348, -1.79141, 0.19184), (2.01920, -1.76702, 0.18252), (3.31343, -1.79360, 0.18252), (2.01939, -1.76862, 0.17308), (3.31340, -1.79520, 0.17308), (2.01950, -1.76962, 0.16356), (3.31338, -1.79620, 0.16356), (2.01955, -1.77002, 0.15400), (3.31337, -1.79660, 0.15400), (2.01953, -1.76982, 0.14442), (3.31338, -1.79640, 0.14442), (2.01943, -1.76902, 0.13488), (3.31339, -1.79560, 0.13488), (2.01927, -1.76762, 0.12541), (3.31342, -1.79420, 0.12541), (2.01904, -1.76562, 0.11605), (3.31346, -1.79221, 0.11605), (2.01873, -1.76304, 0.10683), (3.31352, -1.78963, 0.10683), (2.01836, -1.75988, 0.09778), (3.31358, -1.78649, 0.09778), (2.01793, -1.75616, 0.08896), (3.31366, -1.78278, 0.08896), (2.01742, -1.75189, 0.08038), (3.31374, -1.77852, 0.08038), (2.01686, -1.74710, 0.07209), (3.31384, -1.77374, 0.07209), (2.01624, -1.74178, 0.06412), (3.31395, -1.76844, 0.06412), (2.01556, -1.73598, 0.05649), (3.31407, -1.76265, 0.05649), (2.01482, -1.72971, 0.04924), (3.31420, -1.75640, 0.04924), (2.01403, -1.72299, 0.04240), (3.31433, -1.74970, 0.04240), (2.01319, -1.71586, 0.03600), (3.31448, -1.74259, 0.03600), (2.01231, -1.70833, 0.03005), (3.31463, -1.73508, 0.03005), (2.01139, -1.70045, 0.02459), (3.31480, -1.72722, 0.02459), (2.01042, -1.69224, 0.01963), (3.31496, -1.71904, 0.01963), (2.00942, -1.68373, 0.01519), (3.31514, -1.71055, 0.01519), (2.00840, -1.67497, 0.01130), (3.31532, -1.70181, 0.01130), (2.00734, -1.66597, 0.00796), (3.31550, -1.69284, 0.00796), (2.00626, -1.65678, 0.00519), (3.31569, -1.68367, 0.00519), (2.00516, -1.64743, 0.00301), (3.31588, -1.67436, 0.00301), (2.00405, -1.63797, 0.00141), (3.31608, -1.66492, 0.00141), (2.00293, -1.62842, 0.00041), (3.31627, -1.65540, 0.00041), (2.00181, -1.61883, 0.00001), (3.31647, -1.64583, 0.00001), (2.00068, -1.60923, 0.00021), (3.31667, -1.63626, 0.00021), (1.99956, -1.59967, 0.00101), (3.31686, -1.62673, 0.00101), (1.99844, -1.59017, 0.00241), (3.31705, -1.61726, 0.00241), (1.99734, -1.58078, 0.00440), (3.31725, -1.60789, 0.00440), (1.99625, -1.57154, 0.00697), (3.31744, -1.59867, 0.00697), (1.99519, -1.56247, 0.01012), (3.31762, -1.58963, 0.01012), (1.99415, -1.55362, 0.01383), (3.31780, -1.58081, 0.01383), (1.99314, -1.54503, 0.01809), (3.31798, -1.57224, 0.01809), (1.99217, -1.53671, 0.02288), (3.31815, -1.56395, 0.02288), (1.99123, -1.52872, 0.02817), (3.31831, -1.55597, 0.02817), (1.99033, -1.52107, 0.03396), (3.31847, -1.54835, 0.03396), (1.98948, -1.51381, 0.04022), (3.31862, -1.54110, 0.04022), (1.98867, -1.50695, 0.04692), (3.31876, -1.53426, 0.04692), (3.31889, -1.52786, 0.05403), (1.98792, -1.50052, 0.05403), (3.31902, -1.52191, 0.06154), (1.98722, -1.49456, 0.06154), (3.31913, -1.51645, 0.06940), (1.98658, -1.48908, 0.06940), (3.31923, -1.51149, 0.07759), (1.98600, -1.48411, 0.07759), (3.31932, -1.50706, 0.08607), (1.98547, -1.47966, 0.08607), (3.31940, -1.50317, 0.09482), (1.98501, -1.47576, 0.09482), (3.31947, -1.49983, 0.10379), (1.98462, -1.47241, 0.10379), (3.31952, -1.49706, 0.11296), (1.98430, -1.46964, 0.11296), (3.31957, -1.49488, 0.12228), (1.98404, -1.46745, 0.12228), (3.31960, -1.49328, 0.13172), (1.98385, -1.46585, 0.13172), (3.31962, -1.49228, 0.14124), (1.98373, -1.46484, 0.14124), (3.31963, -1.49188, 0.15080), (1.98369, -1.46444, 0.15080), (3.31963, -1.49208, 0.16038), (1.98371, -1.46464, 0.16038), (3.31961, -1.49288, 0.16992), (1.98380, -1.46544, 0.16992), (3.31958, -1.49428, 0.17939), (1.98397, -1.46685, 0.17939), (3.31954, -1.49627, 0.18875), (1.98420, -1.46884, 0.18875), (3.31949, -1.49884, 0.19797), (1.98451, -1.47142, 0.19797), (3.31942, -1.50199, 0.20702), (1.98488, -1.47458, 0.20702), (3.31935, -1.50570, 0.21584), (1.98531, -1.47830, 0.21584), (3.31926, -1.50996, 0.22442), (1.98581, -1.48257, 0.22442), (3.31916, -1.51474, 0.23271), (1.98638, -1.48737, 0.23271), (3.31905, -1.52004, 0.24068), (1.98700, -1.49268, 0.24068), (3.31893, -1.52583, 0.24831), (1.98768, -1.49848, 0.24831), (3.31881, -1.53208, 0.25556), (1.98842, -1.50476, 0.25556), (3.31867, -1.53878, 0.26240), (1.98921, -1.51147, 0.26240), (1.99004, -1.51860, 0.26880), (3.31852, -1.54589, 0.26880), (1.99093, -1.52613, 0.27475), (3.31837, -1.55339, 0.27475), (1.99185, -1.53401, 0.28021), (3.31820, -1.56125, 0.28021), (1.99282, -1.54222, 0.28517), (3.31804, -1.56944, 0.28517), (1.99381, -1.55073, 0.28961), (3.31786, -1.57792, 0.28961), (1.99484, -1.55950, 0.29350), (3.31768, -1.58667, 0.29350), (1.99590, -1.56849, 0.29684), (3.31750, -1.59564, 0.29684), (0.78879, -1.89160, 0.29961), (0.79292, -1.90015, 0.30179), (0.79710, -1.90882, 0.30339), (0.80132, -1.91756, 0.30439), (0.80556, -1.92634, 0.30479), (0.80981, -1.93513, 0.30459), (0.81404, -1.94389, 0.30379), (0.81823, -1.95258, 0.30239), (0.82238, -1.96118, 0.30040), (0.82647, -1.96965, 0.29783), (0.83048, -1.97795, 0.29468), (0.83439, -1.98605, 0.29097), (0.83819, -1.99392, 0.28671), (0.84187, -2.00153, 0.28192), (0.84540, -2.00885, 0.27663), (0.84878, -2.01586, 0.27084), (0.85200, -2.02251, 0.26458), (0.85503, -2.02879, 0.25788), (0.85787, -2.03467, 0.25077), (0.86051, -2.04013, 0.24326), (0.86293, -2.04514, 0.23540), (0.86513, -2.04970, 0.22721), (0.86709, -2.05377, 0.21873), (0.86882, -2.05734, 0.20998), (0.87030, -2.06041, 0.20101), (0.87152, -2.06295, 0.19184), (0.87249, -2.06495, 0.18252), (0.87320, -2.06642, 0.17308), (0.87364, -2.06734, 0.16356), (0.87382, -2.06771, 0.15400), (0.87373, -2.06752, 0.14442), (0.87338, -2.06679, 0.13488), (0.87276, -2.06550, 0.12541), (0.87188, -2.06368, 0.11605), (0.87073, -2.06131, 0.10683), (0.86934, -2.05842, 0.09778), (0.86769, -2.05502, 0.08896), (0.86581, -2.05111, 0.08038), (0.86369, -2.04671, 0.07209), (0.86134, -2.04185, 0.06412), (0.85877, -2.03654, 0.05649), (0.85600, -2.03079, 0.04924), (0.85303, -2.02464, 0.04240), (0.84988, -2.01811, 0.03600), (0.84655, -2.01122, 0.03005), (0.84306, -2.00401, 0.02459), (0.83943, -1.99649, 0.01963), (0.83567, -1.98870, 0.01519), (0.83180, -1.98067, 0.01130), (0.82782, -1.97243, 0.00796), (0.82375, -1.96402, 0.00519), (0.81962, -1.95546, 0.00301), (0.81544, -1.94680, 0.00141), (0.81122, -1.93805, 0.00041), (0.80698, -1.92927, 0.00001), (0.80273, -1.92049, 0.00021), (0.79851, -1.91173, 0.00101), (0.79431, -1.90303, 0.00241), (0.79016, -1.89444, 0.00440), (0.78607, -1.88597, 0.00697), (0.78206, -1.87767, 0.01012), (0.77815, -1.86957, 0.01383), (0.77435, -1.86169, 0.01809), (0.77067, -1.85408, 0.02288), (0.76714, -1.84676, 0.02817), (0.76376, -1.83976, 0.03396), (0.76054, -1.83311, 0.04022), (0.75751, -1.82683, 0.04692), (0.75467, -1.82095, 0.05403), (0.75204, -1.81549, 0.06154), (0.74961, -1.81047, 0.06940), (0.74741, -1.80592, 0.07759), (0.74545, -1.80185, 0.08607), (0.74372, -1.79827, 0.09482), (0.74224, -1.79521, 0.10379), (0.74102, -1.79267, 0.11296), (0.74005, -1.79066, 0.12228), (0.73934, -1.78920, 0.13172), (0.73890, -1.78828, 0.14124), (0.73872, -1.78791, 0.15080), (0.73881, -1.78809, 0.16038), (0.73916, -1.78883, 0.16992), (0.73978, -1.79011, 0.17939), (0.74067, -1.79194, 0.18875), (0.74181, -1.79430, 0.19797), (0.74320, -1.79719, 0.20702), (0.74485, -1.80060, 0.21584), (0.74673, -1.80451, 0.22442), (0.74886, -1.80890, 0.23271), (0.75120, -1.81377, 0.24068), (0.75377, -1.81908, 0.24831), (0.75654, -1.82482, 0.25556), (0.75951, -1.83097, 0.26240), (0.76267, -1.83750, 0.26880), (0.76599, -1.84439, 0.27475), (0.76948, -1.85161, 0.28021), (0.77311, -1.85913, 0.28517), (0.77687, -1.86692, 0.28961), (0.78074, -1.87495, 0.29350), (0.78472, -1.88318, 0.29684), (0.41304, -2.17457, 0.29961), (0.42123, -2.18008, 0.30179), (0.42951, -2.18565, 0.30339), (0.43787, -2.19128, 0.30439), (0.44627, -2.19693, 0.30479), (0.45467, -2.20259, 0.30459), (0.46304, -2.20822, 0.30379), (0.47135, -2.21382, 0.30239), (0.47958, -2.21935, 0.30040), (0.48767, -2.22480, 0.29783), (0.49561, -2.23014, 0.29468), (0.50335, -2.23536, 0.29097), (0.51088, -2.24042, 0.28671), (0.51816, -2.24532, 0.28192), (0.52516, -2.25003, 0.27663), (0.53185, -2.25454, 0.27084), (0.53821, -2.25882, 0.26458), (0.54422, -2.26286, 0.25788), (0.54984, -2.26665, 0.25077), (0.55506, -2.27016, 0.24326), (0.55986, -2.27339, 0.23540), (0.56421, -2.27632, 0.22721), (0.56810, -2.27894, 0.21873), (0.57152, -2.28124, 0.20998), (0.57445, -2.28321, 0.20101), (0.57688, -2.28485, 0.19184), (0.57880, -2.28614, 0.18252), (0.58020, -2.28708, 0.17308), (0.58108, -2.28767, 0.16356), (0.58143, -2.28791, 0.15400), (0.58125, -2.28779, 0.14442), (0.58055, -2.28732, 0.13488), (0.57932, -2.28649, 0.12541), (0.57758, -2.28532, 0.11605), (0.57532, -2.28380, 0.10683), (0.57255, -2.28193, 0.09778), (0.56930, -2.27974, 0.08896), (0.56556, -2.27723, 0.08038), (0.56136, -2.27440, 0.07209), (0.55671, -2.27127, 0.06412), (0.55163, -2.26785, 0.05649), (0.54613, -2.26415, 0.04924), (0.54025, -2.26019, 0.04240), (0.53401, -2.25599, 0.03600), (0.52742, -2.25156, 0.03005), (0.52052, -2.24691, 0.02459), (0.51333, -2.24208, 0.01963), (0.50589, -2.23706, 0.01519), (0.49821, -2.23190, 0.01130), (0.49033, -2.22659, 0.00796), (0.48229, -2.22118, 0.00519), (0.47411, -2.21567, 0.00301), (0.46582, -2.21009, 0.00141), (0.45746, -2.20447, 0.00041), (0.44907, -2.19882, 0.00001), (0.44066, -2.19316, 0.00021), (0.43229, -2.18752, 0.00101), (0.42398, -2.18193, 0.00241), (0.41576, -2.17640, 0.00440), (0.40766, -2.17095, 0.00697), (0.39973, -2.16561, 0.01012), (0.39198, -2.16039, 0.01383), (0.38445, -2.15532, 0.01809), (0.37718, -2.15043, 0.02288), (0.37018, -2.14572, 0.02817), (0.36348, -2.14121, 0.03396), (0.35712, -2.13693, 0.04022), (0.35112, -2.13289, 0.04692), (0.34549, -2.12910, 0.05403), (0.34027, -2.12559, 0.06154), (0.33548, -2.12236, 0.06940), (0.33112, -2.11943, 0.07759), (0.32723, -2.11681, 0.08607), (0.32381, -2.11451, 0.09482), (0.32088, -2.11254, 0.10379), (0.31845, -2.11090, 0.11296), (0.31653, -2.10961, 0.12228), (0.31513, -2.10867, 0.13172), (0.31426, -2.10807, 0.14124), (0.31390, -2.10784, 0.15080), (0.31408, -2.10796, 0.16038), (0.31478, -2.10843, 0.16992), (0.31601, -2.10926, 0.17939), (0.31776, -2.11043, 0.18875), (0.32002, -2.11195, 0.19797), (0.32278, -2.11381, 0.20702), (0.32604, -2.11601, 0.21584), (0.32977, -2.11852, 0.22442), (0.33397, -2.12135, 0.23271), (0.33863, -2.12448, 0.24068), (0.34371, -2.12790, 0.24831), (0.34920, -2.13159, 0.25556), (0.35508, -2.13555, 0.26240), (0.36132, -2.13976, 0.26880), (0.36791, -2.14419, 0.27475), (0.37481, -2.14883, 0.28021), (0.38200, -2.15367, 0.28517), (0.38944, -2.15869, 0.28961), (0.39712, -2.16385, 0.29350), (0.40500, -2.16915, 0.29684), (0.31591, -2.54034, 0.29961), (0.32586, -2.53919, 0.30179), (0.33593, -2.53802, 0.30339), (0.34610, -2.53684, 0.30439), (0.35631, -2.53566, 0.30479), (0.36653, -2.53447, 0.30459), (0.37671, -2.53329, 0.30379), (0.38683, -2.53211, 0.30239), (0.39682, -2.53095, 0.30040), (0.40667, -2.52981, 0.29783), (0.41632, -2.52869, 0.29468), (0.42574, -2.52760, 0.29097), (0.43490, -2.52654, 0.28671), (0.44375, -2.52551, 0.28192), (0.45226, -2.52452, 0.27663), (0.46040, -2.52358, 0.27084), (0.46814, -2.52268, 0.26458), (0.47544, -2.52183, 0.25788), (0.48228, -2.52104, 0.25077), (0.48863, -2.52030, 0.24326), (0.49446, -2.51962, 0.23540), (0.49976, -2.51901, 0.22721), (0.50449, -2.51846, 0.21873), (0.50865, -2.51798, 0.20998), (0.51221, -2.51756, 0.20101), (0.51517, -2.51722, 0.19184), (0.51750, -2.51695, 0.18252), (0.51921, -2.51675, 0.17308), (0.52027, -2.51663, 0.16356), (0.52070, -2.51658, 0.15400), (0.52049, -2.51660, 0.14442), (0.51963, -2.51670, 0.13488), (0.51814, -2.51688, 0.12541), (0.51602, -2.51712, 0.11605), (0.51327, -2.51744, 0.10683), (0.50991, -2.51783, 0.09778), (0.50594, -2.51829, 0.08896), (0.50140, -2.51882, 0.08038), (0.49629, -2.51941, 0.07209), (0.49063, -2.52007, 0.06412), (0.48445, -2.52079, 0.05649), (0.47778, -2.52156, 0.04924), (0.47062, -2.52239, 0.04240), (0.46303, -2.52327, 0.03600), (0.45502, -2.52420, 0.03005), (0.44663, -2.52517, 0.02459), (0.43788, -2.52619, 0.01963), (0.42883, -2.52724, 0.01519), (0.41949, -2.52832, 0.01130), (0.40991, -2.52943, 0.00796), (0.40012, -2.53057, 0.00519), (0.39017, -2.53172, 0.00301), (0.38009, -2.53289, 0.00141), (0.36993, -2.53407, 0.00041), (0.35972, -2.53526, 0.00001), (0.34950, -2.53645, 0.00021), (0.33931, -2.53763, 0.00101), (0.32920, -2.53880, 0.00241), (0.31921, -2.53996, 0.00440), (0.30936, -2.54110, 0.00697), (0.29971, -2.54222, 0.01012), (0.29029, -2.54332, 0.01383), (0.28113, -2.54438, 0.01809), (0.27228, -2.54541, 0.02288), (0.26377, -2.54639, 0.02817), (0.25563, -2.54734, 0.03396), (0.24789, -2.54824, 0.04022), (0.24059, -2.54908, 0.04692), (0.23375, -2.54988, 0.05403), (0.22740, -2.55061, 0.06154), (0.22157, -2.55129, 0.06940), (0.21627, -2.55191, 0.07759), (0.21154, -2.55245, 0.08607), (0.20738, -2.55294, 0.09482), (0.20382, -2.55335, 0.10379), (0.20086, -2.55369, 0.11296), (0.19853, -2.55396, 0.12228), (0.19682, -2.55416, 0.13172), (0.19576, -2.55429, 0.14124), (0.19533, -2.55434, 0.15080), (0.19554, -2.55431, 0.16038), (0.19640, -2.55421, 0.16992), (0.19789, -2.55404, 0.17939), (0.20001, -2.55379, 0.18875), (0.20276, -2.55347, 0.19797), (0.20613, -2.55308, 0.20702), (0.21008, -2.55262, 0.21584), (0.21463, -2.55210, 0.22442), (0.21974, -2.55150, 0.23271), (0.22540, -2.55085, 0.24068), (0.23158, -2.55013, 0.24831), (0.23826, -2.54935, 0.25556), (0.24541, -2.54852, 0.26240), (0.25300, -2.54764, 0.26880), (0.26101, -2.54671, 0.27475), (0.26940, -2.54574, 0.28021), (0.27815, -2.54473, 0.28517), (0.28720, -2.54367, 0.28961), (0.29654, -2.54259, 0.29350), (0.30612, -2.54148, 0.29684), (0.53536, -2.95117, 0.29961), (0.54289, -2.94547, 0.30179), (0.55051, -2.93970, 0.30339), (0.55819, -2.93388, 0.30439), (0.56591, -2.92803, 0.30479), (0.57364, -2.92218, 0.30459), (0.58134, -2.91635, 0.30379), (0.58898, -2.91056, 0.30239), (0.59654, -2.90483, 0.30040), (0.60399, -2.89919, 0.29783), (0.61129, -2.89367, 0.29468), (0.61841, -2.88827, 0.29097), (0.62533, -2.88303, 0.28671), (0.63202, -2.87796, 0.28192), (0.63846, -2.87309, 0.27663), (0.64462, -2.86842, 0.27084), (0.65047, -2.86400, 0.26458), (0.65599, -2.85981, 0.25788), (0.66116, -2.85590, 0.25077), (0.66596, -2.85226, 0.24326), (0.67037, -2.84892, 0.23540), (0.67437, -2.84589, 0.22721), (0.67795, -2.84318, 0.21873), (0.68110, -2.84080, 0.20998), (0.68379, -2.83876, 0.20101), (0.68602, -2.83707, 0.19184), (0.68779, -2.83573, 0.18252), (0.68908, -2.83475, 0.17308), (0.68989, -2.83414, 0.16356), (0.69021, -2.83390, 0.15400), (0.69005, -2.83402, 0.14442), (0.68940, -2.83451, 0.13488), (0.68827, -2.83536, 0.12541), (0.68667, -2.83658, 0.11605), (0.68459, -2.83816, 0.10683), (0.68205, -2.84008, 0.09778), (0.67905, -2.84235, 0.08896), (0.67561, -2.84495, 0.08038), (0.67175, -2.84788, 0.07209), (0.66747, -2.85112, 0.06412), (0.66280, -2.85465, 0.05649), (0.65775, -2.85848, 0.04924), (0.65234, -2.86257, 0.04240), (0.64660, -2.86692, 0.03600), (0.64055, -2.87151, 0.03005), (0.63420, -2.87631, 0.02459), (0.62759, -2.88132, 0.01963), (0.62074, -2.88651, 0.01519), (0.61368, -2.89185, 0.01130), (0.60644, -2.89734, 0.00796), (0.59904, -2.90294, 0.00519), (0.59152, -2.90864, 0.00301), (0.58390, -2.91441, 0.00141), (0.57621, -2.92023, 0.00041), (0.56849, -2.92608, 0.00001), (0.56076, -2.93193, 0.00021), (0.55306, -2.93776, 0.00101), (0.54542, -2.94355, 0.00241), (0.53786, -2.94928, 0.00440), (0.53041, -2.95491, 0.00697), (0.52312, -2.96044, 0.01012), (0.37730, -2.70621, 0.01383), (0.51599, -2.96583, 0.01383), (0.37191, -2.71431, 0.01809), (0.50907, -2.97108, 0.01809), (0.36670, -2.72215, 0.02288), (0.50238, -2.97614, 0.02288), (0.36168, -2.72969, 0.02817), (0.49594, -2.98102, 0.02817), (0.35689, -2.73690, 0.03396), (0.48978, -2.98568, 0.03396), (0.35233, -2.74375, 0.04022), (0.48394, -2.99011, 0.04022), (0.34803, -2.75021, 0.04692), (0.47841, -2.99429, 0.04692), (0.34400, -2.75627, 0.05403), (0.47324, -2.99821, 0.05403), (0.46844, -3.00184, 0.06154), (0.34026, -2.76189, 0.06154), (0.46403, -3.00518, 0.06940), (0.33682, -2.76705, 0.06940), (0.46003, -3.00822, 0.07759), (0.33370, -2.77174, 0.07759), (0.45645, -3.01093, 0.08607), (0.33092, -2.77593, 0.08607), (0.45330, -3.01331, 0.09482), (0.32847, -2.77962, 0.09482), (0.45061, -3.01535, 0.10379), (0.32637, -2.78277, 0.10379), (0.44838, -3.01704, 0.11296), (0.32463, -2.78539, 0.11296), (0.44661, -3.01838, 0.12228), (0.32325, -2.78745, 0.12228), (0.44532, -3.01935, 0.13172), (0.32225, -2.78896, 0.13172), (0.44452, -3.01996, 0.14124), (0.32162, -2.78991, 0.14124), (0.44419, -3.02021, 0.15080), (0.32137, -2.79029, 0.15080), (0.44435, -3.02009, 0.16038), (0.32150, -2.79010, 0.16038), (0.44500, -3.01960, 0.16992), (0.32200, -2.78934, 0.16992), (0.44613, -3.01874, 0.17939), (0.32288, -2.78802, 0.17939), (0.44774, -3.01752, 0.18875), (0.32413, -2.78614, 0.18875), (0.44981, -3.01595, 0.19797), (0.32575, -2.78370, 0.19797), (0.45236, -3.01403, 0.20702), (0.32773, -2.78073, 0.20702), (0.45535, -3.01176, 0.21584), (0.33006, -2.77722, 0.21584), (0.45879, -3.00916, 0.22442), (0.33274, -2.77319, 0.22442), (0.46265, -3.00623, 0.23271), (0.33575, -2.76867, 0.23271), (0.46693, -3.00299, 0.24068), (0.33908, -2.76366, 0.24068), (0.47160, -2.99945, 0.24831), (0.34272, -2.75819, 0.24831), (0.47665, -2.99563, 0.25556), (0.34665, -2.75228, 0.25556), (0.35087, -2.74595, 0.26240), (0.48206, -2.99153, 0.26240), (0.35534, -2.73922, 0.26880), (0.48780, -2.98718, 0.26880), (0.36006, -2.73213, 0.27475), (0.49386, -2.98260, 0.27475), (0.36500, -2.72470, 0.28021), (0.50020, -2.97779, 0.28021), (0.37015, -2.71696, 0.28517), (0.50681, -2.97279, 0.28517), (0.37549, -2.70894, 0.28961), (0.51366, -2.96760, 0.28961), (0.38099, -2.70067, 0.29350), (0.52072, -2.96225, 0.29350), (0.52796, -2.95677, 0.29684), (1.02129, -3.41776, 0.29961), (1.02697, -3.41029, 0.30179), (1.03273, -3.40273, 0.30339), (1.03853, -3.39510, 0.30439), (1.04437, -3.38744, 0.30479), (1.05020, -3.37978, 0.30459), (1.05602, -3.37214, 0.30379), (1.06180, -3.36455, 0.30239), (1.06751, -3.35705, 0.30040), (1.07313, -3.34967, 0.29783), (1.07864, -3.34243, 0.29468), (1.08402, -3.33536, 0.29097), (1.08925, -3.32849, 0.28671), (1.09431, -3.32185, 0.28192), (1.09917, -3.31546, 0.27663), (1.10382, -3.30936, 0.27084), (1.10824, -3.30355, 0.26458), (1.11241, -3.29807, 0.25788), (1.11632, -3.29294, 0.25077), (1.11994, -3.28818, 0.24326), (1.12328, -3.28381, 0.23540), (1.12630, -3.27983, 0.22721), (1.12901, -3.27628, 0.21873), (1.13138, -3.27316, 0.20998), (1.13341, -3.27049, 0.20101), (1.13510, -3.26827, 0.19184), (1.13643, -3.26652, 0.18252), (1.13741, -3.26524, 0.17308), (1.13802, -3.26444, 0.16356), (1.13826, -3.26412, 0.15400), (1.13814, -3.26428, 0.14442), (1.13765, -3.26492, 0.13488), (1.13680, -3.26604, 0.12541), (1.13559, -3.26764, 0.11605), (1.13402, -3.26970, 0.10683), (1.13210, -3.27222, 0.09778), (1.12983, -3.27519, 0.08896), (1.12724, -3.27860, 0.08038), (1.12432, -3.28244, 0.07209), (1.12109, -3.28668, 0.06412), (1.11756, -3.29131, 0.05649), (1.11374, -3.29632, 0.04924), (1.10966, -3.30169, 0.04240), (1.10532, -3.30739, 0.03600), (1.10075, -3.31340, 0.03005), (1.09595, -3.31969, 0.02459), (1.09096, -3.32625, 0.01963), (1.08578, -3.33304, 0.01519), (1.08045, -3.34005, 0.01130), (1.07498, -3.34724, 0.00796), (1.06939, -3.35458, 0.00519), (1.06371, -3.36204, 0.00301), (1.05795, -3.36960, 0.00141), (1.05215, -3.37723, 0.00041), (1.04631, -3.38489, 0.00001), (1.04048, -3.39255, 0.00021), (1.03466, -3.40019, 0.00101), (1.02888, -3.40778, 0.00241), (1.02317, -3.41528, 0.00440), (1.01755, -3.42266, 0.00697), (1.01204, -3.42991, 0.01012), (1.00665, -3.43697, 0.01383), (1.00143, -3.44384, 0.01809), (0.99637, -3.45048, 0.02288), (0.99151, -3.45687, 0.02817), (0.98686, -3.46298, 0.03396), (0.98244, -3.46878, 0.04022), (0.97827, -3.47426, 0.04692), (0.97436, -3.47939, 0.05403), (0.97073, -3.48415, 0.06154), (0.96740, -3.48853, 0.06940), (0.96438, -3.49250, 0.07759), (0.96167, -3.49605, 0.08607), (0.95930, -3.49917, 0.09482), (0.95727, -3.50184, 0.10379), (0.95558, -3.50406, 0.11296), (0.95424, -3.50581, 0.12228), (0.95327, -3.50709, 0.13172), (0.95266, -3.50789, 0.14124), (0.95242, -3.50821, 0.15080), (0.95254, -3.50805, 0.16038), (0.95303, -3.50741, 0.16992), (0.95388, -3.50629, 0.17939), (0.95509, -3.50469, 0.18875), (0.95666, -3.50263, 0.19797), (0.95858, -3.50011, 0.20702), (0.96084, -3.49714, 0.21584), (0.96344, -3.49373, 0.22442), (0.96636, -3.48990, 0.23271), (0.96959, -3.48565, 0.24068), (0.97312, -3.48102, 0.24831), (0.97694, -3.47601, 0.25556), (0.98102, -3.47064, 0.26240), (0.98536, -3.46494, 0.26880), (0.98993, -3.45893, 0.27475), (0.99473, -3.45264, 0.28021), (0.99972, -3.44608, 0.28517), (1.00490, -3.43929, 0.28961), (1.01023, -3.43228, 0.29350), (1.01570, -3.42509, 0.29684), (1.59569, -3.75927, 0.29961), (1.59981, -3.75087, 0.30179), (1.60398, -3.74237, 0.30339), (1.60820, -3.73380, 0.30439), (1.61242, -3.72519, 0.30479), (1.61666, -3.71657, 0.30459), (1.62088, -3.70797, 0.30379), (1.62506, -3.69945, 0.30239), (1.62920, -3.69101, 0.30040), (1.63328, -3.68271, 0.29783), (1.63728, -3.67457, 0.29468), (1.64118, -3.66662, 0.29097), (1.64498, -3.65890, 0.28671), (1.64864, -3.65143, 0.28192), (1.65217, -3.64425, 0.27663), (1.65554, -3.63738, 0.27084), (1.65875, -3.63086, 0.26458), (1.66177, -3.62470, 0.25788), (1.66460, -3.61893, 0.25077), (1.66723, -3.61357, 0.24326), (1.66965, -3.60865, 0.23540), (1.67184, -3.60419, 0.22721), (1.67380, -3.60019, 0.21873), (1.67552, -3.59669, 0.20998), (1.67700, -3.59368, 0.20101), (1.67822, -3.59119, 0.19184), (1.67919, -3.58922, 0.18252), (1.67990, -3.58778, 0.17308), (1.68034, -3.58688, 0.16356), (1.68052, -3.58652, 0.15400), (1.68043, -3.58670, 0.14442), (1.68007, -3.58742, 0.13488), (1.67945, -3.58868, 0.12541), (1.67858, -3.59047, 0.11605), (1.67744, -3.59279, 0.10683), (1.67604, -3.59563, 0.09778), (1.67440, -3.59897, 0.08896), (1.67252, -3.60280, 0.08038), (1.67040, -3.60711, 0.07209), (1.66806, -3.61188, 0.06412), (1.66550, -3.61710, 0.05649), (1.66274, -3.62273, 0.04924), (1.65977, -3.62876, 0.04240), (1.65663, -3.63517, 0.03600), (1.65331, -3.64193, 0.03005), (1.64983, -3.64900, 0.02459), (1.64621, -3.65638, 0.01963), (1.64246, -3.66402, 0.01519), (1.63859, -3.67190, 0.01130), (1.63462, -3.67998, 0.00796), (1.63057, -3.68823, 0.00519), (1.62645, -3.69662, 0.00301), (1.62228, -3.70512, 0.00141), (1.61807, -3.71370, 0.00041), (1.61384, -3.72231, 0.00001), (1.60960, -3.73093, 0.00021), (1.60538, -3.73952, 0.00101), (1.60120, -3.74805, 0.00241), (1.59706, -3.75648, 0.00440), (1.59298, -3.76479, 0.00697), (1.58898, -3.77293, 0.01012), (1.58508, -3.78088, 0.01383), (1.58128, -3.78860, 0.01809), (1.57762, -3.79607, 0.02288), (1.57409, -3.80325, 0.02817), (1.57072, -3.81011, 0.03396), (1.56752, -3.81664, 0.04022), (1.56449, -3.82280, 0.04692), (1.56166, -3.82857, 0.05403), (1.55903, -3.83392, 0.06154), (1.55661, -3.83884, 0.06940), (1.55442, -3.84331, 0.07759), (1.55246, -3.84730, 0.08607), (1.55074, -3.85081, 0.09482), (1.54926, -3.85382, 0.10379), (1.54804, -3.85631, 0.11296), (1.54707, -3.85828, 0.12228), (1.54636, -3.85971, 0.13172), (1.54592, -3.86062, 0.14124), (1.54574, -3.86098, 0.15080), (1.54583, -3.86080, 0.16038), (1.54619, -3.86007, 0.16992), (1.54681, -3.85881, 0.17939), (1.54769, -3.85702, 0.18875), (1.54883, -3.85470, 0.19797), (1.55022, -3.85187, 0.20702), (1.55186, -3.84853, 0.21584), (1.55374, -3.84469, 0.22442), (1.55586, -3.84038, 0.23271), (1.55820, -3.83561, 0.24068), (1.56076, -3.83040, 0.24831), (1.56353, -3.82477, 0.25556), (1.56649, -3.81874, 0.26240), (1.56963, -3.81233, 0.26880), (1.57295, -3.80557, 0.27475), (1.57643, -3.79849, 0.28021), (1.58005, -3.79112, 0.28517), (1.58380, -3.78348, 0.28961), (1.58767, -3.77560, 0.29350), (1.59164, -3.76752, 0.29684), (2.31823, -4.04495, 0.29961), (2.32110, -4.03605, 0.30179), (2.32399, -4.02705, 0.30339), (2.32691, -4.01797, 0.30439), (2.32985, -4.00884, 0.30479), (2.33279, -3.99971, 0.30459), (2.33572, -3.99061, 0.30379), (2.33862, -3.98157, 0.30239), (2.34150, -3.97264, 0.30040), (2.34433, -3.96384, 0.29783), (2.34710, -3.95522, 0.29468), (2.34981, -3.94680, 0.29097), (2.35244, -3.93861, 0.28671), (2.35499, -3.93070, 0.28192), (2.35743, -3.92310, 0.27663), (2.35977, -3.91582, 0.27084), (2.36200, -3.90891, 0.26458), (2.36410, -3.90238, 0.25788), (2.36606, -3.89627, 0.25077), (2.36789, -3.89060, 0.24326), (2.36956, -3.88539, 0.23540), (2.37109, -3.88065, 0.22721), (2.37245, -3.87642, 0.21873), (2.37364, -3.87271, 0.20998), (2.37467, -3.86952, 0.20101), (2.37552, -3.86688, 0.19184), (2.37619, -3.86480, 0.18252), (2.37668, -3.86328, 0.17308), (2.37698, -3.86232, 0.16356), (2.37711, -3.86194, 0.15400), (2.37704, -3.86213, 0.14442), (2.37680, -3.86289, 0.13488), (2.37637, -3.86423, 0.12541), (2.37576, -3.86613, 0.11605), (2.37497, -3.86858, 0.10683), (2.37400, -3.87159, 0.09778), (2.37286, -3.87513, 0.08896), (2.37156, -3.87919, 0.08038), (2.37009, -3.88375, 0.07209), (2.36846, -3.88881, 0.06412), (2.36669, -3.89433, 0.05649), (2.36477, -3.90030, 0.04924), (2.36271, -3.90669, 0.04240), (2.36053, -3.91348, 0.03600), (2.35822, -3.92063, 0.03005), (2.35581, -3.92813, 0.02459), (2.35330, -3.93595, 0.01963), (2.35070, -3.94404, 0.01519), (2.34801, -3.95238, 0.01130), (2.34526, -3.96095, 0.00796), (2.34244, -3.96969, 0.00519), (2.33958, -3.97858, 0.00301), (2.33669, -3.98759, 0.00141), (2.33377, -3.99667, 0.00041), (2.33083, -4.00580, 0.00001), (2.32789, -4.01493, 0.00021), (2.32496, -4.02403, 0.00101), (2.32206, -4.03306, 0.00241), (2.31918, -4.04200, 0.00440), (2.31635, -4.05079, 0.00697), (2.31358, -4.05942, 0.01012), (2.31087, -4.06784, 0.01383), (2.30824, -4.07602, 0.01809), (2.30569, -4.08393, 0.02288), (2.30325, -4.09154, 0.02817), (2.30091, -4.09881, 0.03396), (2.29868, -4.10573, 0.04022), (2.29658, -4.11225, 0.04692), (2.29462, -4.11836, 0.05403), (2.29279, -4.12404, 0.06154), (2.29111, -4.12925, 0.06940), (2.28959, -4.13398, 0.07759), (2.28823, -4.13821, 0.08607), (2.28704, -4.14193, 0.09482), (2.28601, -4.14511, 0.10379), (2.28516, -4.14775, 0.11296), (2.28449, -4.14984, 0.12228), (2.28400, -4.15136, 0.13172), (2.28370, -4.15231, 0.14124), (2.28357, -4.15270, 0.15080), (2.28363, -4.15251, 0.16038), (2.28388, -4.15174, 0.16992), (2.28431, -4.15041, 0.17939), (2.28492, -4.14851, 0.18875), (2.28571, -4.14605, 0.19797), (2.28668, -4.14305, 0.20702), (2.28781, -4.13951, 0.21584), (2.28912, -4.13545, 0.22442), (2.29059, -4.13088, 0.23271), (2.29222, -4.12583, 0.24068), (2.29399, -4.12031, 0.24831), (2.29591, -4.11434, 0.25556), (2.29797, -4.10795, 0.26240), (2.30015, -4.10116, 0.26880), (2.30245, -4.09400, 0.27475), (2.30487, -4.08650, 0.28021), (2.30738, -4.07869, 0.28517), (2.30998, -4.07060, 0.28961), (2.31267, -4.06225, 0.29350), (2.31542, -4.05369, 0.29684), (3.66735, -4.38362, 0.29961), (3.66918, -4.37447, 0.30179), (3.67104, -4.36520, 0.30339), (3.67291, -4.35586, 0.30439), (3.67479, -4.34647, 0.30479), (3.67668, -4.33707, 0.30459), (3.67855, -4.32771, 0.30379), (3.68041, -4.31841, 0.30239), (3.68226, -4.30922, 0.30040), (3.68407, -4.30016, 0.29783), (3.68585, -4.29129, 0.29468), (3.68758, -4.28262, 0.29097), (3.68927, -4.27420, 0.28671), (3.69090, -4.26607, 0.28192), (3.69247, -4.25824, 0.27663), (3.69397, -4.25075, 0.27084), (3.69539, -4.24364, 0.26458), (3.69674, -4.23692, 0.25788), (3.69800, -4.23063, 0.25077), (3.69917, -4.22480, 0.24326), (3.70024, -4.21943, 0.23540), (3.70122, -4.21456, 0.22721), (3.70209, -4.21021, 0.21873), (3.70286, -4.20639, 0.20998), (3.70351, -4.20311, 0.20101), (3.70406, -4.20039, 0.19184), (3.70449, -4.19825, 0.18252), (3.70480, -4.19668, 0.17308), (3.70500, -4.19570, 0.16356), (3.70508, -4.19530, 0.15400), (3.70504, -4.19550, 0.14442), (3.70488, -4.19629, 0.13488), (3.70461, -4.19766, 0.12541), (3.70421, -4.19961, 0.11605), (3.70371, -4.20214, 0.10683), (3.70309, -4.20523, 0.09778), (3.70236, -4.20887, 0.08896), (3.70152, -4.21305, 0.08038), (3.70058, -4.21775, 0.07209), (3.69954, -4.22295, 0.06412), (3.69840, -4.22864, 0.05649), (3.69717, -4.23478, 0.04924), (3.69585, -4.24135, 0.04240), (3.69445, -4.24834, 0.03600), (3.69298, -4.25570, 0.03005), (3.69143, -4.26342, 0.02459), (3.68982, -4.27146, 0.01963), (3.68815, -4.27979, 0.01519), (3.68643, -4.28837, 0.01130), (3.68467, -4.29718, 0.00796), (3.68286, -4.30618, 0.00519), (3.68103, -4.31533, 0.00301), (3.67917, -4.32460, 0.00141), (3.67730, -4.33394, 0.00041), (3.67542, -4.34333, 0.00001), (3.67354, -4.35273, 0.00021), (3.67166, -4.36210, 0.00101), (3.66980, -4.37139, 0.00241), (3.66796, -4.38059, 0.00440), (3.66614, -4.38964, 0.00697), (3.66437, -4.39851, 0.01012), (3.66263, -4.40718, 0.01383), (3.66094, -4.41560, 0.01809), (3.65931, -4.42374, 0.02288), (3.65774, -4.43156, 0.02817), (3.65624, -4.43905, 0.03396), (3.65482, -4.44616, 0.04022), (3.65347, -4.45288, 0.04692), (3.65221, -4.45917, 0.05403), (3.65104, -4.46501, 0.06154), (3.64997, -4.47037, 0.06940), (3.64899, -4.47524, 0.07759), (3.64812, -4.47959, 0.08607), (3.64736, -4.48341, 0.09482), (3.64670, -4.48669, 0.10379), (3.64615, -4.48941, 0.11296), (3.64573, -4.49155, 0.12228), (3.64541, -4.49312, 0.13172), (3.64521, -4.49410, 0.14124), (3.64514, -4.49450, 0.15080), (3.64517, -4.49430, 0.16038), (3.64533, -4.49351, 0.16992), (3.64561, -4.49214, 0.17939), (3.64600, -4.49019, 0.18875), (3.64651, -4.48766, 0.19797), (3.64713, -4.48457, 0.20702), (3.64785, -4.48093, 0.21584), (3.64869, -4.47675, 0.22442), (3.64963, -4.47205, 0.23271), (3.65067, -4.46685, 0.24068), (3.65181, -4.46117, 0.24831), (3.65304, -4.45502, 0.25556), (3.65436, -4.44845, 0.26240), (3.65576, -4.44146, 0.26880), (3.65724, -4.43410, 0.27475), (3.65878, -4.42638, 0.28021), (3.66039, -4.41834, 0.28517), (3.66206, -4.41001, 0.28961), (3.66378, -4.40143, 0.29350), (3.66554, -4.39262, 0.29684), (5.82202, -4.70816, 0.29961), (5.82313, -4.69890, 0.30179), (5.82426, -4.68952, 0.30339), (5.82540, -4.68007, 0.30439), (5.82654, -4.67056, 0.30479), (5.82769, -4.66106, 0.30459), (5.82883, -4.65158, 0.30379), (5.82996, -4.64217, 0.30239), (5.83108, -4.63287, 0.30040), (5.83218, -4.62371, 0.29783), (5.83326, -4.61473, 0.29468), (5.83432, -4.60597, 0.29097), (5.83534, -4.59745, 0.28671), (5.83634, -4.58921, 0.28192), (5.83729, -4.58129, 0.27663), (5.83820, -4.57372, 0.27084), (5.83907, -4.56652, 0.26458), (5.83989, -4.55972, 0.25788), (5.84065, -4.55336, 0.25077), (5.84136, -4.54745, 0.24326), (5.84202, -4.54203, 0.23540), (5.84261, -4.53710, 0.22721), (5.84314, -4.53270, 0.21873), (5.84361, -4.52883, 0.20998), (5.84400, -4.52551, 0.20101), (5.84434, -4.52276, 0.19184), (5.84460, -4.52059, 0.18252), (5.84479, -4.51901, 0.17308), (5.84491, -4.51801, 0.16356), (5.84496, -4.51761, 0.15400), (5.84493, -4.51781, 0.14442), (5.84484, -4.51861, 0.13488), (5.84467, -4.52000, 0.12541), (5.84443, -4.52198, 0.11605), (5.84412, -4.52453, 0.10683), (5.84375, -4.52766, 0.09778), (5.84330, -4.53135, 0.08896), (5.84279, -4.53557, 0.08038), (5.84222, -4.54033, 0.07209), (5.84159, -4.54559, 0.06412), (5.84089, -4.55134, 0.05649), (5.84015, -4.55755, 0.04924), (5.83935, -4.56421, 0.04240), (5.83850, -4.57127, 0.03600), (5.83760, -4.57873, 0.03005), (5.83666, -4.58654, 0.02459), (5.83568, -4.59467, 0.01963), (5.83466, -4.60310, 0.01519), (5.83362, -4.61179, 0.01130), (5.83254, -4.62070, 0.00796), (5.83145, -4.62980, 0.00519), (5.83033, -4.63906, 0.00301), (5.82920, -4.64844, 0.00141), (5.82807, -4.65789, 0.00041), (5.82692, -4.66739, 0.00001), (5.82578, -4.67690, 0.00021), (5.82464, -4.68638, 0.00101), (5.82351, -4.69579, 0.00241), (5.82239, -4.70509, 0.00440), (5.82128, -4.71425, 0.00697), (5.82020, -4.72323, 0.01012), (5.81915, -4.73199, 0.01383), (5.81812, -4.74051, 0.01809), (5.81713, -4.74875, 0.02288), (5.81618, -4.75667, 0.02817), (5.81526, -4.76424, 0.03396), (5.81440, -4.77144, 0.04022), (5.81358, -4.77824, 0.04692), (5.81281, -4.78460, 0.05403), (5.81210, -4.79051, 0.06154), (5.81145, -4.79593, 0.06940), (5.81086, -4.80086, 0.07759), (5.81032, -4.80527, 0.08607), (5.80986, -4.80913, 0.09482), (5.80946, -4.81245, 0.10379), (5.80913, -4.81520, 0.11296), (5.80887, -4.81737, 0.12228), (5.80868, -4.81895, 0.13172), (5.80856, -4.81995, 0.14124), (5.80851, -4.82035, 0.15080), (5.80853, -4.82015, 0.16038), (5.80863, -4.81935, 0.16992), (5.80880, -4.81796, 0.17939), (5.80903, -4.81598, 0.18875), (5.80934, -4.81343, 0.19797), (5.80972, -4.81030, 0.20702), (5.81016, -4.80661, 0.21584), (5.81067, -4.80239, 0.22442), (5.81124, -4.79763, 0.23271), (5.81188, -4.79237, 0.24068), (5.81257, -4.78662, 0.24831), (5.81332, -4.78041, 0.25556), (5.81412, -4.77375, 0.26240), (5.81497, -4.76669, 0.26880), (5.81587, -4.75923, 0.27475), (5.81681, -4.75142, 0.28021), (5.81779, -4.74329, 0.28517), (5.81880, -4.73486, 0.28961), (5.81985, -4.72618, 0.29350), (5.82092, -4.71726, 0.29684), (6.72211, -4.78950, 0.29961), (6.72238, -4.78017, 0.30179), (6.72265, -4.77071, 0.30339), (6.72292, -4.76118, 0.30439), (6.72320, -4.75160, 0.30479), (6.72347, -4.74201, 0.30459), (6.72375, -4.73246, 0.30379), (6.72402, -4.72297, 0.30239), (6.72429, -4.71359, 0.30040), (6.72455, -4.70436, 0.29783), (6.72481, -4.69530, 0.29468), (6.72506, -4.68647, 0.29097), (6.72531, -4.67788, 0.28671), (6.72555, -4.66957, 0.28192), (6.72577, -4.66159, 0.27663), (6.72599, -4.65395, 0.27084), (6.72620, -4.64669, 0.26458), (6.72640, -4.63984, 0.25788), (6.72658, -4.63342, 0.25077), (6.72675, -4.62747, 0.24326), (6.72691, -4.62200, 0.23540), (6.72705, -4.61703, 0.22721), (6.72718, -4.61259, 0.21873), (6.72729, -4.60869, 0.20998), (6.72738, -4.60535, 0.20101), (6.72746, -4.60257, 0.19184), (6.72753, -4.60038, 0.18252), (6.72757, -4.59879, 0.17308), (6.72760, -4.59778, 0.16356), (6.72761, -4.59738, 0.15400), (6.72761, -4.59758, 0.14442), (6.72758, -4.59839, 0.13488), (6.72754, -4.59979, 0.12541), (6.72749, -4.60178, 0.11605), (6.72741, -4.60436, 0.10683), (6.72732, -4.60751, 0.09778), (6.72722, -4.61123, 0.08896), (6.72709, -4.61549, 0.08038), (6.72696, -4.62028, 0.07209), (6.72680, -4.62559, 0.06412), (6.72664, -4.63139, 0.05649), (6.72646, -4.63765, 0.04924), (6.72627, -4.64436, 0.04240), (6.72606, -4.65149, 0.03600), (6.72585, -4.65900, 0.03005), (6.72562, -4.66687, 0.02459), (6.72539, -4.67507, 0.01963), (6.72515, -4.68357, 0.01519), (6.72490, -4.69233, 0.01130), (6.72464, -4.70132, 0.00796), (6.72437, -4.71050, 0.00519), (6.72411, -4.71983, 0.00301), (6.72384, -4.72929, 0.00141), (6.72356, -4.73882, 0.00041), (6.72329, -4.74840, 0.00001), (6.72301, -4.75799, 0.00021), (6.72274, -4.76754, 0.00101), (6.72247, -4.77703, 0.00241), (6.72220, -4.78641, 0.00440), (6.72194, -4.79564, 0.00697), (6.72168, -4.80470, 0.01012), (6.72143, -4.81353, 0.01383), (6.72118, -4.82212, 0.01809), (6.72094, -4.83043, 0.02288), (6.72071, -4.83841, 0.02817), (6.72049, -4.84605, 0.03396), (6.72029, -4.85331, 0.04022), (6.72009, -4.86016, 0.04692), (6.71991, -4.86658, 0.05403), (6.71974, -4.87253, 0.06154), (6.71958, -4.87800, 0.06940), (6.71944, -4.88297, 0.07759), (6.71931, -4.88741, 0.08607), (6.71920, -4.89131, 0.09482), (6.71910, -4.89465, 0.10379), (6.71902, -4.89743, 0.11296), (6.71896, -4.89962, 0.12228), (6.71892, -4.90121, 0.13172), (6.71889, -4.90222, 0.14124), (6.71888, -4.90262, 0.15080), (6.71888, -4.90242, 0.16038), (6.71890, -4.90161, 0.16992), (6.71894, -4.90021, 0.17939), (6.71900, -4.89822, 0.18875), (6.71907, -4.89564, 0.19797), (6.71917, -4.89249, 0.20702), (6.71927, -4.88877, 0.21584), (6.71939, -4.88451, 0.22442), (6.71953, -4.87972, 0.23271), (6.71968, -4.87441, 0.24068), (6.71985, -4.86861, 0.24831), (6.72003, -4.86235, 0.25556), (6.72022, -4.85564, 0.26240), (6.72042, -4.84851, 0.26880), (6.72064, -4.84100, 0.27475), (6.72086, -4.83313, 0.28021), (6.72110, -4.82493, 0.28517), (6.72134, -4.81643, 0.28961), (6.72159, -4.80767, 0.29350), (6.72185, -4.79868, 0.29684), (7.81141, -4.75366, 0.29961), (7.81098, -4.74435, 0.30179), (7.81054, -4.73492, 0.30339), (7.81009, -4.72541, 0.30439), (7.80965, -4.71585, 0.30479), (7.80921, -4.70629, 0.30459), (7.80876, -4.69676, 0.30379), (7.80832, -4.68730, 0.30239), (7.80788, -4.67794, 0.30040), (7.80746, -4.66873, 0.29783), (7.80704, -4.65970, 0.29468), (7.80663, -4.65088, 0.29097), (7.80623, -4.64231, 0.28671), (7.80584, -4.63403, 0.28192), (7.80547, -4.62606, 0.27663), (7.80511, -4.61844, 0.27084), (7.80478, -4.61120, 0.26458), (7.80446, -4.60437, 0.25788), (7.80416, -4.59797, 0.25077), (7.80388, -4.59203, 0.24326), (7.80363, -4.58657, 0.23540), (7.80340, -4.58162, 0.22721), (7.80319, -4.57718, 0.21873), (7.80301, -4.57329, 0.20998), (7.80286, -4.56996, 0.20101), (7.80273, -4.56720, 0.19184), (7.80263, -4.56501, 0.18252), (7.80255, -4.56342, 0.17308), (7.80251, -4.56242, 0.16356), (7.80249, -4.56202, 0.15400), (7.80250, -4.56222, 0.14442), (7.80253, -4.56302, 0.13488), (7.80260, -4.56441, 0.12541), (7.80269, -4.56640, 0.11605), (7.80281, -4.56898, 0.10683), (7.80296, -4.57212, 0.09778), (7.80313, -4.57583, 0.08896), (7.80333, -4.58008, 0.08038), (7.80355, -4.58486, 0.07209), (7.80380, -4.59016, 0.06412), (7.80407, -4.59594, 0.05649), (7.80436, -4.60219, 0.04924), (7.80467, -4.60888, 0.04240), (7.80500, -4.61599, 0.03600), (7.80535, -4.62348, 0.03005), (7.80572, -4.63134, 0.02459), (7.80610, -4.63952, 0.01963), (7.80649, -4.64799, 0.01519), (7.80690, -4.65673, 0.01130), (7.80732, -4.66570, 0.00796), (7.80774, -4.67485, 0.00519), (7.80817, -4.68416, 0.00301), (7.80861, -4.69360, 0.00141), (7.80906, -4.70311, 0.00041), (7.80950, -4.71266, 0.00001), (7.80995, -4.72223, 0.00021), (7.81039, -4.73176, 0.00101), (7.81083, -4.74122, 0.00241), (7.81127, -4.75057, 0.00440), (7.81170, -4.75979, 0.00697), (7.81212, -4.76882, 0.01012), (7.81253, -4.77764, 0.01383), (7.81293, -4.78620, 0.01809), (7.81331, -4.79449, 0.02288), (7.81368, -4.80245, 0.02817), (7.81404, -4.81007, 0.03396), (7.81437, -4.81731, 0.04022), (7.81469, -4.82414, 0.04692), (7.81499, -4.83054, 0.05403), (7.81527, -4.83649, 0.06154), (7.81552, -4.84194, 0.06940), (7.81575, -4.84690, 0.07759), (7.81596, -4.85133, 0.08607), (7.81614, -4.85522, 0.09482), (7.81630, -4.85855, 0.10379), (7.81643, -4.86132, 0.11296), (7.81653, -4.86350, 0.12228), (7.81660, -4.86510, 0.13172), (7.81665, -4.86610, 0.14124), (7.81667, -4.86650, 0.15080), (7.81666, -4.86630, 0.16038), (7.81662, -4.86550, 0.16992), (7.81655, -4.86410, 0.17939), (7.81646, -4.86211, 0.18875), (7.81634, -4.85954, 0.19797), (7.81620, -4.85639, 0.20702), (7.81602, -4.85269, 0.21584), (7.81582, -4.84844, 0.22442), (7.81560, -4.84365, 0.23271), (7.81536, -4.83836, 0.24068), (7.81509, -4.83258, 0.24831), (7.81480, -4.82633, 0.25556), (7.81448, -4.81964, 0.26240), (7.81415, -4.81253, 0.26880), (7.81380, -4.80503, 0.27475), (7.81344, -4.79718, 0.28021), (7.81306, -4.78900, 0.28517), (7.81266, -4.78052, 0.28961), (7.81226, -4.77178, 0.29350), (7.81184, -4.76282, 0.29684), (9.24049, -4.65822, 0.30179), (9.24266, -4.66743, 0.29961), (9.23829, -4.64890, 0.30339), (9.23607, -4.63950, 0.30439), (9.23384, -4.63005, 0.30479), (9.23162, -4.62059, 0.30459), (9.22939, -4.61117, 0.30379), (9.22719, -4.60181, 0.30239), (9.22501, -4.59256, 0.30040), (9.22286, -4.58345, 0.29783), (9.22075, -4.57452, 0.29468), (9.21870, -4.56580, 0.29097), (9.21670, -4.55733, 0.28671), (9.21477, -4.54914, 0.28192), (9.21291, -4.54127, 0.27663), (9.21113, -4.53373, 0.27084), (9.20944, -4.52658, 0.26458), (9.20785, -4.51982, 0.25788), (9.20636, -4.51349, 0.25077), (9.20497, -4.50762, 0.24326), (9.20370, -4.50222, 0.23540), (9.20255, -4.49732, 0.22721), (9.20151, -4.49294, 0.21873), (9.20060, -4.48909, 0.20998), (9.19983, -4.48580, 0.20101), (9.19918, -4.48306, 0.19184), (9.19867, -4.48090, 0.18252), (9.19830, -4.47933, 0.17308), (9.19807, -4.47834, 0.16356), (9.19798, -4.47794, 0.15400), (9.19802, -4.47814, 0.14442), (9.19821, -4.47893, 0.13488), (9.19853, -4.48031, 0.12541), (9.19900, -4.48228, 0.11605), (9.19960, -4.48482, 0.10683), (9.20033, -4.48793, 0.09778), (9.20119, -4.49160, 0.08896), (9.20219, -4.49580, 0.08038), (9.20330, -4.50053, 0.07209), (9.20454, -4.50576, 0.06412), (9.20588, -4.51148, 0.05649), (9.20734, -4.51766, 0.04924), (9.20890, -4.52428, 0.04240), (9.21056, -4.53130, 0.03600), (9.21231, -4.53872, 0.03005), (9.21414, -4.54648, 0.02459), (9.21605, -4.55457, 0.01963), (9.21802, -4.56295, 0.01519), (9.22006, -4.57159, 0.01130), (9.22215, -4.58045, 0.00796), (9.22429, -4.58951, 0.00519), (9.22646, -4.59872, 0.00301), (9.22866, -4.60804, 0.00141), (9.23087, -4.61745, 0.00041), (9.23310, -4.62689, 0.00001), (9.23533, -4.63635, 0.00021), (9.23756, -4.64577, 0.00101), (9.23976, -4.65513, 0.00241), (9.24194, -4.66438, 0.00440), (9.24409, -4.67349, 0.00697), (9.24620, -4.68242, 0.01012), (9.24825, -4.69114, 0.01383), (9.25025, -4.69961, 0.01809), (9.25218, -4.70780, 0.02288), (9.25404, -4.71567, 0.02817), (9.25582, -4.72321, 0.03396), (9.25751, -4.73037, 0.04022), (9.25910, -4.73712, 0.04692), (9.26059, -4.74345, 0.05403), (9.26198, -4.74932, 0.06154), (9.26325, -4.75472, 0.06940), (9.26440, -4.75962, 0.07759), (9.26544, -4.76400, 0.08607), (9.26634, -4.76785, 0.09482), (9.26712, -4.77114, 0.10379), (9.26777, -4.77388, 0.11296), (9.26828, -4.77604, 0.12228), (9.26865, -4.77761, 0.13172), (9.26888, -4.77860, 0.14124), (9.26897, -4.77900, 0.15080), (9.26893, -4.77880, 0.16038), (9.26874, -4.77801, 0.16992), (9.26842, -4.77663, 0.17939), (9.26795, -4.77466, 0.18875), (9.26735, -4.77212, 0.19797), (9.26662, -4.76901, 0.20702), (9.26575, -4.76534, 0.21584), (9.26476, -4.76114, 0.22442), (9.26365, -4.75641, 0.23271), (9.26241, -4.75118, 0.24068), (9.26106, -4.74546, 0.24831), (9.25961, -4.73928, 0.25556), (9.25805, -4.73266, 0.26240), (9.25639, -4.72564, 0.26880), (9.25464, -4.71822, 0.27475), (9.25281, -4.71046, 0.28021), (9.25090, -4.70237, 0.28517), (9.24893, -4.69399, 0.28961), (9.24689, -4.68535, 0.29350), (9.24480, -4.67649, 0.29684), (10.18826, -4.25413, 0.30179), (10.19483, -4.26146, 0.29961), (10.18162, -4.24670, 0.30339), (10.17492, -4.23920, 0.30439), (10.16819, -4.23168, 0.30479), (10.16145, -4.22414, 0.30459), (10.15473, -4.21663, 0.30379), (10.14807, -4.20918, 0.30239), (10.14148, -4.20181, 0.30040), (10.13499, -4.19455, 0.29783), (10.12862, -4.18744, 0.29468), (10.12241, -4.18049, 0.29097), (10.11637, -4.17374, 0.28671), (10.11054, -4.16722, 0.28192), (10.10493, -4.16094, 0.27663), (10.09956, -4.15494, 0.27084), (10.09446, -4.14924, 0.26458), (10.08964, -4.14385, 0.25788), (10.08513, -4.13881, 0.25077), (10.08095, -4.13413, 0.24326), (10.07710, -4.12983, 0.23540), (10.07361, -4.12593, 0.22721), (10.07049, -4.12244, 0.21873), (10.06775, -4.11937, 0.20998), (10.06540, -4.11674, 0.20101), (10.06345, -4.11457, 0.19184), (10.06191, -4.11285, 0.18252), (10.06079, -4.11159, 0.17308), (10.06008, -4.11080, 0.16356), (10.05980, -4.11049, 0.15400), (10.05994, -4.11064, 0.14442), (10.06051, -4.11128, 0.13488), (10.06149, -4.11238, 0.12541), (10.06289, -4.11394, 0.11605), (10.06470, -4.11597, 0.10683), (10.06692, -4.11845, 0.09778), (10.06953, -4.12137, 0.08896), (10.07253, -4.12472, 0.08038), (10.07590, -4.12848, 0.07209), (10.07963, -4.13265, 0.06412), (10.08370, -4.13721, 0.05649), (10.08810, -4.14213, 0.04924), (10.09282, -4.14740, 0.04240), (10.09783, -4.15300, 0.03600), (10.10311, -4.15891, 0.03005), (10.10864, -4.16510, 0.02459), (10.11441, -4.17154, 0.01963), (10.12038, -4.17822, 0.01519), (10.12653, -4.18510, 0.01130), (10.13285, -4.19216, 0.00796), (10.13930, -4.19938, 0.00519), (10.14586, -4.20671, 0.00301), (10.15251, -4.21414, 0.00141), (10.15921, -4.22164, 0.00041), (10.16594, -4.22916, 0.00001), (10.17268, -4.23670, 0.00021), (10.17939, -4.24420, 0.00101), (10.18606, -4.25166, 0.00241), (10.19265, -4.25903, 0.00440), (10.19914, -4.26629, 0.00697), (10.20550, -4.27340, 0.01012), (10.21172, -4.28035, 0.01383), (10.21775, -4.28710, 0.01809), (10.22359, -4.29362, 0.02288), (10.22920, -4.29990, 0.02817), (10.23457, -4.30590, 0.03396), (10.23967, -4.31160, 0.04022), (10.24448, -4.31699, 0.04692), (10.24899, -4.32203, 0.05403), (10.25318, -4.32671, 0.06154), (10.25702, -4.33101, 0.06940), (10.26052, -4.33491, 0.07759), (10.26364, -4.33840, 0.08607), (10.26638, -4.34147, 0.09482), (10.26873, -4.34409, 0.10379), (10.27068, -4.34627, 0.11296), (10.27221, -4.34799, 0.12228), (10.27334, -4.34925, 0.13172), (10.27404, -4.35004, 0.14124), (10.27432, -4.35035, 0.15080), (10.27418, -4.35019, 0.16038), (10.27362, -4.34956, 0.16992), (10.27263, -4.34846, 0.17939), (10.27123, -4.34690, 0.18875), (10.26942, -4.34487, 0.19797), (10.26721, -4.34239, 0.20702), (10.26460, -4.33947, 0.21584), (10.26160, -4.33612, 0.22442), (10.25823, -4.33235, 0.23271), (10.25450, -4.32818, 0.24068), (10.25043, -4.32363, 0.24831), (10.24602, -4.31871, 0.25556), (10.24131, -4.31343, 0.26240), (10.23630, -4.30783, 0.26880), (10.23102, -4.30193, 0.27475), (10.22549, -4.29574, 0.28021), (10.21972, -4.28930, 0.28517), (10.21375, -4.28262, 0.28961), (10.20759, -4.27574, 0.29350), (10.20128, -4.26867, 0.29684), (10.69534, -3.35699, 0.30179), (10.70413, -3.36039, 0.29961), (10.68645, -3.35355, 0.30339), (10.67747, -3.35008, 0.30439), (10.66845, -3.34659, 0.30479), (10.65943, -3.34310, 0.30459), (10.65043, -3.33962, 0.30379), (10.64151, -3.33617, 0.30239), (10.63268, -3.33276, 0.30040), (10.62399, -3.32940, 0.29783), (10.61546, -3.32610, 0.29468), (10.60715, -3.32288, 0.29097), (10.59906, -3.31976, 0.28671), (10.59125, -3.31674, 0.28192), (10.58373, -3.31383, 0.27663), (10.57654, -3.31105, 0.27084), (10.56971, -3.30841, 0.26458), (10.56326, -3.30592, 0.25788), (10.55722, -3.30358, 0.25077), (10.55161, -3.30141, 0.24326), (10.54646, -3.29942, 0.23540), (10.54179, -3.29761, 0.22721), (10.53761, -3.29600, 0.21873), (10.53394, -3.29458, 0.20998), (10.53079, -3.29336, 0.20101), (10.52818, -3.29235, 0.19184), (10.52612, -3.29155, 0.18252), (10.52461, -3.29097, 0.17308), (10.52367, -3.29061, 0.16356), (10.52329, -3.29046, 0.15400), (10.52348, -3.29053, 0.14442), (10.52424, -3.29083, 0.13488), (10.52556, -3.29134, 0.12541), (10.52743, -3.29206, 0.11605), (10.52986, -3.29300, 0.10683), (10.53283, -3.29415, 0.09778), (10.53633, -3.29550, 0.08896), (10.54034, -3.29705, 0.08038), (10.54485, -3.29880, 0.07209), (10.54985, -3.30073, 0.06412), (10.55530, -3.30284, 0.05649), (10.56120, -3.30512, 0.04924), (10.56751, -3.30756, 0.04240), (10.57422, -3.31015, 0.03600), (10.58129, -3.31289, 0.03005), (10.58870, -3.31575, 0.02459), (10.59642, -3.31874, 0.01963), (10.60442, -3.32183, 0.01519), (10.61267, -3.32502, 0.01130), (10.62113, -3.32829, 0.00796), (10.62976, -3.33163, 0.00519), (10.63855, -3.33503, 0.00301), (10.64745, -3.33847, 0.00141), (10.65643, -3.34194, 0.00041), (10.66544, -3.34543, 0.00001), (10.67447, -3.34891, 0.00021), (10.68346, -3.35239, 0.00101), (10.69239, -3.35584, 0.00241), (10.70122, -3.35926, 0.00440), (10.70991, -3.36262, 0.00697), (10.71843, -3.36592, 0.01012), (10.72675, -3.36913, 0.01383), (10.73483, -3.37226, 0.01809), (10.74265, -3.37528, 0.02288), (10.75017, -3.37819, 0.02817), (10.75736, -3.38097, 0.03396), (10.76419, -3.38361, 0.04022), (10.77064, -3.38610, 0.04692), (10.77668, -3.38844, 0.05403), (10.78228, -3.39060, 0.06154), (10.78743, -3.39260, 0.06940), (10.79211, -3.39440, 0.07759), (10.79629, -3.39602, 0.08607), (10.79996, -3.39744, 0.09482), (10.80310, -3.39866, 0.10379), (10.80571, -3.39967, 0.11296), (10.80777, -3.40046, 0.12228), (10.80928, -3.40104, 0.13172), (10.81022, -3.40141, 0.14124), (10.81060, -3.40156, 0.15080), (10.81041, -3.40148, 0.16038), (10.80966, -3.40119, 0.16992), (10.80834, -3.40068, 0.17939), (10.80646, -3.39995, 0.18875), (10.80404, -3.39902, 0.19797), (10.80107, -3.39787, 0.20702), (10.79757, -3.39652, 0.21584), (10.79356, -3.39496, 0.22442), (10.78905, -3.39322, 0.23271), (10.78405, -3.39129, 0.24068), (10.77859, -3.38918, 0.24831), (10.77270, -3.38690, 0.25556), (10.76638, -3.38446, 0.26240), (10.75968, -3.38186, 0.26880), (10.75260, -3.37913, 0.27475), (10.74519, -3.37626, 0.28021), (10.73747, -3.37328, 0.28517), (10.72947, -3.37019, 0.28961), (10.72123, -3.36700, 0.29350), (10.71277, -3.36373, 0.29684), (10.88933, -2.50343, 0.30179), (10.89865, -2.50448, 0.29961), (10.87989, -2.50237, 0.30339), (10.87037, -2.50130, 0.30439), (10.86081, -2.50023, 0.30479), (10.85123, -2.49916, 0.30459), (10.84169, -2.49808, 0.30379), (10.83222, -2.49702, 0.30239), (10.82286, -2.49597, 0.30040), (10.81364, -2.49494, 0.29783), (10.80460, -2.49392, 0.29468), (10.79577, -2.49293, 0.29097), (10.78720, -2.49197, 0.28671), (10.77890, -2.49104, 0.28192), (10.77093, -2.49014, 0.27663), (10.76330, -2.48929, 0.27084), (10.75606, -2.48848, 0.26458), (10.74922, -2.48771, 0.25788), (10.74281, -2.48699, 0.25077), (10.73686, -2.48632, 0.24326), (10.73140, -2.48571, 0.23540), (10.72644, -2.48515, 0.22721), (10.72200, -2.48465, 0.21873), (10.71811, -2.48422, 0.20998), (10.71477, -2.48384, 0.20101), (10.71200, -2.48353, 0.19184), (10.70982, -2.48329, 0.18252), (10.70822, -2.48311, 0.17308), (10.70722, -2.48300, 0.16356), (10.70682, -2.48295, 0.15400), (10.70702, -2.48297, 0.14442), (10.70782, -2.48306, 0.13488), (10.70922, -2.48322, 0.12541), (10.71121, -2.48344, 0.11605), (10.71379, -2.48373, 0.10683), (10.71693, -2.48408, 0.09778), (10.72064, -2.48450, 0.08896), (10.72490, -2.48498, 0.08038), (10.72969, -2.48552, 0.07209), (10.73499, -2.48611, 0.06412), (10.74077, -2.48676, 0.05649), (10.74703, -2.48746, 0.04924), (10.75373, -2.48821, 0.04240), (10.76084, -2.48901, 0.03600), (10.76834, -2.48985, 0.03005), (10.77621, -2.49074, 0.02459), (10.78440, -2.49166, 0.01963), (10.79288, -2.49261, 0.01519), (10.80163, -2.49359, 0.01130), (10.81060, -2.49460, 0.00796), (10.81977, -2.49562, 0.00519), (10.82909, -2.49667, 0.00301), (10.83853, -2.49773, 0.00141), (10.84805, -2.49880, 0.00041), (10.85761, -2.49987, 0.00001), (10.86719, -2.50095, 0.00021), (10.87673, -2.50202, 0.00101), (10.88620, -2.50308, 0.00241), (10.89557, -2.50413, 0.00440), (10.90479, -2.50516, 0.00697), (10.91383, -2.50618, 0.01012), (10.92265, -2.50717, 0.01383), (10.93123, -2.50813, 0.01809), (10.93952, -2.50906, 0.02288), (10.94749, -2.50996, 0.02817), (10.95512, -2.51081, 0.03396), (10.96237, -2.51162, 0.04022), (10.96921, -2.51239, 0.04692), (10.97561, -2.51311, 0.05403), (10.98156, -2.51378, 0.06154), (10.98702, -2.51439, 0.06940), (10.99199, -2.51495, 0.07759), (10.99642, -2.51545, 0.08607), (11.00031, -2.51588, 0.09482), (11.00365, -2.51626, 0.10379), (11.00642, -2.51657, 0.11296), (11.00860, -2.51681, 0.12228), (11.01020, -2.51699, 0.13172), (11.01120, -2.51710, 0.14124), (11.01160, -2.51715, 0.15080), (11.01140, -2.51713, 0.16038), (11.01060, -2.51704, 0.16992), (11.00920, -2.51688, 0.17939), (11.00721, -2.51666, 0.18875), (11.00464, -2.51637, 0.19797), (11.00149, -2.51601, 0.20702), (10.99778, -2.51560, 0.21584), (10.99352, -2.51512, 0.22442), (10.98874, -2.51458, 0.23271), (10.98344, -2.51399, 0.24068), (10.97765, -2.51334, 0.24831), (10.97139, -2.51264, 0.25556), (10.96469, -2.51189, 0.26240), (10.95758, -2.51109, 0.26880), (10.95008, -2.51025, 0.27475), (10.94221, -2.50936, 0.28021), (10.93402, -2.50844, 0.28517), (10.92554, -2.50749, 0.28961), (10.91679, -2.50651, 0.29350), (10.90782, -2.50550, 0.29684), (10.88933, -1.53327, 0.30179), (10.89865, -1.53158, 0.29961), (10.87989, -1.53498, 0.30339), (10.87037, -1.53671, 0.30439), (10.86081, -1.53844, 0.30479), (10.85123, -1.54018, 0.30459), (10.84169, -1.54191, 0.30379), (10.83222, -1.54363, 0.30239), (10.82286, -1.54533, 0.30040), (10.81364, -1.54700, 0.29783), (10.80460, -1.54864, 0.29468), (10.79577, -1.55024, 0.29097), (10.78720, -1.55179, 0.28671), (10.77890, -1.55330, 0.28192), (10.77093, -1.55474, 0.27663), (10.76330, -1.55612, 0.27084), (10.75606, -1.55744, 0.26458), (10.74922, -1.55868, 0.25788), (10.74281, -1.55984, 0.25077), (10.73686, -1.56092, 0.24326), (10.73140, -1.56191, 0.23540), (10.72644, -1.56281, 0.22721), (10.72200, -1.56361, 0.21873), (10.71811, -1.56432, 0.20998), (10.71477, -1.56492, 0.20101), (10.71200, -1.56543, 0.19184), (10.70982, -1.56582, 0.18252), (10.70822, -1.56611, 0.17308), (10.70722, -1.56629, 0.16356), (10.70682, -1.56637, 0.15400), (10.70702, -1.56633, 0.14442), (10.70782, -1.56619, 0.13488), (10.70922, -1.56593, 0.12541), (10.71121, -1.56557, 0.11605), (10.71379, -1.56510, 0.10683), (10.71693, -1.56453, 0.09778), (10.72064, -1.56386, 0.08896), (10.72490, -1.56309, 0.08038), (10.72969, -1.56222, 0.07209), (10.73499, -1.56126, 0.06412), (10.74077, -1.56021, 0.05649), (10.74703, -1.55908, 0.04924), (10.75373, -1.55786, 0.04240), (10.76084, -1.55657, 0.03600), (10.76834, -1.55521, 0.03005), (10.77621, -1.55378, 0.02459), (10.78440, -1.55230, 0.01963), (10.79288, -1.55076, 0.01519), (10.80163, -1.54917, 0.01130), (10.81060, -1.54755, 0.00796), (10.81977, -1.54589, 0.00519), (10.82909, -1.54420, 0.00301), (10.83853, -1.54248, 0.00141), (10.84805, -1.54076, 0.00041), (10.85761, -1.53902, 0.00001), (10.86719, -1.53729, 0.00021), (10.87673, -1.53556, 0.00101), (10.88620, -1.53384, 0.00241), (10.89557, -1.53214, 0.00440), (10.90479, -1.53047, 0.00697), (10.91383, -1.52883, 0.01012), (10.92265, -1.52723, 0.01383), (10.93123, -1.52567, 0.01809), (10.93952, -1.52417, 0.02288), (10.94749, -1.52273, 0.02817), (10.95512, -1.52134, 0.03396), (10.96237, -1.52003, 0.04022), (10.96921, -1.51879, 0.04692), (10.97561, -1.51763, 0.05403), (10.98156, -1.51655, 0.06154), (10.98702, -1.51556, 0.06940), (10.99199, -1.51466, 0.07759), (10.99642, -1.51385, 0.08607), (11.00031, -1.51315, 0.09482), (11.00365, -1.51254, 0.10379), (11.00642, -1.51204, 0.11296), (11.00860, -1.51164, 0.12228), (11.01020, -1.51135, 0.13172), (11.01120, -1.51117, 0.14124), (11.01160, -1.51110, 0.15080), (11.01140, -1.51114, 0.16038), (11.01060, -1.51128, 0.16992), (11.00920, -1.51154, 0.17939), (11.00721, -1.51190, 0.18875), (11.00464, -1.51236, 0.19797), (11.00149, -1.51293, 0.20702), (10.99778, -1.51361, 0.21584), (10.99352, -1.51438, 0.22442), (10.98874, -1.51525, 0.23271), (10.98344, -1.51621, 0.24068), (10.97765, -1.51726, 0.24831), (10.97139, -1.51839, 0.25556), (10.96469, -1.51961, 0.26240), (10.95758, -1.52090, 0.26880), (10.95008, -1.52226, 0.27475), (10.94221, -1.52368, 0.28021), (10.93402, -1.52517, 0.28517), (10.92554, -1.52671, 0.28961), (10.91679, -1.52829, 0.29350), (10.90782, -1.52992, 0.29684), (10.53998, -0.60167, 0.30179), (10.54829, -0.59727, 0.29961), (10.53157, -0.60612, 0.30339), (10.52308, -0.61061, 0.30439), (10.51456, -0.61512, 0.30479), (10.50603, -0.61963, 0.30459), (10.49753, -0.62413, 0.30379), (10.48909, -0.62860, 0.30239), (10.48074, -0.63301, 0.30040), (10.47252, -0.63736, 0.29783), (10.46447, -0.64163, 0.29468), (10.45660, -0.64579, 0.29097), (10.44896, -0.64983, 0.28671), (10.44157, -0.65374, 0.28192), (10.43446, -0.65750, 0.27663), (10.42767, -0.66110, 0.27084), (10.42121, -0.66452, 0.26458), (10.41511, -0.66774, 0.25788), (10.40940, -0.67076, 0.25077), (10.40410, -0.67357, 0.24326), (10.39923, -0.67614, 0.23540), (10.39482, -0.67848, 0.22721), (10.39086, -0.68058, 0.21873), (10.38739, -0.68241, 0.20998), (10.38442, -0.68398, 0.20101), (10.38195, -0.68529, 0.19184), (10.38000, -0.68632, 0.18252), (10.37858, -0.68707, 0.17308), (10.37769, -0.68755, 0.16356), (10.37733, -0.68773, 0.15400), (10.37751, -0.68764, 0.14442), (10.37823, -0.68726, 0.13488), (10.37947, -0.68660, 0.12541), (10.38124, -0.68566, 0.11605), (10.38354, -0.68445, 0.10683), (10.38635, -0.68297, 0.09778), (10.38965, -0.68122, 0.08896), (10.39344, -0.67921, 0.08038), (10.39771, -0.67695, 0.07209), (10.40243, -0.67445, 0.06412), (10.40759, -0.67172, 0.05649), (10.41317, -0.66877, 0.04924), (10.41914, -0.66561, 0.04240), (10.42548, -0.66226, 0.03600), (10.43216, -0.65872, 0.03005), (10.43917, -0.65501, 0.02459), (10.44647, -0.65115, 0.01963), (10.45403, -0.64715, 0.01519), (10.46182, -0.64302, 0.01130), (10.46982, -0.63879, 0.00796), (10.47799, -0.63447, 0.00519), (10.48629, -0.63008, 0.00301), (10.49471, -0.62562, 0.00141), (10.50319, -0.62113, 0.00041), (10.51171, -0.61662, 0.00001), (10.52024, -0.61211, 0.00021), (10.52875, -0.60761, 0.00101), (10.53719, -0.60314, 0.00241), (10.54553, -0.59873, 0.00440), (10.55375, -0.59438, 0.00697), (10.56181, -0.59011, 0.01012), (10.56967, -0.58595, 0.01383), (10.57732, -0.58191, 0.01809), (10.58470, -0.57800, 0.02288), (10.59181, -0.57424, 0.02817), (10.59861, -0.57064, 0.03396), (10.60507, -0.56722, 0.04022), (10.61116, -0.56400, 0.04692), (10.61687, -0.56098, 0.05403), (10.62217, -0.55817, 0.06154), (10.62704, -0.55559, 0.06940), (10.63146, -0.55326, 0.07759), (10.63541, -0.55117, 0.08607), (10.63888, -0.54933, 0.09482), (10.64186, -0.54775, 0.10379), (10.64432, -0.54645, 0.11296), (10.64627, -0.54542, 0.12228), (10.64769, -0.54467, 0.13172), (10.64859, -0.54419, 0.14124), (10.64894, -0.54400, 0.15080), (10.64876, -0.54410, 0.16038), (10.64805, -0.54448, 0.16992), (10.64680, -0.54514, 0.17939), (10.64503, -0.54608, 0.18875), (10.64273, -0.54729, 0.19797), (10.63993, -0.54877, 0.20702), (10.63662, -0.55052, 0.21584), (10.63283, -0.55253, 0.22442), (10.62856, -0.55479, 0.23271), (10.62384, -0.55729, 0.24068), (10.61868, -0.56002, 0.24831), (10.61311, -0.56297, 0.25556), (10.60714, -0.56613, 0.26240), (10.60080, -0.56948, 0.26880), (10.59411, -0.57302, 0.27475), (10.58710, -0.57673, 0.28021), (10.57981, -0.58059, 0.28517), (10.57225, -0.58459, 0.28961), (10.56445, -0.58871, 0.29350), (10.55646, -0.59295, 0.29684), (10.07350, 0.05918, 0.30179), (10.08025, 0.06579, 0.29961), (10.06667, 0.05249, 0.30339), (10.05978, 0.04574, 0.30439), (10.05286, 0.03896, 0.30479), (10.04593, 0.03217, 0.30459), (10.03903, 0.02541, 0.30379), (10.03218, 0.01869, 0.30239), (10.02540, 0.01205, 0.30040), (10.01873, 0.00551, 0.29783), (10.01219, -0.00090, 0.29468), (10.00580, -0.00715, 0.29097), (9.99960, -0.01323, 0.28671), (9.99360, -0.01911, 0.28192), (9.98783, -0.02477, 0.27663), (9.98231, -0.03017, 0.27084), (9.97706, -0.03531, 0.26458), (9.97211, -0.04016, 0.25788), (9.96748, -0.04470, 0.25077), (9.96318, -0.04892, 0.24326), (9.95922, -0.05279, 0.23540), (9.95564, -0.05631, 0.22721), (9.95243, -0.05945, 0.21873), (9.94961, -0.06221, 0.20998), (9.94719, -0.06458, 0.20101), (9.94519, -0.06654, 0.19184), (9.94361, -0.06809, 0.18252), (9.94245, -0.06922, 0.17308), (9.94173, -0.06993, 0.16356), (9.94144, -0.07022, 0.15400), (9.94158, -0.07008, 0.14442), (9.94216, -0.06951, 0.13488), (9.94318, -0.06852, 0.12541), (9.94462, -0.06711, 0.11605), (9.94648, -0.06528, 0.10683), (9.94876, -0.06305, 0.09778), (9.95144, -0.06042, 0.08896), (9.95452, -0.05740, 0.08038), (9.95799, -0.05401, 0.07209), (9.96182, -0.05025, 0.06412), (9.96601, -0.04614, 0.05649), (9.97053, -0.04171, 0.04924), (9.97538, -0.03696, 0.04240), (9.98053, -0.03192, 0.03600), (9.98596, -0.02660, 0.03005), (9.99165, -0.02102, 0.02459), (9.99757, -0.01522, 0.01963), (10.00371, -0.00920, 0.01519), (10.01004, -0.00300, 0.01130), (10.01653, 0.00336, 0.00796), (10.02316, 0.00986, 0.00519), (10.02991, 0.01647, 0.00301), (10.03674, 0.02316, 0.00141), (10.04363, 0.02991, 0.00041), (10.05055, 0.03669, 0.00001), (10.05748, 0.04348, 0.00021), (10.06438, 0.05024, 0.00101), (10.07123, 0.05696, 0.00241), (10.07801, 0.06360, 0.00440), (10.08468, 0.07014, 0.00697), (10.09122, 0.07655, 0.01012), (10.09761, 0.08280, 0.01383), (10.10382, 0.08888, 0.01809), (10.10981, 0.09476, 0.02288), (10.11558, 0.10042, 0.02817), (10.12110, 0.10582, 0.03396), (10.12635, 0.11096, 0.04022), (10.13130, 0.11581, 0.04692), (10.13593, 0.12035, 0.05403), (10.14023, 0.12457, 0.06154), (10.14419, 0.12844, 0.06940), (10.14778, 0.13196, 0.07759), (10.15099, 0.13511, 0.08607), (10.15380, 0.13787, 0.09482), (10.15622, 0.14023, 0.10379), (10.15822, 0.14219, 0.11296), (10.15980, 0.14374, 0.12228), (10.16096, 0.14488, 0.13172), (10.16168, 0.14558, 0.14124), (10.16197, 0.14587, 0.15080), (10.16183, 0.14573, 0.16038), (10.16125, 0.14516, 0.16992), (10.16024, 0.14417, 0.17939), (10.15880, 0.14276, 0.18875), (10.15693, 0.14093, 0.19797), (10.15466, 0.13870, 0.20702), (10.15197, 0.13607, 0.21584), (10.14889, 0.13305, 0.22442), (10.14543, 0.12966, 0.23271), (10.14159, 0.12590, 0.24068), (10.13740, 0.12180, 0.24831), (10.13288, 0.11736, 0.25556), (10.12803, 0.11261, 0.26240), (10.12288, 0.10757, 0.26880), (10.11745, 0.10225, 0.27475), (10.11176, 0.09667, 0.28021), (10.10584, 0.09087, 0.28517), (10.09970, 0.08485, 0.28961), (10.09337, 0.07865, 0.29350), (10.08688, 0.07229, 0.29684), (9.33445, 0.60374, 0.30179), (9.33858, 0.61228, 0.29961), (9.33027, 0.59510, 0.30339), (9.32605, 0.58638, 0.30439), (9.32181, 0.57762, 0.30479), (9.31757, 0.56886, 0.30459), (9.31334, 0.56012, 0.30379), (9.30915, 0.55145, 0.30239), (9.30500, 0.54287, 0.30040), (9.30091, 0.53443, 0.29783), (9.29691, 0.52615, 0.29468), (9.29300, 0.51807, 0.29097), (9.28920, 0.51022, 0.28671), (9.28552, 0.50262, 0.28192), (9.28199, 0.49532, 0.27663), (9.27861, 0.48834, 0.27084), (9.27540, 0.48170, 0.26458), (9.27237, 0.47544, 0.25788), (9.26953, 0.46957, 0.25077), (9.26690, 0.46413, 0.24326), (9.26448, 0.45913, 0.23540), (9.26228, 0.45458, 0.22721), (9.26031, 0.45052, 0.21873), (9.25859, 0.44696, 0.20998), (9.25711, 0.44390, 0.20101), (9.25588, 0.44137, 0.19184), (9.25492, 0.43936, 0.18252), (9.25421, 0.43790, 0.17308), (9.25377, 0.43699, 0.16356), (9.25359, 0.43662, 0.15400), (9.25368, 0.43680, 0.14442), (9.25403, 0.43754, 0.13488), (9.25465, 0.43882, 0.12541), (9.25553, 0.44064, 0.11605), (9.25667, 0.44300, 0.10683), (9.25807, 0.44588, 0.09778), (9.25971, 0.44928, 0.08896), (9.26160, 0.45318, 0.08038), (9.26372, 0.45756, 0.07209), (9.26607, 0.46241, 0.06412), (9.26863, 0.46771, 0.05649), (9.27140, 0.47344, 0.04924), (9.27437, 0.47957, 0.04240), (9.27752, 0.48609, 0.03600), (9.28085, 0.49296, 0.03005), (9.28433, 0.50016, 0.02459), (9.28796, 0.50766, 0.01963), (9.29172, 0.51543, 0.01519), (9.29559, 0.52343, 0.01130), (9.29957, 0.53165, 0.00796), (9.30363, 0.54004, 0.00519), (9.30776, 0.54858, 0.00301), (9.31194, 0.55722, 0.00141), (9.31616, 0.56594, 0.00041), (9.32040, 0.57470, 0.00001), (9.32464, 0.58347, 0.00021), (9.32887, 0.59220, 0.00101), (9.33306, 0.60088, 0.00241), (9.33721, 0.60945, 0.00440), (9.34130, 0.61789, 0.00697), (9.34530, 0.62617, 0.01012), (9.34921, 0.63426, 0.01383), (9.35301, 0.64211, 0.01809), (9.35669, 0.64970, 0.02288), (9.36022, 0.65700, 0.02817), (9.36360, 0.66399, 0.03396), (9.36681, 0.67062, 0.04022), (9.36984, 0.67688, 0.04692), (9.37268, 0.68275, 0.05403), (9.37531, 0.68820, 0.06154), (9.37773, 0.69320, 0.06940), (9.37993, 0.69774, 0.07759), (9.38190, 0.70180, 0.08607), (9.38362, 0.70537, 0.09482), (9.38510, 0.70842, 0.10379), (9.38632, 0.71096, 0.11296), (9.38729, 0.71296, 0.12228), (9.38800, 0.71442, 0.13172), (9.38844, 0.71534, 0.14124), (9.38862, 0.71571, 0.15080), (9.38853, 0.71552, 0.16038), (9.38818, 0.71479, 0.16992), (9.38756, 0.71351, 0.17939), (9.38668, 0.71169, 0.18875), (9.38554, 0.70933, 0.19797), (9.38414, 0.70644, 0.20702), (9.38250, 0.70305, 0.21584), (9.38061, 0.69915, 0.22442), (9.37849, 0.69477, 0.23271), (9.37614, 0.68991, 0.24068), (9.37358, 0.68461, 0.24831), (9.37081, 0.67888, 0.25556), (9.36784, 0.67275, 0.26240), (9.36469, 0.66624, 0.26880), (9.36136, 0.65937, 0.27475), (9.35788, 0.65217, 0.28021), (9.35425, 0.64467, 0.28517), (9.35049, 0.63690, 0.28961), (9.34662, 0.62889, 0.29350), (9.34264, 0.62067, 0.29684), (8.48169, 0.83632, 0.30179), (8.48372, 0.84543, 0.29961), (8.47964, 0.82709, 0.30339), (8.47757, 0.81779, 0.30439), (8.47549, 0.80844, 0.30479), (8.47342, 0.79908, 0.30459), (8.47134, 0.78976, 0.30379), (8.46928, 0.78050, 0.30239), (8.46725, 0.77135, 0.30040), (8.46525, 0.76234, 0.29783), (8.46328, 0.75350, 0.29468), (8.46137, 0.74488, 0.29097), (8.45950, 0.73650, 0.28671), (8.45770, 0.72839, 0.28192), (8.45597, 0.72060, 0.27663), (8.45432, 0.71315, 0.27084), (8.45274, 0.70607, 0.26458), (8.45125, 0.69938, 0.25788), (8.44986, 0.69312, 0.25077), (8.44857, 0.68731, 0.24326), (8.44739, 0.68197, 0.23540), (8.44631, 0.67712, 0.22721), (8.44534, 0.67279, 0.21873), (8.44450, 0.66898, 0.20998), (8.44377, 0.66572, 0.20101), (8.44317, 0.66302, 0.19184), (8.44270, 0.66088, 0.18252), (8.44235, 0.65932, 0.17308), (8.44213, 0.65834, 0.16356), (8.44205, 0.65795, 0.15400), (8.44209, 0.65814, 0.14442), (8.44226, 0.65893, 0.13488), (8.44257, 0.66029, 0.12541), (8.44300, 0.66224, 0.11605), (8.44356, 0.66475, 0.10683), (8.44424, 0.66783, 0.09778), (8.44505, 0.67146, 0.08896), (8.44597, 0.67562, 0.08038), (8.44701, 0.68030, 0.07209), (8.44816, 0.68547, 0.06412), (8.44942, 0.69113, 0.05649), (8.45078, 0.69725, 0.04924), (8.45223, 0.70379, 0.04240), (8.45378, 0.71074, 0.03600), (8.45541, 0.71808, 0.03005), (8.45712, 0.72576, 0.02459), (8.45890, 0.73376, 0.01963), (8.46074, 0.74206, 0.01519), (8.46264, 0.75060, 0.01130), (8.46459, 0.75937, 0.00796), (8.46658, 0.76833, 0.00519), (8.46860, 0.77744, 0.00301), (8.47065, 0.78666, 0.00141), (8.47272, 0.79597, 0.00041), (8.47480, 0.80532, 0.00001), (8.47688, 0.81467, 0.00021), (8.47895, 0.82400, 0.00101), (8.48101, 0.83325, 0.00241), (8.48304, 0.84240, 0.00440), (8.48504, 0.85142, 0.00697), (8.48701, 0.86025, 0.01012), (8.48893, 0.86888, 0.01383), (8.49079, 0.87726, 0.01809), (8.49259, 0.88536, 0.02288), (8.49432, 0.89316, 0.02817), (8.49598, 0.90061, 0.03396), (8.49755, 0.90769, 0.04022), (8.49904, 0.91438, 0.04692), (8.50043, 0.92064, 0.05403), (8.50172, 0.92645, 0.06154), (8.50291, 0.93179, 0.06940), (8.50399, 0.93663, 0.07759), (8.50495, 0.94097, 0.08607), (8.50580, 0.94478, 0.09482), (8.50652, 0.94804, 0.10379), (8.50712, 0.95074, 0.11296), (8.50760, 0.95288, 0.12228), (8.50794, 0.95444, 0.13172), (8.50816, 0.95542, 0.14124), (8.50825, 0.95581, 0.15080), (8.50820, 0.95561, 0.16038), (8.50803, 0.95483, 0.16992), (8.50772, 0.95346, 0.17939), (8.50729, 0.95152, 0.18875), (8.50673, 0.94900, 0.19797), (8.50605, 0.94592, 0.20702), (8.50525, 0.94230, 0.21584), (8.50432, 0.93814, 0.22442), (8.50328, 0.93346, 0.23271), (8.50213, 0.92828, 0.24068), (8.50087, 0.92263, 0.24831), (8.49951, 0.91651, 0.25556), (8.49806, 0.90997, 0.26240), (8.49651, 0.90301, 0.26880), (8.49488, 0.89568, 0.27475), (8.49318, 0.88800, 0.28021), (8.49140, 0.87999, 0.28517), (8.48955, 0.87170, 0.28961), (8.48765, 0.86315, 0.29350), (8.48570, 0.85438, 0.29684), (5.36370, 1.37523, 0.30179), (5.36470, 1.38451, 0.29961), (5.36270, 1.36582, 0.30339), (5.36168, 1.35634, 0.30439), (5.36065, 1.34681, 0.30479), (5.35963, 1.33727, 0.30459), (5.35861, 1.32776, 0.30379), (5.35759, 1.31833, 0.30239), (5.35659, 1.30900, 0.30040), (5.35560, 1.29981, 0.29783), (5.35464, 1.29080, 0.29468), (5.35369, 1.28201, 0.29097), (5.35278, 1.27346, 0.28671), (5.35189, 1.26520, 0.28192), (5.35103, 1.25726, 0.27663), (5.35022, 1.24966, 0.27084), (5.34944, 1.24244, 0.26458), (5.34871, 1.23562, 0.25788), (5.34803, 1.22924, 0.25077), (5.34739, 1.22331, 0.24326), (5.34680, 1.21787, 0.23540), (5.34627, 1.21293, 0.22721), (5.34580, 1.20851, 0.21873), (5.34538, 1.20463, 0.20998), (5.34502, 1.20131, 0.20101), (5.34473, 1.19855, 0.19184), (5.34449, 1.19637, 0.18252), (5.34432, 1.19478, 0.17308), (5.34422, 1.19378, 0.16356), (5.34417, 1.19338, 0.15400), (5.34419, 1.19358, 0.14442), (5.34428, 1.19438, 0.13488), (5.34443, 1.19577, 0.12541), (5.34464, 1.19776, 0.11605), (5.34492, 1.20032, 0.10683), (5.34526, 1.20346, 0.09778), (5.34565, 1.20716, 0.08896), (5.34611, 1.21140, 0.08038), (5.34662, 1.21617, 0.07209), (5.34719, 1.22145, 0.06412), (5.34781, 1.22721, 0.05649), (5.34848, 1.23345, 0.04924), (5.34919, 1.24012, 0.04240), (5.34996, 1.24721, 0.03600), (5.35076, 1.25468, 0.03005), (5.35160, 1.26252, 0.02459), (5.35248, 1.27068, 0.01963), (5.35338, 1.27913, 0.01519), (5.35432, 1.28784, 0.01130), (5.35528, 1.29678, 0.00796), (5.35626, 1.30592, 0.00519), (5.35726, 1.31520, 0.00301), (5.35827, 1.32461, 0.00141), (5.35929, 1.33410, 0.00041), (5.36031, 1.34363, 0.00001), (5.36134, 1.35316, 0.00021), (5.36236, 1.36267, 0.00101), (5.36337, 1.37210, 0.00241), (5.36437, 1.38143, 0.00440), (5.36536, 1.39062, 0.00697), (5.36633, 1.39963, 0.01012), (5.36727, 1.40842, 0.01383), (5.36819, 1.41697, 0.01809), (5.36908, 1.42523, 0.02288), (5.36993, 1.43317, 0.02817), (5.37074, 1.44077, 0.03396), (5.37152, 1.44799, 0.04022), (5.37225, 1.45481, 0.04692), (5.37294, 1.46119, 0.05403), (5.37358, 1.46712, 0.06154), (5.37416, 1.47256, 0.06940), (5.37469, 1.47750, 0.07759), (5.37517, 1.48192, 0.08607), (5.37558, 1.48580, 0.09482), (5.37594, 1.48913, 0.10379), (5.37623, 1.49188, 0.11296), (5.37647, 1.49406, 0.12228), (5.37664, 1.49565, 0.13172), (5.37675, 1.49665, 0.14124), (5.37679, 1.49705, 0.15080), (5.37677, 1.49685, 0.16038), (5.37668, 1.49605, 0.16992), (5.37653, 1.49466, 0.17939), (5.37632, 1.49267, 0.18875), (5.37604, 1.49011, 0.19797), (5.37571, 1.48697, 0.20702), (5.37531, 1.48327, 0.21584), (5.37486, 1.47903, 0.22442), (5.37434, 1.47426, 0.23271), (5.37378, 1.46898, 0.24068), (5.37316, 1.46322, 0.24831), (5.37249, 1.45698, 0.25556), (5.37177, 1.45031, 0.26240), (5.37101, 1.44322, 0.26880), (5.37020, 1.43575, 0.27475), (5.36936, 1.42791, 0.28021), (5.36849, 1.41976, 0.28517), (5.36758, 1.41130, 0.28961), (5.36664, 1.40259, 0.29350), (5.36568, 1.39365, 0.29684), (1.70417, 1.53212, 0.30179), (1.70460, 1.54144, 0.29961), (1.70374, 1.52269, 0.30339), (1.70330, 1.51318, 0.30439), (1.70285, 1.50363, 0.30479), (1.70241, 1.49407, 0.30459), (1.70197, 1.48453, 0.30379), (1.70154, 1.47507, 0.30239), (1.70111, 1.46572, 0.30040), (1.70068, 1.45651, 0.29783), (1.70026, 1.44748, 0.29468), (1.69986, 1.43866, 0.29097), (1.69946, 1.43009, 0.28671), (1.69908, 1.42181, 0.28192), (1.69872, 1.41384, 0.27663), (1.69836, 1.40623, 0.27084), (1.69803, 1.39899, 0.26458), (1.69771, 1.39215, 0.25788), (1.69742, 1.38575, 0.25077), (1.69714, 1.37981, 0.24326), (1.69689, 1.37435, 0.23540), (1.69667, 1.36940, 0.22721), (1.69646, 1.36497, 0.21873), (1.69628, 1.36108, 0.20998), (1.69613, 1.35775, 0.20101), (1.69600, 1.35498, 0.19184), (1.69590, 1.35280, 0.18252), (1.69583, 1.35120, 0.17308), (1.69578, 1.35020, 0.16356), (1.69576, 1.34980, 0.15400), (1.69577, 1.35000, 0.14442), (1.69581, 1.35080, 0.13488), (1.69587, 1.35220, 0.12541), (1.69596, 1.35419, 0.11605), (1.69608, 1.35676, 0.10683), (1.69623, 1.35991, 0.09778), (1.69640, 1.36361, 0.08896), (1.69659, 1.36787, 0.08038), (1.69681, 1.37265, 0.07209), (1.69706, 1.37794, 0.06412), (1.69733, 1.38372, 0.05649), (1.69761, 1.38997, 0.04924), (1.69792, 1.39666, 0.04240), (1.69825, 1.40377, 0.03600), (1.69860, 1.41126, 0.03005), (1.69896, 1.41912, 0.02459), (1.69934, 1.42730, 0.01963), (1.69973, 1.43577, 0.01519), (1.70013, 1.44451, 0.01130), (1.70054, 1.45348, 0.00796), (1.70096, 1.46263, 0.00519), (1.70139, 1.47194, 0.00301), (1.70183, 1.48137, 0.00141), (1.70227, 1.49088, 0.00041), (1.70271, 1.50044, 0.00001), (1.70315, 1.51000, 0.00021), (1.70359, 1.51953, 0.00101), (1.70402, 1.52899, 0.00241), (1.70446, 1.53835, 0.00440), (1.70488, 1.54756, 0.00697), (1.70530, 1.55659, 0.01012), (1.70570, 1.56541, 0.01383), (1.70610, 1.57397, 0.01809), (1.70648, 1.58226, 0.02288), (1.70685, 1.59022, 0.02817), (1.70720, 1.59784, 0.03396), (1.70753, 1.60508, 0.04022), (1.70785, 1.61191, 0.04692), (1.70814, 1.61831, 0.05403), (1.70842, 1.62425, 0.06154), (1.70867, 1.62971, 0.06940), (1.70890, 1.63467, 0.07759), (1.70910, 1.63910, 0.08607), (1.70928, 1.64299, 0.09482), (1.70944, 1.64632, 0.10379), (1.70956, 1.64908, 0.11296), (1.70966, 1.65127, 0.12228), (1.70974, 1.65286, 0.13172), (1.70978, 1.65386, 0.14124), (1.70980, 1.65426, 0.15080), (1.70979, 1.65406, 0.16038), (1.70976, 1.65326, 0.16992), (1.70969, 1.65187, 0.17939), (1.70960, 1.64988, 0.18875), (1.70948, 1.64731, 0.19797), (1.70934, 1.64416, 0.20702), (1.70917, 1.64045, 0.21584), (1.70897, 1.63620, 0.22442), (1.70875, 1.63142, 0.23271), (1.70850, 1.62613, 0.24068), (1.70824, 1.62034, 0.24831), (1.70795, 1.61410, 0.25556), (1.70764, 1.60740, 0.26240), (1.70731, 1.60030, 0.26880), (1.70697, 1.59280, 0.27475), (1.70661, 1.58495, 0.28021), (1.70623, 1.57677, 0.28517), (1.70584, 1.56829, 0.28961), (1.70543, 1.55956, 0.29350), (1.70502, 1.55059, 0.29684), (-1.85232, 1.70768, 0.30179), (-1.85200, 1.71700, 0.29961), (-1.85266, 1.69825, 0.30339), (-1.85299, 1.68873, 0.30439), (-1.85332, 1.67917, 0.30479), (-1.85366, 1.66960, 0.30459), (-1.85399, 1.66007, 0.30379), (-1.85432, 1.65060, 0.30239), (-1.85465, 1.64124, 0.30040), (-1.85497, 1.63203, 0.29783), (-1.85529, 1.62299, 0.29468), (-1.85560, 1.61417, 0.29097), (-1.85590, 1.60560, 0.28671), (-1.85619, 1.59731, 0.28192), (-1.85647, 1.58934, 0.27663), (-1.85674, 1.58172, 0.27084), (-1.85699, 1.57447, 0.26458), (-1.85723, 1.56764, 0.25788), (-1.85746, 1.56123, 0.25077), (-1.85766, 1.55529, 0.24326), (-1.85786, 1.54983, 0.23540), (-1.85803, 1.54487, 0.22721), (-1.85818, 1.54044, 0.21873), (-1.85832, 1.53655, 0.20998), (-1.85844, 1.53321, 0.20101), (-1.85853, 1.53045, 0.19184), (-1.85861, 1.52826, 0.18252), (-1.85867, 1.52666, 0.17308), (-1.85870, 1.52566, 0.16356), (-1.85872, 1.52526, 0.15400), (-1.85871, 1.52546, 0.14442), (-1.85868, 1.52626, 0.13488), (-1.85863, 1.52766, 0.12541), (-1.85856, 1.52965, 0.11605), (-1.85847, 1.53222, 0.10683), (-1.85836, 1.53537, 0.09778), (-1.85823, 1.53908, 0.08896), (-1.85808, 1.54333, 0.08038), (-1.85791, 1.54812, 0.07209), (-1.85773, 1.55341, 0.06412), (-1.85753, 1.55920, 0.05649), (-1.85731, 1.56545, 0.04924), (-1.85707, 1.57215, 0.04240), (-1.85682, 1.57926, 0.03600), (-1.85656, 1.58676, 0.03005), (-1.85629, 1.59462, 0.02459), (-1.85600, 1.60280, 0.01963), (-1.85570, 1.61128, 0.01519), (-1.85540, 1.62002, 0.01130), (-1.85508, 1.62899, 0.00796), (-1.85476, 1.63815, 0.00519), (-1.85443, 1.64747, 0.00301), (-1.85410, 1.65690, 0.00141), (-1.85377, 1.66642, 0.00041), (-1.85343, 1.67598, 0.00001), (-1.85310, 1.68555, 0.00021), (-1.85277, 1.69508, 0.00101), (-1.85243, 1.70455, 0.00241), (-1.85211, 1.71391, 0.00440), (-1.85178, 1.72313, 0.00697), (-1.85147, 1.73216, 0.01012), (-1.85116, 1.74099, 0.01383), (-1.85086, 1.74956, 0.01809), (-1.85057, 1.75784, 0.02288), (-1.85029, 1.76581, 0.02817), (-1.85002, 1.77344, 0.03396), (-1.84977, 1.78068, 0.04022), (-1.84953, 1.78752, 0.04692), (-1.84930, 1.79392, 0.05403), (-1.84909, 1.79986, 0.06154), (-1.84890, 1.80533, 0.06940), (-1.84873, 1.81028, 0.07759), (-1.84857, 1.81472, 0.08607), (-1.84844, 1.81861, 0.09482), (-1.84832, 1.82194, 0.10379), (-1.84822, 1.82471, 0.11296), (-1.84815, 1.82689, 0.12228), (-1.84809, 1.82849, 0.13172), (-1.84806, 1.82949, 0.14124), (-1.84804, 1.82989, 0.15080), (-1.84805, 1.82969, 0.16038), (-1.84808, 1.82889, 0.16992), (-1.84813, 1.82749, 0.17939), (-1.84820, 1.82550, 0.18875), (-1.84829, 1.82293, 0.19797), (-1.84840, 1.81978, 0.20702), (-1.84853, 1.81607, 0.21584), (-1.84868, 1.81182, 0.22442), (-1.84884, 1.80703, 0.23271), (-1.84903, 1.80174, 0.24068), (-1.84923, 1.79595, 0.24831), (-1.84945, 1.78970, 0.25556), (-1.84969, 1.78300, 0.26240), (-1.84993, 1.77589, 0.26880), (-1.85020, 1.76839, 0.27475), (-1.85047, 1.76054, 0.28021), (-1.85076, 1.75235, 0.28517), (-1.85106, 1.74387, 0.28961), (-1.85136, 1.73513, 0.29350), (-1.85168, 1.72616, 0.29684), (-5.11198, 1.78457, 0.29961), (-5.11168, 1.77524, 0.30179), (-5.11137, 1.76579, 0.30339), (-5.11106, 1.75626, 0.30439), (-5.11075, 1.74669, 0.30479), (-5.11044, 1.73711, 0.30459), (-5.11013, 1.72756, 0.30379), (-5.10983, 1.71808, 0.30239), (-5.10952, 1.70871, 0.30040), (-5.10922, 1.69948, 0.29783), (-5.10893, 1.69043, 0.29468), (-5.10864, 1.68159, 0.29097), (-5.10836, 1.67301, 0.28671), (-5.10809, 1.66471, 0.28192), (-5.10784, 1.65673, 0.27663), (-5.10759, 1.64910, 0.27084), (-5.10735, 1.64184, 0.26458), (-5.10713, 1.63500, 0.25788), (-5.10692, 1.62859, 0.25077), (-5.10673, 1.62264, 0.24326), (-5.10655, 1.61717, 0.23540), (-5.10639, 1.61220, 0.22721), (-5.10625, 1.60776, 0.21873), (-5.10612, 1.60387, 0.20998), (-5.10601, 1.60052, 0.20101), (-5.10592, 1.59776, 0.19184), (-5.10585, 1.59557, 0.18252), (-5.10580, 1.59397, 0.17308), (-5.10577, 1.59297, 0.16356), (-5.10575, 1.59257, 0.15400), (-5.10576, 1.59277, 0.14442), (-5.10579, 1.59357, 0.13488), (-5.10583, 1.59497, 0.12541), (-5.10590, 1.59696, 0.11605), (-5.10598, 1.59954, 0.10683), (-5.10608, 1.60269, 0.09778), (-5.10620, 1.60640, 0.08896), (-5.10634, 1.61066, 0.08038), (-5.10650, 1.61545, 0.07209), (-5.10667, 1.62076, 0.06412), (-5.10686, 1.62655, 0.05649), (-5.10706, 1.63281, 0.04924), (-5.10728, 1.63952, 0.04240), (-5.10751, 1.64664, 0.03600), (-5.10775, 1.65415, 0.03005), (-5.10801, 1.66202, 0.02459), (-5.10827, 1.67021, 0.01963), (-5.10855, 1.67870, 0.01519), (-5.10883, 1.68746, 0.01130), (-5.10912, 1.69644, 0.00796), (-5.10942, 1.70561, 0.00519), (-5.10973, 1.71494, 0.00301), (-5.11003, 1.72439, 0.00141), (-5.11034, 1.73392, 0.00041), (-5.11065, 1.74350, 0.00001), (-5.11096, 1.75308, 0.00021), (-5.11127, 1.76263, 0.00101), (-5.11158, 1.77210, 0.00241), (-5.11188, 1.78148, 0.00440), (-5.11218, 1.79071, 0.00697), (-5.11248, 1.79976, 0.01012), (-5.11276, 1.80859, 0.01383), (-5.11304, 1.81717, 0.01809), (-5.11331, 1.82547, 0.02288), (-5.11357, 1.83345, 0.02817), (-5.11382, 1.84109, 0.03396), (-5.11405, 1.84834, 0.04022), (-5.11428, 1.85519, 0.04692), (-5.11448, 1.86160, 0.05403), (-5.11468, 1.86755, 0.06154), (-5.11485, 1.87302, 0.06940), (-5.11501, 1.87798, 0.07759), (-5.11516, 1.88242, 0.08607), (-5.11528, 1.88632, 0.09482), (-5.11539, 1.88966, 0.10379), (-5.11548, 1.89243, 0.11296), (-5.11555, 1.89462, 0.12228), (-5.11561, 1.89622, 0.13172), (-5.11564, 1.89722, 0.14124), (-5.11565, 1.89762, 0.15080), (-5.11564, 1.89742, 0.16038), (-5.11562, 1.89662, 0.16992), (-5.11557, 1.89522, 0.17939), (-5.11551, 1.89323, 0.18875), (-5.11543, 1.89065, 0.19797), (-5.11532, 1.88750, 0.20702), (-5.11520, 1.88378, 0.21584), (-5.11506, 1.87952, 0.22442), (-5.11491, 1.87473, 0.23271), (-5.11474, 1.86943, 0.24068), (-5.11455, 1.86363, 0.24831), (-5.11435, 1.85737, 0.25556), (-5.11413, 1.85067, 0.26240), (-5.11390, 1.84355, 0.26880), (-5.11365, 1.83604, 0.27475), (-5.11340, 1.82817, 0.28021), (-5.11313, 1.81997, 0.28517), (-5.11286, 1.81148, 0.28961), (-5.11257, 1.80273, 0.29350), (-5.11228, 1.79375, 0.29684), (-7.47504, 1.58183, 0.29961), (-7.47421, 1.57255, 0.30179), (-7.47337, 1.56314, 0.30339), (-7.47251, 1.55366, 0.30439), (-7.47166, 1.54413, 0.30479), (-7.47080, 1.53460, 0.30459), (-7.46995, 1.52510, 0.30379), (-7.46910, 1.51566, 0.30239), (-7.46826, 1.50634, 0.30040), (-7.46744, 1.49715, 0.29783), (-7.46663, 1.48815, 0.29468), (-7.46584, 1.47936, 0.29097), (-7.46507, 1.47081, 0.28671), (-7.46433, 1.46256, 0.28192), (-7.46362, 1.45461, 0.27663), (-7.46294, 1.44702, 0.27084), (-7.46229, 1.43980, 0.26458), (-7.46168, 1.43299, 0.25788), (-7.46110, 1.42661, 0.25077), (-7.46057, 1.42068, 0.24326), (-7.46009, 1.41524, 0.23540), (-7.45964, 1.41030, 0.22721), (-7.45924, 1.40588, 0.21873), (-7.45890, 1.40200, 0.20998), (-7.45860, 1.39868, 0.20101), (-7.45835, 1.39593, 0.19184), (-7.45815, 1.39375, 0.18252), (-7.45801, 1.39216, 0.17308), (-7.45792, 1.39116, 0.16356), (-7.45789, 1.39076, 0.15400), (-7.45791, 1.39096, 0.14442), (-7.45798, 1.39176, 0.13488), (-7.45810, 1.39315, 0.12541), (-7.45828, 1.39513, 0.11605), (-7.45851, 1.39770, 0.10683), (-7.45879, 1.40084, 0.09778), (-7.45912, 1.40453, 0.08896), (-7.45950, 1.40877, 0.08038), (-7.45993, 1.41354, 0.07209), (-7.46041, 1.41881, 0.06412), (-7.46092, 1.42458, 0.05649), (-7.46148, 1.43081, 0.04924), (-7.46208, 1.43748, 0.04240), (-7.46272, 1.44457, 0.03600), (-7.46339, 1.45204, 0.03005), (-7.46409, 1.45987, 0.02459), (-7.46482, 1.46803, 0.01963), (-7.46558, 1.47648, 0.01519), (-7.46636, 1.48519, 0.01130), (-7.46717, 1.49413, 0.00796), (-7.46799, 1.50326, 0.00519), (-7.46882, 1.51254, 0.00301), (-7.46967, 1.52194, 0.00141), (-7.47052, 1.53143, 0.00041), (-7.47137, 1.54095, 0.00001), (-7.47223, 1.55049, 0.00021), (-7.47308, 1.55999, 0.00101), (-7.47393, 1.56942, 0.00241), (-7.47477, 1.57875, 0.00440), (-7.47559, 1.58794, 0.00697), (-7.47640, 1.59694, 0.01012), (-7.47719, 1.60573, 0.01383), (-7.47795, 1.61427, 0.01809), (-7.47870, 1.62253, 0.02288), (-7.47941, 1.63047, 0.02817), (-7.48009, 1.63807, 0.03396), (-7.48074, 1.64529, 0.04022), (-7.48135, 1.65210, 0.04692), (-7.48193, 1.65848, 0.05403), (-7.48246, 1.66440, 0.06154), (-7.48294, 1.66985, 0.06940), (-7.48339, 1.67478, 0.07759), (-7.48379, 1.67920, 0.08607), (-7.48413, 1.68308, 0.09482), (-7.48443, 1.68641, 0.10379), (-7.48468, 1.68916, 0.11296), (-7.48487, 1.69134, 0.12228), (-7.48502, 1.69293, 0.13172), (-7.48511, 1.69393, 0.14124), (-7.48514, 1.69433, 0.15080), (-7.48513, 1.69413, 0.16038), (-7.48505, 1.69333, 0.16992), (-7.48493, 1.69193, 0.17939), (-7.48475, 1.68995, 0.18875), (-7.48452, 1.68739, 0.19797), (-7.48424, 1.68425, 0.20702), (-7.48391, 1.68056, 0.21584), (-7.48353, 1.67632, 0.22442), (-7.48310, 1.67155, 0.23271), (-7.48262, 1.66627, 0.24068), (-7.48211, 1.66051, 0.24831), (-7.48155, 1.65428, 0.25556), (-7.48095, 1.64760, 0.26240), (-7.48031, 1.64052, 0.26880), (-7.47964, 1.63304, 0.27475), (-7.47894, 1.62521, 0.28021), (-7.47821, 1.61706, 0.28517), (-7.47745, 1.60861, 0.28961), (-7.47666, 1.59990, 0.29350), (-7.47586, 1.59096, 0.29684), (-9.06056, 1.43314, 0.29961), (-9.05933, 1.42389, 0.30179), (-9.05808, 1.41453, 0.30339), (-9.05683, 1.40508, 0.30439), (-9.05556, 1.39559, 0.30479), (-9.05430, 1.38610, 0.30459), (-9.05304, 1.37663, 0.30379), (-9.05179, 1.36723, 0.30239), (-9.05055, 1.35794, 0.30040), (-9.04933, 1.34880, 0.29783), (-9.04813, 1.33983, 0.29468), (-9.04697, 1.33107, 0.29097), (-9.04584, 1.32257, 0.28671), (-9.04474, 1.31434, 0.28192), (-9.04368, 1.30643, 0.27663), (-9.04268, 1.29887, 0.27084), (-9.04172, 1.29168, 0.26458), (-9.04082, 1.28489, 0.25788), (-9.03997, 1.27854, 0.25077), (-9.03918, 1.27264, 0.24326), (-9.03846, 1.26722, 0.23540), (-9.03781, 1.26230, 0.22721), (-9.03722, 1.25790, 0.21873), (-9.03670, 1.25403, 0.20998), (-9.03626, 1.25072, 0.20101), (-9.03590, 1.24798, 0.19184), (-9.03561, 1.24581, 0.18252), (-9.03540, 1.24423, 0.17308), (-9.03527, 1.24323, 0.16356), (-9.03521, 1.24283, 0.15400), (-9.03524, 1.24303, 0.14442), (-9.03535, 1.24383, 0.13488), (-9.03553, 1.24522, 0.12541), (-9.03579, 1.24719, 0.11605), (-9.03613, 1.24974, 0.10683), (-9.03655, 1.25287, 0.09778), (-9.03704, 1.25655, 0.08896), (-9.03760, 1.26077, 0.08038), (-9.03824, 1.26552, 0.07209), (-9.03894, 1.27078, 0.06412), (-9.03970, 1.27652, 0.05649), (-9.04053, 1.28272, 0.04924), (-9.04141, 1.28937, 0.04240), (-9.04235, 1.29643, 0.03600), (-9.04334, 1.30387, 0.03005), (-9.04438, 1.31167, 0.02459), (-9.04547, 1.31979, 0.01963), (-9.04659, 1.32821, 0.01519), (-9.04774, 1.33688, 0.01130), (-9.04893, 1.34579, 0.00796), (-9.05014, 1.35488, 0.00519), (-9.05137, 1.36413, 0.00301), (-9.05262, 1.37349, 0.00141), (-9.05388, 1.38294, 0.00041), (-9.05514, 1.39242, 0.00001), (-9.05641, 1.40192, 0.00021), (-9.05767, 1.41138, 0.00101), (-9.05892, 1.42078, 0.00241), (-9.06015, 1.43007, 0.00440), (-9.06137, 1.43922, 0.00697), (-9.06257, 1.44819, 0.01012), (-9.06373, 1.45694, 0.01383), (-9.06487, 1.46545, 0.01809), (-9.06596, 1.47367, 0.02288), (-9.06702, 1.48158, 0.02817), (-9.06803, 1.48915, 0.03396), (-9.06898, 1.49634, 0.04022), (-9.06989, 1.50312, 0.04692), (-9.07073, 1.50948, 0.05403), (-9.07152, 1.51538, 0.06154), (-9.07224, 1.52080, 0.06940), (-9.07290, 1.52572, 0.07759), (-9.07348, 1.53012, 0.08607), (-9.07400, 1.53398, 0.09482), (-9.07444, 1.53729, 0.10379), (-9.07480, 1.54004, 0.11296), (-9.07509, 1.54220, 0.12228), (-9.07530, 1.54379, 0.13172), (-9.07544, 1.54478, 0.14124), (-9.07549, 1.54518, 0.15080), (-9.07546, 1.54498, 0.16038), (-9.07536, 1.54418, 0.16992), (-9.07517, 1.54280, 0.17939), (-9.07491, 1.54082, 0.18875), (-9.07457, 1.53827, 0.19797), (-9.07415, 1.53514, 0.20702), (-9.07366, 1.53147, 0.21584), (-9.07310, 1.52724, 0.22442), (-9.07247, 1.52249, 0.23271), (-9.07177, 1.51724, 0.24068), (-9.07100, 1.51150, 0.24831), (-9.07018, 1.50529, 0.25556), (-9.06929, 1.49865, 0.26240), (-9.06835, 1.49159, 0.26880), (-9.06736, 1.48414, 0.27475), (-9.06632, 1.47635, 0.28021), (-9.06524, 1.46822, 0.28517), (-9.06412, 1.45981, 0.28961), (-9.06296, 1.45113, 0.29350), (-9.06178, 1.44223, 0.29684), (-11.87451, 0.94617, 0.29961), (-11.87213, 0.93712, 0.30179), (-11.86971, 0.92796, 0.30339), (-11.86727, 0.91872, 0.30439), (-11.86483, 0.90944, 0.30479), (-11.86238, 0.90015, 0.30459), (-11.85994, 0.89089, 0.30379), (-11.85751, 0.88169, 0.30239), (-11.85512, 0.87260, 0.30040), (-11.85276, 0.86365, 0.29783), (-11.85045, 0.85488, 0.29468), (-11.84819, 0.84631, 0.29097), (-11.84599, 0.83799, 0.28671), (-11.84387, 0.82994, 0.28192), (-11.84183, 0.82220, 0.27663), (-11.83988, 0.81480, 0.27084), (-11.83803, 0.80777, 0.26458), (-11.83628, 0.80113, 0.25788), (-11.83464, 0.79491, 0.25077), (-11.83312, 0.78914, 0.24326), (-11.83172, 0.78383, 0.23540), (-11.83045, 0.77902, 0.22721), (-11.82931, 0.77471, 0.21873), (-11.82832, 0.77094, 0.20998), (-11.82747, 0.76770, 0.20101), (-11.82676, 0.76501, 0.19184), (-11.82620, 0.76289, 0.18252), (-11.82579, 0.76134, 0.17308), (-11.82553, 0.76037, 0.16356), (-11.82543, 0.75998, 0.15400), (-11.82548, 0.76017, 0.14442), (-11.82569, 0.76095, 0.13488), (-11.82605, 0.76231, 0.12541), (-11.82655, 0.76424, 0.11605), (-11.82721, 0.76674, 0.10683), (-11.82802, 0.76979, 0.09778), (-11.82897, 0.77340, 0.08896), (-11.83006, 0.77753, 0.08038), (-11.83128, 0.78217, 0.07209), (-11.83264, 0.78732, 0.06412), (-11.83412, 0.79293, 0.05649), (-11.83572, 0.79901, 0.04924), (-11.83743, 0.80551, 0.04240), (-11.83925, 0.81241, 0.03600), (-11.84117, 0.81969, 0.03005), (-11.84318, 0.82733, 0.02459), (-11.84528, 0.83527, 0.01963), (-11.84745, 0.84351, 0.01519), (-11.84969, 0.85200, 0.01130), (-11.85198, 0.86071, 0.00796), (-11.85433, 0.86960, 0.00519), (-11.85671, 0.87865, 0.00301), (-11.85913, 0.88781, 0.00141), (-11.86156, 0.89706, 0.00041), (-11.86401, 0.90634, 0.00001), (-11.86646, 0.91563, 0.00021), (-11.86890, 0.92489, 0.00101), (-11.87132, 0.93408, 0.00241), (-11.87372, 0.94317, 0.00440), (-11.87608, 0.95212, 0.00697), (-11.87839, 0.96090, 0.01012), (-11.88065, 0.96946, 0.01383), (-11.88284, 0.97779, 0.01809), (-11.88497, 0.98583, 0.02288), (-11.88701, 0.99357, 0.02817), (-11.88896, 1.00097, 0.03396), (-11.89081, 1.00801, 0.04022), (-11.89256, 1.01465, 0.04692), (-11.89420, 1.02087, 0.05403), (-11.89572, 1.02664, 0.06154), (-11.89712, 1.03194, 0.06940), (-11.89839, 1.03676, 0.07759), (-11.89952, 1.04106, 0.08607), (-11.90052, 1.04484, 0.09482), (-11.90137, 1.04808, 0.10379), (-11.90208, 1.05076, 0.11296), (-11.90264, 1.05289, 0.12228), (-11.90305, 1.05444, 0.13172), (-11.90330, 1.05541, 0.14124), (-11.90341, 1.05580, 0.15080), (-11.90336, 1.05560, 0.16038), (-11.90315, 1.05482, 0.16992), (-11.90279, 1.05347, 0.17939), (-11.90228, 1.05154, 0.18875), (-11.90163, 1.04904, 0.19797), (-11.90082, 1.04598, 0.20702), (-11.89987, 1.04238, 0.21584), (-11.89878, 1.03825, 0.22442), (-11.89756, 1.03360, 0.23271), (-11.89620, 1.02846, 0.24068), (-11.89472, 1.02284, 0.24831), (-11.89312, 1.01677, 0.25556), (-11.89141, 1.01027, 0.26240), (-11.88959, 1.00336, 0.26880), (-11.88767, 0.99608, 0.27475), (-11.88565, 0.98845, 0.28021), (-11.88356, 0.98050, 0.28517), (-11.88139, 0.97227, 0.28961), (-11.87915, 0.96378, 0.29350), (-11.87686, 0.95507, 0.29684), (-12.75884, 0.62925, 0.29961), (-12.75227, 0.62170, 0.30179), (-12.74562, 0.61406, 0.30339), (-12.73891, 0.60635, 0.30439), (-12.73217, 0.59860, 0.30479), (-12.72543, 0.59085, 0.30459), (-12.71870, 0.58313, 0.30379), (-12.71203, 0.57546, 0.30239), (-12.70543, 0.56787, 0.30040), (-12.69894, 0.56041, 0.29783), (-12.69257, 0.55309, 0.29468), (-12.68635, 0.54594, 0.29097), (-12.68030, 0.53899, 0.28671), (-12.67446, 0.53228, 0.28192), (-12.66884, 0.52582, 0.27663), (-12.66347, 0.51965, 0.27084), (-12.65836, 0.51378, 0.26458), (-12.65354, 0.50824, 0.25788), (-12.64903, 0.50305, 0.25077), (-12.64484, 0.49824, 0.24326), (-12.64099, 0.49381, 0.23540), (-12.63749, 0.48980, 0.22721), (-12.63437, 0.48620, 0.21873), (-12.63162, 0.48305, 0.20998), (-12.62927, 0.48035, 0.20101), (-12.62732, 0.47811, 0.19184), (-12.62578, 0.47634, 0.18252), (-12.62466, 0.47504, 0.17308), (-12.62395, 0.47424, 0.16356), (-12.62367, 0.47391, 0.15400), (-12.62381, 0.47407, 0.14442), (-12.62438, 0.47472, 0.13488), (-12.62536, 0.47585, 0.12541), (-12.62677, 0.47746, 0.11605), (-12.62858, 0.47955, 0.10683), (-12.63080, 0.48210, 0.09778), (-12.63341, 0.48510, 0.08896), (-12.63641, 0.48855, 0.08038), (-12.63978, 0.49243, 0.07209), (-12.64352, 0.49672, 0.06412), (-12.64760, 0.50140, 0.05649), (-12.65200, 0.50647, 0.04924), (-12.65672, 0.51189, 0.04240), (-12.66174, 0.51766, 0.03600), (-12.66702, 0.52373, 0.03005), (-12.67256, 0.53010, 0.02459), (-12.67833, 0.53673, 0.01963), (-12.68431, 0.54360, 0.01519), (-12.69047, 0.55068, 0.01130), (-12.69680, 0.55795, 0.00796), (-12.70326, 0.56537, 0.00519), (-12.70982, 0.57292, 0.00301), (-12.71647, 0.58056, 0.00141), (-12.72318, 0.58827, 0.00041), (-12.72992, 0.59602, 0.00001), (-12.73667, 0.60377, 0.00021), (-12.74339, 0.61150, 0.00101), (-12.75006, 0.61916, 0.00241), (-12.75666, 0.62675, 0.00440), (-12.76316, 0.63421, 0.00697), (-12.76953, 0.64154, 0.01012), (-12.77575, 0.64868, 0.01383), (-12.78179, 0.65563, 0.01809), (-12.78763, 0.66234, 0.02288), (-12.79325, 0.66880, 0.02817), (-12.79862, 0.67497, 0.03396), (-12.80373, 0.68084, 0.04022), (-12.80855, 0.68638, 0.04692), (-12.81306, 0.69157, 0.05403), (-12.81725, 0.69639, 0.06154), (-12.82110, 0.70081, 0.06940), (-12.82460, 0.70483, 0.07759), (-12.82772, 0.70842, 0.08607), (-12.83047, 0.71157, 0.09482), (-12.83282, 0.71427, 0.10379), (-12.83477, 0.71652, 0.11296), (-12.83631, 0.71828, 0.12228), (-12.83743, 0.71958, 0.13172), (-12.83814, 0.72039, 0.14124), (-12.83842, 0.72071, 0.15080), (-12.83828, 0.72055, 0.16038), (-12.83772, 0.71990, 0.16992), (-12.83673, 0.71877, 0.17939), (-12.83533, 0.71716, 0.18875), (-12.83351, 0.71507, 0.19797), (-12.83130, 0.71252, 0.20702), (-12.82868, 0.70952, 0.21584), (-12.82568, 0.70607, 0.22442), (-12.82231, 0.70220, 0.23271), (-12.81858, 0.69790, 0.24068), (-12.81450, 0.69322, 0.24831), (-12.81009, 0.68815, 0.25556), (-12.80537, 0.68273, 0.26240), (-12.80036, 0.67697, 0.26880), (-12.79507, 0.67089, 0.27475), (-12.78953, 0.66453, 0.28021), (-12.78376, 0.65789, 0.28517), (-12.77778, 0.65102, 0.28961), (-12.77162, 0.64394, 0.29350), (-12.76530, 0.63667, 0.29684), (-13.04297, 0.08716, 0.29961), (-13.03282, 0.08646, 0.30179), (-13.02253, 0.08575, 0.30339), (-13.01216, 0.08503, 0.30439), (-13.00174, 0.08431, 0.30479), (-12.99131, 0.08358, 0.30459), (-12.98092, 0.08286, 0.30379), (-12.97060, 0.08215, 0.30239), (-12.96039, 0.08144, 0.30040), (-12.95035, 0.08075, 0.29783), (-12.94050, 0.08007, 0.29468), (-12.93088, 0.07940, 0.29097), (-12.92154, 0.07875, 0.28671), (-12.91250, 0.07813, 0.28192), (-12.90381, 0.07753, 0.27663), (-12.89551, 0.07695, 0.27084), (-12.88761, 0.07641, 0.26458), (-12.88016, 0.07589, 0.25788), (-12.87318, 0.07541, 0.25077), (-12.86670, 0.07496, 0.24326), (-12.86074, 0.07455, 0.23540), (-12.85534, 0.07417, 0.22721), (-12.85051, 0.07384, 0.21873), (-12.84627, 0.07354, 0.20998), (-12.84263, 0.07329, 0.20101), (-12.83962, 0.07308, 0.19184), (-12.83723, 0.07292, 0.18252), (-12.83549, 0.07280, 0.17308), (-12.83441, 0.07272, 0.16356), (-12.83397, 0.07269, 0.15400), (-12.83419, 0.07271, 0.14442), (-12.83506, 0.07277, 0.13488), (-12.83658, 0.07287, 0.12541), (-12.83875, 0.07302, 0.11605), (-12.84156, 0.07322, 0.10683), (-12.84499, 0.07346, 0.09778), (-12.84903, 0.07373, 0.08896), (-12.85367, 0.07406, 0.08038), (-12.85888, 0.07442, 0.07209), (-12.86466, 0.07482, 0.06412), (-12.87096, 0.07525, 0.05649), (-12.87778, 0.07573, 0.04924), (-12.88508, 0.07623, 0.04240), (-12.89283, 0.07677, 0.03600), (-12.90100, 0.07733, 0.03005), (-12.90957, 0.07793, 0.02459), (-12.91849, 0.07854, 0.01963), (-12.92773, 0.07918, 0.01519), (-12.93726, 0.07984, 0.01130), (-12.94704, 0.08052, 0.00796), (-12.95703, 0.08121, 0.00519), (-12.96718, 0.08191, 0.00301), (-12.97747, 0.08263, 0.00141), (-12.98784, 0.08334, 0.00041), (-12.99826, 0.08407, 0.00001), (-13.00869, 0.08479, 0.00021), (-13.01908, 0.08551, 0.00101), (-13.02940, 0.08622, 0.00241), (-13.03961, 0.08693, 0.00440), (-13.04965, 0.08762, 0.00697), (-13.05950, 0.08830, 0.01012), (-13.06912, 0.08897, 0.01383), (-13.07846, 0.08962, 0.01809), (-13.08750, 0.09024, 0.02288), (-13.09619, 0.09084, 0.02817), (-13.10449, 0.09142, 0.03396), (-13.11239, 0.09197, 0.04022), (-13.11984, 0.09248, 0.04692), (-13.12682, 0.09296, 0.05403), (-13.13330, 0.09341, 0.06154), (-13.13926, 0.09382, 0.06940), (-13.14466, 0.09420, 0.07759), (-13.14949, 0.09453, 0.08607), (-13.15373, 0.09483, 0.09482), (-13.15737, 0.09508, 0.10379), (-13.16038, 0.09529, 0.11296), (-13.16277, 0.09545, 0.12228), (-13.16451, 0.09557, 0.13172), (-13.16559, 0.09565, 0.14124), (-13.16603, 0.09568, 0.15080), (-13.16581, 0.09566, 0.16038), (-13.16494, 0.09560, 0.16992), (-13.16342, 0.09550, 0.17939), (-13.16125, 0.09535, 0.18875), (-13.15844, 0.09515, 0.19797), (-13.15501, 0.09491, 0.20702), (-13.15097, 0.09463, 0.21584), (-13.14633, 0.09431, 0.22442), (-13.14112, 0.09395, 0.23271), (-13.13534, 0.09355, 0.24068), (-13.12904, 0.09312, 0.24831), (-13.12222, 0.09265, 0.25556), (-13.11492, 0.09214, 0.26240), (-13.10717, 0.09160, 0.26880), (-13.09900, 0.09104, 0.27475), (-13.09043, 0.09044, 0.28021), (-13.08151, 0.08983, 0.28517), (-13.07227, 0.08919, 0.28961), (-13.06274, 0.08853, 0.29350), (-13.05296, 0.08785, 0.29684), (-12.85421, -0.43883, 0.29961), (-12.84629, -0.43331, 0.30179), (-12.83827, -0.42771, 0.30339), (-12.83018, -0.42206, 0.30439), (-12.82205, -0.41638, 0.30479), (-12.81392, -0.41071, 0.30459), (-12.80582, -0.40505, 0.30379), (-12.79777, -0.39943, 0.30239), (-12.78981, -0.39387, 0.30040), (-12.78198, -0.38840, 0.29783), (-12.77430, -0.38304, 0.29468), (-12.76680, -0.37780, 0.29097), (-12.75952, -0.37272, 0.28671), (-12.75247, -0.36780, 0.28192), (-12.74570, -0.36307, 0.27663), (-12.73922, -0.35855, 0.27084), (-12.73306, -0.35425, 0.26458), (-12.72725, -0.35019, 0.25788), (-12.72181, -0.34639, 0.25077), (-12.71675, -0.34286, 0.24326), (-12.71211, -0.33962, 0.23540), (-12.70790, -0.33668, 0.22721), (-12.70413, -0.33405, 0.21873), (-12.70082, -0.33174, 0.20998), (-12.69799, -0.32976, 0.20101), (-12.69564, -0.32811, 0.19184), (-12.69378, -0.32682, 0.18252), (-12.69242, -0.32587, 0.17308), (-12.69157, -0.32528, 0.16356), (-12.69123, -0.32504, 0.15400), (-12.69140, -0.32516, 0.14442), (-12.69208, -0.32563, 0.13488), (-12.69327, -0.32646, 0.12541), (-12.69496, -0.32764, 0.11605), (-12.69715, -0.32917, 0.10683), (-12.69982, -0.33104, 0.09778), (-12.70298, -0.33324, 0.08896), (-12.70659, -0.33576, 0.08038), (-12.71066, -0.33860, 0.07209), (-12.71516, -0.34175, 0.06412), (-12.72008, -0.34518, 0.05649), (-12.72539, -0.34889, 0.04924), (-12.73108, -0.35286, 0.04240), (-12.73713, -0.35709, 0.03600), (-12.74350, -0.36154, 0.03005), (-12.75018, -0.36620, 0.02459), (-12.75714, -0.37106, 0.01963), (-12.76435, -0.37609, 0.01519), (-12.77178, -0.38128, 0.01130), (-12.77940, -0.38660, 0.00796), (-12.78719, -0.39204, 0.00519), (-12.79511, -0.39757, 0.00301), (-12.80313, -0.40317, 0.00141), (-12.81122, -0.40882, 0.00041), (-12.81934, -0.41449, 0.00001), (-12.82747, -0.42017, 0.00021), (-12.83558, -0.42583, 0.00101), (-12.84363, -0.43145, 0.00241), (-12.85158, -0.43700, 0.00440), (-12.85942, -0.44247, 0.00697), (-12.86710, -0.44783, 0.01012), (-12.87459, -0.45307, 0.01383), (-12.88188, -0.45816, 0.01809), (-12.88893, -0.46308, 0.02288), (-12.89570, -0.46781, 0.02817), (-12.90218, -0.47233, 0.03396), (-12.90834, -0.47663, 0.04022), (-12.91415, -0.48069, 0.04692), (-12.91959, -0.48449, 0.05403), (-12.92464, -0.48801, 0.06154), (-12.92928, -0.49125, 0.06940), (-12.93350, -0.49420, 0.07759), (-12.93727, -0.49683, 0.08607), (-12.94057, -0.49914, 0.09482), (-12.94341, -0.50112, 0.10379), (-12.94576, -0.50276, 0.11296), (-12.94762, -0.50406, 0.12228), (-12.94897, -0.50500, 0.13172), (-12.94982, -0.50560, 0.14124), (-12.95016, -0.50584, 0.15080), (-12.94999, -0.50572, 0.16038), (-12.94931, -0.50524, 0.16992), (-12.94812, -0.50441, 0.17939), (-12.94643, -0.50323, 0.18875), (-12.94425, -0.50170, 0.19797), (-12.94157, -0.49983, 0.20702), (-12.93842, -0.49763, 0.21584), (-12.93480, -0.49511, 0.22442), (-12.93074, -0.49227, 0.23271), (-12.92624, -0.48913, 0.24068), (-12.92132, -0.48569, 0.24831), (-12.91600, -0.48198, 0.25556), (-12.91031, -0.47801, 0.26240), (-12.90427, -0.47379, 0.26880), (-12.89789, -0.46934, 0.27475), (-12.89121, -0.46467, 0.28021), (-12.88426, -0.45982, 0.28517), (-12.87705, -0.45478, 0.28961), (-12.86962, -0.44959, 0.29350), (-12.86200, -0.44427, 0.29684), (-12.24582, -0.94742, 0.29961), (-12.24043, -0.93977, 0.30179), (-12.23498, -0.93203, 0.30339), (-12.22947, -0.92422, 0.30439), (-12.22395, -0.91637, 0.30479), (-12.21841, -0.90852, 0.30459), (-12.21290, -0.90069, 0.30379), (-12.20743, -0.89292, 0.30239), (-12.20202, -0.88524, 0.30040), (-12.19669, -0.87767, 0.29783), (-12.19146, -0.87026, 0.29468), (-12.18636, -0.86302, 0.29097), (-12.18141, -0.85598, 0.28671), (-12.17662, -0.84918, 0.28192), (-12.17201, -0.84264, 0.27663), (-12.16760, -0.83638, 0.27084), (-12.16341, -0.83044, 0.26458), (-12.15946, -0.82483, 0.25788), (-12.15576, -0.81957, 0.25077), (-12.15232, -0.81469, 0.24326), (-12.14916, -0.81021, 0.23540), (-12.14630, -0.80614, 0.22721), (-12.14374, -0.80251, 0.21873), (-12.14148, -0.79931, 0.20998), (-12.13956, -0.79657, 0.20101), (-12.13796, -0.79430, 0.19184), (-12.13669, -0.79251, 0.18252), (-12.13577, -0.79120, 0.17308), (-12.13519, -0.79038, 0.16356), (-12.13496, -0.79005, 0.15400), (-12.13508, -0.79021, 0.14442), (-12.13554, -0.79087, 0.13488), (-12.13635, -0.79202, 0.12541), (-12.13750, -0.79365, 0.11605), (-12.13899, -0.79576, 0.10683), (-12.14081, -0.79835, 0.09778), (-12.14295, -0.80139, 0.08896), (-12.14541, -0.80488, 0.08038), (-12.14818, -0.80881, 0.07209), (-12.15124, -0.81315, 0.06412), (-12.15458, -0.81790, 0.05649), (-12.15820, -0.82303, 0.04924), (-12.16207, -0.82853, 0.04240), (-12.16618, -0.83437, 0.03600), (-12.17052, -0.84052, 0.03005), (-12.17506, -0.84697, 0.02459), (-12.17979, -0.85369, 0.01963), (-12.18469, -0.86065, 0.01519), (-12.18975, -0.86782, 0.01130), (-12.19493, -0.87518, 0.00796), (-12.20023, -0.88270, 0.00519), (-12.20562, -0.89035, 0.00301), (-12.21107, -0.89809, 0.00141), (-12.21657, -0.90590, 0.00041), (-12.22210, -0.91375, 0.00001), (-12.22763, -0.92160, 0.00021), (-12.23315, -0.92943, 0.00101), (-12.23862, -0.93720, 0.00241), (-12.24403, -0.94488, 0.00440), (-12.24936, -0.95244, 0.00697), (-12.25458, -0.95986, 0.01012), (-12.25968, -0.96710, 0.01383), (-12.26464, -0.97414, 0.01809), (-12.26943, -0.98094, 0.02288), (-12.27404, -0.98748, 0.02817), (-12.27844, -0.99374, 0.03396), (-12.28263, -0.99968, 0.04022), (-12.28659, -1.00529, 0.04692), (-12.29029, -1.01055, 0.05403), (-12.29373, -1.01543, 0.06154), (-12.29688, -1.01991, 0.06940), (-12.29975, -1.02398, 0.07759), (-12.30231, -1.02761, 0.08607), (-12.30456, -1.03081, 0.09482), (-12.30649, -1.03355, 0.10379), (-12.30809, -1.03582, 0.11296), (-12.30935, -1.03761, 0.12228), (-12.31028, -1.03892, 0.13172), (-12.31085, -1.03974, 0.14124), (-12.31109, -1.04007, 0.15080), (-12.31097, -1.03991, 0.16038), (-12.31051, -1.03925, 0.16992), (-12.30970, -1.03810, 0.17939), (-12.30855, -1.03647, 0.18875), (-12.30706, -1.03436, 0.19797), (-12.30524, -1.03177, 0.20702), (-12.30310, -1.02873, 0.21584), (-12.30064, -1.02524, 0.22442), (-12.29787, -1.02131, 0.23271), (-12.29481, -1.01696, 0.24068), (-12.29146, -1.01222, 0.24831), (-12.28785, -1.00708, 0.25556), (-12.28398, -1.00159, 0.26240), (-12.27987, -0.99575, 0.26880), (-12.27553, -0.98960, 0.27475), (-12.27099, -0.98315, 0.28021), (-12.26626, -0.97643, 0.28517), (-12.26135, -0.96947, 0.28961), (-12.25630, -0.96230, 0.29350), (-12.25111, -0.95493, 0.29684), (-11.64073, -1.30286, 0.29961), (-11.63709, -1.29418, 0.30179), (-11.63341, -1.28540, 0.30339), (-11.62970, -1.27653, 0.30439), (-11.62597, -1.26763, 0.30479), (-11.62224, -1.25872, 0.30459), (-11.61852, -1.24984, 0.30379), (-11.61483, -1.24103, 0.30239), (-11.61118, -1.23231, 0.30040), (-11.60758, -1.22373, 0.29783), (-11.60406, -1.21531, 0.29468), (-11.60062, -1.20710, 0.29097), (-11.59728, -1.19911, 0.28671), (-11.59404, -1.19140, 0.28192), (-11.59093, -1.18397, 0.27663), (-11.58796, -1.17688, 0.27084), (-11.58514, -1.17013, 0.26458), (-11.58247, -1.16376, 0.25788), (-11.57997, -1.15780, 0.25077), (-11.57766, -1.15227, 0.24326), (-11.57553, -1.14718, 0.23540), (-11.57359, -1.14256, 0.22721), (-11.57186, -1.13844, 0.21873), (-11.57034, -1.13481, 0.20998), (-11.56904, -1.13170, 0.20101), (-11.56796, -1.12913, 0.19184), (-11.56711, -1.12709, 0.18252), (-11.56649, -1.12561, 0.17308), (-11.56610, -1.12468, 0.16356), (-11.56594, -1.12430, 0.15400), (-11.56602, -1.12449, 0.14442), (-11.56633, -1.12523, 0.13488), (-11.56688, -1.12654, 0.12541), (-11.56766, -1.12839, 0.11605), (-11.56866, -1.13079, 0.10683), (-11.56989, -1.13372, 0.09778), (-11.57133, -1.13717, 0.08896), (-11.57299, -1.14113, 0.08038), (-11.57486, -1.14559, 0.07209), (-11.57692, -1.15052, 0.06412), (-11.57918, -1.15591, 0.05649), (-11.58162, -1.16173, 0.04924), (-11.58423, -1.16796, 0.04240), (-11.58700, -1.17459, 0.03600), (-11.58993, -1.18157, 0.03005), (-11.59299, -1.18889, 0.02459), (-11.59619, -1.19651, 0.01963), (-11.59949, -1.20441, 0.01519), (-11.60290, -1.21255, 0.01130), (-11.60640, -1.22090, 0.00796), (-11.60997, -1.22943, 0.00519), (-11.61361, -1.23811, 0.00301), (-11.61729, -1.24689, 0.00141), (-11.62100, -1.25576, 0.00041), (-11.62473, -1.26466, 0.00001), (-11.62846, -1.27357, 0.00021), (-11.63218, -1.28245, 0.00101), (-11.63587, -1.29127, 0.00241), (-11.63952, -1.29998, 0.00440), (-11.64311, -1.30856, 0.00697), (-11.64664, -1.31698, 0.01012), (-11.65008, -1.32519, 0.01383), (-11.65342, -1.33318, 0.01809), (-11.65666, -1.34089, 0.02288), (-11.65976, -1.34832, 0.02817), (-11.66274, -1.35542, 0.03396), (-11.66556, -1.36216, 0.04022), (-11.66823, -1.36853, 0.04692), (-11.67073, -1.37449, 0.05403), (-11.67304, -1.38003, 0.06154), (-11.67517, -1.38511, 0.06940), (-11.67711, -1.38973, 0.07759), (-11.67884, -1.39386, 0.08607), (-11.68036, -1.39748, 0.09482), (-11.68166, -1.40059, 0.10379), (-11.68273, -1.40316, 0.11296), (-11.68359, -1.40520, 0.12228), (-11.68421, -1.40668, 0.13172), (-11.68460, -1.40762, 0.14124), (-11.68475, -1.40799, 0.15080), (-11.68468, -1.40780, 0.16038), (-11.68436, -1.40706, 0.16992), (-11.68382, -1.40576, 0.17939), (-11.68304, -1.40390, 0.18875), (-11.68204, -1.40151, 0.19797), (-11.68081, -1.39857, 0.20702), (-11.67937, -1.39512, 0.21584), (-11.67771, -1.39116, 0.22442), (-11.67584, -1.38670, 0.23271), (-11.67378, -1.38177, 0.24068), (-11.67152, -1.37638, 0.24831), (-11.66908, -1.37056, 0.25556), (-11.66647, -1.36433, 0.26240), (-11.66370, -1.35770, 0.26880), (-11.66077, -1.35072, 0.27475), (-11.65771, -1.34340, 0.28021), (-11.65451, -1.33578, 0.28517), (-11.65121, -1.32788, 0.28961), (-11.64780, -1.31974, 0.29350), (-11.64430, -1.31139, 0.29684), (-9.71989, -1.81821, 0.29961), (-9.71821, -1.80900, 0.30179), (-9.71651, -1.79969, 0.30339), (-9.71480, -1.79029, 0.30439), (-9.71308, -1.78085, 0.30479), (-9.71136, -1.77140, 0.30459), (-9.70964, -1.76198, 0.30379), (-9.70794, -1.75263, 0.30239), (-9.70625, -1.74339, 0.30040), (-9.70459, -1.73429, 0.29783), (-9.70297, -1.72536, 0.29468), (-9.70138, -1.71665, 0.29097), (-9.69983, -1.70819, 0.28671), (-9.69834, -1.70000, 0.28192), (-9.69691, -1.69213, 0.27663), (-9.69553, -1.68460, 0.27084), (-9.69423, -1.67745, 0.26458), (-9.69300, -1.67070, 0.25788), (-9.69185, -1.66437, 0.25077), (-9.69078, -1.65850, 0.24326), (-9.68979, -1.65311, 0.23540), (-9.68890, -1.64821, 0.22721), (-9.68810, -1.64383, 0.21873), (-9.68740, -1.63999, 0.20998), (-9.68680, -1.63670, 0.20101), (-9.68630, -1.63396, 0.19184), (-9.68591, -1.63181, 0.18252), (-9.68562, -1.63023, 0.17308), (-9.68544, -1.62924, 0.16356), (-9.68537, -1.62885, 0.15400), (-9.68541, -1.62905, 0.14442), (-9.68555, -1.62984, 0.13488), (-9.68580, -1.63122, 0.12541), (-9.68616, -1.63318, 0.11605), (-9.68662, -1.63572, 0.10683), (-9.68719, -1.63883, 0.09778), (-9.68786, -1.64249, 0.08896), (-9.68862, -1.64670, 0.08038), (-9.68948, -1.65142, 0.07209), (-9.69044, -1.65665, 0.06412), (-9.69148, -1.66236, 0.05649), (-9.69261, -1.66854, 0.04924), (-9.69381, -1.67515, 0.04240), (-9.69509, -1.68217, 0.03600), (-9.69644, -1.68958, 0.03005), (-9.69786, -1.69734, 0.02459), (-9.69933, -1.70542, 0.01963), (-9.70086, -1.71380, 0.01519), (-9.70243, -1.72243, 0.01130), (-9.70405, -1.73129, 0.00796), (-9.70570, -1.74034, 0.00519), (-9.70737, -1.74954, 0.00301), (-9.70907, -1.75886, 0.00141), (-9.71078, -1.76825, 0.00041), (-9.71251, -1.77770, 0.00001), (-9.71423, -1.78714, 0.00021), (-9.71594, -1.79656, 0.00101), (-9.71765, -1.80591, 0.00241), (-9.71933, -1.81516, 0.00440), (-9.72099, -1.82426, 0.00697), (-9.72262, -1.83318, 0.01012), (-9.72421, -1.84189, 0.01383), (-9.72575, -1.85036, 0.01809), (-9.72724, -1.85854, 0.02288), (-9.72868, -1.86641, 0.02817), (-9.73005, -1.87394, 0.03396), (-9.73136, -1.88109, 0.04022), (-9.73259, -1.88785, 0.04692), (-9.73374, -1.89417, 0.05403), (-9.73481, -1.90004, 0.06154), (-9.73579, -1.90543, 0.06940), (-9.73668, -1.91033, 0.07759), (-9.73748, -1.91471, 0.08607), (-9.73818, -1.91855, 0.09482), (-9.73878, -1.92185, 0.10379), (-9.73928, -1.92458, 0.11296), (-9.73968, -1.92674, 0.12228), (-9.73996, -1.92831, 0.13172), (-9.74014, -1.92930, 0.14124), (-9.74021, -1.92969, 0.15080), (-9.74018, -1.92950, 0.16038), (-9.74004, -1.92871, 0.16992), (-9.73978, -1.92733, 0.17939), (-9.73943, -1.92536, 0.18875), (-9.73896, -1.92282, 0.19797), (-9.73840, -1.91971, 0.20702), (-9.73773, -1.91605, 0.21584), (-9.73696, -1.91185, 0.22442), (-9.73610, -1.90712, 0.23271), (-9.73515, -1.90189, 0.24068), (-9.73410, -1.89618, 0.24831), (-9.73298, -1.89000, 0.25556), (-9.73177, -1.88339, 0.26240), (-9.73049, -1.87637, 0.26880), (-9.72914, -1.86896, 0.27475), (-9.72773, -1.86120, 0.28021), (-9.72626, -1.85312, 0.28517), (-9.72473, -1.84474, 0.28961), (-9.72316, -1.83611, 0.29350), (-9.72154, -1.82725, 0.29684), (-6.84721, -2.10216, 0.29961), (-6.84644, -2.09287, 0.30179), (-6.84566, -2.08346, 0.30339), (-6.84488, -2.07397, 0.30439), (-6.84409, -2.06443, 0.30479), (-6.84330, -2.05489, 0.30459), (-6.84251, -2.04538, 0.30379), (-6.84173, -2.03594, 0.30239), (-6.84096, -2.02661, 0.30040), (-6.84020, -2.01742, 0.29783), (-6.83945, -2.00841, 0.29468), (-6.83873, -1.99961, 0.29097), (-6.83802, -1.99106, 0.28671), (-6.83734, -1.98280, 0.28192), (-6.83668, -1.97485, 0.27663), (-6.83605, -1.96725, 0.27084), (-6.83545, -1.96002, 0.26458), (-6.83489, -1.95321, 0.25788), (-6.83436, -1.94682, 0.25077), (-6.83387, -1.94089, 0.24326), (-6.83342, -1.93545, 0.23540), (-6.83301, -1.93050, 0.22721), (-6.83264, -1.92608, 0.21873), (-6.83232, -1.92220, 0.20998), (-6.83205, -1.91888, 0.20101), (-6.83182, -1.91612, 0.19184), (-6.83164, -1.91394, 0.18252), (-6.83151, -1.91235, 0.17308), (-6.83142, -1.91135, 0.16356), (-6.83139, -1.91095, 0.15400), (-6.83141, -1.91115, 0.14442), (-6.83147, -1.91195, 0.13488), (-6.83159, -1.91334, 0.12541), (-6.83175, -1.91532, 0.11605), (-6.83197, -1.91789, 0.10683), (-6.83223, -1.92103, 0.09778), (-6.83253, -1.92473, 0.08896), (-6.83288, -1.92897, 0.08038), (-6.83328, -1.93374, 0.07209), (-6.83371, -1.93902, 0.06412), (-6.83419, -1.94479, 0.05649), (-6.83471, -1.95103, 0.04924), (-6.83526, -1.95770, 0.04240), (-6.83584, -1.96480, 0.03600), (-6.83646, -1.97227, 0.03005), (-6.83711, -1.98011, 0.02459), (-6.83779, -1.98827, 0.01963), (-6.83849, -1.99673, 0.01519), (-6.83921, -2.00545, 0.01130), (-6.83995, -2.01439, 0.00796), (-6.84070, -2.02353, 0.00519), (-6.84147, -2.03282, 0.00301), (-6.84225, -2.04223, 0.00141), (-6.84304, -2.05172, 0.00041), (-6.84383, -2.06125, 0.00001), (-6.84462, -2.07079, 0.00021), (-6.84540, -2.08030, 0.00101), (-6.84618, -2.08974, 0.00241), (-6.84696, -2.09907, 0.00440), (-6.84771, -2.10826, 0.00697), (-6.84846, -2.11728, 0.01012), (-6.84919, -2.12607, 0.01383), (-6.84990, -2.13462, 0.01809), (-6.85058, -2.14289, 0.02288), (-6.85124, -2.15083, 0.02817), (-6.85187, -2.15843, 0.03396), (-6.85246, -2.16566, 0.04022), (-6.85303, -2.17248, 0.04692), (-6.85356, -2.17886, 0.05403), (-6.85405, -2.18479, 0.06154), (-6.85450, -2.19023, 0.06940), (-6.85491, -2.19518, 0.07759), (-6.85527, -2.19960, 0.08607), (-6.85559, -2.20348, 0.09482), (-6.85587, -2.20681, 0.10379), (-6.85610, -2.20957, 0.11296), (-6.85628, -2.21175, 0.12228), (-6.85641, -2.21334, 0.13172), (-6.85649, -2.21433, 0.14124), (-6.85652, -2.21473, 0.15080), (-6.85651, -2.21453, 0.16038), (-6.85644, -2.21373, 0.16992), (-6.85633, -2.21234, 0.17939), (-6.85616, -2.21036, 0.18875), (-6.85595, -2.20779, 0.19797), (-6.85569, -2.20465, 0.20702), (-6.85538, -2.20095, 0.21584), (-6.85503, -2.19671, 0.22442), (-6.85464, -2.19194, 0.23271), (-6.85420, -2.18666, 0.24068), (-6.85372, -2.18089, 0.24831), (-6.85321, -2.17465, 0.25556), (-6.85266, -2.16798, 0.26240), (-6.85207, -2.16089, 0.26880), (-6.85145, -2.15341, 0.27475), (-6.85080, -2.14557, 0.28021), (-6.85013, -2.13741, 0.28517), (-6.84943, -2.12895, 0.28961), (-6.84871, -2.12024, 0.29350), (-6.84797, -2.11129, 0.29684), (-3.20131, -2.34522, 0.29961), (-3.20056, -2.33593, 0.30179), (-3.19980, -2.32652, 0.30339), (-3.19904, -2.31703, 0.30439), (-3.19827, -2.30749, 0.30479), (-3.19751, -2.29795, 0.30459), (-3.19674, -2.28844, 0.30379), (-3.19598, -2.27900, 0.30239), (-3.19523, -2.26966, 0.30040), (-3.19449, -2.26047, 0.29783), (-3.19377, -2.25146, 0.29468), (-3.19306, -2.24266, 0.29097), (-3.19238, -2.23411, 0.28671), (-3.19171, -2.22584, 0.28192), (-3.19107, -2.21789, 0.27663), (-3.19046, -2.21029, 0.27084), (-3.18988, -2.20307, 0.26458), (-3.18933, -2.19625, 0.25788), (-3.18882, -2.18986, 0.25077), (-3.18834, -2.18393, 0.24326), (-3.18790, -2.17849, 0.23540), (-3.18751, -2.17354, 0.22721), (-3.18715, -2.16912, 0.21873), (-3.18684, -2.16524, 0.20998), (-3.18657, -2.16191, 0.20101), (-3.18635, -2.15915, 0.19184), (-3.18617, -2.15697, 0.18252), (-3.18605, -2.15538, 0.17308), (-3.18597, -2.15438, 0.16356), (-3.18593, -2.15399, 0.15400), (-3.18595, -2.15419, 0.14442), (-3.18601, -2.15498, 0.13488), (-3.18613, -2.15638, 0.12541), (-3.18628, -2.15836, 0.11605), (-3.18649, -2.16093, 0.10683), (-3.18674, -2.16407, 0.09778), (-3.18704, -2.16777, 0.08896), (-3.18738, -2.17201, 0.08038), (-3.18777, -2.17678, 0.07209), (-3.18819, -2.18206, 0.06412), (-3.18865, -2.18783, 0.05649), (-3.18916, -2.19407, 0.04924), (-3.18969, -2.20075, 0.04240), (-3.19026, -2.20784, 0.03600), (-3.19086, -2.21532, 0.03005), (-3.19149, -2.22316, 0.02459), (-3.19215, -2.23132, 0.01963), (-3.19283, -2.23978, 0.01519), (-3.19353, -2.24850, 0.01130), (-3.19425, -2.25744, 0.00796), (-3.19498, -2.26658, 0.00519), (-3.19573, -2.27587, 0.00301), (-3.19649, -2.28528, 0.00141), (-3.19725, -2.29477, 0.00041), (-3.19802, -2.30431, 0.00001), (-3.19878, -2.31385, 0.00021), (-3.19955, -2.32336, 0.00101), (-3.20031, -2.33280, 0.00241), (-3.20106, -2.34214, 0.00440), (-3.20180, -2.35133, 0.00697), (-3.20252, -2.36035, 0.01012), (-3.20323, -2.36914, 0.01383), (-3.20392, -2.37769, 0.01809), (-3.20458, -2.38596, 0.02288), (-3.20522, -2.39391, 0.02817), (-3.20583, -2.40151, 0.03396), (-3.20641, -2.40873, 0.04022), (-3.20696, -2.41555, 0.04692), (-3.20747, -2.42194, 0.05403), (-3.20795, -2.42787, 0.06154), (-3.20839, -2.43331, 0.06940), (-3.20879, -2.43826, 0.07759), (-3.20914, -2.44268, 0.08607), (-3.20945, -2.44656, 0.09482), (-3.20972, -2.44989, 0.10379), (-3.20994, -2.45265, 0.11296), (-3.21012, -2.45483, 0.12228), (-3.21025, -2.45642, 0.13172), (-3.21033, -2.45742, 0.14124), (-3.21036, -2.45782, 0.15080), (-3.21034, -2.45762, 0.16038), (-3.21028, -2.45682, 0.16992), (-3.21017, -2.45542, 0.17939), (-3.21001, -2.45344, 0.18875), (-3.20980, -2.45087, 0.19797), (-3.20955, -2.44773, 0.20702), (-3.20925, -2.44404, 0.21584), (-3.20891, -2.43979, 0.22442), (-3.20852, -2.43502, 0.23271), (-3.20810, -2.42974, 0.24068), (-3.20764, -2.42397, 0.24831), (-3.20714, -2.41773, 0.25556), (-3.20660, -2.41105, 0.26240), (-3.20603, -2.40396, 0.26880), (-3.20543, -2.39648, 0.27475), (-3.20480, -2.38864, 0.28021), (-3.20414, -2.38048, 0.28517), (-3.20346, -2.37202, 0.28961), (-3.20276, -2.36330, 0.29350), (-3.20204, -2.35436, 0.29684), (0.38420, -2.68275, 0.29961), (0.38508, -2.67347, 0.30179), (0.38596, -2.66407, 0.30339), (0.38685, -2.65460, 0.30439), (0.38775, -2.64507, 0.30479), (0.38865, -2.63554, 0.30459), (0.38954, -2.62604, 0.30379), (0.39043, -2.61661, 0.30239), (0.39130, -2.60729, 0.30040), (0.39217, -2.59811, 0.29783), (0.39302, -2.58911, 0.29468), (0.39384, -2.58032, 0.29097), (0.39465, -2.57178, 0.28671), (0.39543, -2.56353, 0.28192), (0.39617, -2.55559, 0.27663), (0.39689, -2.54800, 0.27084), (0.39757, -2.54078, 0.26458), (0.39821, -2.53397, 0.25788), (0.39881, -2.52759, 0.25077), (0.39936, -2.52167, 0.24326), (0.39988, -2.51623, 0.23540), (0.40034, -2.51130, 0.22721), (0.40076, -2.50688, 0.21873), (0.40112, -2.50300, 0.20998), (0.40144, -2.49968, 0.20101), (0.40170, -2.49692, 0.19184), (0.40190, -2.49475, 0.18252), (0.40205, -2.49316, 0.17308), (0.40214, -2.49216, 0.16356), (0.40218, -2.49176, 0.15400), (0.40216, -2.49196, 0.14442), (0.40209, -2.49276, 0.13488), (0.40196, -2.49415, 0.12541), (0.40177, -2.49613, 0.11605), (0.40153, -2.49870, 0.10683), (0.40123, -2.50183, 0.09778), (0.40089, -2.50553, 0.08896), (0.40049, -2.50976, 0.08038), (0.40004, -2.51453, 0.07209), (0.39954, -2.51980, 0.06412), (0.39900, -2.52557, 0.05649), (0.39841, -2.53180, 0.04924), (0.39779, -2.53846, 0.04240), (0.39712, -2.54555, 0.03600), (0.39641, -2.55302, 0.03005), (0.39568, -2.56085, 0.02459), (0.39491, -2.56900, 0.01963), (0.39412, -2.57745, 0.01519), (0.39330, -2.58615, 0.01130), (0.39245, -2.59509, 0.00796), (0.39159, -2.60421, 0.00519), (0.39072, -2.61349, 0.00301), (0.38984, -2.62289, 0.00141), (0.38895, -2.63237, 0.00041), (0.38805, -2.64189, 0.00001), (0.38715, -2.65142, 0.00021), (0.38626, -2.66092, 0.00101), (0.38537, -2.67035, 0.00241), (0.38449, -2.67968, 0.00440), (0.38363, -2.68886, 0.00697), (0.38278, -2.69786, 0.01012), (0.38195, -2.70664, 0.01383), (0.38115, -2.71518, 0.01809), (0.38037, -2.72344, 0.02288), (0.37963, -2.73138, 0.02817), (0.37891, -2.73897, 0.03396), (0.37823, -2.74619, 0.04022), (0.37759, -2.75300, 0.04692), (0.37699, -2.75937, 0.05403), (0.37643, -2.76529, 0.06154), (0.37592, -2.77073, 0.06940), (0.37545, -2.77567, 0.07759), (0.37504, -2.78009, 0.08607), (0.37467, -2.78396, 0.09482), (0.37436, -2.78729, 0.10379), (0.37410, -2.79004, 0.11296), (0.37390, -2.79222, 0.12228), (0.37375, -2.79381, 0.13172), (0.37365, -2.79481, 0.14124), (0.37362, -2.79520, 0.15080), (0.37363, -2.79501, 0.16038), (0.37371, -2.79421, 0.16992), (0.37384, -2.79282, 0.17939), (0.37403, -2.79083, 0.18875), (0.37427, -2.78827, 0.19797), (0.37456, -2.78513, 0.20702), (0.37491, -2.78144, 0.21584), (0.37531, -2.77720, 0.22442), (0.37576, -2.77244, 0.23271), (0.37626, -2.76716, 0.24068), (0.37680, -2.76140, 0.24831), (0.37739, -2.75517, 0.25556), (0.37801, -2.74850, 0.26240), (0.37868, -2.74142, 0.26880), (0.37938, -2.73395, 0.27475), (0.38012, -2.72612, 0.28021), (0.38089, -2.71797, 0.28517), (0.38168, -2.70952, 0.28961), (0.38250, -2.70081, 0.29350), (0.38334, -2.69188, 0.29684), (-8.04008, -0.10379, 0.29961), (-5.97767, -0.14431, 0.29961), (-8.03990, -0.09447, 0.30179), (-5.97759, -0.13498, 0.30179), (-8.03971, -0.08503, 0.30339), (-5.97751, -0.12554, 0.30339), (-8.03952, -0.07551, 0.30439), (-5.97743, -0.11602, 0.30439), (-8.03934, -0.06595, 0.30479), (-5.97734, -0.10646, 0.30479), (-8.03915, -0.05638, 0.30459), (-5.97726, -0.09688, 0.30459), (-8.03896, -0.04684, 0.30379), (-5.97718, -0.08734, 0.30379), (-8.03877, -0.03737, 0.30239), (-5.97710, -0.07787, 0.30239), (-8.03859, -0.02800, 0.30040), (-5.97701, -0.06851, 0.30040), (-8.03841, -0.01879, 0.29783), (-5.97694, -0.05929, 0.29783), (-8.03823, -0.00975, 0.29468), (-5.97686, -0.05024, 0.29468), (-8.03806, -0.00092, 0.29097), (-5.97678, -0.04142, 0.29097), (-8.03789, 0.00765, 0.28671), (-5.97671, -0.03284, 0.28671), (-8.03773, 0.01594, 0.28192), (-5.97664, -0.02455, 0.28192), (-8.03757, 0.02391, 0.27663), (-5.97657, -0.01658, 0.27663), (-8.03742, 0.03154, 0.27084), (-5.97650, -0.00895, 0.27084), (-8.03728, 0.03879, 0.26458), (-5.97644, -0.00170, 0.26458), (-8.03715, 0.04562, 0.25788), (-5.97638, 0.00514, 0.25788), (-5.97632, 0.01154, 0.25077), (-8.03702, 0.05203, 0.25077), (-5.97627, 0.01749, 0.24326), (-8.03690, 0.05797, 0.24326), (-5.97623, 0.02295, 0.23540), (-8.03679, 0.06344, 0.23540), (-5.97618, 0.02791, 0.22721), (-8.03670, 0.06840, 0.22721), (-5.97614, 0.03235, 0.21873), (-8.03661, 0.07283, 0.21873), (-5.97611, 0.03624, 0.20998), (-8.03653, 0.07673, 0.20998), (-5.97608, 0.03958, 0.20101), (-8.03647, 0.08006, 0.20101), (-5.97606, 0.04235, 0.19184), (-8.03641, 0.08283, 0.19184), (-5.97604, 0.04454, 0.18252), (-8.03637, 0.08501, 0.18252), (-5.97602, 0.04613, 0.17308), (-8.03634, 0.08661, 0.17308), (-5.97602, 0.04713, 0.16356), (-8.03632, 0.08761, 0.16356), (-5.97601, 0.04753, 0.15400), (-8.03631, 0.08801, 0.15400), (-5.97601, 0.04733, 0.14442), (-8.03632, 0.08781, 0.14442), (-5.97602, 0.04653, 0.13488), (-8.03633, 0.08701, 0.13488), (-5.97603, 0.04513, 0.12541), (-8.03636, 0.08561, 0.12541), (-5.97605, 0.04314, 0.11605), (-8.03640, 0.08362, 0.11605), (-5.97607, 0.04057, 0.10683), (-8.03645, 0.08105, 0.10683), (-5.97610, 0.03742, 0.09778), (-8.03651, 0.07790, 0.09778), (-5.97613, 0.03371, 0.08896), (-8.03658, 0.07419, 0.08896), (-5.97617, 0.02945, 0.08038), (-8.03667, 0.06993, 0.08038), (-5.97621, 0.02467, 0.07209), (-8.03676, 0.06515, 0.07209), (-5.97626, 0.01937, 0.06412), (-8.03687, 0.05985, 0.06412), (-5.97631, 0.01358, 0.05649), (-8.03698, 0.05406, 0.05649), (-5.97636, 0.00732, 0.04924), (-8.03710, 0.04781, 0.04924), (-5.97642, 0.00062, 0.04240), (-8.03723, 0.04111, 0.04240), (-8.03737, 0.03400, 0.03600), (-5.97648, -0.00649, 0.03600), (-8.03752, 0.02650, 0.03005), (-5.97654, -0.01399, 0.03005), (-8.03768, 0.01864, 0.02459), (-5.97661, -0.02186, 0.02459), (-8.03784, 0.01045, 0.01963), (-5.97668, -0.03005, 0.01963), (-8.03800, 0.00197, 0.01519), (-5.97676, -0.03853, 0.01519), (-8.03817, -0.00678, 0.01130), (-5.97683, -0.04728, 0.01130), (-8.03835, -0.01575, 0.00796), (-5.97691, -0.05625, 0.00796), (-8.03853, -0.02491, 0.00519), (-5.97699, -0.06542, 0.00519), (-8.03871, -0.03423, 0.00301), (-5.97707, -0.07474, 0.00301), (-8.03890, -0.04367, 0.00141), (-5.97715, -0.08418, 0.00141), (-8.03909, -0.05319, 0.00041), (-5.97723, -0.09370, 0.00041), (-8.03927, -0.06276, 0.00001), (-5.97732, -0.10326, 0.00001), (-8.03946, -0.07233, 0.00021), (-5.97740, -0.11284, 0.00021), (-8.03965, -0.08186, 0.00101), (-5.97748, -0.12238, 0.00101), (-8.03984, -0.09133, 0.00241), (-5.97756, -0.13185, 0.00241), (-8.04002, -0.10070, 0.00440), (-5.97764, -0.14121, 0.00440), (-8.04020, -0.10992, 0.00697), (-5.97772, -0.15044, 0.00697), (-8.04038, -0.11896, 0.01012), (-5.97780, -0.15948, 0.01012), (-8.04055, -0.12778, 0.01383), (-5.97788, -0.16830, 0.01383), (-8.04072, -0.13635, 0.01809), (-5.97795, -0.17688, 0.01809), (-8.04088, -0.14464, 0.02288), (-5.97802, -0.18517, 0.02288), (-8.04104, -0.15262, 0.02817), (-5.97809, -0.19315, 0.02817), (-8.04119, -0.16024, 0.03396), (-5.97816, -0.20077, 0.03396), (-8.04133, -0.16749, 0.04022), (-5.97822, -0.20802, 0.04022), (-8.04147, -0.17433, 0.04692), (-5.97828, -0.21486, 0.04692), (-8.04159, -0.18073, 0.05403), (-5.97834, -0.22127, 0.05403), (-8.04171, -0.18668, 0.06154), (-5.97839, -0.22721, 0.06154), (-8.04182, -0.19214, 0.06940), (-5.97844, -0.23268, 0.06940), (-8.04191, -0.19710, 0.07759), (-5.97848, -0.23764, 0.07759), (-8.04200, -0.20153, 0.08607), (-5.97852, -0.24207, 0.08607), (-8.04208, -0.20543, 0.09482), (-5.97855, -0.24597, 0.09482), (-8.04214, -0.20876, 0.10379), (-5.97858, -0.24930, 0.10379), (-8.04220, -0.21153, 0.11296), (-5.97860, -0.25207, 0.11296), (-8.04224, -0.21372, 0.12228), (-5.97862, -0.25426, 0.12228), (-8.04227, -0.21531, 0.13172), (-5.97864, -0.25585, 0.13172), (-8.04229, -0.21631, 0.14124), (-5.97864, -0.25685, 0.14124), (-8.04230, -0.21671, 0.15080), (-5.97865, -0.25726, 0.15080), (-8.04229, -0.21651, 0.16038), (-5.97865, -0.25705, 0.16038), (-8.04228, -0.21571, 0.16992), (-5.97864, -0.25625, 0.16992), (-8.04225, -0.21431, 0.17939), (-5.97863, -0.25486, 0.17939), (-8.04221, -0.21232, 0.18875), (-5.97861, -0.25287, 0.18875), (-8.04216, -0.20975, 0.19797), (-5.97859, -0.25029, 0.19797), (-8.04210, -0.20660, 0.20702), (-5.97856, -0.24714, 0.20702), (-8.04203, -0.20289, 0.21584), (-5.97853, -0.24343, 0.21584), (-8.04194, -0.19864, 0.22442), (-5.97849, -0.23917, 0.22442), (-8.04185, -0.19385, 0.23271), (-5.97845, -0.23439, 0.23271), (-8.04175, -0.18855, 0.24068), (-5.97840, -0.22909, 0.24068), (-8.04163, -0.18277, 0.24831), (-5.97835, -0.22330, 0.24831), (-8.04151, -0.17651, 0.25556), (-5.97830, -0.21704, 0.25556), (-8.04138, -0.16981, 0.26240), (-5.97824, -0.21035, 0.26240), (-8.04124, -0.16270, 0.26880), (-5.97818, -0.20323, 0.26880), (-8.04109, -0.15520, 0.27475), (-5.97812, -0.19573, 0.27475), (-8.04094, -0.14734, 0.28021), (-5.97805, -0.18787, 0.28021), (-8.04078, -0.13915, 0.28517), (-5.97798, -0.17968, 0.28517), (-8.04061, -0.13067, 0.28961), (-5.97790, -0.17119, 0.28961), (-8.04044, -0.12192, 0.29350), (-5.97783, -0.16245, 0.29350), (-8.04026, -0.11295, 0.29684), (-5.97775, -0.15347, 0.29684), (-0.23993, -0.13080, 0.29961), (-0.23986, -0.12148, 0.30179), (-0.23980, -0.11204, 0.30339), (-0.23974, -0.10252, 0.30439), (-0.23967, -0.09295, 0.30479), (-0.23960, -0.08338, 0.30459), (-0.23954, -0.07384, 0.30379), (-0.23948, -0.06437, 0.30239), (-0.23941, -0.05500, 0.30040), (-0.23935, -0.04578, 0.29783), (-0.23929, -0.03674, 0.29468), (-0.23923, -0.02791, 0.29097), (-0.23917, -0.01934, 0.28671), (-0.23911, -0.01105, 0.28192), (-0.23906, -0.00307, 0.27663), (-0.23901, 0.00455, 0.27084), (-0.23896, 0.01180, 0.26458), (-0.23891, 0.01864, 0.25788), (-0.23886, 0.02505, 0.25077), (-0.23882, 0.03099, 0.24326), (-0.23879, 0.03646, 0.23540), (-0.23875, 0.04142, 0.22721), (-0.23872, 0.04585, 0.21873), (-0.23870, 0.04975, 0.20998), (-0.23867, 0.05309, 0.20101), (-0.23866, 0.05585, 0.19184), (-0.23864, 0.05804, 0.18252), (-0.23863, 0.05964, 0.17308), (-0.23862, 0.06064, 0.16356), (-0.23862, 0.06104, 0.15400), (-0.23862, 0.06084, 0.14442), (-0.23863, 0.06003, 0.13488), (-0.23864, 0.05864, 0.12541), (-0.23865, 0.05665, 0.11605), (-0.23867, 0.05407, 0.10683), (-0.23869, 0.05092, 0.09778), (-0.23871, 0.04721, 0.08896), (-0.23874, 0.04296, 0.08038), (-0.23878, 0.03817, 0.07209), (-0.23881, 0.03287, 0.06412), (-0.23885, 0.02708, 0.05649), (-0.23889, 0.02083, 0.04924), (-0.23894, 0.01413, 0.04240), (-0.23899, 0.00701, 0.03600), (-0.23904, -0.00049, 0.03005), (-0.23909, -0.00835, 0.02459), (-0.23915, -0.01654, 0.01963), (-0.23921, -0.02503, 0.01519), (-0.23927, -0.03377, 0.01130), (-0.23933, -0.04275, 0.00796), (-0.23939, -0.05191, 0.00519), (-0.23945, -0.06123, 0.00301), (-0.23952, -0.07067, 0.00141), (-0.23958, -0.08020, 0.00041), (-0.23965, -0.08976, 0.00001), (-0.23971, -0.09933, 0.00021), (-0.23978, -0.10887, 0.00101), (-0.23984, -0.11835, 0.00241), (-0.23991, -0.12771, 0.00440), (-0.23997, -0.13693, 0.00697), (-0.24003, -0.14597, 0.01012), (-0.24009, -0.15480, 0.01383), (-0.24015, -0.16338, 0.01809), (-0.24021, -0.17167, 0.02288), (-0.24026, -0.17964, 0.02817), (-0.24031, -0.18727, 0.03396), (-0.24036, -0.19451, 0.04022), (-0.24041, -0.20136, 0.04692), (-0.24045, -0.20776, 0.05403), (-0.24049, -0.21371, 0.06154), (-0.24053, -0.21917, 0.06940), (-0.24057, -0.22413, 0.07759), (-0.24059, -0.22857, 0.08607), (-0.24062, -0.23246, 0.09482), (-0.24064, -0.23580, 0.10379), (-0.24066, -0.23857, 0.11296), (-0.24068, -0.24075, 0.12228), (-0.24069, -0.24235, 0.13172), (-0.24070, -0.24335, 0.14124), (-0.24070, -0.24375, 0.15080), (-0.24070, -0.24355, 0.16038), (-0.24069, -0.24275, 0.16992), (-0.24068, -0.24135, 0.17939), (-0.24067, -0.23936, 0.18875), (-0.24065, -0.23679, 0.19797), (-0.24063, -0.23364, 0.20702), (-0.24060, -0.22993, 0.21584), (-0.24057, -0.22567, 0.22442), (-0.24054, -0.22088, 0.23271), (-0.24051, -0.21558, 0.24068), (-0.24047, -0.20980, 0.24831), (-0.24042, -0.20354, 0.25556), (-0.24038, -0.19684, 0.26240), (-0.24033, -0.18973, 0.26880), (-0.24028, -0.18222, 0.27475), (-0.24023, -0.17436, 0.28021), (-0.24017, -0.16617, 0.28517), (-0.24011, -0.15769, 0.28961), (-0.24005, -0.14894, 0.29350), (-0.23999, -0.13997, 0.29684), (3.13516, -0.18479, 0.29961), (3.13564, -0.17547, 0.30179), (3.13613, -0.16604, 0.30339), (3.13662, -0.15652, 0.30439), (3.13712, -0.14697, 0.30479), (3.13761, -0.13740, 0.30459), (3.13811, -0.12787, 0.30379), (3.13859, -0.11840, 0.30239), (3.13908, -0.10904, 0.30040), (3.13955, -0.09983, 0.29783), (3.14002, -0.09079, 0.29468), (3.14048, -0.08197, 0.29097), (3.14092, -0.07340, 0.28671), (3.14135, -0.06512, 0.28192), (3.14176, -0.05715, 0.27663), (3.14216, -0.04953, 0.27084), (3.14253, -0.04229, 0.26458), (3.14289, -0.03545, 0.25788), (3.14322, -0.02905, 0.25077), (3.14352, -0.02311, 0.24326), (3.14381, -0.01765, 0.23540), (3.14406, -0.01269, 0.22721), (3.14429, -0.00826, 0.21873), (3.14449, -0.00437, 0.20998), (3.14467, -0.00103, 0.20101), (3.14481, 0.00173, 0.19184), (3.14492, 0.00392, 0.18252), (3.14500, 0.00551, 0.17308), (3.14506, 0.00651, 0.16356), (3.14508, 0.00691, 0.15400), (3.14507, 0.00671, 0.14442), (3.14503, 0.00591, 0.13488), (3.14495, 0.00452, 0.12541), (3.14485, 0.00253, 0.11605), (3.14472, -0.00005, 0.10683), (3.14456, -0.00319, 0.09778), (3.14436, -0.00690, 0.08896), (3.14414, -0.01115, 0.08038), (3.14389, -0.01594, 0.07209), (3.14362, -0.02123, 0.06412), (3.14332, -0.02702, 0.05649), (3.14300, -0.03327, 0.04924), (3.14265, -0.03996, 0.04240), (3.14228, -0.04707, 0.03600), (3.14190, -0.05457, 0.03005), (3.14149, -0.06243, 0.02459), (3.14107, -0.07061, 0.01963), (3.14063, -0.07909, 0.01519), (3.14018, -0.08783, 0.01130), (3.13971, -0.09680, 0.00796), (3.13924, -0.10595, 0.00519), (3.13876, -0.11527, 0.00301), (3.13827, -0.12470, 0.00141), (3.13778, -0.13422, 0.00041), (3.13728, -0.14378, 0.00001), (3.13679, -0.15334, 0.00021), (3.13629, -0.16287, 0.00101), (3.13580, -0.17234, 0.00241), (3.13532, -0.18170, 0.00440), (3.13484, -0.19091, 0.00697), (3.13438, -0.19995, 0.01012), (3.13392, -0.20877, 0.01383), (3.13348, -0.21734, 0.01809), (3.13305, -0.22562, 0.02288), (3.13264, -0.23359, 0.02817), (3.13224, -0.24121, 0.03396), (3.13187, -0.24846, 0.04022), (3.13151, -0.25529, 0.04692), (3.13118, -0.26169, 0.05403), (3.13087, -0.26763, 0.06154), (3.13059, -0.27309, 0.06940), (3.13033, -0.27805, 0.07759), (3.13011, -0.28248, 0.08607), (3.12991, -0.28637, 0.09482), (3.12973, -0.28971, 0.10379), (3.12959, -0.29247, 0.11296), (3.12948, -0.29466, 0.12228), (3.12939, -0.29625, 0.13172), (3.12934, -0.29725, 0.14124), (3.12932, -0.29766, 0.15080), (3.12933, -0.29746, 0.16038), (3.12937, -0.29666, 0.16992), (3.12944, -0.29526, 0.17939), (3.12955, -0.29327, 0.18875), (3.12968, -0.29070, 0.19797), (3.12984, -0.28755, 0.20702), (3.13004, -0.28384, 0.21584), (3.13025, -0.27959, 0.22442), (3.13050, -0.27480, 0.23271), (3.13078, -0.26951, 0.24068), (3.13107, -0.26372, 0.24831), (3.13140, -0.25747, 0.25556), (3.13175, -0.25078, 0.26240), (3.13211, -0.24367, 0.26880), (3.13250, -0.23617, 0.27475), (3.13291, -0.22831, 0.28021), (3.13333, -0.22013, 0.28517), (3.13377, -0.21165, 0.28961), (3.13422, -0.20291, 0.29350), (3.13469, -0.19395, 0.29684), (6.05935, -0.44096, 0.29961), (6.06087, -0.43174, 0.30179), (6.06242, -0.42240, 0.30339), (6.06397, -0.41298, 0.30439), (6.06554, -0.40351, 0.30479), (6.06711, -0.39404, 0.30459), (6.06867, -0.38460, 0.30379), (6.07022, -0.37523, 0.30239), (6.07175, -0.36596, 0.30040), (6.07326, -0.35684, 0.29783), (6.07474, -0.34789, 0.29468), (6.07619, -0.33916, 0.29097), (6.07759, -0.33067, 0.28671), (6.07895, -0.32247, 0.28192), (6.08026, -0.31458, 0.27663), (6.08150, -0.30703, 0.27084), (6.08269, -0.29986, 0.26458), (6.08381, -0.29309, 0.25788), (6.08486, -0.28675, 0.25077), (6.08583, -0.28087, 0.24326), (6.08673, -0.27546, 0.23540), (6.08754, -0.27056, 0.22721), (6.08826, -0.26617, 0.21873), (6.08890, -0.26231, 0.20998), (6.08945, -0.25901, 0.20101), (6.08990, -0.25627, 0.19184), (6.09026, -0.25411, 0.18252), (6.09052, -0.25253, 0.17308), (6.09068, -0.25154, 0.16356), (6.09075, -0.25114, 0.15400), (6.09072, -0.25134, 0.14442), (6.09059, -0.25213, 0.13488), (6.09036, -0.25352, 0.12541), (6.09003, -0.25549, 0.11605), (6.08961, -0.25804, 0.10683), (6.08909, -0.26115, 0.09778), (6.08849, -0.26482, 0.08896), (6.08779, -0.26904, 0.08038), (6.08701, -0.27377, 0.07209), (6.08614, -0.27901, 0.06412), (6.08519, -0.28474, 0.05649), (6.08417, -0.29093, 0.04924), (6.08307, -0.29756, 0.04240), (6.08191, -0.30460, 0.03600), (6.08068, -0.31202, 0.03005), (6.07939, -0.31980, 0.02459), (6.07805, -0.32791, 0.01963), (6.07666, -0.33630, 0.01519), (6.07523, -0.34496, 0.01130), (6.07376, -0.35384, 0.00796), (6.07226, -0.36290, 0.00519), (6.07073, -0.37213, 0.00301), (6.06919, -0.38147, 0.00141), (6.06763, -0.39089, 0.00041), (6.06606, -0.40036, 0.00001), (6.06450, -0.40983, 0.00021), (6.06293, -0.41927, 0.00101), (6.06138, -0.42864, 0.00241), (6.05985, -0.43790, 0.00440), (6.05834, -0.44703, 0.00697), (6.05686, -0.45598, 0.01012), (6.05542, -0.46471, 0.01383), (6.05401, -0.47319, 0.01809), (6.05266, -0.48140, 0.02288), (6.05135, -0.48929, 0.02817), (6.05010, -0.49683, 0.03396), (6.04891, -0.50401, 0.04022), (6.04779, -0.51077, 0.04692), (6.04675, -0.51711, 0.05403), (6.04577, -0.52300, 0.06154), (6.04488, -0.52840, 0.06940), (6.04407, -0.53331, 0.07759), (6.04334, -0.53770, 0.08607), (6.04270, -0.54155, 0.09482), (6.04216, -0.54485, 0.10379), (6.04170, -0.54759, 0.11296), (6.04134, -0.54976, 0.12228), (6.04108, -0.55134, 0.13172), (6.04092, -0.55233, 0.14124), (6.04086, -0.55272, 0.15080), (6.04089, -0.55253, 0.16038), (6.04102, -0.55173, 0.16992), (6.04125, -0.55035, 0.17939), (6.04157, -0.54838, 0.18875), (6.04199, -0.54583, 0.19797), (6.04251, -0.54272, 0.20702), (6.04312, -0.53904, 0.21584), (6.04381, -0.53483, 0.22442), (6.04460, -0.53010, 0.23271), (6.04547, -0.52485, 0.24068), (6.04641, -0.51913, 0.24831), (6.04744, -0.51294, 0.25556), (6.04853, -0.50631, 0.26240), (6.04970, -0.49927, 0.26880), (6.05093, -0.49184, 0.27475), (6.05221, -0.48406, 0.28021), (6.05355, -0.47596, 0.28517), (6.05494, -0.46757, 0.28961), (6.05638, -0.45891, 0.29350), (6.05784, -0.45003, 0.29684), (7.09740, -0.69559, 0.29961), (7.10078, -0.68683, 0.30179), (7.10422, -0.67795, 0.30339), (7.10768, -0.66899, 0.30439), (7.11115, -0.66000, 0.30479), (7.11463, -0.65099, 0.30459), (7.11810, -0.64202, 0.30379), (7.12154, -0.63311, 0.30239), (7.12494, -0.62431, 0.30040), (7.12829, -0.61563, 0.29783), (7.13158, -0.60713, 0.29468), (7.13478, -0.59883, 0.29097), (7.13790, -0.59076, 0.28671), (7.14091, -0.58297, 0.28192), (7.14381, -0.57547, 0.27663), (7.14658, -0.56829, 0.27084), (7.14922, -0.56148, 0.26458), (7.15170, -0.55504, 0.25788), (7.15403, -0.54902, 0.25077), (7.15619, -0.54343, 0.24326), (7.15818, -0.53829, 0.23540), (7.15998, -0.53362, 0.22721), (7.16159, -0.52945, 0.21873), (7.16301, -0.52579, 0.20998), (7.16422, -0.52265, 0.20101), (7.16522, -0.52005, 0.19184), (7.16602, -0.51799, 0.18252), (7.16660, -0.51649, 0.17308), (7.16696, -0.51555, 0.16356), (7.16711, -0.51517, 0.15400), (7.16704, -0.51536, 0.14442), (7.16675, -0.51611, 0.13488), (7.16624, -0.51743, 0.12541), (7.16551, -0.51930, 0.11605), (7.16458, -0.52172, 0.10683), (7.16343, -0.52468, 0.09778), (7.16208, -0.52817, 0.08896), (7.16054, -0.53218, 0.08038), (7.15880, -0.53668, 0.07209), (7.15687, -0.54166, 0.06412), (7.15477, -0.54710, 0.05649), (7.15250, -0.55299, 0.04924), (7.15006, -0.55929, 0.04240), (7.14748, -0.56598, 0.03600), (7.14475, -0.57304, 0.03005), (7.14190, -0.58043, 0.02459), (7.13892, -0.58813, 0.01963), (7.13583, -0.59611, 0.01519), (7.13266, -0.60434, 0.01130), (7.12940, -0.61278, 0.00796), (7.12606, -0.62140, 0.00519), (7.12268, -0.63017, 0.00301), (7.11925, -0.63904, 0.00141), (7.11579, -0.64800, 0.00041), (7.11231, -0.65700, 0.00001), (7.10883, -0.66600, 0.00021), (7.10537, -0.67497, 0.00101), (7.10192, -0.68388, 0.00241), (7.09852, -0.69269, 0.00440), (7.09517, -0.70136, 0.00697), (7.09188, -0.70986, 0.01012), (7.08868, -0.71816, 0.01383), (7.08556, -0.72623, 0.01809), (7.08255, -0.73403, 0.02288), (7.07965, -0.74153, 0.02817), (7.07688, -0.74870, 0.03396), (7.07425, -0.75552, 0.04022), (7.07176, -0.76195, 0.04692), (7.06943, -0.76797, 0.05403), (7.06727, -0.77357, 0.06154), (7.06529, -0.77871, 0.06940), (7.06348, -0.78337, 0.07759), (7.06187, -0.78754, 0.08607), (7.06046, -0.79121, 0.09482), (7.05924, -0.79434, 0.10379), (7.05824, -0.79695, 0.11296), (7.05744, -0.79900, 0.12228), (7.05686, -0.80050, 0.13172), (7.05650, -0.80144, 0.14124), (7.05635, -0.80182, 0.15080), (7.05643, -0.80163, 0.16038), (7.05672, -0.80088, 0.16992), (7.05723, -0.79956, 0.17939), (7.05795, -0.79769, 0.18875), (7.05889, -0.79527, 0.19797), (7.06003, -0.79231, 0.20702), (7.06138, -0.78882, 0.21584), (7.06293, -0.78482, 0.22442), (7.06466, -0.78031, 0.23271), (7.06659, -0.77533, 0.24068), (7.06869, -0.76989, 0.24831), (7.07097, -0.76400, 0.25556), (7.07340, -0.75770, 0.26240), (7.07599, -0.75101, 0.26880), (7.07871, -0.74396, 0.27475), (7.08157, -0.73656, 0.28021), (7.08455, -0.72886, 0.28517), (7.08763, -0.72088, 0.28961), (7.09081, -0.71265, 0.29350), (7.09407, -0.70421, 0.29684), (7.68646, -1.01500, 0.29961), (7.69188, -1.00734, 0.30179), (7.69737, -0.99958, 0.30339), (7.70291, -0.99175, 0.30439), (7.70848, -0.98389, 0.30479), (7.71404, -0.97602, 0.30459), (7.71960, -0.96818, 0.30379), (7.72511, -0.96039, 0.30239), (7.73055, -0.95269, 0.30040), (7.73592, -0.94511, 0.29783), (7.74118, -0.93768, 0.29468), (7.74632, -0.93042, 0.29097), (7.75130, -0.92337, 0.28671), (7.75613, -0.91656, 0.28192), (7.76077, -0.91000, 0.27663), (7.76520, -0.90373, 0.27084), (7.76942, -0.89777, 0.26458), (7.77340, -0.89215, 0.25788), (7.77713, -0.88688, 0.25077), (7.78059, -0.88199, 0.24326), (7.78377, -0.87750, 0.23540), (7.78665, -0.87343, 0.22721), (7.78923, -0.86978, 0.21873), (7.79150, -0.86658, 0.20998), (7.79344, -0.86383, 0.20101), (7.79505, -0.86156, 0.19184), (7.79632, -0.85976, 0.18252), (7.79725, -0.85845, 0.17308), (7.79783, -0.85763, 0.16356), (7.79806, -0.85730, 0.15400), (7.79795, -0.85746, 0.14442), (7.79748, -0.85812, 0.13488), (7.79667, -0.85927, 0.12541), (7.79551, -0.86091, 0.11605), (7.79401, -0.86302, 0.10683), (7.79218, -0.86561, 0.09778), (7.79002, -0.86866, 0.08896), (7.78754, -0.87216, 0.08038), (7.78476, -0.87610, 0.07209), (7.78168, -0.88045, 0.06412), (7.77831, -0.88521, 0.05649), (7.77467, -0.89035, 0.04924), (7.77077, -0.89586, 0.04240), (7.76663, -0.90171, 0.03600), (7.76227, -0.90788, 0.03005), (7.75770, -0.91434, 0.02459), (7.75293, -0.92107, 0.01963), (7.74800, -0.92805, 0.01519), (7.74291, -0.93524, 0.01130), (7.73769, -0.94261, 0.00796), (7.73235, -0.95015, 0.00519), (7.72693, -0.95781, 0.00301), (7.72144, -0.96557, 0.00141), (7.71590, -0.97340, 0.00041), (7.71033, -0.98126, 0.00001), (7.70477, -0.98913, 0.00021), (7.69921, -0.99698, 0.00101), (7.69370, -1.00476, 0.00241), (7.68826, -1.01246, 0.00440), (7.68289, -1.02004, 0.00697), (7.67763, -1.02747, 0.01012), (7.67250, -1.03473, 0.01383), (7.66751, -1.04178, 0.01809), (7.66268, -1.04860, 0.02288), (7.65804, -1.05515, 0.02817), (7.65361, -1.06142, 0.03396), (7.64939, -1.06738, 0.04022), (7.64541, -1.07300, 0.04692), (7.64169, -1.07827, 0.05403), (7.63823, -1.08316, 0.06154), (7.63505, -1.08765, 0.06940), (7.63216, -1.09173, 0.07759), (7.62958, -1.09537, 0.08607), (7.62731, -1.09858, 0.09482), (7.62537, -1.10132, 0.10379), (7.62376, -1.10359, 0.11296), (7.62249, -1.10539, 0.12228), (7.62156, -1.10670, 0.13172), (7.62098, -1.10753, 0.14124), (7.62075, -1.10786, 0.15080), (7.62086, -1.10769, 0.16038), (7.62133, -1.10703, 0.16992), (7.62214, -1.10588, 0.17939), (7.62330, -1.10425, 0.18875), (7.62480, -1.10213, 0.19797), (7.62663, -1.09954, 0.20702), (7.62879, -1.09649, 0.21584), (7.63127, -1.09299, 0.22442), (7.63405, -1.08906, 0.23271), (7.63713, -1.08470, 0.24068), (7.64050, -1.07994, 0.24831), (7.64414, -1.07480, 0.25556), (7.64804, -1.06929, 0.26240), (7.65218, -1.06344, 0.26880), (7.65654, -1.05727, 0.27475), (7.66112, -1.05081, 0.28021), (7.66588, -1.04408, 0.28517), (7.67082, -1.03710, 0.28961), (7.67591, -1.02991, 0.29350), (7.68113, -1.02254, 0.29684), (8.09645, -1.38552, 0.29961), (8.10385, -1.37965, 0.30179), (8.11135, -1.37370, 0.30339), (8.11891, -1.36770, 0.30439), (8.12651, -1.36167, 0.30479), (8.13411, -1.35564, 0.30459), (8.14169, -1.34963, 0.30379), (8.14921, -1.34367, 0.30239), (8.15665, -1.33776, 0.30040), (8.16397, -1.33195, 0.29783), (8.17116, -1.32626, 0.29468), (8.17817, -1.32070, 0.29097), (8.18498, -1.31529, 0.28671), (8.19156, -1.31007, 0.28192), (8.19790, -1.30504, 0.27663), (8.20395, -1.30024, 0.27084), (8.20971, -1.29567, 0.26458), (8.21514, -1.29136, 0.25788), (8.22023, -1.28733, 0.25077), (8.22495, -1.28358, 0.24326), (8.22929, -1.28014, 0.23540), (8.23323, -1.27701, 0.22721), (8.23676, -1.27422, 0.21873), (8.23985, -1.27176, 0.20998), (8.24250, -1.26966, 0.20101), (8.24470, -1.26792, 0.19184), (8.24643, -1.26654, 0.18252), (8.24770, -1.26553, 0.17308), (8.24850, -1.26490, 0.16356), (8.24881, -1.26465, 0.15400), (8.24866, -1.26478, 0.14442), (8.24802, -1.26528, 0.13488), (8.24691, -1.26616, 0.12541), (8.24533, -1.26742, 0.11605), (8.24328, -1.26904, 0.10683), (8.24078, -1.27102, 0.09778), (8.23783, -1.27336, 0.08896), (8.23445, -1.27604, 0.08038), (8.23065, -1.27906, 0.07209), (8.22644, -1.28240, 0.06412), (8.22185, -1.28605, 0.05649), (8.21688, -1.28999, 0.04924), (8.21156, -1.29421, 0.04240), (8.20591, -1.29869, 0.03600), (8.19995, -1.30342, 0.03005), (8.19370, -1.30837, 0.02459), (8.18720, -1.31353, 0.01963), (8.18046, -1.31888, 0.01519), (8.17351, -1.32439, 0.01130), (8.16639, -1.33004, 0.00796), (8.15911, -1.33582, 0.00519), (8.15170, -1.34169, 0.00301), (8.14421, -1.34764, 0.00141), (8.13664, -1.35364, 0.00041), (8.12905, -1.35966, 0.00001), (8.12144, -1.36569, 0.00021), (8.11386, -1.37171, 0.00101), (8.10634, -1.37767, 0.00241), (8.09890, -1.38357, 0.00440), (8.09158, -1.38938, 0.00697), (8.08440, -1.39508, 0.01012), (8.07739, -1.40064, 0.01383), (8.07058, -1.40604, 0.01809), (8.06399, -1.41127, 0.02288), (8.05766, -1.41629, 0.02817), (8.05160, -1.42110, 0.03396), (8.04585, -1.42566, 0.04022), (8.04041, -1.42997, 0.04692), (8.03533, -1.43401, 0.05403), (8.03060, -1.43776, 0.06154), (8.02626, -1.44120, 0.06940), (8.02232, -1.44433, 0.07759), (8.01880, -1.44712, 0.08607), (8.01571, -1.44957, 0.09482), (8.01306, -1.45168, 0.10379), (8.01086, -1.45342, 0.11296), (8.00912, -1.45480, 0.12228), (8.00785, -1.45580, 0.13172), (8.00706, -1.45643, 0.14124), (8.00674, -1.45669, 0.15080), (8.00690, -1.45656, 0.16038), (8.00754, -1.45606, 0.16992), (8.00865, -1.45517, 0.17939), (8.01023, -1.45392, 0.18875), (8.01227, -1.45230, 0.19797), (8.01477, -1.45031, 0.20702), (8.01772, -1.44798, 0.21584), (8.02110, -1.44529, 0.22442), (8.02490, -1.44228, 0.23271), (8.02911, -1.43894, 0.24068), (8.03371, -1.43529, 0.24831), (8.03868, -1.43135, 0.25556), (8.04400, -1.42713, 0.26240), (8.04965, -1.42265, 0.26880), (8.05561, -1.41792, 0.27475), (8.06185, -1.41297, 0.28021), (8.06836, -1.40781, 0.28517), (8.07509, -1.40246, 0.28961), (8.08204, -1.39695, 0.29350), (8.08917, -1.39130, 0.29684), (8.35952, -1.86102, 0.29961), (8.36831, -1.85765, 0.30179), (8.37722, -1.85425, 0.30339), (8.38620, -1.85081, 0.30439), (8.39523, -1.84736, 0.30479), (8.40425, -1.84391, 0.30459), (8.41325, -1.84047, 0.30379), (8.42219, -1.83705, 0.30239), (8.43102, -1.83368, 0.30040), (8.43972, -1.83035, 0.29783), (8.44825, -1.82709, 0.29468), (8.45658, -1.82391, 0.29097), (8.46466, -1.82081, 0.28671), (8.47249, -1.81782, 0.28192), (8.48001, -1.81495, 0.27663), (8.48720, -1.81220, 0.27084), (8.49404, -1.80958, 0.26458), (8.50049, -1.80712, 0.25788), (8.50653, -1.80480, 0.25077), (8.51214, -1.80266, 0.24326), (8.51730, -1.80069, 0.23540), (8.52198, -1.79890, 0.22721), (8.52616, -1.79730, 0.21873), (8.52983, -1.79590, 0.20998), (8.53298, -1.79469, 0.20101), (8.53559, -1.79369, 0.19184), (8.53765, -1.79291, 0.18252), (8.53916, -1.79233, 0.17308), (8.54010, -1.79197, 0.16356), (8.54048, -1.79182, 0.15400), (8.54029, -1.79190, 0.14442), (8.53954, -1.79218, 0.13488), (8.53822, -1.79269, 0.12541), (8.53634, -1.79341, 0.11605), (8.53391, -1.79434, 0.10683), (8.53094, -1.79547, 0.09778), (8.52744, -1.79681, 0.08896), (8.52343, -1.79835, 0.08038), (8.51891, -1.80007, 0.07209), (8.51391, -1.80198, 0.06412), (8.50845, -1.80407, 0.05649), (8.50255, -1.80633, 0.04924), (8.49623, -1.80874, 0.04240), (8.48952, -1.81131, 0.03600), (8.48244, -1.81401, 0.03005), (8.47503, -1.81685, 0.02459), (8.46730, -1.81980, 0.01963), (8.45930, -1.82286, 0.01519), (8.45105, -1.82602, 0.01130), (8.44258, -1.82926, 0.00796), (8.43394, -1.83256, 0.00519), (8.42515, -1.83592, 0.00301), (8.41624, -1.83933, 0.00141), (8.40726, -1.84276, 0.00041), (8.39824, -1.84621, 0.00001), (8.38921, -1.84966, 0.00021), (8.38021, -1.85311, 0.00101), (8.37127, -1.85652, 0.00241), (8.36244, -1.85990, 0.00440), (8.35374, -1.86322, 0.00697), (8.34521, -1.86649, 0.01012), (8.33689, -1.86967, 0.01383), (8.32880, -1.87276, 0.01809), (8.32098, -1.87575, 0.02288), (8.31345, -1.87863, 0.02817), (8.30626, -1.88138, 0.03396), (8.29942, -1.88399, 0.04022), (8.29297, -1.88646, 0.04692), (8.28693, -1.88877, 0.05403), (8.28132, -1.89092, 0.06154), (8.27617, -1.89289, 0.06940), (8.27149, -1.89468, 0.07759), (8.26730, -1.89628, 0.08607), (8.26363, -1.89768, 0.09482), (8.26048, -1.89888, 0.10379), (8.25787, -1.89988, 0.11296), (8.25581, -1.90067, 0.12228), (8.25430, -1.90125, 0.13172), (8.25336, -1.90161, 0.14124), (8.25298, -1.90175, 0.15080), (8.25317, -1.90168, 0.16038), (8.25392, -1.90139, 0.16992), (8.25524, -1.90089, 0.17939), (8.25712, -1.90017, 0.18875), (8.25955, -1.89924, 0.19797), (8.26252, -1.89810, 0.20702), (8.26602, -1.89677, 0.21584), (8.27004, -1.89523, 0.22442), (8.27455, -1.89350, 0.23271), (8.27955, -1.89159, 0.24068), (8.28501, -1.88950, 0.24831), (8.29091, -1.88725, 0.25556), (8.29723, -1.88483, 0.26240), (8.30394, -1.88227, 0.26880), (8.31102, -1.87956, 0.27475), (8.31844, -1.87672, 0.28021), (8.32616, -1.87377, 0.28517), (8.33416, -1.87071, 0.28961), (8.34241, -1.86756, 0.29350), (8.35088, -1.86432, 0.29684), (8.44223, -2.22226, 0.29961), (8.45266, -2.22607, 0.30179), (8.46323, -2.22993, 0.30339), (8.47389, -2.23382, 0.30439), (8.48460, -2.23773, 0.30479), (8.49531, -2.24165, 0.30459), (8.50599, -2.24554, 0.30379), (8.51659, -2.24942, 0.30239), (8.52708, -2.25325, 0.30040), (8.53740, -2.25701, 0.29783), (8.54752, -2.26071, 0.29468), (8.55740, -2.26432, 0.29097), (8.56700, -2.26782, 0.28671), (8.57628, -2.27121, 0.28192), (8.58521, -2.27447, 0.27663), (8.59375, -2.27759, 0.27084), (8.60186, -2.28055, 0.26458), (8.60952, -2.28335, 0.25788), (8.61669, -2.28597, 0.25077), (8.62335, -2.28840, 0.24326), (8.62946, -2.29063, 0.23540), (8.63502, -2.29266, 0.22721), (8.63998, -2.29447, 0.21873), (8.64434, -2.29607, 0.20998), (8.64808, -2.29743, 0.20101), (8.65117, -2.29856, 0.19184), (8.65362, -2.29946, 0.18252), (8.65541, -2.30011, 0.17308), (8.65653, -2.30052, 0.16356), (8.65698, -2.30068, 0.15400), (8.65675, -2.30060, 0.14442), (8.65586, -2.30027, 0.13488), (8.65429, -2.29970, 0.12541), (8.65206, -2.29889, 0.11605), (8.64918, -2.29783, 0.10683), (8.64566, -2.29655, 0.09778), (8.64150, -2.29503, 0.08896), (8.63674, -2.29329, 0.08038), (8.63138, -2.29133, 0.07209), (8.62545, -2.28917, 0.06412), (8.61897, -2.28680, 0.05649), (8.61197, -2.28424, 0.04924), (8.60447, -2.28151, 0.04240), (8.59650, -2.27860, 0.03600), (8.58810, -2.27553, 0.03005), (8.57930, -2.27231, 0.02459), (8.57013, -2.26897, 0.01963), (8.56063, -2.26550, 0.01519), (8.55084, -2.26192, 0.01130), (8.54080, -2.25826, 0.00796), (8.53054, -2.25451, 0.00519), (8.52010, -2.25070, 0.00301), (8.50954, -2.24684, 0.00141), (8.49888, -2.24295, 0.00041), (8.48817, -2.23904, 0.00001), (8.47745, -2.23512, 0.00021), (8.46677, -2.23122, 0.00101), (8.45617, -2.22735, 0.00241), (8.44569, -2.22352, 0.00440), (8.43536, -2.21975, 0.00697), (8.42524, -2.21606, 0.01012), (8.41536, -2.21245, 0.01383), (8.40576, -2.20894, 0.01809), (8.39648, -2.20555, 0.02288), (8.38755, -2.20229, 0.02817), (8.37901, -2.19918, 0.03396), (8.37090, -2.19621, 0.04022), (8.36325, -2.19342, 0.04692), (8.35608, -2.19080, 0.05403), (8.34942, -2.18837, 0.06154), (8.34330, -2.18614, 0.06940), (8.33775, -2.18411, 0.07759), (8.33278, -2.18229, 0.08607), (8.32842, -2.18070, 0.09482), (8.32469, -2.17934, 0.10379), (8.32159, -2.17821, 0.11296), (8.31914, -2.17731, 0.12228), (8.31735, -2.17666, 0.13172), (8.31623, -2.17625, 0.14124), (8.31579, -2.17609, 0.15080), (8.31601, -2.17617, 0.16038), (8.31691, -2.17650, 0.16992), (8.31847, -2.17707, 0.17939), (8.32070, -2.17788, 0.18875), (8.32358, -2.17894, 0.19797), (8.32711, -2.18022, 0.20702), (8.33126, -2.18174, 0.21584), (8.33603, -2.18348, 0.22442), (8.34138, -2.18544, 0.23271), (8.34732, -2.18760, 0.24068), (8.35380, -2.18997, 0.24831), (8.36080, -2.19252, 0.25556), (8.36830, -2.19526, 0.26240), (8.37626, -2.19817, 0.26880), (8.38466, -2.20124, 0.27475), (8.39346, -2.20445, 0.28021), (8.40263, -2.20780, 0.28517), (8.41213, -2.21127, 0.28961), (8.42192, -2.21484, 0.29350), (8.43197, -2.21851, 0.29684), (8.01902, -2.54098, 0.29961), (8.02353, -2.54925, 0.30179), (8.02811, -2.55762, 0.30339), (8.03272, -2.56607, 0.30439), (8.03735, -2.57455, 0.30479), (8.04199, -2.58304, 0.30459), (8.04661, -2.59151, 0.30379), (8.05120, -2.59991, 0.30239), (8.05573, -2.60821, 0.30040), (8.06020, -2.61639, 0.29783), (8.06458, -2.62441, 0.29468), (8.06886, -2.63224, 0.29097), (8.07301, -2.63985, 0.28671), (8.07703, -2.64721, 0.28192), (8.08089, -2.65428, 0.27663), (8.08458, -2.66105, 0.27084), (8.08809, -2.66747, 0.26458), (8.09141, -2.67354, 0.25788), (8.09451, -2.67922, 0.25077), (8.09739, -2.68450, 0.24326), (8.10004, -2.68935, 0.23540), (8.10244, -2.69375, 0.22721), (8.10459, -2.69768, 0.21873), (8.10647, -2.70113, 0.20998), (8.10809, -2.70410, 0.20101), (8.10943, -2.70655, 0.19184), (8.11049, -2.70849, 0.18252), (8.11126, -2.70991, 0.17308), (8.11175, -2.71079, 0.16356), (8.11194, -2.71115, 0.15400), (8.11185, -2.71097, 0.14442), (8.11146, -2.71026, 0.13488), (8.11078, -2.70902, 0.12541), (8.10982, -2.70725, 0.11605), (8.10857, -2.70497, 0.10683), (8.10704, -2.70218, 0.09778), (8.10525, -2.69889, 0.08896), (8.10318, -2.69511, 0.08038), (8.10086, -2.69086, 0.07209), (8.09830, -2.68616, 0.06412), (8.09550, -2.68103, 0.05649), (8.09247, -2.67548, 0.04924), (8.08922, -2.66954, 0.04240), (8.08578, -2.66323, 0.03600), (8.08214, -2.65657, 0.03005), (8.07833, -2.64960, 0.02459), (8.07436, -2.64233, 0.01963), (8.07026, -2.63481, 0.01519), (8.06602, -2.62705, 0.01130), (8.06167, -2.61909, 0.00796), (8.05723, -2.61096, 0.00519), (8.05272, -2.60269, 0.00301), (8.04815, -2.59431, 0.00141), (8.04353, -2.58587, 0.00041), (8.03890, -2.57738, 0.00001), (8.03426, -2.56889, 0.00021), (8.02964, -2.56043, 0.00101), (8.02505, -2.55203, 0.00241), (8.02052, -2.54372, 0.00440), (8.01605, -2.53554, 0.00697), (8.01167, -2.52752, 0.01012), (8.00740, -2.51969, 0.01383), (8.00324, -2.51208, 0.01809), (7.99923, -2.50473, 0.02288), (7.99536, -2.49765, 0.02817), (7.99167, -2.49089, 0.03396), (7.98816, -2.48446, 0.04022), (7.98485, -2.47839, 0.04692), (7.98174, -2.47271, 0.05403), (7.97886, -2.46743, 0.06154), (7.97622, -2.46259, 0.06940), (7.97381, -2.45819, 0.07759), (7.97167, -2.45425, 0.08607), (7.96978, -2.45080, 0.09482), (7.96816, -2.44784, 0.10379), (7.96682, -2.44538, 0.11296), (7.96576, -2.44344, 0.12228), (7.96499, -2.44203, 0.13172), (7.96450, -2.44114, 0.14124), (7.96431, -2.44078, 0.15080), (7.96441, -2.44096, 0.16038), (7.96480, -2.44167, 0.16992), (7.96547, -2.44291, 0.17939), (7.96644, -2.44468, 0.18875), (7.96768, -2.44696, 0.19797), (7.96921, -2.44976, 0.20702), (7.97101, -2.45305, 0.21584), (7.97307, -2.45682, 0.22442), (7.97539, -2.46107, 0.23271), (7.97795, -2.46577, 0.24068), (7.98076, -2.47090, 0.24831), (7.98379, -2.47645, 0.25556), (7.98703, -2.48240, 0.26240), (7.99048, -2.48871, 0.26880), (7.99411, -2.49536, 0.27475), (7.99792, -2.50234, 0.28021), (8.00189, -2.50960, 0.28517), (8.00600, -2.51713, 0.28961), (8.01023, -2.52489, 0.29350), (8.01458, -2.53285, 0.29684), (7.37150, -2.78037, 0.29961), (7.37367, -2.78950, 0.30179), (7.37587, -2.79876, 0.30339), (7.37809, -2.80809, 0.30439), (7.38031, -2.81746, 0.30479), (7.38254, -2.82684, 0.30459), (7.38477, -2.83619, 0.30379), (7.38697, -2.84548, 0.30239), (7.38915, -2.85465, 0.30040), (7.39130, -2.86369, 0.29783), (7.39340, -2.87255, 0.29468), (7.39546, -2.88120, 0.29097), (7.39746, -2.88961, 0.28671), (7.39939, -2.89773, 0.28192), (7.40125, -2.90555, 0.27663), (7.40302, -2.91302, 0.27084), (7.40471, -2.92013, 0.26458), (7.40630, -2.92683, 0.25788), (7.40779, -2.93311, 0.25077), (7.40918, -2.93893, 0.24326), (7.41045, -2.94429, 0.23540), (7.41161, -2.94915, 0.22721), (7.41264, -2.95350, 0.21873), (7.41355, -2.95731, 0.20998), (7.41432, -2.96059, 0.20101), (7.41497, -2.96330, 0.19184), (7.41548, -2.96544, 0.18252), (7.41585, -2.96700, 0.17308), (7.41608, -2.96799, 0.16356), (7.41618, -2.96838, 0.15400), (7.41613, -2.96818, 0.14442), (7.41594, -2.96740, 0.13488), (7.41562, -2.96603, 0.12541), (7.41515, -2.96407, 0.11605), (7.41455, -2.96155, 0.10683), (7.41382, -2.95847, 0.09778), (7.41296, -2.95483, 0.08896), (7.41196, -2.95066, 0.08038), (7.41085, -2.94597, 0.07209), (7.40962, -2.94077, 0.06412), (7.40827, -2.93510, 0.05649), (7.40681, -2.92897, 0.04924), (7.40525, -2.92240, 0.04240), (7.40359, -2.91543, 0.03600), (7.40185, -2.90808, 0.03005), (7.40001, -2.90037, 0.02459), (7.39811, -2.89235, 0.01963), (7.39613, -2.88403, 0.01519), (7.39410, -2.87546, 0.01130), (7.39201, -2.86667, 0.00796), (7.38987, -2.85768, 0.00519), (7.38770, -2.84855, 0.00301), (7.38550, -2.83930, 0.00141), (7.38328, -2.82997, 0.00041), (7.38106, -2.82059, 0.00001), (7.37883, -2.81121, 0.00021), (7.37661, -2.80186, 0.00101), (7.37440, -2.79258, 0.00241), (7.37222, -2.78340, 0.00440), (7.37007, -2.77436, 0.00697), (7.36797, -2.76550, 0.01012), (7.36591, -2.75685, 0.01383), (7.36391, -2.74845, 0.01809), (7.36198, -2.74032, 0.02288), (7.36012, -2.73251, 0.02817), (7.35835, -2.72503, 0.03396), (7.35666, -2.71793, 0.04022), (7.35507, -2.71123, 0.04692), (7.35358, -2.70495, 0.05403), (7.35219, -2.69912, 0.06154), (7.35092, -2.69376, 0.06940), (7.34976, -2.68890, 0.07759), (7.34873, -2.68456, 0.08607), (7.34782, -2.68074, 0.09482), (7.34705, -2.67747, 0.10379), (7.34640, -2.67476, 0.11296), (7.34589, -2.67261, 0.12228), (7.34552, -2.67105, 0.13172), (7.34529, -2.67007, 0.14124), (7.34519, -2.66967, 0.15080), (7.34524, -2.66987, 0.16038), (7.34543, -2.67066, 0.16992), (7.34575, -2.67203, 0.17939), (7.34622, -2.67398, 0.18875), (7.34682, -2.67650, 0.19797), (7.34755, -2.67959, 0.20702), (7.34841, -2.68322, 0.21584), (7.34941, -2.68739, 0.22442), (7.35052, -2.69209, 0.23271), (7.35176, -2.69728, 0.24068), (7.35310, -2.70295, 0.24831), (7.35456, -2.70908, 0.25556), (7.35612, -2.71565, 0.26240), (7.35778, -2.72262, 0.26880), (7.35952, -2.72997, 0.27475), (7.36135, -2.73768, 0.28021), (7.36326, -2.74571, 0.28517), (7.36524, -2.75402, 0.28961), (7.36728, -2.76259, 0.29350), (7.36936, -2.77139, 0.29684), (6.54172, -2.87411, 0.29961), (6.54225, -2.88343, 0.30179), (6.54278, -2.89287, 0.30339), (6.54331, -2.90239, 0.30439), (6.54385, -2.91195, 0.30479), (6.54439, -2.92153, 0.30459), (6.54493, -2.93107, 0.30379), (6.54546, -2.94054, 0.30239), (6.54599, -2.94990, 0.30040), (6.54651, -2.95912, 0.29783), (6.54702, -2.96816, 0.29468), (6.54751, -2.97699, 0.29097), (6.54800, -2.98557, 0.28671), (6.54846, -2.99386, 0.28192), (6.54891, -3.00183, 0.27663), (6.54934, -3.00946, 0.27084), (6.54975, -3.01670, 0.26458), (6.55013, -3.02355, 0.25788), (6.55050, -3.02995, 0.25077), (6.55083, -3.03590, 0.24326), (6.55114, -3.04136, 0.23540), (6.55142, -3.04632, 0.22721), (6.55167, -3.05076, 0.21873), (6.55189, -3.05465, 0.20998), (6.55207, -3.05799, 0.20101), (6.55223, -3.06076, 0.19184), (6.55235, -3.06294, 0.18252), (6.55244, -3.06454, 0.17308), (6.55250, -3.06554, 0.16356), (6.55252, -3.06594, 0.15400), (6.55251, -3.06574, 0.14442), (6.55247, -3.06494, 0.13488), (6.55239, -3.06354, 0.12541), (6.55227, -3.06155, 0.11605), (6.55213, -3.05898, 0.10683), (6.55195, -3.05583, 0.09778), (6.55174, -3.05212, 0.08896), (6.55150, -3.04786, 0.08038), (6.55124, -3.04307, 0.07209), (6.55094, -3.03777, 0.06412), (6.55061, -3.03199, 0.05649), (6.55026, -3.02573, 0.04924), (6.54988, -3.01903, 0.04240), (6.54948, -3.01192, 0.03600), (6.54906, -3.00441, 0.03005), (6.54861, -2.99655, 0.02459), (6.54815, -2.98836, 0.01963), (6.54768, -2.97988, 0.01519), (6.54718, -2.97113, 0.01130), (6.54668, -2.96216, 0.00796), (6.54616, -2.95299, 0.00519), (6.54564, -2.94367, 0.00301), (6.54511, -2.93423, 0.00141), (6.54457, -2.92471, 0.00041), (6.54403, -2.91515, 0.00001), (6.54349, -2.90557, 0.00021), (6.54296, -2.89603, 0.00101), (6.54242, -2.88656, 0.00241), (6.54189, -2.87720, 0.00440), (6.54138, -2.86798, 0.00697), (6.54087, -2.85893, 0.01012), (6.54037, -2.85011, 0.01383), (6.53989, -2.84153, 0.01809), (6.53942, -2.83324, 0.02288), (6.53897, -2.82527, 0.02817), (6.53854, -2.81764, 0.03396), (6.53813, -2.81039, 0.04022), (6.53775, -2.80355, 0.04692), (6.53739, -2.79715, 0.05403), (6.53705, -2.79120, 0.06154), (6.53675, -2.78574, 0.06940), (6.53647, -2.78078, 0.07759), (6.53622, -2.77634, 0.08607), (6.53600, -2.77245, 0.09482), (6.53581, -2.76911, 0.10379), (6.53565, -2.76634, 0.11296), (6.53553, -2.76416, 0.12228), (6.53544, -2.76256, 0.13172), (6.53538, -2.76156, 0.14124), (6.53536, -2.76116, 0.15080), (6.53537, -2.76136, 0.16038), (6.53542, -2.76216, 0.16992), (6.53550, -2.76356, 0.17939), (6.53561, -2.76555, 0.18875), (6.53575, -2.76812, 0.19797), (6.53593, -2.77127, 0.20702), (6.53614, -2.77498, 0.21584), (6.53638, -2.77924, 0.22442), (6.53665, -2.78403, 0.23271), (6.53695, -2.78932, 0.24068), (6.53727, -2.79511, 0.24831), (6.53763, -2.80137, 0.25556), (6.53800, -2.80807, 0.26240), (6.53840, -2.81518, 0.26880), (6.53883, -2.82268, 0.27475), (6.53927, -2.83055, 0.28021), (6.53973, -2.83874, 0.28517), (6.54021, -2.84722, 0.28961), (6.54070, -2.85597, 0.29350), (6.54120, -2.86494, 0.29684), (6.09682, -2.88343, 0.30179), (6.09717, -2.87411, 0.29961), (6.09646, -2.89287, 0.30339), (6.09611, -2.90239, 0.30439), (6.09575, -2.91195, 0.30479), (6.09539, -2.92153, 0.30459), (6.09503, -2.93107, 0.30379), (6.09467, -2.94054, 0.30239), (6.09432, -2.94990, 0.30040), (6.09397, -2.95912, 0.29783), (6.09363, -2.96816, 0.29468), (6.09330, -2.97699, 0.29097), (6.09298, -2.98557, 0.28671), (6.09266, -2.99386, 0.28192), (6.09237, -3.00183, 0.27663), (6.09208, -3.00946, 0.27084), (6.09181, -3.01670, 0.26458), (6.09155, -3.02355, 0.25788), (6.09131, -3.02995, 0.25077), (6.09109, -3.03590, 0.24326), (6.09088, -3.04136, 0.23540), (6.09069, -3.04632, 0.22721), (6.09053, -3.05076, 0.21873), (6.09038, -3.05465, 0.20998), (6.09025, -3.05799, 0.20101), (6.09015, -3.06076, 0.19184), (6.09007, -3.06294, 0.18252), (6.09001, -3.06454, 0.17308), (6.08997, -3.06554, 0.16356), (6.08996, -3.06594, 0.15400), (6.08996, -3.06574, 0.14442), (6.08999, -3.06494, 0.13488), (6.09005, -3.06354, 0.12541), (6.09012, -3.06155, 0.11605), (6.09022, -3.05898, 0.10683), (6.09034, -3.05583, 0.09778), (6.09048, -3.05212, 0.08896), (6.09064, -3.04786, 0.08038), (6.09082, -3.04307, 0.07209), (6.09101, -3.03777, 0.06412), (6.09123, -3.03199, 0.05649), (6.09147, -3.02573, 0.04924), (6.09172, -3.01903, 0.04240), (6.09199, -3.01192, 0.03600), (6.09227, -3.00441, 0.03005), (6.09257, -2.99655, 0.02459), (6.09287, -2.98836, 0.01963), (6.09319, -2.97988, 0.01519), (6.09352, -2.97113, 0.01130), (6.09386, -2.96216, 0.00796), (6.09420, -2.95299, 0.00519), (6.09455, -2.94367, 0.00301), (6.09491, -2.93423, 0.00141), (6.09527, -2.92471, 0.00041), (6.09563, -2.91515, 0.00001), (6.09599, -2.90557, 0.00021), (6.09634, -2.89603, 0.00101), (6.09670, -2.88656, 0.00241), (6.09705, -2.87720, 0.00440), (6.09740, -2.86798, 0.00697), (6.09774, -2.85893, 0.01012), (6.09807, -2.85011, 0.01383), (6.09839, -2.84153, 0.01809), (6.09871, -2.83324, 0.02288), (6.09901, -2.82527, 0.02817), (6.09929, -2.81764, 0.03396), (6.09956, -2.81039, 0.04022), (6.09982, -2.80355, 0.04692), (6.10006, -2.79715, 0.05403), (6.10029, -2.79120, 0.06154), (6.10049, -2.78574, 0.06940), (6.10068, -2.78078, 0.07759), (6.10085, -2.77634, 0.08607), (6.10099, -2.77245, 0.09482), (6.10112, -2.76911, 0.10379), (6.10122, -2.76634, 0.11296), (6.10130, -2.76416, 0.12228), (6.10136, -2.76256, 0.13172), (6.10140, -2.76156, 0.14124), (6.10142, -2.76116, 0.15080), (6.10141, -2.76136, 0.16038), (6.10138, -2.76216, 0.16992), (6.10133, -2.76356, 0.17939), (6.10125, -2.76555, 0.18875), (6.10115, -2.76812, 0.19797), (6.10104, -2.77127, 0.20702), (6.10090, -2.77498, 0.21584), (6.10074, -2.77924, 0.22442), (6.10056, -2.78403, 0.23271), (6.10036, -2.78932, 0.24068), (6.10014, -2.79511, 0.24831), (6.09990, -2.80137, 0.25556), (6.09965, -2.80807, 0.26240), (6.09938, -2.81518, 0.26880), (6.09910, -2.82268, 0.27475), (6.09881, -2.83055, 0.28021), (6.09850, -2.83874, 0.28517), (6.09818, -2.84722, 0.28961), (6.09785, -2.85597, 0.29350), (6.09751, -2.86494, 0.29684), (5.73975, -2.85654, 0.30179), (5.74058, -2.84725, 0.29961), (5.73891, -2.86594, 0.30339), (5.73807, -2.87542, 0.30439), (5.73722, -2.88495, 0.30479), (5.73637, -2.89449, 0.30459), (5.73553, -2.90399, 0.30379), (5.73469, -2.91343, 0.30239), (5.73386, -2.92276, 0.30040), (5.73304, -2.93194, 0.29783), (5.73224, -2.94095, 0.29468), (5.73146, -2.94974, 0.29097), (5.73070, -2.95828, 0.28671), (5.72996, -2.96654, 0.28192), (5.72926, -2.97449, 0.27663), (5.72858, -2.98208, 0.27084), (5.72794, -2.98930, 0.26458), (5.72733, -2.99612, 0.25788), (5.72676, -3.00250, 0.25077), (5.72623, -3.00842, 0.24326), (5.72575, -3.01387, 0.23540), (5.72531, -3.01881, 0.22721), (5.72492, -3.02322, 0.21873), (5.72457, -3.02710, 0.20998), (5.72428, -3.03043, 0.20101), (5.72403, -3.03318, 0.19184), (5.72384, -3.03536, 0.18252), (5.72370, -3.03695, 0.17308), (5.72361, -3.03795, 0.16356), (5.72357, -3.03835, 0.15400), (5.72359, -3.03815, 0.14442), (5.72366, -3.03735, 0.13488), (5.72379, -3.03596, 0.12541), (5.72396, -3.03397, 0.11605), (5.72419, -3.03141, 0.10683), (5.72447, -3.02827, 0.09778), (5.72480, -3.02458, 0.08896), (5.72518, -3.02034, 0.08038), (5.72560, -3.01557, 0.07209), (5.72607, -3.01029, 0.06412), (5.72658, -3.00453, 0.05649), (5.72714, -2.99829, 0.04924), (5.72773, -2.99162, 0.04240), (5.72836, -2.98453, 0.03600), (5.72903, -2.97706, 0.03005), (5.72972, -2.96923, 0.02459), (5.73045, -2.96107, 0.01963), (5.73120, -2.95262, 0.01519), (5.73198, -2.94390, 0.01130), (5.73277, -2.93497, 0.00796), (5.73359, -2.92584, 0.00519), (5.73441, -2.91655, 0.00301), (5.73525, -2.90715, 0.00141), (5.73609, -2.89766, 0.00041), (5.73694, -2.88813, 0.00001), (5.73779, -2.87860, 0.00021), (5.73863, -2.86909, 0.00101), (5.73947, -2.85966, 0.00241), (5.74030, -2.85033, 0.00440), (5.74112, -2.84114, 0.00697), (5.74192, -2.83214, 0.01012), (5.74271, -2.82335, 0.01383), (5.74347, -2.81480, 0.01809), (5.74420, -2.80654, 0.02288), (5.74491, -2.79860, 0.02817), (5.74558, -2.79100, 0.03396), (5.74623, -2.78378, 0.04022), (5.74683, -2.77697, 0.04692), (5.74740, -2.77059, 0.05403), (5.74793, -2.76466, 0.06154), (5.74841, -2.75922, 0.06940), (5.74885, -2.75428, 0.07759), (5.74924, -2.74986, 0.08607), (5.74959, -2.74598, 0.09482), (5.74989, -2.74266, 0.10379), (5.75013, -2.73990, 0.11296), (5.75032, -2.73772, 0.12228), (5.75047, -2.73613, 0.13172), (5.75056, -2.73514, 0.14124), (5.75059, -2.73474, 0.15080), (5.75057, -2.73494, 0.16038), (5.75050, -2.73574, 0.16992), (5.75038, -2.73713, 0.17939), (5.75020, -2.73911, 0.18875), (5.74997, -2.74168, 0.19797), (5.74969, -2.74481, 0.20702), (5.74936, -2.74851, 0.21584), (5.74899, -2.75275, 0.22442), (5.74856, -2.75752, 0.23271), (5.74809, -2.76280, 0.24068), (5.74758, -2.76856, 0.24831), (5.74703, -2.77479, 0.25556), (5.74643, -2.78147, 0.26240), (5.74580, -2.78855, 0.26880), (5.74514, -2.79603, 0.27475), (5.74444, -2.80386, 0.28021), (5.74371, -2.81202, 0.28517), (5.74296, -2.82047, 0.28961), (5.74219, -2.82918, 0.29350), (5.74139, -2.83812, 0.29684), (5.08758, -2.78956, 0.30179), (5.09004, -2.78044, 0.29961), (5.08509, -2.79880, 0.30339), (5.08258, -2.80811, 0.30439), (5.08006, -2.81746, 0.30479), (5.07754, -2.82683, 0.30459), (5.07502, -2.83616, 0.30379), (5.07252, -2.84543, 0.30239), (5.07005, -2.85459, 0.30040), (5.06762, -2.86361, 0.29783), (5.06524, -2.87245, 0.29468), (5.06291, -2.88108, 0.29097), (5.06065, -2.88947, 0.28671), (5.05846, -2.89758, 0.28192), (5.05635, -2.90538, 0.27663), (5.05434, -2.91284, 0.27084), (5.05243, -2.91993, 0.26458), (5.05063, -2.92662, 0.25788), (5.04894, -2.93289, 0.25077), (5.04737, -2.93871, 0.24326), (5.04593, -2.94405, 0.23540), (5.04462, -2.94890, 0.22721), (5.04345, -2.95324, 0.21873), (5.04242, -2.95705, 0.20998), (5.04154, -2.96031, 0.20101), (5.04082, -2.96302, 0.19184), (5.04024, -2.96516, 0.18252), (5.03982, -2.96672, 0.17308), (5.03955, -2.96770, 0.16356), (5.03945, -2.96809, 0.15400), (5.03950, -2.96790, 0.14442), (5.03971, -2.96711, 0.13488), (5.04008, -2.96574, 0.12541), (5.04061, -2.96380, 0.11605), (5.04128, -2.96128, 0.10683), (5.04211, -2.95820, 0.09778), (5.04309, -2.95457, 0.08896), (5.04422, -2.95041, 0.08038), (5.04548, -2.94572, 0.07209), (5.04688, -2.94054, 0.06412), (5.04840, -2.93488, 0.05649), (5.05005, -2.92876, 0.04924), (5.05182, -2.92221, 0.04240), (5.05370, -2.91525, 0.03600), (5.05567, -2.90791, 0.03005), (5.05775, -2.90022, 0.02459), (5.05991, -2.89221, 0.01963), (5.06215, -2.88391, 0.01519), (5.06445, -2.87535, 0.01130), (5.06682, -2.86658, 0.00796), (5.06924, -2.85761, 0.00519), (5.07170, -2.84849, 0.00301), (5.07418, -2.83926, 0.00141), (5.07670, -2.82994, 0.00041), (5.07922, -2.82059, 0.00001), (5.08174, -2.81122, 0.00021), (5.08426, -2.80189, 0.00101), (5.08676, -2.79263, 0.00241), (5.08923, -2.78347, 0.00440), (5.09166, -2.77445, 0.00697), (5.09404, -2.76560, 0.01012), (5.09637, -2.75697, 0.01383), (5.09863, -2.74858, 0.01809), (5.10082, -2.74047, 0.02288), (5.10292, -2.73267, 0.02817), (5.10493, -2.72521, 0.03396), (5.10685, -2.71812, 0.04022), (5.10865, -2.71143, 0.04692), (5.11034, -2.70517, 0.05403), (5.11191, -2.69935, 0.06154), (5.11335, -2.69400, 0.06940), (5.11466, -2.68915, 0.07759), (5.11583, -2.68481, 0.08607), (5.11686, -2.68100, 0.09482), (5.11773, -2.67774, 0.10379), (5.11847, -2.67503, 0.11296), (5.11904, -2.67289, 0.12228), (5.11946, -2.67133, 0.13172), (5.11973, -2.67035, 0.14124), (5.11983, -2.66996, 0.15080), (5.11978, -2.67016, 0.16038), (5.11957, -2.67094, 0.16992), (5.11920, -2.67231, 0.17939), (5.11868, -2.67426, 0.18875), (5.11800, -2.67678, 0.19797), (5.11716, -2.67985, 0.20702), (5.11619, -2.68348, 0.21584), (5.11506, -2.68765, 0.22442), (5.11380, -2.69233, 0.23271), (5.11240, -2.69751, 0.24068), (5.11088, -2.70317, 0.24831), (5.10923, -2.70929, 0.25556), (5.10746, -2.71585, 0.26240), (5.10559, -2.72281, 0.26880), (5.10361, -2.73014, 0.27475), (5.10153, -2.73784, 0.28021), (5.09937, -2.74585, 0.28517), (5.09713, -2.75414, 0.28961), (5.09483, -2.76270, 0.29350), (5.09246, -2.77148, 0.29684), (4.79321, -2.65654, 0.30179), (4.79704, -2.64805, 0.29961), (4.78932, -2.66514, 0.30339), (4.78540, -2.67382, 0.30439), (4.78146, -2.68254, 0.30479), (4.77752, -2.69126, 0.30459), (4.77359, -2.69996, 0.30379), (4.76969, -2.70859, 0.30239), (4.76583, -2.71712, 0.30040), (4.76204, -2.72552, 0.29783), (4.75831, -2.73376, 0.29468), (4.75468, -2.74181, 0.29097), (4.75115, -2.74962, 0.28671), (4.74773, -2.75718, 0.28192), (4.74445, -2.76444, 0.27663), (4.74131, -2.77139, 0.27084), (4.73833, -2.77800, 0.26458), (4.73551, -2.78423, 0.25788), (4.73287, -2.79007, 0.25077), (4.73042, -2.79549, 0.24326), (4.72817, -2.80047, 0.23540), (4.72613, -2.80499, 0.22721), (4.72430, -2.80903, 0.21873), (4.72270, -2.81258, 0.20998), (4.72132, -2.81562, 0.20101), (4.72019, -2.81814, 0.19184), (4.71929, -2.82013, 0.18252), (4.71863, -2.82159, 0.17308), (4.71822, -2.82250, 0.16356), (4.71805, -2.82287, 0.15400), (4.71813, -2.82268, 0.14442), (4.71846, -2.82195, 0.13488), (4.71904, -2.82068, 0.12541), (4.71986, -2.81886, 0.11605), (4.72092, -2.81652, 0.10683), (4.72222, -2.81365, 0.09778), (4.72374, -2.81027, 0.08896), (4.72550, -2.80639, 0.08038), (4.72747, -2.80203, 0.07209), (4.72965, -2.79720, 0.06412), (4.73203, -2.79192, 0.05649), (4.73461, -2.78622, 0.04924), (4.73737, -2.78012, 0.04240), (4.74030, -2.77363, 0.03600), (4.74339, -2.76680, 0.03005), (4.74662, -2.75963, 0.02459), (4.75000, -2.75217, 0.01963), (4.75349, -2.74444, 0.01519), (4.75709, -2.73647, 0.01130), (4.76079, -2.72829, 0.00796), (4.76456, -2.71994, 0.00519), (4.76840, -2.71144, 0.00301), (4.77229, -2.70284, 0.00141), (4.77621, -2.69416, 0.00041), (4.78015, -2.68545, 0.00001), (4.78409, -2.67672, 0.00021), (4.78802, -2.66803, 0.00101), (4.79192, -2.65940, 0.00241), (4.79577, -2.65087, 0.00440), (4.79957, -2.64246, 0.00697), (4.80329, -2.63422, 0.01012), (4.80693, -2.62618, 0.01383), (4.81046, -2.61837, 0.01809), (4.81387, -2.61081, 0.02288), (4.81716, -2.60354, 0.02817), (4.82030, -2.59659, 0.03396), (4.82328, -2.58999, 0.04022), (4.82610, -2.58376, 0.04692), (4.82874, -2.57792, 0.05403), (4.83118, -2.57250, 0.06154), (4.83343, -2.56752, 0.06940), (4.83548, -2.56300, 0.07759), (4.83730, -2.55896, 0.08607), (4.83891, -2.55541, 0.09482), (4.84028, -2.55237, 0.10379), (4.84142, -2.54984, 0.11296), (4.84232, -2.54785, 0.12228), (4.84298, -2.54640, 0.13172), (4.84339, -2.54549, 0.14124), (4.84355, -2.54512, 0.15080), (4.84347, -2.54530, 0.16038), (4.84314, -2.54603, 0.16992), (4.84257, -2.54731, 0.17939), (4.84175, -2.54912, 0.18875), (4.84069, -2.55147, 0.19797), (4.83939, -2.55434, 0.20702), (4.83786, -2.55772, 0.21584), (4.83611, -2.56160, 0.22442), (4.83414, -2.56596, 0.23271), (4.83196, -2.57079, 0.24068), (4.82957, -2.57606, 0.24831), (4.82700, -2.58176, 0.25556), (4.82424, -2.58787, 0.26240), (4.82131, -2.59435, 0.26880), (4.81822, -2.60119, 0.27475), (4.81498, -2.60835, 0.28021), (4.81161, -2.61582, 0.28517), (4.80812, -2.62355, 0.28961), (4.80451, -2.63152, 0.29350), (4.80082, -2.63970, 0.29684)]
        float3[] extent = [(-13.16603, -4.90262, 0.00001), (11.01160, 1.89762, 0.30479)]
        uniform bool doubleSided = 1
        color3f[] primvars:displayColor = [(0.25, 0.25, 0.25)]
        uniform token subdivisionScheme = "none"
    }
}
