#usda 1.0
(
    defaultPrim = "Track"
    metersPerUnit = 1
    upAxis = "Z"
)
def Xform "Track"
{
    def Mesh "mesh" (apiSchemas = ["PhysicsCollisionAPI", "PhysicsMeshCollisionAPI"])
    {
        uniform token physics:approximation = "none"
        int[] faceVertexCounts = [3, 3, 3, 3, 3, 3, 3, 3, 3, 3, 3, 3, 3, 3, 3, 3, 3, 3, 3, 3, 3, 3, 3, 3, 3, 3, 3, 3, 3, 3, 3, 3, 3, 3, 3, 3, 3, 3, 3, 3, 3, 3, 3, 3, 3, 3, 3, 3, 3, 3, 3, 3, 3, 3, 3, 3, 3, 3, 3, 3, 3, 3, 3, 3, 3, 3, 3, 3, 3, 3, 3, 3, 3, 3, 3, 3, 3, 3, 3, 3, 3, 3, 3, 3, 3, 3, 3, 3, 3, 3, 3, 3, 3, 3, 3, 3, 3, 3, 3, 3, 3, 3, 3, 3, 3, 3, 3, 3, 3, 3, 3, 3, 3, 3, 3, 3, 3, 3, 3, 3, 3, 3, 3, 3, 3, 3, 3, 3, 3, 3, 3, 3, 3, 3, 3, 3, 3, 3, 3, 3, 3, 3, 3, 3, 3, 3, 3, 3, 3, 3, 3, 3, 3, 3, 3, 3, 3, 3, 3, 3, 3, 3, 3, 3, 3, 3, 3, 3, 3, 3, 3, 3, 3, 3, 3, 3, 3, 3, 3, 3, 3, 3, 3, 3, 3, 3, 3, 3, 3, 3, 3, 3, 3, 3, 3, 3, 3, 3, 3, 3, 3, 3, 3, 3, 3, 3, 3, 3, 3, 3, 3, 3, 3, 3, 3, 3, 3, 3, 3, 3, 3, 3, 3, 3, 3, 3, 3, 3, 3, 3, 3, 3, 3, 3, 3, 3, 3, 3, 3, 3, 3, 3, 3, 3, 3, 3, 3, 3, 3, 3, 3, 3, 3, 3, 3, 3, 3, 3, 3, 3, 3, 3, 3, 3, 3, 3, 3, 3, 3, 3, 3, 3, 3, 3, 3, 3, 3, 3, 3, 3, 3, 3, 3, 3, 3, 3, 3, 3, 3, 3, 3, 3, 3, 3, 3, 3, 3, 3, 3, 3, 3, 3, 3, 3, 3, 3, 3, 3, 3, 3, 3, 3, 3, 3, 3, 3, 3, 3, 3, 3, 3, 3, 3, 3, 3, 3, 3, 3, 3, 3, 3, 3, 3, 3, 3, 3, 3, 3, 3, 3, 3, 3, 3, 3, 3, 3, 3, 3, 3, 3, 3, 3, 3, 3, 3, 3, 3, 3, 3, 3, 3, 3, 3, 3, 3, 3, 3, 3, 3, 3, 3, 3, 3, 3, 3, 3, 3, 3, 3, 3, 3, 3, 3, 3, 3, 3, 3, 3, 3, 3, 3, 3, 3, 3, 3, 3, 3, 3, 3, 3, 3, 3, 3, 3, 3, 3, 3, 3, 3, 3, 3, 3, 3, 3, 3, 3, 3, 3, 3, 3, 3, 3, 3, 3, 3, 3, 3, 3, 3, 3, 3, 3, 3, 3, 3, 3, 3, 3, 3, 3, 3, 3, 3, 3, 3, 3, 3, 3, 3, 3, 3, 3, 3, 3, 3, 3, 3, 3, 3, 3, 3, 3, 3, 3, 3, 3, 3, 3, 3, 3, 3, 3, 3, 3, 3, 3, 3, 3, 3, 3, 3, 3, 3, 3, 3, 3, 3, 3, 3, 3, 3, 3, 3, 3, 3, 3, 3, 3, 3, 3, 3, 3, 3, 3, 3, 3, 3, 3, 3, 3, 3, 3, 3, 3, 3, 3, 3, 3, 3, 3, 3, 3, 3, 3, 3, 3, 3, 3, 3, 3, 3, 3, 3, 3, 3, 3, 3, 3, 3, 3, 3, 3, 3, 3, 3, 3, 3, 3, 3, 3, 3, 3, 3, 3, 3, 3, 3, 3, 3, 3, 3, 3, 3, 3, 3, 3, 3, 3, 3, 3, 3, 3, 3, 3, 3, 3, 3, 3, 3, 3, 3, 3, 3, 3, 3, 3, 3, 3, 3, 3, 3, 3, 3, 3, 3, 3, 3, 3, 3, 3, 3, 3, 3, 3, 3, 3, 3, 3, 3, 3, 3, 3, 3, 3, 3, 3, 3, 3, 3, 3, 3, 3, 3, 3, 3, 3, 3, 3, 3, 3, 3, 3, 3, 3, 3, 3, 3, 3, 3, 3, 3, 3, 3, 3, 3, 3, 3, 3, 3, 3, 3, 3, 3, 3, 3, 3, 3, 3, 3, 3, 3, 3, 3, 3, 3, 3, 3, 3, 3, 3, 3, 3, 3, 3, 3, 3, 3, 3, 3, 3, 3, 3, 3, 3, 3, 3, 3, 3, 3, 3, 3, 3, 3, 3, 3, 3, 3, 3, 3, 3, 3, 3, 3, 3, 3, 3, 3, 3, 3, 3, 3, 3, 3, 3, 3, 3, 3, 3, 3, 3, 3, 3, 3, 3, 3, 3, 3, 3, 3, 3, 3, 3, 3, 3, 3, 3, 3, 3, 3, 3, 3, 3, 3, 3, 3, 3, 3, 3, 3, 3, 3, 3, 3, 3, 3, 3, 3, 3, 3, 3, 3, 3, 3, 3, 3, 3, 3, 3, 3, 3, 3, 3, 3, 3, 3, 3, 3, 3, 3, 3, 3, 3, 3, 3, 3, 3, 3, 3, 3, 3, 3, 3, 3, 3, 3, 3, 3, 3, 3, 3, 3, 3, 3, 3, 3, 3, 3, 3, 3, 3, 3, 3, 3, 3, 3, 3, 3, 3, 3, 3, 3, 3, 3, 3, 3, 3, 3, 3, 3, 3, 3, 3, 3, 3, 3, 3, 3, 3, 3, 3, 3, 3, 3, 3, 3, 3, 3, 3, 3, 3, 3, 3, 3, 3, 3, 3, 3, 3, 3, 3, 3, 3, 3, 3, 3, 3, 3, 3, 3, 3, 3, 3, 3, 3, 3, 3, 3, 3, 3, 3, 3, 3, 3, 3, 3, 3, 3, 3, 3, 3, 3, 3, 3, 3, 3, 3, 3, 3, 3, 3, 3, 3, 3, 3, 3, 3, 3, 3, 3, 3, 3, 3, 3, 3, 3, 3, 3, 3, 3, 3, 3, 3, 3, 3, 3, 3, 3, 3, 3, 3, 3, 3, 3, 3, 3, 3, 3, 3, 3, 3, 3, 3, 3, 3, 3, 3, 3, 3, 3, 3, 3, 3, 3, 3, 3, 3, 3, 3, 3, 3, 3, 3, 3, 3, 3, 3, 3, 3, 3, 3, 3, 3, 3, 3, 3, 3, 3, 3, 3, 3, 3, 3, 3, 3, 3, 3, 3, 3, 3, 3, 3, 3, 3, 3, 3, 3, 3, 3, 3, 3, 3, 3, 3, 3, 3, 3, 3, 3, 3, 3, 3, 3, 3, 3, 3, 3, 3, 3, 3, 3, 3, 3, 3, 3, 3, 3, 3, 3, 3, 3, 3, 3, 3, 3, 3, 3, 3, 3, 3, 3, 3, 3, 3, 3, 3, 3, 3, 3, 3, 3, 3, 3, 3, 3, 3, 3, 3, 3, 3, 3, 3, 3, 3, 3, 3, 3, 3, 3, 3, 3, 3, 3, 3, 3, 3, 3, 3, 3, 3, 3, 3, 3, 3, 3, 3, 3, 3, 3, 3, 3, 3, 3, 3, 3, 3, 3, 3, 3, 3, 3, 3, 3, 3, 3, 3, 3, 3, 3, 3, 3, 3, 3, 3, 3, 3, 3, 3, 3, 3, 3, 3, 3, 3, 3, 3, 3, 3, 3, 3, 3, 3, 3, 3, 3, 3, 3, 3, 3, 3, 3, 3, 3, 3, 3, 3, 3, 3, 3, 3, 3, 3, 3, 3, 3, 3, 3, 3, 3, 3, 3, 3, 3, 3, 3, 3, 3, 3, 3, 3, 3, 3, 3, 3, 3, 3, 3, 3, 3, 3, 3, 3, 3, 3, 3, 3, 3, 3, 3, 3, 3, 3, 3, 3, 3, 3, 3, 3, 3, 3, 3, 3, 3, 3, 3, 3, 3, 3, 3, 3, 3, 3, 3, 3, 3, 3, 3, 3, 3, 3, 3, 3, 3, 3, 3, 3, 3, 3, 3, 3, 3, 3, 3, 3, 3, 3, 3, 3, 3, 3, 3, 3, 3, 3, 3, 3, 3, 3, 3, 3, 3, 3, 3, 3, 3, 3, 3, 3, 3, 3, 3, 3, 3, 3, 3, 3, 3, 3, 3, 3, 3, 3, 3, 3, 3, 3, 3, 3, 3, 3, 3, 3, 3, 3, 3, 3, 3, 3, 3, 3, 3, 3, 3, 3, 3, 3, 3, 3, 3, 3, 3, 3, 3, 3, 3, 3, 3, 3, 3, 3, 3, 3, 3, 3, 3, 3, 3, 3, 3, 3, 3, 3, 3, 3, 3, 3, 3, 3, 3, 3, 3, 3, 3, 3, 3, 3, 3, 3, 3, 3, 3, 3, 3, 3, 3, 3, 3, 3, 3, 3, 3, 3, 3, 3, 3, 3, 3, 3, 3, 3, 3, 3, 3, 3, 3, 3, 3, 3, 3, 3, 3, 3, 3, 3, 3, 3, 3, 3, 3, 3, 3, 3, 3, 3, 3, 3, 3, 3, 3, 3, 3, 3, 3, 3, 3, 3, 3, 3, 3, 3, 3, 3, 3, 3, 3, 3, 3, 3, 3, 3, 3, 3, 3, 3, 3, 3, 3, 3, 3, 3, 3, 3, 3, 3, 3, 3, 3, 3, 3, 3, 3, 3, 3, 3, 3, 3, 3, 3, 3, 3, 3, 3, 3, 3, 3, 3, 3, 3, 3, 3, 3, 3, 3, 3, 3, 3, 3, 3, 3, 3, 3, 3, 3, 3, 3, 3, 3, 3, 3, 3, 3, 3, 3, 3, 3, 3, 3, 3, 3, 3, 3, 3, 3, 3, 3, 3, 3, 3, 3, 3, 3, 3, 3, 3, 3, 3, 3, 3, 3, 3, 3, 3, 3, 3, 3, 3, 3, 3, 3, 3, 3, 3, 3, 3, 3, 3, 3, 3, 3, 3, 3, 3, 3, 3, 3, 3, 3, 3, 3, 3, 3, 3, 3, 3, 3, 3, 3, 3, 3, 3, 3, 3, 3, 3, 3, 3, 3, 3, 3, 3, 3, 3, 3, 3, 3, 3, 3, 3, 3, 3, 3, 3, 3, 3, 3, 3, 3, 3, 3, 3, 3, 3, 3, 3, 3, 3, 3, 3, 3, 3, 3, 3, 3, 3, 3, 3, 3, 3, 3, 3, 3, 3, 3, 3, 3, 3, 3, 3, 3, 3, 3, 3, 3, 3, 3, 3, 3, 3, 3, 3, 3, 3, 3, 3, 3, 3, 3, 3, 3, 3, 3, 3, 3, 3, 3, 3, 3, 3, 3, 3, 3, 3, 3, 3, 3, 3, 3, 3, 3, 3, 3, 3, 3, 3, 3, 3, 3, 3, 3, 3, 3, 3, 3, 3, 3, 3, 3, 3, 3, 3, 3, 3, 3, 3, 3, 3, 3, 3, 3, 3, 3, 3, 3, 3, 3, 3, 3, 3, 3, 3, 3, 3, 3, 3, 3, 3, 3, 3, 3, 3, 3, 3, 3, 3, 3, 3, 3, 3, 3, 3, 3, 3, 3, 3, 3, 3, 3, 3, 3, 3, 3, 3, 3, 3, 3, 3, 3, 3, 3, 3, 3, 3, 3, 3, 3, 3, 3, 3, 3, 3, 3, 3, 3, 3, 3, 3, 3, 3, 3, 3, 3, 3, 3, 3, 3, 3, 3, 3, 3, 3, 3, 3, 3, 3, 3, 3, 3, 3, 3, 3, 3, 3, 3, 3, 3, 3, 3, 3, 3, 3, 3, 3, 3, 3, 3, 3, 3, 3, 3, 3, 3, 3, 3, 3, 3, 3, 3, 3, 3, 3, 3, 3, 3, 3, 3, 3, 3, 3, 3, 3, 3, 3, 3, 3, 3, 3, 3, 3, 3, 3, 3, 3, 3, 3, 3, 3, 3, 3, 3, 3, 3, 3, 3, 3, 3, 3, 3, 3, 3, 3, 3, 3, 3, 3, 3, 3, 3, 3, 3, 3, 3, 3, 3, 3, 3, 3, 3, 3, 3, 3, 3, 3, 3, 3, 3, 3, 3, 3, 3, 3, 3, 3, 3, 3, 3, 3, 3, 3, 3, 3, 3, 3, 3, 3, 3, 3, 3, 3, 3, 3, 3, 3, 3, 3, 3, 3, 3, 3, 3, 3, 3, 3, 3, 3, 3, 3, 3, 3, 3, 3, 3, 3, 3, 3, 3, 3, 3, 3, 3, 3, 3, 3, 3, 3, 3, 3, 3, 3, 3, 3, 3, 3, 3, 3, 3, 3, 3, 3, 3, 3, 3, 3, 3, 3, 3, 3, 3, 3, 3, 3, 3, 3, 3, 3, 3, 3, 3, 3, 3, 3, 3, 3, 3, 3, 3, 3, 3, 3, 3, 3, 3, 3, 3, 3, 3, 3, 3, 3, 3, 3, 3, 3, 3, 3, 3, 3, 3, 3, 3, 3, 3, 3, 3, 3, 3, 3, 3, 3, 3, 3, 3, 3, 3, 3, 3, 3, 3, 3, 3, 3, 3, 3, 3, 3, 3, 3, 3, 3, 3, 3, 3, 3, 3, 3, 3, 3, 3, 3, 3, 3, 3, 3, 3, 3, 3, 3, 3, 3, 3, 3, 3, 3, 3, 3, 3, 3, 3, 3, 3, 3, 3, 3, 3, 3, 3, 3, 3, 3, 3, 3, 3, 3, 3, 3, 3, 3, 3, 3, 3, 3, 3, 3, 3, 3, 3, 3, 3, 3, 3, 3, 3, 3, 3, 3, 3, 3, 3, 3, 3, 3, 3, 3, 3, 3, 3, 3, 3, 3, 3, 3, 3, 3, 3, 3, 3, 3, 3, 3, 3, 3, 3, 3, 3, 3, 3, 3, 3, 3, 3, 3, 3, 3, 3, 3, 3, 3, 3, 3, 3, 3, 3, 3, 3, 3, 3, 3, 3, 3, 3, 3, 3, 3, 3, 3, 3, 3, 3, 3, 3, 3, 3, 3, 3, 3, 3, 3, 3, 3, 3, 3, 3, 3, 3, 3, 3, 3, 3, 3, 3, 3, 3, 3, 3, 3, 3, 3, 3, 3, 3, 3, 3, 3, 3, 3, 3, 3, 3, 3, 3, 3, 3, 3, 3, 3, 3, 3, 3, 3, 3, 3, 3, 3, 3, 3, 3, 3, 3, 3, 3, 3, 3, 3, 3, 3, 3, 3, 3, 3, 3, 3, 3, 3, 3, 3, 3, 3, 3, 3, 3, 3, 3, 3, 3, 3, 3, 3, 3, 3, 3, 3, 3, 3, 3, 3, 3, 3, 3, 3, 3, 3, 3, 3, 3, 3, 3, 3, 3, 3, 3, 3, 3, 3, 3, 3, 3, 3, 3, 3, 3, 3, 3, 3, 3, 3, 3, 3, 3, 3, 3, 3, 3, 3, 3, 3, 3, 3, 3, 3, 3, 3, 3, 3, 3, 3, 3, 3, 3, 3, 3, 3, 3, 3, 3, 3, 3, 3, 3, 3, 3, 3, 3, 3, 3, 3, 3, 3, 3, 3, 3, 3, 3, 3, 3, 3, 3, 3, 3, 3, 3, 3, 3, 3, 3, 3, 3, 3, 3, 3, 3, 3, 3, 3, 3, 3, 3, 3, 3, 3, 3, 3, 3, 3, 3, 3, 3, 3, 3, 3, 3, 3, 3, 3, 3, 3, 3, 3, 3, 3, 3, 3, 3, 3, 3, 3, 3, 3, 3, 3, 3, 3, 3, 3, 3, 3, 3, 3, 3, 3, 3, 3, 3, 3, 3, 3, 3, 3, 3, 3, 3, 3, 3, 3, 3, 3, 3, 3, 3, 3, 3, 3, 3, 3, 3, 3, 3, 3, 3, 3, 3, 3, 3, 3, 3, 3, 3, 3, 3, 3, 3, 3, 3, 3, 3, 3, 3, 3, 3, 3, 3, 3, 3, 3, 3, 3, 3, 3, 3, 3, 3, 3, 3, 3, 3, 3, 3, 3, 3, 3, 3, 3, 3, 3, 3, 3, 3, 3, 3, 3, 3, 3, 3, 3, 3, 3, 3, 3, 3, 3, 3, 3, 3, 3, 3, 3, 3, 3, 3, 3, 3, 3, 3, 3, 3, 3, 3, 3, 3, 3, 3, 3, 3, 3, 3, 3, 3, 3, 3, 3, 3, 3, 3, 3, 3, 3, 3, 3, 3, 3, 3, 3, 3, 3, 3, 3, 3, 3, 3, 3, 3, 3, 3, 3, 3, 3, 3, 3, 3, 3, 3, 3, 3, 3, 3, 3, 3, 3, 3, 3, 3, 3, 3, 3, 3, 3, 3, 3, 3, 3, 3, 3, 3, 3, 3, 3, 3, 3, 3, 3, 3, 3, 3, 3, 3, 3, 3, 3, 3, 3, 3, 3, 3, 3, 3, 3, 3, 3, 3, 3, 3, 3, 3, 3, 3, 3, 3, 3, 3, 3, 3, 3, 3, 3, 3, 3, 3, 3, 3, 3, 3, 3, 3, 3, 3, 3, 3, 3, 3, 3, 3, 3, 3, 3, 3, 3, 3, 3, 3, 3, 3, 3, 3, 3, 3, 3, 3, 3, 3, 3, 3, 3, 3, 3, 3, 3, 3, 3, 3, 3, 3, 3, 3, 3, 3, 3, 3, 3, 3, 3, 3, 3, 3, 3, 3, 3, 3, 3, 3, 3, 3, 3, 3, 3, 3, 3, 3, 3, 3, 3, 3, 3, 3, 3, 3, 3, 3, 3, 3, 3, 3, 3, 3, 3, 3, 3, 3, 3, 3, 3, 3, 3, 3, 3, 3, 3, 3, 3, 3, 3, 3, 3, 3, 3, 3, 3, 3, 3, 3, 3, 3, 3, 3, 3, 3, 3, 3, 3, 3, 3, 3, 3, 3, 3, 3, 3, 3, 3, 3, 3, 3, 3, 3, 3, 3, 3, 3, 3, 3, 3, 3, 3, 3, 3, 3, 3, 3, 3, 3, 3, 3, 3, 3, 3, 3, 3, 3, 3, 3, 3, 3, 3, 3, 3, 3, 3, 3, 3, 3, 3, 3, 3, 3, 3, 3, 3, 3, 3, 3, 3, 3, 3, 3, 3, 3, 3, 3, 3, 3, 3, 3, 3, 3, 3, 3, 3, 3, 3, 3, 3, 3, 3, 3, 3, 3, 3, 3, 3, 3, 3, 3, 3, 3, 3, 3, 3, 3, 3, 3, 3, 3, 3, 3, 3, 3, 3, 3, 3, 3, 3, 3, 3, 3, 3, 3, 3, 3, 3, 3, 3, 3, 3, 3, 3, 3, 3, 3, 3, 3, 3, 3, 3, 3, 3, 3, 3, 3, 3, 3, 3, 3, 3, 3, 3, 3, 3, 3, 3, 3, 3, 3, 3, 3, 3, 3, 3, 3, 3, 3, 3, 3, 3, 3, 3, 3, 3, 3, 3, 3, 3, 3, 3, 3, 3, 3, 3, 3, 3, 3, 3, 3, 3, 3, 3, 3, 3, 3, 3, 3, 3, 3, 3, 3, 3, 3, 3, 3, 3, 3, 3, 3, 3, 3, 3, 3, 3, 3, 3, 3, 3, 3, 3, 3, 3, 3, 3, 3, 3, 3, 3, 3, 3, 3, 3, 3, 3, 3, 3, 3, 3, 3, 3, 3, 3, 3, 3, 3, 3, 3, 3, 3, 3, 3, 3, 3, 3, 3, 3, 3, 3, 3, 3, 3, 3, 3, 3, 3, 3, 3, 3, 3, 3, 3, 3, 3, 3, 3, 3, 3, 3, 3, 3, 3, 3, 3, 3, 3, 3, 3, 3, 3, 3, 3, 3, 3, 3, 3, 3, 3, 3, 3, 3, 3, 3, 3, 3, 3, 3, 3, 3, 3, 3, 3, 3, 3, 3, 3, 3, 3, 3, 3, 3, 3, 3, 3, 3, 3, 3, 3, 3, 3, 3, 3, 3, 3, 3, 3, 3, 3, 3, 3, 3, 3, 3, 3, 3, 3, 3, 3, 3, 3, 3, 3, 3, 3, 3, 3, 3, 3, 3, 3, 3, 3, 3, 3, 3, 3, 3, 3, 3, 3, 3, 3, 3, 3, 3, 3, 3, 3, 3, 3, 3, 3, 3, 3, 3, 3, 3, 3, 3, 3, 3, 3, 3, 3, 3, 3, 3, 3, 3, 3, 3, 3, 3, 3, 3, 3, 3, 3, 3, 3, 3, 3, 3, 3, 3, 3, 3, 3, 3, 3, 3, 3, 3, 3, 3, 3, 3, 3, 3, 3, 3, 3, 3, 3, 3, 3, 3, 3, 3, 3, 3, 3, 3, 3, 3, 3, 3, 3, 3, 3, 3, 3, 3, 3, 3, 3, 3, 3, 3, 3, 3, 3, 3, 3, 3, 3, 3, 3, 3, 3, 3, 3, 3, 3, 3, 3, 3, 3, 3, 3, 3, 3, 3, 3, 3, 3, 3, 3, 3, 3, 3, 3, 3, 3, 3, 3, 3, 3, 3, 3, 3, 3, 3, 3, 3, 3, 3, 3, 3, 3, 3, 3, 3, 3, 3, 3, 3, 3, 3, 3, 3, 3, 3, 3, 3, 3, 3, 3, 3, 3, 3, 3, 3, 3, 3, 3, 3, 3, 3, 3, 3, 3, 3, 3, 3, 3, 3, 3, 3, 3, 3, 3, 3, 3, 3, 3, 3, 3, 3, 3, 3, 3, 3, 3, 3, 3, 3, 3, 3, 3, 3, 3, 3, 3, 3, 3, 3, 3, 3, 3, 3, 3, 3, 3, 3, 3, 3, 3, 3, 3, 3, 3, 3, 3, 3, 3, 3, 3, 3, 3, 3, 3, 3, 3, 3, 3, 3, 3, 3, 3, 3, 3, 3, 3, 3, 3, 3, 3, 3, 3, 3, 3, 3, 3, 3, 3, 3, 3, 3, 3, 3, 3, 3, 3, 3, 3, 3, 3, 3, 3, 3, 3, 3, 3, 3, 3, 3, 3, 3, 3, 3, 3, 3, 3, 3, 3, 3, 3, 3, 3, 3, 3, 3, 3, 3, 3, 3, 3, 3, 3, 3, 3, 3, 3, 3, 3, 3, 3, 3, 3, 3, 3, 3, 3, 3, 3, 3, 3, 3, 3, 3, 3, 3, 3, 3, 3, 3, 3, 3, 3, 3, 3, 3, 3, 3, 3, 3, 3, 3, 3, 3, 3, 3, 3, 3, 3, 3, 3, 3, 3, 3, 3, 3, 3, 3, 3, 3, 3, 3, 3, 3, 3, 3, 3, 3, 3, 3, 3, 3, 3, 3, 3, 3, 3, 3, 3, 3, 3, 3, 3, 3, 3, 3, 3, 3, 3, 3, 3, 3, 3, 3, 3, 3, 3, 3, 3, 3, 3, 3, 3, 3, 3, 3, 3, 3, 3, 3, 3, 3, 3, 3, 3, 3, 3, 3, 3, 3, 3, 3, 3, 3, 3, 3, 3, 3, 3, 3, 3, 3, 3, 3, 3, 3, 3, 3, 3, 3, 3, 3, 3, 3, 3, 3, 3, 3, 3, 3, 3, 3, 3, 3, 3, 3, 3, 3, 3, 3, 3, 3, 3, 3, 3, 3, 3, 3, 3, 3, 3, 3, 3, 3, 3, 3, 3, 3, 3, 3, 3, 3, 3, 3, 3, 3, 3, 3, 3, 3, 3, 3, 3, 3, 3, 3, 3, 3, 3, 3, 3, 3, 3, 3, 3, 3, 3, 3, 3, 3, 3, 3, 3, 3, 3, 3, 3, 3, 3, 3, 3, 3, 3, 3, 3, 3, 3, 3, 3, 3, 3, 3, 3, 3, 3, 3, 3, 3, 3, 3, 3, 3, 3, 3, 3, 3, 3, 3, 3, 3, 3, 3, 3, 3, 3, 3, 3, 3, 3, 3, 3, 3, 3, 3, 3, 3, 3, 3, 3, 3, 3, 3, 3, 3, 3, 3, 3, 3, 3, 3, 3, 3, 3, 3, 3, 3, 3, 3, 3, 3, 3, 3, 3, 3, 3, 3, 3, 3, 3, 3, 3, 3, 3, 3, 3, 3, 3, 3, 3, 3, 3, 3, 3, 3, 3, 3, 3, 3, 3, 3, 3, 3, 3, 3, 3, 3, 3, 3, 3, 3, 3, 3, 3, 3, 3, 3, 3, 3, 3, 3, 3, 3, 3, 3, 3, 3, 3, 3, 3, 3, 3, 3, 3, 3, 3, 3, 3, 3, 3, 3, 3, 3, 3, 3, 3, 3, 3, 3, 3, 3, 3, 3, 3, 3, 3, 3, 3, 3, 3, 3, 3, 3, 3, 3, 3, 3, 3, 3, 3, 3, 3, 3, 3, 3, 3, 3, 3, 3, 3, 3, 3, 3, 3, 3, 3, 3, 3, 3, 3, 3, 3, 3, 3, 3, 3, 3, 3, 3, 3, 3, 3, 3, 3, 3, 3, 3, 3, 3, 3, 3, 3, 3, 3, 3, 3, 3, 3, 3, 3, 3, 3, 3, 3, 3, 3, 3, 3, 3, 3, 3, 3, 3, 3, 3, 3, 3, 3, 3, 3, 3, 3, 3, 3, 3, 3, 3, 3, 3, 3, 3, 3, 3, 3, 3, 3, 3, 3, 3, 3, 3, 3, 3, 3, 3, 3, 3, 3, 3, 3, 3, 3, 3, 3, 3, 3, 3, 3, 3, 3, 3, 3, 3, 3, 3, 3, 3, 3, 3, 3, 3, 3, 3, 3, 3, 3, 3, 3, 3, 3, 3, 3, 3, 3, 3, 3, 3, 3, 3, 3, 3, 3, 3, 3, 3, 3, 3, 3, 3, 3, 3, 3, 3, 3, 3, 3, 3, 3, 3, 3, 3, 3, 3, 3, 3, 3, 3, 3, 3, 3, 3, 3, 3, 3, 3, 3, 3, 3, 3, 3, 3, 3, 3, 3, 3, 3, 3, 3, 3, 3, 3, 3, 3, 3, 3, 3, 3, 3, 3, 3, 3, 3, 3, 3, 3, 3, 3, 3, 3, 3, 3, 3, 3, 3, 3, 3, 3, 3, 3, 3, 3, 3, 3, 3, 3, 3, 3, 3, 3, 3, 3, 3, 3, 3, 3, 3, 3, 3, 3, 3, 3, 3, 3, 3, 3, 3, 3, 3, 3, 3, 3, 3, 3, 3, 3, 3, 3, 3, 3, 3, 3, 3, 3, 3, 3, 3, 3, 3, 3, 3, 3, 3, 3, 3, 3, 3, 3, 3, 3, 3, 3, 3, 3, 3, 3, 3, 3, 3, 3, 3, 3, 3, 3, 3, 3, 3, 3, 3, 3, 3, 3, 3, 3, 3, 3, 3, 3, 3, 3, 3, 3, 3, 3, 3, 3, 3, 3, 3, 3, 3, 3, 3, 3, 3, 3, 3, 3, 3, 3, 3, 3, 3, 3, 3, 3, 3, 3, 3, 3, 3, 3, 3, 3, 3, 3, 3, 3, 3, 3, 3, 3, 3, 3, 3, 3, 3, 3, 3, 3, 3, 3, 3, 3, 3, 3, 3, 3, 3, 3, 3, 3, 3, 3, 3, 3, 3, 3, 3, 3, 3, 3, 3, 3, 3, 3, 3, 3, 3, 3, 3, 3, 3, 3, 3, 3, 3, 3, 3, 3, 3, 3, 3, 3, 3, 3, 3, 3, 3, 3, 3, 3, 3, 3, 3, 3, 3, 3, 3, 3, 3, 3, 3, 3, 3, 3, 3, 3, 3, 3, 3, 3, 3, 3, 3, 3, 3, 3, 3, 3, 3, 3, 3, 3, 3, 3, 3, 3, 3, 3, 3, 3, 3, 3, 3, 3, 3, 3, 3, 3, 3, 3, 3, 3, 3, 3, 3, 3, 3, 3, 3, 3, 3, 3, 3, 3, 3, 3, 3, 3, 3, 3, 3, 3, 3, 3, 3, 3, 3, 3, 3, 3, 3, 3, 3, 3, 3, 3, 3, 3, 3, 3, 3, 3, 3, 3, 3, 3, 3, 3, 3, 3, 3, 3, 3, 3, 3, 3, 3, 3, 3, 3, 3, 3, 3, 3, 3, 3, 3, 3, 3, 3, 3, 3, 3, 3, 3, 3, 3, 3, 3, 3, 3, 3, 3, 3, 3, 3, 3, 3, 3, 3, 3, 3, 3, 3, 3, 3, 3, 3, 3, 3, 3, 3, 3, 3, 3, 3, 3, 3, 3, 3, 3, 3, 3, 3, 3, 3, 3, 3, 3, 3, 3, 3, 3, 3, 3, 3, 3, 3, 3, 3, 3, 3, 3, 3, 3, 3, 3, 3, 3, 3, 3, 3, 3, 3, 3, 3, 3, 3, 3, 3, 3, 3, 3, 3, 3, 3, 3, 3, 3, 3, 3, 3, 3, 3, 3, 3, 3, 3, 3, 3, 3, 3, 3, 3, 3, 3, 3, 3, 3, 3, 3, 3, 3, 3, 3, 3, 3, 3, 3, 3, 3, 3, 3, 3, 3, 3, 3, 3, 3, 3, 3, 3, 3, 3, 3, 3, 3, 3, 3, 3, 3, 3, 3, 3, 3, 3, 3, 3, 3, 3, 3, 3, 3, 3, 3, 3, 3, 3, 3, 3, 3, 3, 3, 3, 3, 3, 3, 3, 3, 3, 3, 3, 3, 3, 3, 3, 3, 3, 3, 3, 3, 3, 3, 3, 3, 3, 3, 3, 3, 3, 3, 3, 3, 3, 3, 3, 3, 3, 3, 3, 3, 3, 3, 3, 3, 3, 3, 3, 3, 3, 3, 3, 3, 3, 3, 3, 3, 3, 3, 3, 3, 3, 3, 3, 3, 3, 3, 3, 3, 3, 3, 3, 3, 3, 3, 3, 3, 3, 3, 3, 3, 3, 3, 3, 3, 3, 3, 3, 3, 3, 3, 3, 3, 3, 3, 3, 3, 3, 3, 3, 3, 3, 3, 3, 3, 3, 3, 3, 3, 3, 3, 3, 3, 3, 3, 3, 3, 3, 3, 3, 3, 3, 3, 3, 3, 3, 3, 3, 3, 3, 3, 3, 3, 3, 3, 3, 3, 3, 3, 3, 3, 3, 3, 3, 3, 3, 3, 3, 3, 3, 3, 3, 3, 3, 3, 3, 3, 3, 3, 3, 3, 3, 3, 3, 3, 3, 3, 3, 3, 3, 3, 3, 3, 3, 3, 3, 3, 3, 3, 3, 3, 3, 3, 3, 3, 3, 3, 3, 3, 3, 3, 3, 3, 3, 3, 3, 3, 3, 3, 3, 3, 3, 3, 3, 3, 3, 3, 3, 3, 3, 3, 3, 3, 3, 3, 3, 3, 3, 3, 3, 3, 3, 3, 3, 3, 3, 3, 3, 3, 3, 3, 3, 3, 3, 3, 3, 3, 3, 3, 3, 3, 3, 3, 3, 3, 3, 3, 3, 3, 3, 3, 3, 3, 3, 3, 3, 3, 3, 3, 3, 3, 3, 3, 3, 3, 3, 3, 3, 3, 3, 3, 3, 3, 3, 3, 3, 3, 3, 3, 3, 3, 3, 3, 3, 3, 3, 3, 3, 3, 3, 3, 3, 3, 3, 3, 3, 3, 3, 3, 3, 3, 3, 3, 3, 3, 3, 3, 3, 3, 3, 3, 3, 3, 3, 3, 3, 3, 3, 3, 3, 3, 3, 3, 3, 3, 3, 3, 3, 3, 3, 3, 3, 3, 3, 3, 3, 3, 3, 3, 3, 3, 3, 3, 3, 3, 3, 3, 3, 3, 3, 3, 3, 3, 3, 3, 3, 3, 3, 3, 3, 3, 3, 3, 3, 3, 3, 3, 3, 3, 3, 3, 3, 3, 3, 3, 3, 3, 3, 3, 3, 3, 3, 3, 3, 3, 3, 3, 3, 3, 3, 3, 3, 3, 3, 3, 3, 3, 3, 3, 3, 3, 3, 3, 3, 3, 3, 3, 3, 3, 3, 3, 3, 3, 3, 3, 3, 3, 3, 3, 3, 3, 3, 3, 3, 3, 3, 3, 3, 3, 3, 3, 3, 3, 3, 3, 3, 3, 3, 3, 3, 3, 3, 3, 3, 3, 3, 3, 3, 3, 3, 3, 3, 3, 3, 3, 3, 3, 3, 3, 3, 3, 3, 3, 3, 3, 3, 3, 3, 3, 3, 3, 3, 3, 3, 3, 3, 3, 3, 3, 3, 3, 3, 3, 3, 3, 3, 3, 3, 3, 3, 3, 3, 3, 3, 3, 3, 3, 3, 3, 3, 3, 3, 3, 3, 3, 3, 3, 3, 3, 3, 3, 3, 3, 3, 3, 3, 3, 3, 3, 3, 3, 3, 3, 3, 3, 3, 3, 3, 3, 3, 3, 3, 3, 3, 3, 3, 3, 3, 3, 3, 3, 3, 3, 3, 3, 3, 3, 3, 3, 3, 3, 3, 3, 3, 3, 3, 3, 3, 3, 3, 3, 3, 3, 3, 3, 3, 3, 3, 3, 3, 3, 3, 3, 3, 3, 3, 3, 3, 3, 3, 3, 3, 3, 3, 3, 3, 3, 3, 3, 3, 3, 3, 3, 3, 3, 3, 3, 3, 3, 3, 3, 3, 3, 3, 3, 3, 3, 3, 3, 3, 3, 3, 3, 3, 3, 3, 3, 3, 3, 3, 3, 3, 3, 3, 3, 3, 3, 3, 3, 3, 3, 3, 3, 3, 3, 3, 3, 3, 3, 3, 3, 3, 3, 3, 3, 3, 3, 3, 3, 3, 3, 3, 3, 3, 3, 3, 3, 3, 3, 3, 3, 3, 3, 3, 3, 3, 3, 3, 3, 3, 3, 3, 3, 3, 3, 3, 3, 3, 3, 3, 3, 3, 3, 3, 3, 3, 3, 3, 3, 3, 3, 3, 3, 3, 3, 3, 3, 3, 3, 3, 3, 3, 3, 3, 3, 3, 3, 3, 3, 3, 3, 3, 3, 3, 3, 3, 3, 3, 3, 3, 3, 3, 3, 3, 3, 3, 3, 3, 3, 3, 3, 3, 3, 3, 3, 3, 3, 3, 3, 3, 3, 3, 3, 3, 3, 3, 3, 3, 3, 3, 3, 3, 3, 3, 3, 3, 3, 3, 3, 3, 3, 3, 3, 3, 3, 3, 3, 3, 3, 3, 3, 3, 3, 3, 3, 3, 3, 3, 3, 3, 3, 3, 3, 3, 3, 3, 3, 3, 3, 3, 3, 3, 3, 3, 3, 3, 3, 3, 3, 3, 3, 3, 3, 3, 3, 3, 3, 3, 3, 3, 3, 3, 3, 3, 3, 3, 3, 3, 3, 3, 3, 3, 3, 3, 3, 3, 3, 3, 3, 3, 3, 3, 3, 3, 3, 3, 3, 3, 3, 3, 3, 3, 3, 3, 3, 3, 3, 3, 3, 3, 3, 3, 3, 3, 3, 3, 3, 3, 3, 3, 3, 3, 3, 3, 3, 3, 3, 3, 3, 3, 3, 3, 3, 3, 3, 3, 3, 3, 3, 3, 3, 3, 3, 3, 3, 3, 3, 3, 3, 3, 3, 3, 3, 3, 3, 3, 3, 3, 3, 3, 3, 3, 3, 3, 3, 3, 3, 3, 3, 3, 3, 3, 3, 3, 3, 3, 3, 3, 3, 3, 3, 3, 3, 3, 3, 3, 3, 3, 3, 3, 3, 3, 3, 3, 3, 3, 3, 3, 3, 3, 3, 3, 3, 3, 3, 3, 3, 3, 3, 3, 3, 3, 3, 3, 3, 3, 3, 3, 3, 3, 3, 3, 3, 3, 3, 3, 3, 3, 3, 3, 3, 3, 3, 3, 3, 3, 3, 3, 3, 3, 3, 3, 3, 3, 3, 3, 3, 3, 3, 3, 3, 3, 3, 3, 3, 3, 3, 3, 3, 3, 3, 3, 3, 3, 3, 3, 3, 3, 3, 3, 3, 3, 3, 3, 3, 3, 3, 3, 3, 3, 3, 3, 3, 3, 3, 3, 3, 3, 3, 3, 3, 3, 3, 3, 3, 3, 3, 3, 3, 3, 3, 3, 3, 3, 3, 3, 3, 3, 3, 3, 3, 3, 3, 3, 3, 3, 3, 3, 3, 3, 3, 3, 3, 3, 3, 3, 3, 3, 3, 3, 3, 3, 3, 3, 3, 3, 3, 3, 3, 3, 3, 3, 3, 3, 3, 3, 3, 3, 3, 3, 3, 3, 3, 3, 3, 3, 3, 3, 3, 3, 3, 3, 3, 3, 3, 3, 3, 3, 3, 3, 3, 3, 3, 3, 3, 3, 3, 3, 3, 3, 3, 3, 3, 3, 3, 3, 3, 3, 3, 3, 3, 3, 3, 3, 3, 3, 3, 3, 3, 3, 3, 3, 3, 3, 3, 3, 3, 3, 3, 3, 3, 3, 3, 3, 3, 3, 3, 3, 3, 3, 3, 3, 3, 3, 3, 3, 3, 3, 3, 3, 3, 3, 3, 3, 3, 3, 3, 3, 3, 3, 3, 3, 3, 3, 3, 3, 3, 3, 3, 3, 3, 3, 3, 3, 3, 3, 3, 3, 3, 3, 3, 3, 3, 3, 3, 3, 3, 3, 3, 3, 3, 3, 3, 3, 3, 3, 3, 3, 3, 3, 3, 3, 3, 3, 3, 3, 3, 3, 3, 3, 3, 3, 3, 3, 3, 3, 3, 3, 3, 3, 3, 3, 3, 3, 3, 3, 3, 3, 3, 3, 3, 3, 3, 3, 3, 3, 3, 3, 3, 3, 3, 3, 3, 3, 3, 3, 3, 3, 3, 3, 3, 3, 3, 3, 3, 3, 3, 3, 3, 3, 3, 3, 3, 3, 3, 3, 3, 3, 3, 3, 3, 3, 3, 3, 3, 3, 3, 3, 3, 3, 3, 3, 3, 3, 3, 3, 3, 3, 3, 3, 3, 3, 3, 3, 3, 3, 3, 3, 3, 3, 3, 3, 3, 3, 3, 3, 3, 3, 3, 3, 3, 3, 3, 3, 3, 3, 3, 3, 3, 3, 3, 3, 3, 3, 3, 3, 3, 3, 3, 3, 3, 3, 3, 3, 3, 3, 3, 3, 3, 3, 3, 3, 3, 3, 3, 3, 3, 3, 3, 3, 3, 3, 3, 3, 3, 3, 3, 3, 3, 3, 3, 3, 3, 3, 3, 3, 3, 3, 3, 3, 3, 3, 3, 3, 3, 3, 3, 3, 3, 3, 3, 3, 3, 3, 3, 3, 3, 3, 3, 3, 3, 3, 3, 3, 3, 3, 3, 3, 3, 3, 3, 3, 3, 3, 3, 3, 3, 3, 3, 3, 3, 3, 3, 3, 3, 3, 3, 3, 3, 3, 3, 3, 3, 3, 3, 3, 3, 3, 3, 3, 3, 3, 3, 3, 3, 3, 3, 3, 3, 3, 3, 3, 3, 3, 3, 3, 3, 3, 3, 3, 3, 3, 3, 3, 3, 3, 3, 3, 3, 3, 3, 3, 3, 3, 3, 3, 3, 3, 3, 3, 3, 3, 3, 3, 3, 3, 3, 3, 3, 3, 3, 3, 3, 3, 3, 3, 3, 3, 3, 3, 3, 3, 3, 3, 3, 3, 3, 3, 3, 3, 3, 3, 3, 3, 3, 3, 3, 3, 3, 3, 3, 3, 3, 3, 3, 3, 3, 3, 3, 3, 3, 3, 3, 3, 3, 3, 3, 3, 3, 3, 3, 3, 3, 3, 3, 3, 3, 3, 3, 3, 3, 3, 3, 3, 3, 3, 3, 3, 3, 3, 3, 3, 3, 3, 3, 3, 3, 3, 3, 3, 3, 3, 3, 3, 3, 3, 3, 3, 3, 3, 3, 3, 3, 3, 3, 3, 3, 3, 3, 3, 3, 3, 3, 3, 3, 3, 3, 3, 3, 3, 3, 3, 3, 3, 3, 3, 3, 3, 3, 3, 3, 3, 3, 3, 3, 3, 3, 3, 3, 3, 3, 3, 3, 3, 3, 3, 3, 3, 3, 3, 3, 3, 3, 3, 3, 3, 3, 3, 3, 3, 3, 3, 3, 3, 3, 3, 3, 3, 3, 3, 3, 3, 3, 3, 3, 3, 3, 3, 3, 3, 3, 3, 3, 3, 3, 3, 3, 3, 3, 3, 3, 3, 3, 3, 3, 3, 3, 3, 3, 3, 3, 3, 3, 3, 3, 3, 3, 3, 3, 3, 3, 3, 3, 3, 3, 3, 3, 3, 3, 3, 3, 3, 3, 3, 3, 3, 3, 3, 3, 3, 3, 3, 3, 3, 3, 3, 3, 3, 3, 3, 3, 3, 3, 3, 3, 3, 3, 3, 3, 3, 3, 3, 3, 3, 3, 3, 3, 3, 3, 3, 3, 3, 3, 3, 3, 3, 3, 3, 3, 3, 3, 3, 3, 3, 3, 3, 3, 3, 3, 3, 3, 3, 3, 3, 3, 3, 3, 3, 3, 3, 3, 3, 3, 3, 3, 3, 3, 3, 3, 3, 3, 3, 3, 3, 3, 3, 3, 3, 3, 3, 3, 3, 3, 3, 3, 3, 3, 3, 3, 3, 3, 3, 3, 3, 3, 3, 3, 3, 3, 3, 3, 3, 3, 3, 3, 3, 3, 3, 3, 3, 3, 3, 3, 3, 3, 3, 3, 3, 3, 3, 3, 3, 3, 3, 3, 3, 3, 3, 3, 3, 3, 3, 3, 3, 3, 3, 3, 3, 3, 3, 3, 3, 3, 3, 3, 3, 3, 3, 3, 3, 3, 3, 3, 3, 3, 3, 3, 3, 3, 3, 3, 3, 3, 3, 3, 3, 3, 3, 3, 3, 3, 3, 3, 3, 3, 3, 3, 3, 3, 3, 3, 3, 3, 3, 3, 3, 3, 3, 3, 3, 3, 3, 3, 3, 3, 3, 3, 3, 3, 3, 3, 3, 3, 3, 3, 3, 3, 3, 3, 3, 3, 3, 3, 3, 3, 3, 3, 3, 3, 3, 3, 3, 3, 3, 3, 3, 3, 3, 3, 3, 3, 3, 3, 3, 3, 3, 3, 3, 3, 3, 3, 3, 3, 3, 3, 3, 3, 3, 3, 3, 3, 3, 3, 3, 3, 3, 3, 3, 3, 3, 3, 3, 3, 3, 3, 3, 3, 3, 3, 3, 3, 3, 3, 3, 3, 3, 3, 3, 3, 3, 3, 3, 3, 3, 3, 3, 3, 3, 3, 3, 3, 3, 3, 3, 3, 3, 3, 3, 3, 3, 3, 3, 3, 3, 3, 3, 3, 3, 3, 3, 3, 3, 3, 3, 3, 3, 3, 3, 3, 3, 3, 3, 3, 3, 3, 3, 3, 3, 3, 3, 3, 3, 3, 3, 3, 3, 3, 3, 3, 3, 3, 3, 3, 3, 3, 3, 3, 3, 3, 3, 3, 3, 3, 3, 3, 3, 3, 3, 3, 3, 3, 3, 3, 3, 3, 3, 3, 3, 3, 3, 3, 3, 3, 3, 3, 3, 3, 3, 3, 3, 3, 3, 3, 3, 3, 3, 3, 3, 3, 3, 3, 3, 3, 3, 3, 3, 3, 3, 3, 3, 3, 3, 3, 3, 3, 3, 3, 3, 3, 3, 3, 3, 3, 3, 3, 3, 3, 3, 3, 3, 3, 3, 3, 3, 3, 3, 3, 3, 3, 3, 3, 3, 3, 3, 3, 3, 3, 3, 3, 3, 3, 3, 3, 3, 3, 3, 3, 3, 3, 3, 3, 3, 3, 3, 3, 3, 3, 3, 3, 3, 3, 3, 3, 3, 3, 3, 3, 3, 3, 3, 3, 3, 3, 3, 3, 3, 3, 3, 3, 3, 3, 3, 3, 3, 3, 3, 3, 3, 3, 3, 3, 3, 3, 3, 3, 3, 3, 3, 3, 3, 3, 3, 3, 3, 3, 3, 3, 3, 3, 3, 3, 3, 3, 3, 3, 3, 3, 3, 3, 3, 3, 3, 3, 3, 3, 3, 3, 3, 3, 3, 3, 3, 3, 3, 3, 3, 3, 3, 3, 3, 3, 3, 3, 3, 3, 3, 3, 3, 3, 3, 3, 3, 3, 3, 3, 3, 3, 3, 3, 3, 3, 3, 3, 3, 3, 3, 3, 3, 3, 3, 3, 3, 3, 3, 3, 3, 3, 3, 3, 3, 3, 3, 3, 3, 3, 3, 3, 3, 3, 3, 3, 3, 3, 3, 3, 3, 3, 3, 3, 3, 3, 3, 3, 3, 3, 3, 3, 3, 3, 3, 3, 3, 3, 3, 3, 3, 3, 3, 3, 3, 3, 3, 3, 3, 3, 3, 3, 3, 3, 3, 3, 3, 3, 3, 3, 3, 3, 3, 3, 3, 3, 3, 3, 3, 3, 3, 3, 3, 3, 3, 3, 3, 3, 3, 3, 3, 3, 3, 3, 3, 3, 3, 3, 3, 3, 3, 3, 3, 3, 3, 3, 3, 3, 3, 3, 3, 3, 3, 3, 3, 3, 3, 3, 3, 3, 3, 3, 3, 3, 3, 3, 3, 3, 3, 3, 3, 3, 3, 3, 3, 3, 3, 3, 3, 3, 3, 3, 3, 3, 3, 3, 3, 3, 3, 3, 3, 3, 3, 3, 3, 3, 3, 3, 3, 3, 3, 3, 3, 3, 3, 3, 3, 3, 3, 3, 3, 3, 3, 3, 3, 3, 3, 3, 3, 3, 3, 3, 3, 3, 3, 3, 3, 3, 3, 3, 3, 3, 3, 3, 3, 3, 3, 3, 3, 3, 3, 3, 3, 3, 3, 3, 3, 3, 3, 3, 3, 3, 3, 3, 3, 3, 3, 3, 3, 3, 3, 3, 3, 3, 3, 3, 3, 3, 3, 3, 3, 3, 3, 3, 3, 3, 3, 3, 3, 3, 3, 3, 3, 3, 3, 3, 3, 3, 3, 3, 3, 3, 3, 3, 3, 3, 3, 3, 3, 3, 3, 3, 3, 3, 3, 3, 3, 3, 3, 3, 3, 3, 3, 3, 3, 3, 3, 3, 3, 3, 3, 3, 3, 3, 3, 3, 3, 3, 3, 3, 3, 3, 3, 3, 3, 3, 3, 3, 3, 3, 3, 3, 3, 3, 3, 3, 3, 3, 3, 3, 3, 3, 3, 3, 3, 3, 3, 3, 3, 3, 3, 3, 3, 3, 3, 3, 3, 3, 3, 3, 3, 3, 3, 3, 3, 3, 3, 3, 3, 3, 3, 3, 3, 3, 3, 3, 3, 3, 3, 3, 3, 3, 3, 3, 3, 3, 3, 3, 3, 3, 3, 3, 3, 3, 3, 3, 3, 3, 3, 3, 3, 3, 3, 3, 3, 3, 3, 3, 3, 3, 3, 3, 3, 3, 3, 3, 3, 3, 3, 3, 3, 3, 3, 3, 3, 3, 3, 3, 3, 3, 3, 3, 3, 3, 3, 3, 3, 3, 3, 3, 3, 3, 3, 3, 3, 3, 3, 3, 3, 3, 3, 3, 3, 3, 3, 3, 3, 3, 3, 3, 3, 3, 3, 3, 3, 3, 3, 3, 3, 3, 3, 3, 3, 3, 3, 3, 3, 3, 3, 3, 3, 3, 3, 3, 3, 3, 3, 3, 3, 3, 3, 3, 3, 3, 3, 3, 3, 3, 3, 3, 3, 3, 3, 3, 3, 3, 3, 3, 3, 3, 3, 3, 3, 3, 3, 3, 3, 3, 3, 3, 3, 3, 3, 3, 3, 3, 3, 3, 3, 3, 3, 3, 3, 3, 3, 3, 3, 3, 3, 3, 3, 3, 3, 3, 3, 3, 3, 3, 3, 3, 3, 3, 3, 3, 3, 3, 3, 3, 3, 3, 3, 3, 3, 3, 3, 3, 3, 3, 3, 3, 3, 3, 3, 3, 3, 3, 3, 3, 3, 3, 3, 3, 3, 3, 3, 3, 3, 3, 3, 3, 3, 3, 3, 3, 3, 3, 3, 3, 3, 3, 3, 3, 3, 3, 3, 3, 3, 3, 3, 3, 3, 3, 3, 3, 3, 3, 3, 3, 3, 3, 3, 3, 3, 3, 3, 3, 3, 3, 3, 3, 3, 3, 3, 3, 3, 3, 3, 3, 3, 3, 3, 3, 3, 3, 3, 3, 3, 3, 3, 3, 3, 3, 3, 3, 3, 3, 3, 3, 3, 3, 3, 3, 3, 3, 3, 3, 3, 3, 3, 3, 3, 3, 3, 3, 3, 3, 3, 3, 3, 3, 3, 3, 3, 3, 3, 3, 3, 3, 3, 3, 3, 3, 3, 3, 3, 3, 3, 3, 3, 3, 3, 3, 3, 3, 3, 3, 3, 3, 3, 3, 3, 3, 3, 3, 3, 3, 3, 3, 3, 3, 3, 3, 3, 3, 3, 3, 3, 3, 3, 3, 3, 3, 3, 3, 3, 3, 3, 3, 3, 3, 3, 3, 3, 3, 3, 3, 3, 3, 3, 3, 3, 3, 3, 3, 3, 3, 3, 3, 3, 3, 3, 3, 3, 3, 3, 3, 3, 3, 3, 3, 3, 3, 3, 3, 3, 3, 3, 3, 3, 3, 3, 3, 3, 3, 3, 3, 3, 3, 3, 3, 3, 3, 3, 3, 3, 3, 3, 3, 3, 3, 3, 3, 3, 3, 3, 3, 3, 3, 3, 3, 3, 3, 3, 3, 3, 3, 3, 3, 3, 3, 3, 3, 3, 3, 3, 3, 3, 3, 3, 3, 3, 3, 3, 3, 3, 3, 3, 3, 3, 3, 3, 3, 3, 3, 3, 3, 3, 3, 3, 3, 3, 3, 3, 3, 3, 3, 3, 3, 3, 3, 3, 3, 3, 3, 3, 3, 3, 3, 3, 3, 3, 3, 3, 3, 3, 3, 3, 3, 3, 3, 3, 3, 3, 3, 3, 3, 3, 3, 3, 3, 3, 3, 3, 3, 3, 3, 3, 3, 3, 3, 3, 3, 3, 3, 3, 3, 3, 3, 3, 3, 3, 3, 3, 3, 3, 3, 3, 3, 3, 3, 3, 3, 3, 3, 3, 3, 3, 3, 3, 3, 3, 3, 3, 3, 3, 3, 3, 3, 3, 3, 3, 3, 3, 3, 3, 3, 3, 3, 3, 3, 3, 3, 3, 3, 3, 3, 3, 3, 3, 3, 3, 3, 3, 3, 3, 3, 3, 3, 3, 3, 3, 3, 3, 3, 3, 3, 3, 3, 3, 3, 3, 3, 3, 3, 3, 3, 3, 3, 3, 3, 3, 3, 3, 3, 3, 3, 3, 3, 3, 3, 3, 3, 3, 3, 3, 3, 3, 3, 3, 3, 3, 3, 3, 3, 3, 3, 3, 3, 3, 3, 3, 3, 3, 3, 3, 3, 3, 3, 3, 3, 3, 3, 3, 3, 3, 3, 3, 3, 3, 3, 3, 3, 3, 3, 3, 3, 3, 3, 3, 3, 3, 3, 3, 3, 3, 3, 3, 3, 3, 3, 3, 3, 3, 3, 3, 3, 3, 3, 3, 3, 3, 3, 3, 3, 3, 3, 3, 3, 3, 3, 3, 3, 3, 3, 3, 3, 3, 3, 3, 3, 3, 3, 3, 3, 3, 3, 3, 3, 3, 3, 3, 3, 3, 3, 3, 3, 3, 3, 3, 3, 3, 3, 3, 3, 3, 3, 3, 3, 3, 3, 3, 3, 3, 3, 3, 3, 3, 3, 3, 3, 3, 3, 3, 3, 3, 3, 3, 3, 3, 3, 3, 3, 3, 3, 3, 3, 3, 3, 3, 3, 3, 3, 3, 3, 3, 3, 3, 3, 3, 3, 3, 3, 3, 3, 3, 3, 3, 3, 3, 3, 3, 3, 3, 3, 3, 3, 3, 3, 3, 3, 3, 3, 3, 3, 3, 3, 3, 3, 3, 3, 3, 3, 3, 3, 3, 3, 3, 3, 3, 3, 3, 3, 3, 3, 3, 3, 3, 3, 3, 3, 3, 3, 3, 3, 3, 3, 3, 3, 3, 3, 3, 3, 3, 3, 3, 3, 3, 3, 3, 3, 3, 3, 3, 3, 3, 3, 3, 3, 3, 3, 3, 3, 3, 3, 3, 3, 3, 3, 3, 3, 3, 3, 3, 3, 3, 3, 3, 3, 3, 3, 3, 3, 3, 3, 3, 3, 3, 3, 3, 3, 3, 3, 3, 3, 3, 3, 3, 3, 3, 3, 3, 3, 3, 3, 3, 3, 3, 3, 3, 3, 3, 3, 3, 3, 3, 3, 3, 3, 3, 3, 3, 3, 3, 3, 3, 3, 3, 3, 3, 3, 3, 3, 3, 3, 3, 3, 3, 3, 3, 3, 3, 3, 3, 3, 3, 3, 3, 3, 3, 3, 3, 3, 3, 3, 3, 3, 3, 3, 3, 3, 3, 3, 3, 3, 3, 3, 3, 3, 3, 3, 3, 3, 3, 3, 3, 3, 3, 3, 3, 3, 3, 3, 3, 3, 3, 3, 3, 3, 3, 3, 3, 3, 3, 3, 3, 3, 3, 3, 3, 3, 3, 3, 3, 3, 3, 3, 3, 3, 3, 3, 3, 3, 3, 3, 3, 3, 3, 3, 3, 3, 3, 3, 3, 3, 3, 3, 3, 3, 3, 3, 3, 3, 3, 3, 3, 3, 3, 3, 3, 3, 3, 3, 3, 3, 3, 3, 3, 3, 3, 3, 3, 3, 3, 3, 3, 3, 3, 3, 3, 3, 3, 3, 3, 3, 3, 3, 3, 3, 3, 3, 3, 3, 3, 3, 3, 3, 3, 3, 3, 3, 3, 3, 3, 3, 3, 3, 3, 3, 3, 3, 3, 3, 3, 3, 3, 3, 3, 3, 3, 3, 3, 3, 3, 3, 3, 3, 3, 3, 3, 3, 3, 3, 3, 3, 3, 3, 3, 3, 3, 3, 3, 3, 3, 3, 3, 3, 3, 3, 3, 3, 3, 3, 3, 3, 3, 3, 3, 3, 3, 3, 3, 3, 3, 3, 3, 3, 3, 3, 3, 3, 3, 3, 3, 3, 3, 3, 3, 3, 3, 3, 3, 3, 3, 3, 3, 3, 3, 3, 3, 3, 3, 3, 3, 3, 3, 3, 3, 3, 3, 3, 3, 3, 3, 3, 3, 3, 3, 3, 3, 3, 3, 3, 3, 3, 3, 3, 3, 3, 3, 3, 3, 3, 3, 3, 3, 3, 3, 3, 3, 3, 3, 3, 3, 3, 3, 3, 3, 3, 3, 3, 3, 3, 3, 3, 3, 3, 3, 3, 3, 3, 3, 3, 3, 3, 3, 3, 3, 3, 3, 3, 3, 3, 3, 3, 3, 3, 3, 3, 3, 3, 3, 3, 3, 3, 3, 3, 3, 3, 3, 3, 3, 3, 3, 3, 3, 3, 3, 3, 3, 3, 3, 3, 3, 3, 3, 3, 3, 3, 3, 3, 3, 3, 3, 3, 3, 3, 3, 3, 3, 3, 3, 3, 3, 3, 3, 3, 3, 3, 3, 3, 3, 3, 3, 3, 3, 3, 3, 3, 3, 3, 3, 3, 3, 3, 3, 3, 3, 3, 3, 3, 3, 3, 3, 3, 3, 3, 3, 3, 3, 3, 3, 3, 3, 3, 3, 3, 3, 3, 3, 3, 3, 3, 3, 3, 3, 3, 3, 3, 3, 3, 3, 3, 3, 3, 3, 3, 3, 3, 3, 3, 3, 3, 3, 3, 3, 3, 3, 3, 3, 3, 3, 3, 3, 3, 3, 3, 3, 3, 3, 3, 3, 3, 3, 3, 3, 3, 3, 3, 3, 3, 3, 3, 3, 3, 3, 3, 3, 3, 3, 3, 3, 3, 3, 3, 3, 3, 3, 3, 3, 3, 3, 3, 3, 3, 3, 3, 3, 3, 3, 3, 3, 3, 3, 3, 3, 3, 3, 3, 3, 3, 3, 3, 3, 3, 3, 3, 3, 3, 3, 3, 3, 3, 3, 3, 3, 3, 3, 3, 3, 3, 3, 3, 3, 3, 3, 3, 3, 3, 3, 3, 3, 3, 3, 3, 3, 3, 3, 3, 3, 3, 3, 3, 3, 3, 3, 3, 3, 3, 3, 3, 3, 3, 3, 3, 3, 3, 3, 3, 3, 3, 3, 3, 3, 3, 3, 3, 3, 3, 3, 3, 3, 3, 3, 3, 3, 3, 3, 3, 3, 3, 3, 3, 3, 3, 3, 3, 3, 3, 3, 3, 3, 3, 3, 3, 3, 3, 3, 3, 3, 3, 3, 3, 3, 3, 3, 3, 3, 3, 3, 3, 3, 3, 3, 3, 3, 3, 3, 3, 3, 3, 3, 3, 3, 3, 3, 3, 3, 3, 3, 3, 3, 3, 3, 3, 3, 3, 3, 3, 3, 3, 3, 3, 3, 3, 3, 3, 3, 3, 3, 3, 3, 3, 3, 3, 3, 3, 3, 3, 3, 3, 3, 3, 3, 3, 3, 3, 3, 3, 3, 3, 3, 3, 3, 3, 3, 3, 3, 3, 3, 3, 3, 3, 3, 3, 3, 3, 3, 3, 3, 3, 3, 3, 3, 3, 3, 3, 3, 3, 3, 3, 3, 3, 3, 3, 3, 3, 3, 3, 3, 3, 3, 3, 3, 3, 3, 3, 3, 3, 3, 3, 3, 3, 3, 3, 3, 3, 3, 3, 3, 3, 3, 3, 3, 3, 3, 3, 3, 3, 3, 3, 3, 3, 3, 3, 3, 3, 3, 3, 3, 3, 3, 3, 3, 3, 3, 3, 3, 3, 3, 3, 3, 3, 3, 3, 3, 3, 3, 3, 3, 3, 3, 3, 3, 3, 3, 3, 3, 3, 3, 3, 3, 3, 3, 3, 3, 3, 3, 3, 3, 3, 3, 3, 3, 3, 3, 3, 3, 3, 3, 3, 3, 3, 3, 3, 3, 3, 3, 3, 3, 3, 3, 3, 3, 3, 3, 3, 3, 3, 3, 3, 3, 3, 3, 3, 3, 3, 3, 3, 3, 3, 3, 3, 3, 3, 3, 3, 3, 3, 3, 3, 3, 3, 3, 3, 3, 3, 3, 3, 3, 3, 3, 3, 3, 3, 3, 3, 3, 3, 3, 3, 3, 3, 3, 3, 3, 3, 3, 3, 3, 3, 3, 3, 3, 3, 3, 3, 3, 3, 3, 3, 3, 3, 3, 3, 3, 3, 3, 3, 3, 3, 3, 3, 3, 3, 3, 3, 3, 3, 3, 3, 3, 3, 3, 3, 3, 3, 3, 3, 3, 3, 3, 3, 3, 3, 3, 3, 3, 3, 3, 3, 3, 3, 3, 3, 3, 3, 3, 3, 3, 3, 3, 3, 3, 3, 3, 3, 3, 3, 3, 3, 3, 3, 3, 3, 3, 3, 3, 3, 3, 3, 3, 3, 3, 3, 3, 3, 3, 3, 3, 3, 3, 3, 3, 3, 3, 3, 3, 3, 3, 3, 3, 3, 3, 3, 3, 3, 3, 3, 3, 3, 3, 3, 3, 3, 3, 3, 3, 3, 3, 3, 3, 3, 3, 3, 3, 3, 3, 3, 3, 3, 3, 3, 3, 3, 3, 3, 3, 3, 3, 3, 3, 3, 3, 3, 3, 3, 3, 3, 3, 3, 3, 3, 3, 3, 3, 3, 3, 3, 3, 3, 3, 3, 3, 3, 3, 3, 3, 3, 3, 3, 3, 3, 3, 3, 3, 3, 3, 3, 3, 3, 3, 3, 3, 3, 3, 3, 3, 3, 3, 3, 3, 3, 3, 3, 3, 3, 3, 3, 3, 3, 3, 3, 3, 3, 3, 3, 3, 3, 3, 3, 3, 3, 3, 3, 3, 3, 3, 3, 3, 3, 3, 3, 3, 3, 3, 3, 3, 3, 3, 3, 3, 3, 3, 3, 3, 3, 3, 3, 3, 3, 3, 3, 3, 3, 3, 3, 3, 3, 3, 3, 3, 3, 3, 3, 3, 3, 3, 3, 3, 3, 3, 3, 3, 3, 3, 3, 3, 3, 3, 3, 3, 3, 3, 3, 3, 3, 3, 3, 3, 3, 3, 3, 3, 3, 3, 3, 3, 3, 3, 3, 3, 3, 3, 3, 3, 3, 3, 3, 3, 3, 3, 3, 3, 3, 3, 3, 3, 3, 3, 3, 3, 3, 3, 3, 3, 3, 3, 3, 3, 3, 3, 3, 3, 3, 3, 3, 3, 3, 3, 3, 3, 3, 3, 3, 3, 3, 3, 3, 3, 3, 3, 3, 3, 3, 3, 3, 3, 3, 3, 3, 3, 3, 3, 3, 3, 3, 3, 3, 3, 3, 3, 3, 3, 3, 3, 3, 3, 3, 3, 3, 3, 3, 3, 3, 3, 3, 3, 3, 3, 3, 3, 3, 3, 3, 3, 3, 3, 3, 3, 3, 3, 3, 3, 3, 3, 3, 3, 3, 3, 3, 3, 3, 3, 3, 3, 3, 3, 3, 3, 3, 3, 3, 3, 3, 3, 3, 3, 3, 3, 3, 3, 3, 3, 3, 3, 3, 3, 3, 3, 3, 3, 3, 3, 3, 3, 3, 3, 3, 3, 3, 3, 3, 3, 3, 3, 3, 3, 3, 3, 3, 3, 3, 3, 3, 3, 3, 3, 3, 3, 3, 3, 3, 3, 3, 3, 3, 3, 3, 3, 3, 3, 3, 3, 3, 3, 3, 3, 3, 3, 3, 3, 3, 3, 3, 3, 3, 3, 3, 3, 3, 3, 3, 3, 3, 3, 3, 3, 3, 3, 3, 3, 3, 3, 3, 3, 3, 3, 3, 3, 3, 3, 3, 3, 3, 3, 3, 3, 3, 3, 3, 3, 3, 3, 3, 3, 3, 3, 3, 3, 3, 3, 3, 3, 3, 3, 3, 3, 3, 3, 3, 3, 3, 3, 3, 3, 3, 3, 3, 3, 3, 3, 3, 3, 3, 3, 3, 3, 3, 3, 3, 3, 3, 3, 3, 3, 3, 3, 3, 3, 3, 3, 3, 3, 3, 3, 3, 3, 3, 3, 3, 3, 3, 3, 3, 3, 3, 3, 3, 3, 3, 3, 3, 3, 3, 3, 3, 3, 3, 3, 3, 3, 3, 3, 3, 3, 3, 3, 3, 3, 3, 3, 3, 3, 3, 3, 3, 3, 3, 3, 3, 3, 3, 3, 3, 3, 3, 3, 3, 3, 3, 3, 3, 3, 3, 3, 3, 3, 3, 3, 3, 3, 3, 3, 3, 3, 3, 3, 3, 3, 3, 3, 3, 3, 3, 3, 3, 3, 3, 3, 3, 3, 3, 3, 3, 3, 3, 3, 3, 3, 3, 3, 3, 3, 3, 3, 3, 3, 3, 3, 3, 3, 3, 3, 3, 3, 3, 3, 3, 3, 3, 3, 3, 3, 3, 3, 3, 3, 3, 3, 3, 3, 3, 3, 3, 3, 3, 3, 3, 3, 3, 3, 3, 3, 3, 3, 3, 3, 3, 3, 3, 3, 3, 3, 3, 3, 3, 3, 3, 3, 3, 3, 3, 3, 3, 3, 3, 3, 3, 3, 3, 3, 3, 3, 3, 3, 3, 3, 3, 3, 3, 3, 3, 3, 3, 3, 3, 3, 3, 3, 3, 3, 3, 3, 3, 3, 3, 3, 3, 3, 3, 3, 3, 3, 3, 3, 3, 3, 3, 3, 3, 3, 3, 3, 3, 3, 3, 3, 3, 3, 3, 3, 3, 3, 3, 3, 3, 3, 3, 3, 3, 3, 3, 3, 3, 3, 3, 3, 3, 3, 3, 3, 3, 3, 3, 3, 3, 3, 3, 3, 3, 3, 3, 3, 3, 3, 3, 3, 3, 3, 3, 3, 3, 3, 3, 3, 3, 3, 3, 3, 3, 3, 3, 3, 3, 3, 3, 3, 3, 3, 3, 3, 3, 3, 3, 3, 3, 3, 3, 3, 3, 3, 3, 3, 3, 3, 3, 3, 3, 3, 3, 3, 3, 3, 3, 3, 3, 3, 3, 3, 3, 3, 3, 3, 3, 3, 3, 3, 3, 3, 3, 3, 3, 3, 3, 3, 3, 3, 3, 3, 3, 3, 3, 3, 3, 3, 3, 3, 3, 3, 3, 3, 3, 3, 3, 3, 3, 3, 3, 3, 3, 3, 3, 3, 3, 3, 3, 3, 3, 3, 3, 3, 3, 3, 3, 3, 3, 3, 3, 3, 3, 3, 3, 3, 3, 3, 3, 3, 3, 3, 3, 3, 3, 3, 3, 3, 3, 3, 3, 3, 3, 3, 3, 3, 3, 3, 3, 3, 3, 3, 3, 3, 3, 3, 3, 3, 3, 3, 3, 3, 3, 3, 3, 3, 3, 3, 3, 3, 3, 3, 3, 3, 3, 3, 3, 3, 3, 3, 3, 3, 3, 3, 3, 3, 3, 3, 3, 3, 3, 3, 3, 3, 3, 3, 3, 3, 3, 3, 3, 3, 3, 3, 3, 3, 3, 3, 3, 3, 3, 3, 3, 3, 3, 3, 3, 3, 3, 3, 3, 3, 3, 3, 3, 3, 3, 3, 3, 3, 3, 3, 3, 3, 3, 3, 3, 3, 3, 3, 3, 3, 3, 3, 3, 3, 3, 3, 3, 3, 3, 3, 3, 3, 3, 3, 3, 3, 3, 3, 3, 3, 3, 3, 3, 3, 3, 3, 3, 3, 3, 3, 3, 3, 3, 3, 3, 3, 3, 3, 3, 3, 3, 3, 3, 3, 3, 3, 3, 3, 3, 3, 3, 3, 3, 3, 3, 3, 3, 3, 3, 3, 3, 3, 3, 3, 3, 3, 3, 3, 3, 3, 3, 3, 3, 3, 3, 3, 3, 3, 3, 3, 3, 3, 3, 3, 3, 3, 3, 3, 3, 3, 3, 3, 3, 3, 3, 3, 3, 3, 3, 3, 3, 3, 3, 3, 3, 3, 3, 3, 3, 3, 3, 3, 3, 3, 3, 3, 3, 3, 3, 3, 3, 3, 3, 3, 3, 3, 3, 3, 3, 3, 3, 3, 3, 3, 3, 3, 3, 3, 3, 3, 3, 3, 3, 3, 3, 3, 3, 3, 3, 3, 3, 3, 3, 3, 3, 3, 3, 3, 3, 3, 3, 3, 3, 3, 3, 3, 3, 3, 3, 3, 3, 3, 3, 3, 3, 3, 3, 3, 3, 3, 3, 3, 3, 3, 3, 3, 3, 3, 3, 3, 3, 3, 3, 3, 3, 3, 3, 3, 3, 3, 3, 3, 3, 3, 3, 3, 3, 3, 3, 3, 3, 3, 3, 3, 3, 3, 3, 3, 3, 3, 3, 3, 3, 3, 3, 3, 3, 3, 3, 3, 3, 3, 3, 3, 3, 3, 3, 3, 3, 3, 3, 3, 3, 3, 3, 3, 3, 3, 3, 3, 3, 3, 3, 3, 3, 3, 3, 3, 3, 3, 3, 3, 3, 3, 3, 3, 3, 3, 3, 3, 3, 3, 3, 3, 3, 3, 3, 3, 3, 3, 3, 3, 3, 3, 3, 3, 3, 3, 3, 3, 3, 3, 3, 3, 3, 3, 3, 3, 3, 3, 3, 3, 3, 3, 3, 3, 3, 3, 3, 3, 3, 3, 3, 3, 3, 3, 3, 3, 3, 3, 3, 3, 3, 3, 3, 3, 3, 3, 3, 3, 3, 3, 3, 3, 3, 3, 3, 3, 3, 3, 3, 3, 3, 3, 3, 3, 3, 3, 3, 3, 3, 3, 3, 3, 3, 3, 3, 3, 3, 3, 3, 3, 3, 3, 3, 3, 3, 3, 3, 3, 3, 3, 3, 3, 3, 3, 3, 3, 3, 3, 3, 3, 3, 3, 3, 3, 3, 3, 3, 3, 3, 3, 3, 3, 3, 3, 3, 3, 3, 3, 3, 3, 3, 3, 3, 3, 3, 3, 3, 3, 3, 3, 3, 3, 3, 3, 3, 3, 3, 3, 3, 3, 3, 3, 3, 3, 3, 3, 3, 3, 3, 3, 3, 3, 3, 3, 3, 3, 3, 3, 3, 3, 3, 3, 3, 3, 3, 3, 3, 3, 3, 3, 3, 3, 3, 3, 3, 3, 3, 3, 3, 3, 3, 3, 3, 3, 3, 3, 3, 3, 3, 3, 3, 3, 3, 3, 3, 3, 3, 3, 3, 3, 3, 3, 3, 3, 3, 3, 3, 3, 3, 3, 3, 3, 3, 3, 3, 3, 3, 3, 3, 3, 3, 3, 3, 3, 3, 3, 3, 3, 3, 3, 3, 3, 3, 3, 3, 3, 3, 3, 3, 3, 3, 3, 3, 3, 3, 3, 3, 3, 3, 3, 3, 3, 3, 3, 3, 3, 3, 3, 3, 3, 3, 3, 3, 3, 3, 3, 3, 3, 3, 3, 3, 3, 3, 3, 3, 3, 3, 3, 3, 3, 3, 3, 3, 3, 3, 3, 3, 3, 3, 3, 3, 3, 3, 3, 3, 3, 3, 3, 3, 3, 3, 3, 3, 3, 3, 3, 3, 3, 3, 3, 3, 3, 3, 3, 3, 3, 3, 3, 3, 3, 3, 3, 3, 3, 3, 3, 3, 3, 3, 3, 3, 3, 3, 3, 3, 3, 3, 3, 3, 3, 3, 3, 3, 3, 3, 3, 3, 3, 3, 3, 3, 3, 3, 3, 3, 3, 3, 3, 3, 3, 3, 3, 3, 3, 3, 3, 3, 3, 3, 3, 3, 3, 3, 3, 3, 3, 3, 3, 3, 3, 3, 3, 3, 3, 3, 3, 3, 3, 3, 3, 3, 3, 3, 3, 3, 3, 3, 3, 3, 3, 3, 3, 3, 3, 3, 3, 3, 3, 3, 3, 3, 3, 3, 3, 3, 3, 3, 3, 3, 3, 3, 3, 3, 3, 3, 3, 3, 3, 3, 3, 3, 3, 3, 3, 3, 3, 3, 3, 3, 3, 3, 3, 3, 3, 3, 3, 3, 3, 3, 3, 3, 3, 3, 3, 3, 3, 3, 3, 3, 3, 3, 3, 3, 3, 3, 3, 3, 3, 3, 3, 3, 3, 3, 3, 3, 3, 3, 3, 3, 3, 3, 3, 3, 3, 3, 3, 3, 3, 3, 3, 3, 3, 3, 3, 3, 3, 3, 3, 3, 3, 3, 3, 3, 3, 3, 3, 3, 3, 3, 3, 3, 3, 3, 3, 3, 3, 3, 3, 3, 3, 3, 3, 3, 3, 3, 3, 3, 3, 3, 3, 3, 3, 3, 3, 3, 3, 3, 3, 3, 3, 3, 3, 3, 3, 3, 3, 3, 3, 3, 3, 3, 3, 3, 3, 3, 3, 3, 3, 3, 3, 3, 3, 3, 3, 3, 3, 3, 3, 3, 3, 3, 3, 3, 3, 3, 3, 3, 3, 3, 3, 3, 3, 3, 3, 3, 3, 3, 3, 3, 3, 3, 3, 3, 3, 3, 3, 3, 3, 3, 3, 3, 3, 3, 3, 3, 3, 3, 3, 3, 3, 3, 3, 3, 3, 3, 3, 3, 3, 3, 3, 3, 3, 3, 3, 3, 3, 3, 3, 3, 3, 3, 3, 3, 3, 3, 3, 3, 3, 3, 3, 3, 3, 3, 3, 3, 3, 3, 3, 3, 3, 3, 3, 3, 3, 3, 3, 3, 3, 3, 3, 3, 3, 3, 3, 3, 3, 3, 3, 3, 3, 3, 3, 3, 3, 3, 3, 3, 3, 3, 3, 3, 3, 3, 3, 3, 3, 3, 3, 3, 3, 3, 3, 3, 3, 3, 3, 3, 3, 3, 3, 3, 3, 3, 3, 3, 3, 3, 3, 3, 3, 3, 3, 3, 3, 3, 3, 3, 3, 3, 3, 3, 3, 3, 3, 3, 3, 3, 3, 3, 3, 3, 3, 3, 3, 3, 3, 3, 3, 3, 3, 3, 3, 3, 3, 3, 3, 3, 3, 3, 3, 3, 3, 3, 3, 3, 3, 3, 3, 3, 3, 3, 3, 3, 3, 3, 3, 3, 3, 3, 3, 3, 3, 3, 3, 3, 3, 3, 3, 3, 3, 3, 3, 3, 3, 3, 3, 3, 3, 3, 3, 3, 3, 3, 3, 3, 3, 3, 3, 3, 3, 3, 3, 3, 3, 3, 3, 3, 3, 3, 3, 3, 3, 3, 3, 3, 3, 3, 3, 3, 3, 3, 3, 3, 3, 3, 3, 3, 3, 3, 3, 3, 3, 3, 3, 3, 3, 3, 3, 3, 3, 3, 3, 3, 3, 3, 3, 3, 3, 3, 3, 3, 3, 3, 3, 3, 3, 3, 3, 3, 3, 3, 3, 3, 3, 3, 3, 3, 3, 3, 3, 3, 3, 3, 3, 3, 3, 3, 3, 3, 3, 3, 3, 3, 3, 3, 3, 3, 3, 3, 3, 3, 3, 3, 3, 3, 3, 3, 3, 3, 3, 3, 3, 3, 3, 3, 3, 3, 3, 3, 3, 3, 3, 3, 3, 3, 3, 3, 3, 3, 3, 3, 3, 3, 3, 3, 3, 3, 3, 3, 3, 3, 3, 3, 3, 3, 3, 3, 3, 3, 3, 3, 3, 3, 3, 3, 3, 3, 3, 3, 3, 3, 3, 3, 3, 3, 3, 3, 3, 3, 3, 3, 3, 3, 3, 3, 3, 3, 3, 3, 3, 3, 3, 3, 3, 3, 3, 3, 3, 3, 3, 3, 3, 3, 3, 3, 3, 3, 3, 3, 3, 3, 3, 3, 3, 3, 3, 3, 3, 3, 3, 3, 3, 3, 3, 3, 3, 3, 3, 3, 3, 3, 3, 3, 3, 3, 3, 3, 3, 3, 3, 3, 3, 3, 3, 3, 3, 3, 3, 3, 3, 3, 3, 3, 3, 3, 3, 3, 3, 3, 3, 3, 3, 3, 3, 3, 3, 3, 3, 3, 3, 3, 3, 3, 3, 3, 3, 3, 3, 3, 3, 3, 3, 3, 3, 3, 3, 3, 3, 3, 3, 3, 3, 3, 3, 3, 3, 3, 3, 3, 3, 3, 3, 3, 3, 3, 3, 3, 3, 3, 3, 3, 3, 3, 3, 3, 3, 3, 3, 3, 3, 3, 3, 3, 3, 3, 3, 3, 3, 3, 3, 3, 3, 3, 3, 3, 3, 3, 3, 3, 3, 3, 3, 3, 3, 3, 3, 3, 3, 3, 3, 3, 3, 3, 3, 3, 3, 3, 3, 3, 3, 3, 3, 3, 3, 3, 3, 3, 3, 3, 3, 3, 3, 3, 3, 3, 3, 3, 3, 3, 3, 3, 3, 3, 3, 3, 3, 3, 3, 3, 3, 3, 3, 3, 3, 3, 3, 3, 3, 3, 3, 3, 3, 3, 3, 3, 3, 3, 3, 3, 3, 3, 3, 3, 3, 3, 3, 3, 3, 3, 3, 3, 3, 3, 3, 3, 3, 3, 3, 3, 3, 3, 3, 3, 3, 3, 3, 3, 3, 3, 3, 3, 3, 3, 3, 3, 3, 3, 3, 3, 3, 3, 3, 3, 3, 3, 3, 3, 3, 3, 3, 3, 3, 3, 3, 3, 3, 3, 3, 3, 3, 3, 3, 3, 3, 3, 3, 3, 3, 3, 3, 3, 3, 3, 3, 3, 3, 3, 3, 3, 3, 3, 3, 3, 3, 3, 3, 3, 3, 3, 3, 3, 3, 3, 3, 3, 3, 3, 3, 3, 3, 3, 3, 3, 3, 3, 3, 3, 3, 3, 3, 3, 3, 3, 3, 3, 3, 3, 3, 3, 3, 3, 3, 3, 3, 3, 3, 3, 3, 3, 3, 3, 3, 3, 3, 3, 3, 3, 3, 3, 3, 3, 3, 3, 3, 3, 3, 3, 3, 3, 3, 3, 3, 3, 3, 3, 3, 3, 3, 3, 3, 3, 3, 3, 3, 3, 3, 3, 3, 3, 3, 3, 3, 3, 3, 3, 3, 3, 3, 3, 3, 3, 3, 3, 3, 3, 3, 3, 3, 3, 3, 3, 3, 3, 3, 3, 3, 3, 3, 3, 3, 3, 3, 3, 3, 3, 3, 3, 3, 3, 3, 3, 3, 3, 3, 3, 3, 3, 3, 3, 3, 3, 3, 3, 3, 3, 3, 3, 3, 3, 3, 3, 3, 3, 3, 3, 3, 3, 3, 3, 3, 3, 3, 3, 3, 3, 3, 3, 3, 3, 3, 3, 3, 3, 3, 3, 3, 3, 3, 3, 3, 3, 3, 3, 3, 3, 3, 3, 3, 3, 3, 3, 3, 3, 3, 3, 3, 3, 3, 3, 3, 3, 3, 3, 3, 3, 3, 3, 3, 3, 3, 3, 3, 3, 3, 3, 3, 3, 3, 3, 3, 3, 3, 3, 3, 3, 3, 3, 3, 3, 3, 3, 3, 3, 3, 3, 3, 3, 3, 3, 3, 3, 3, 3, 3, 3, 3, 3, 3, 3, 3, 3, 3, 3, 3, 3, 3, 3, 3, 3, 3, 3, 3, 3, 3, 3, 3, 3, 3, 3, 3, 3, 3, 3, 3, 3, 3, 3, 3, 3, 3, 3, 3, 3, 3, 3, 3, 3, 3, 3, 3, 3, 3, 3, 3, 3, 3, 3, 3, 3, 3, 3, 3, 3, 3, 3, 3, 3, 3, 3, 3, 3, 3, 3, 3, 3, 3, 3, 3, 3, 3, 3, 3, 3, 3, 3, 3, 3, 3, 3, 3, 3, 3, 3, 3, 3, 3, 3, 3, 3, 3, 3, 3, 3, 3, 3, 3, 3, 3, 3, 3, 3, 3, 3, 3, 3, 3, 3, 3, 3, 3, 3, 3, 3, 3, 3, 3, 3, 3, 3, 3, 3, 3, 3, 3, 3, 3, 3, 3, 3, 3, 3, 3, 3, 3, 3, 3, 3, 3, 3, 3, 3, 3, 3, 3, 3, 3, 3, 3, 3, 3, 3, 3, 3, 3, 3, 3, 3, 3, 3, 3, 3, 3, 3, 3, 3, 3, 3, 3, 3, 3, 3, 3, 3, 3, 3, 3, 3, 3, 3, 3, 3, 3, 3, 3, 3, 3, 3, 3, 3, 3, 3, 3, 3, 3, 3, 3, 3, 3, 3, 3, 3, 3, 3, 3, 3, 3, 3, 3, 3, 3, 3, 3, 3, 3, 3, 3, 3, 3, 3, 3, 3, 3, 3, 3, 3, 3, 3, 3, 3, 3, 3, 3, 3, 3, 3, 3, 3, 3, 3, 3, 3, 3, 3, 3, 3, 3, 3, 3, 3, 3, 3, 3, 3, 3, 3, 3, 3, 3, 3, 3, 3, 3, 3, 3, 3, 3, 3, 3, 3, 3, 3, 3, 3, 3, 3, 3, 3, 3, 3, 3, 3, 3, 3, 3, 3, 3, 3, 3, 3, 3, 3, 3, 3, 3, 3, 3, 3, 3, 3, 3, 3, 3, 3, 3, 3, 3, 3, 3, 3, 3, 3, 3, 3, 3, 3, 3, 3, 3, 3, 3, 3, 3, 3, 3, 3, 3, 3, 3, 3, 3, 3, 3, 3, 3, 3, 3, 3, 3, 3, 3, 3, 3, 3, 3, 3, 3, 3, 3, 3, 3, 3, 3, 3, 3, 3, 3, 3, 3, 3, 3, 3, 3, 3, 3, 3, 3, 3, 3, 3, 3, 3, 3, 3, 3, 3, 3, 3, 3, 3, 3, 3, 3, 3, 3, 3, 3, 3, 3, 3, 3, 3, 3, 3, 3, 3, 3, 3, 3, 3, 3, 3, 3, 3, 3, 3, 3, 3, 3, 3, 3, 3, 3, 3, 3, 3, 3, 3, 3, 3, 3, 3, 3, 3, 3, 3, 3, 3, 3, 3, 3, 3, 3, 3, 3, 3, 3, 3, 3, 3, 3, 3, 3, 3, 3, 3, 3, 3, 3, 3, 3, 3, 3, 3, 3, 3, 3, 3, 3, 3, 3, 3, 3, 3, 3, 3, 3, 3, 3, 3, 3, 3, 3, 3, 3, 3, 3, 3, 3, 3, 3, 3, 3, 3, 3, 3, 3, 3, 3, 3, 3, 3, 3, 3, 3, 3, 3, 3, 3, 3, 3, 3, 3, 3, 3, 3, 3, 3, 3, 3, 3, 3, 3, 3, 3, 3, 3, 3, 3, 3, 3, 3, 3, 3, 3, 3, 3, 3, 3, 3, 3, 3, 3, 3, 3, 3, 3, 3, 3, 3, 3, 3, 3, 3, 3, 3, 3, 3, 3, 3, 3, 3, 3, 3, 3, 3, 3, 3, 3, 3, 3, 3, 3, 3, 3, 3, 3, 3, 3, 3, 3, 3, 3, 3, 3, 3, 3, 3, 3, 3, 3, 3, 3, 3, 3, 3, 3, 3, 3, 3, 3, 3, 3, 3, 3, 3, 3, 3, 3, 3, 3, 3, 3, 3, 3, 3, 3, 3, 3, 3, 3, 3, 3, 3, 3, 3, 3, 3, 3, 3, 3, 3, 3, 3, 3, 3, 3, 3, 3, 3, 3, 3, 3, 3, 3, 3, 3, 3, 3, 3, 3, 3, 3, 3, 3, 3, 3, 3, 3, 3, 3, 3, 3, 3, 3, 3, 3, 3, 3, 3, 3, 3, 3, 3, 3, 3, 3, 3, 3, 3, 3, 3, 3, 3, 3, 3, 3, 3, 3, 3, 3, 3, 3, 3, 3, 3, 3, 3, 3, 3, 3, 3, 3, 3, 3, 3, 3, 3, 3, 3, 3, 3, 3, 3, 3, 3, 3, 3, 3, 3, 3, 3, 3, 3, 3, 3, 3, 3, 3, 3, 3, 3, 3, 3, 3, 3, 3, 3, 3, 3, 3, 3, 3, 3, 3, 3, 3, 3, 3, 3, 3, 3, 3, 3, 3, 3, 3, 3, 3, 3, 3, 3, 3, 3, 3, 3, 3, 3, 3, 3, 3, 3, 3, 3, 3, 3, 3, 3, 3, 3, 3, 3, 3, 3, 3, 3, 3, 3, 3, 3, 3, 3, 3, 3, 3, 3, 3, 3, 3, 3, 3, 3, 3, 3, 3, 3, 3, 3, 3, 3, 3, 3, 3, 3, 3, 3, 3, 3, 3, 3, 3, 3, 3, 3, 3, 3, 3, 3, 3, 3, 3, 3, 3, 3, 3, 3, 3, 3, 3, 3, 3, 3, 3, 3, 3, 3, 3, 3, 3, 3, 3, 3, 3, 3, 3, 3, 3, 3, 3, 3, 3, 3, 3, 3, 3, 3, 3, 3, 3, 3, 3, 3, 3, 3, 3, 3, 3, 3, 3, 3, 3, 3, 3, 3, 3, 3, 3, 3, 3, 3, 3, 3, 3, 3, 3, 3, 3, 3, 3, 3, 3, 3, 3, 3, 3, 3, 3, 3, 3, 3, 3, 3, 3, 3, 3, 3, 3, 3, 3, 3, 3, 3, 3, 3, 3, 3, 3, 3, 3, 3, 3, 3, 3, 3, 3, 3, 3, 3, 3, 3, 3, 3, 3, 3, 3, 3, 3, 3, 3, 3, 3, 3, 3, 3, 3, 3, 3, 3, 3, 3, 3, 3, 3, 3, 3, 3, 3, 3, 3, 3, 3, 3, 3, 3, 3, 3, 3, 3, 3, 3, 3, 3, 3, 3, 3, 3, 3, 3, 3, 3, 3, 3, 3, 3, 3, 3, 3, 3, 3, 3, 3, 3, 3, 3, 3, 3, 3, 3, 3, 3, 3, 3, 3, 3, 3, 3, 3, 3, 3, 3, 3, 3, 3, 3, 3, 3, 3, 3, 3, 3, 3, 3, 3, 3, 3, 3, 3, 3, 3, 3, 3, 3, 3, 3, 3, 3, 3, 3, 3, 3, 3, 3, 3, 3, 3, 3, 3, 3, 3, 3, 3, 3, 3, 3, 3, 3, 3, 3, 3, 3, 3, 3, 3, 3, 3, 3, 3, 3, 3, 3, 3, 3, 3, 3, 3, 3, 3, 3, 3, 3, 3, 3, 3, 3, 3, 3, 3, 3, 3, 3, 3, 3, 3, 3, 3, 3, 3, 3, 3, 3, 3, 3, 3, 3, 3, 3, 3, 3, 3, 3, 3, 3, 3, 3, 3, 3, 3, 3, 3, 3, 3, 3, 3, 3, 3, 3, 3, 3, 3, 3, 3, 3, 3, 3, 3, 3, 3, 3, 3, 3, 3, 3, 3, 3, 3, 3, 3, 3, 3, 3, 3, 3, 3, 3, 3, 3, 3, 3, 3, 3, 3, 3, 3, 3, 3, 3, 3, 3, 3, 3, 3, 3, 3, 3, 3, 3, 3, 3, 3, 3, 3, 3, 3, 3, 3, 3, 3, 3, 3, 3, 3, 3, 3, 3, 3, 3, 3, 3, 3, 3, 3, 3, 3, 3, 3, 3, 3, 3, 3, 3, 3, 3, 3, 3, 3, 3, 3, 3, 3, 3, 3, 3, 3, 3, 3, 3, 3, 3, 3, 3, 3, 3, 3, 3, 3, 3, 3, 3, 3, 3, 3, 3, 3, 3, 3, 3, 3, 3, 3, 3, 3, 3, 3, 3, 3, 3, 3, 3, 3, 3, 3, 3, 3, 3, 3, 3, 3, 3, 3, 3, 3, 3, 3, 3, 3, 3, 3, 3, 3, 3, 3, 3, 3, 3, 3, 3, 3, 3, 3, 3, 3, 3, 3, 3, 3, 3, 3, 3, 3, 3, 3, 3, 3, 3, 3, 3, 3, 3, 3, 3, 3, 3, 3, 3, 3, 3, 3, 3, 3, 3, 3, 3, 3, 3, 3, 3, 3, 3, 3, 3, 3, 3, 3, 3, 3, 3, 3, 3, 3, 3, 3, 3, 3, 3, 3, 3, 3, 3, 3, 3, 3, 3, 3, 3, 3, 3, 3, 3, 3, 3, 3, 3, 3, 3, 3, 3, 3, 3, 3, 3, 3, 3, 3, 3, 3, 3, 3, 3, 3, 3, 3, 3, 3, 3, 3, 3, 3, 3, 3, 3, 3, 3, 3, 3, 3, 3, 3, 3, 3, 3, 3, 3, 3, 3, 3, 3, 3, 3, 3, 3, 3, 3, 3, 3, 3, 3, 3, 3, 3, 3, 3, 3, 3, 3, 3, 3, 3, 3, 3, 3, 3, 3, 3, 3, 3, 3, 3, 3, 3, 3, 3, 3, 3, 3, 3, 3, 3, 3, 3, 3, 3, 3, 3, 3, 3, 3, 3, 3, 3, 3, 3, 3, 3, 3, 3, 3, 3, 3, 3, 3, 3, 3, 3, 3, 3, 3, 3, 3, 3, 3, 3, 3, 3, 3, 3, 3, 3, 3, 3, 3, 3, 3, 3, 3, 3, 3, 3, 3, 3, 3, 3, 3, 3, 3, 3, 3, 3, 3, 3, 3, 3, 3, 3, 3, 3, 3, 3, 3, 3, 3, 3, 3, 3, 3, 3, 3, 3, 3, 3, 3, 3, 3, 3, 3, 3, 3, 3, 3, 3, 3, 3, 3, 3, 3, 3, 3, 3, 3, 3, 3, 3, 3, 3, 3, 3, 3, 3, 3, 3, 3, 3, 3, 3, 3, 3, 3, 3, 3, 3, 3, 3, 3, 3, 3, 3, 3, 3, 3, 3, 3, 3, 3, 3, 3, 3, 3, 3, 3, 3, 3, 3, 3, 3, 3, 3, 3, 3, 3, 3, 3, 3, 3, 3, 3, 3, 3, 3, 3, 3, 3, 3, 3, 3, 3, 3, 3, 3, 3, 3, 3, 3, 3, 3, 3, 3, 3, 3, 3, 3, 3, 3, 3, 3, 3, 3, 3, 3, 3, 3, 3, 3, 3, 3, 3, 3, 3, 3, 3, 3, 3, 3, 3, 3, 3, 3, 3, 3, 3, 3, 3, 3, 3, 3, 3, 3, 3, 3, 3, 3, 3, 3, 3, 3, 3, 3, 3, 3, 3, 3, 3, 3, 3, 3, 3, 3, 3, 3, 3, 3, 3, 3, 3, 3, 3, 3, 3, 3, 3, 3, 3, 3, 3, 3, 3, 3, 3, 3, 3, 3, 3, 3, 3, 3, 3, 3, 3, 3, 3, 3, 3, 3, 3, 3, 3, 3, 3, 3, 3, 3, 3, 3, 3, 3, 3, 3, 3, 3, 3, 3, 3, 3, 3, 3, 3, 3, 3, 3, 3, 3, 3, 3, 3, 3, 3, 3, 3, 3, 3, 3, 3, 3, 3, 3, 3, 3, 3, 3, 3, 3, 3, 3, 3, 3, 3, 3, 3, 3, 3, 3, 3, 3, 3, 3, 3, 3, 3, 3, 3, 3, 3, 3, 3, 3, 3, 3, 3, 3, 3, 3, 3, 3, 3, 3, 3, 3, 3, 3, 3, 3, 3, 3, 3, 3, 3, 3, 3, 3, 3, 3, 3, 3, 3, 3, 3, 3, 3, 3, 3, 3, 3, 3, 3, 3, 3, 3, 3, 3, 3, 3, 3, 3, 3, 3, 3, 3, 3, 3, 3, 3, 3, 3, 3, 3, 3, 3, 3, 3, 3, 3, 3, 3, 3, 3, 3, 3, 3, 3, 3, 3, 3, 3, 3, 3, 3, 3, 3, 3, 3, 3, 3, 3, 3, 3, 3, 3, 3, 3, 3, 3, 3, 3, 3, 3, 3, 3, 3, 3, 3, 3, 3, 3, 3, 3, 3, 3, 3, 3, 3, 3, 3, 3, 3, 3, 3, 3, 3, 3, 3, 3, 3, 3, 3, 3, 3, 3, 3, 3, 3, 3, 3, 3, 3, 3, 3, 3, 3, 3, 3, 3, 3, 3, 3, 3, 3, 3, 3, 3, 3, 3, 3, 3, 3, 3, 3, 3, 3, 3, 3, 3, 3, 3, 3, 3, 3, 3, 3, 3, 3, 3, 3, 3, 3, 3, 3, 3, 3, 3, 3, 3, 3, 3, 3, 3, 3, 3, 3, 3, 3, 3, 3, 3, 3, 3, 3, 3, 3, 3, 3, 3, 3, 3, 3, 3, 3, 3, 3, 3, 3, 3, 3, 3, 3, 3, 3, 3, 3, 3, 3, 3, 3, 3, 3, 3, 3, 3, 3, 3, 3, 3, 3, 3, 3, 3, 3, 3, 3, 3, 3, 3, 3, 3, 3, 3, 3, 3, 3, 3, 3, 3, 3, 3, 3, 3, 3, 3, 3, 3, 3, 3, 3, 3, 3, 3, 3, 3, 3, 3, 3, 3, 3, 3, 3, 3, 3, 3, 3, 3, 3, 3, 3, 3, 3, 3, 3, 3, 3, 3, 3, 3, 3, 3, 3, 3, 3, 3, 3, 3, 3, 3, 3, 3, 3, 3, 3, 3, 3, 3, 3, 3, 3, 3, 3, 3, 3, 3, 3, 3, 3, 3, 3, 3, 3, 3, 3, 3, 3, 3, 3, 3, 3, 3, 3, 3, 3, 3, 3, 3, 3, 3, 3, 3, 3, 3, 3, 3, 3, 3, 3, 3, 3, 3, 3, 3, 3, 3, 3, 3, 3, 3, 3, 3, 3, 3, 3, 3, 3, 3, 3, 3, 3, 3, 3, 3, 3, 3, 3, 3, 3, 3, 3, 3, 3, 3, 3, 3, 3, 3, 3, 3, 3, 3, 3, 3, 3, 3, 3, 3, 3, 3, 3, 3, 3, 3, 3, 3, 3, 3, 3, 3, 3, 3, 3, 3, 3, 3, 3, 3, 3, 3, 3, 3, 3, 3, 3, 3, 3, 3, 3, 3, 3, 3, 3, 3, 3, 3, 3, 3, 3, 3, 3, 3, 3, 3, 3, 3, 3, 3, 3, 3, 3, 3, 3, 3, 3, 3, 3, 3, 3, 3, 3, 3, 3, 3, 3, 3, 3, 3, 3, 3, 3, 3, 3, 3, 3, 3, 3, 3, 3, 3, 3, 3, 3, 3, 3, 3, 3, 3, 3, 3, 3, 3, 3, 3, 3, 3, 3, 3, 3, 3, 3, 3, 3, 3, 3, 3, 3, 3, 3, 3, 3, 3, 3, 3, 3, 3, 3, 3, 3, 3, 3, 3, 3, 3, 3, 3, 3, 3, 3, 3, 3, 3, 3, 3, 3, 3, 3, 3, 3, 3, 3, 3, 3, 3, 3, 3, 3, 3, 3, 3, 3, 3, 3, 3, 3, 3, 3, 3, 3, 3, 3, 3, 3, 3, 3, 3, 3, 3, 3, 3, 3, 3, 3, 3, 3, 3, 3, 3, 3, 3, 3, 3, 3, 3, 3, 3, 3, 3, 3, 3, 3, 3, 3, 3, 3, 3, 3, 3, 3, 3, 3, 3, 3, 3, 3, 3, 3, 3, 3, 3, 3, 3, 3, 3, 3, 3, 3, 3, 3, 3, 3, 3, 3, 3, 3, 3, 3, 3, 3, 3, 3, 3, 3, 3, 3, 3, 3, 3, 3, 3, 3, 3, 3, 3, 3, 3, 3, 3, 3, 3, 3, 3, 3, 3, 3, 3, 3, 3, 3, 3, 3, 3, 3, 3, 3, 3, 3, 3, 3, 3, 3, 3, 3, 3, 3, 3, 3, 3, 3, 3, 3, 3, 3, 3, 3, 3, 3, 3, 3, 3, 3, 3, 3, 3, 3, 3, 3, 3, 3, 3, 3, 3, 3, 3, 3, 3, 3, 3, 3, 3, 3, 3, 3, 3, 3, 3, 3, 3, 3, 3, 3, 3, 3, 3, 3, 3, 3, 3, 3, 3, 3, 3, 3, 3, 3, 3, 3, 3, 3, 3, 3, 3, 3, 3, 3, 3, 3, 3, 3, 3, 3, 3, 3, 3, 3, 3, 3, 3, 3, 3, 3, 3, 3, 3, 3, 3, 3, 3, 3, 3, 3, 3, 3, 3, 3, 3, 3, 3, 3, 3, 3, 3, 3, 3, 3, 3, 3, 3, 3, 3, 3, 3, 3, 3, 3, 3, 3, 3, 3, 3, 3, 3, 3, 3, 3, 3, 3, 3, 3, 3, 3, 3, 3, 3, 3, 3, 3, 3, 3, 3, 3, 3, 3, 3, 3, 3, 3, 3, 3, 3, 3, 3, 3, 3, 3, 3, 3, 3, 3, 3, 3, 3, 3, 3, 3, 3, 3, 3, 3, 3, 3, 3, 3, 3, 3, 3, 3, 3, 3, 3, 3, 3, 3, 3, 3, 3, 3, 3, 3, 3, 3, 3, 3, 3, 3, 3, 3, 3, 3, 3, 3, 3, 3, 3, 3, 3, 3, 3, 3, 3, 3, 3, 3, 3, 3, 3, 3, 3, 3, 3, 3, 3, 3, 3, 3, 3, 3, 3, 3, 3, 3, 3, 3, 3, 3, 3, 3, 3, 3, 3, 3, 3, 3, 3, 3, 3, 3, 3, 3, 3, 3, 3, 3, 3, 3, 3, 3, 3, 3, 3, 3, 3, 3, 3, 3, 3, 3, 3, 3, 3, 3, 3, 3, 3, 3, 3, 3, 3, 3, 3, 3, 3, 3, 3, 3, 3, 3, 3, 3, 3, 3, 3, 3, 3, 3, 3, 3, 3, 3, 3, 3, 3, 3, 3, 3, 3, 3, 3, 3, 3, 3, 3, 3, 3, 3, 3, 3, 3, 3, 3, 3, 3, 3, 3, 3, 3, 3, 3, 3, 3, 3, 3, 3, 3, 3, 3, 3, 3, 3, 3, 3, 3, 3, 3, 3, 3, 3, 3, 3, 3, 3, 3, 3, 3, 3, 3, 3, 3, 3, 3, 3, 3, 3, 3, 3, 3, 3, 3, 3, 3, 3, 3, 3, 3, 3, 3, 3, 3, 3, 3, 3, 3, 3, 3, 3, 3, 3, 3, 3, 3, 3, 3, 3, 3, 3, 3, 3, 3, 3, 3, 3, 3, 3, 3, 3, 3, 3, 3, 3, 3, 3, 3, 3, 3, 3, 3, 3, 3, 3, 3, 3, 3, 3, 3, 3, 3, 3, 3, 3, 3, 3, 3, 3, 3, 3, 3, 3, 3, 3, 3, 3, 3, 3, 3, 3, 3, 3, 3, 3, 3, 3, 3, 3, 3, 3, 3, 3, 3, 3, 3, 3, 3, 3, 3, 3, 3, 3, 3, 3, 3, 3, 3, 3, 3, 3, 3, 3, 3, 3, 3, 3, 3, 3, 3, 3, 3, 3, 3, 3, 3, 3, 3, 3, 3, 3, 3, 3, 3, 3, 3, 3, 3, 3, 3, 3, 3, 3, 3, 3, 3, 3, 3, 3, 3, 3, 3, 3, 3, 3, 3, 3, 3, 3, 3, 3, 3, 3, 3, 3, 3, 3, 3, 3, 3, 3, 3, 3, 3, 3, 3, 3, 3, 3, 3, 3, 3, 3, 3, 3, 3, 3, 3, 3, 3, 3, 3, 3, 3, 3, 3, 3, 3, 3, 3, 3, 3, 3, 3, 3, 3, 3, 3, 3, 3, 3, 3, 3, 3, 3, 3, 3, 3, 3, 3, 3, 3, 3, 3, 3, 3, 3, 3, 3, 3, 3, 3, 3, 3, 3, 3, 3, 3, 3, 3, 3, 3, 3, 3, 3, 3, 3, 3, 3, 3, 3, 3, 3, 3, 3, 3, 3, 3, 3, 3, 3, 3, 3, 3, 3, 3, 3, 3, 3, 3, 3, 3, 3, 3, 3, 3, 3, 3, 3, 3, 3, 3, 3, 3, 3, 3, 3, 3, 3, 3, 3, 3, 3, 3, 3, 3, 3, 3, 3, 3, 3, 3, 3, 3, 3, 3, 3, 3, 3, 3, 3, 3, 3, 3, 3, 3, 3, 3, 3, 3, 3, 3, 3, 3, 3, 3, 3, 3, 3, 3, 3, 3, 3, 3, 3, 3, 3, 3, 3, 3, 3, 3, 3, 3, 3, 3, 3, 3, 3, 3, 3, 3, 3, 3, 3, 3, 3, 3, 3, 3, 3, 3, 3, 3, 3, 3, 3, 3, 3, 3, 3, 3, 3, 3, 3, 3, 3, 3, 3, 3, 3, 3, 3, 3, 3, 3, 3, 3, 3, 3, 3, 3, 3, 3, 3, 3, 3, 3, 3, 3, 3, 3, 3, 3, 3, 3, 3, 3, 3, 3, 3, 3, 3, 3, 3, 3, 3, 3, 3, 3, 3, 3, 3, 3, 3, 3, 3, 3, 3, 3, 3, 3, 3, 3, 3, 3, 3, 3, 3, 3, 3, 3, 3, 3, 3, 3, 3, 3, 3, 3, 3, 3, 3, 3, 3, 3, 3, 3, 3, 3, 3, 3, 3, 3, 3, 3, 3, 3, 3, 3, 3, 3, 3, 3, 3, 3, 3, 3, 3, 3, 3, 3, 3, 3, 3, 3, 3, 3, 3, 3, 3, 3, 3, 3, 3, 3, 3, 3, 3, 3, 3, 3, 3, 3, 3, 3, 3, 3, 3, 3, 3, 3, 3, 3, 3, 3, 3, 3, 3, 3, 3, 3, 3, 3, 3, 3, 3, 3, 3, 3, 3, 3, 3, 3, 3, 3, 3, 3, 3, 3, 3, 3, 3, 3, 3, 3, 3, 3, 3, 3, 3, 3, 3, 3, 3, 3, 3, 3, 3, 3, 3, 3, 3, 3, 3, 3, 3, 3, 3, 3, 3, 3, 3, 3, 3, 3, 3, 3, 3, 3, 3, 3, 3, 3, 3, 3, 3, 3, 3, 3, 3, 3, 3, 3, 3, 3, 3, 3, 3, 3, 3, 3, 3, 3, 3, 3, 3, 3, 3, 3, 3, 3, 3, 3, 3, 3, 3, 3, 3, 3, 3, 3, 3, 3, 3, 3, 3, 3, 3, 3, 3, 3, 3, 3, 3, 3, 3, 3, 3, 3, 3, 3, 3, 3, 3, 3, 3, 3, 3, 3, 3, 3, 3, 3, 3, 3, 3, 3, 3, 3, 3, 3, 3, 3, 3, 3, 3, 3, 3, 3, 3, 3, 3, 3, 3, 3, 3, 3, 3, 3, 3, 3, 3, 3, 3, 3, 3, 3, 3, 3, 3, 3, 3, 3, 3, 3, 3, 3, 3, 3, 3, 3, 3, 3, 3, 3, 3, 3, 3, 3, 3, 3, 3, 3, 3, 3, 3, 3, 3, 3, 3, 3, 3, 3, 3, 3, 3, 3, 3, 3, 3, 3, 3, 3, 3, 3, 3, 3, 3, 3, 3, 3, 3, 3, 3, 3, 3, 3, 3, 3, 3, 3, 3, 3, 3, 3, 3, 3, 3, 3, 3, 3, 3, 3, 3, 3, 3, 3, 3, 3, 3, 3, 3, 3, 3, 3, 3, 3, 3, 3, 3, 3, 3, 3, 3, 3, 3, 3, 3, 3, 3, 3, 3, 3, 3, 3, 3, 3, 3, 3, 3, 3, 3, 3, 3, 3, 3, 3, 3, 3, 3, 3, 3, 3, 3, 3, 3, 3, 3, 3, 3, 3, 3, 3, 3, 3, 3, 3, 3, 3, 3, 3, 3, 3, 3, 3, 3, 3, 3, 3, 3, 3, 3, 3, 3, 3, 3, 3, 3, 3, 3, 3, 3, 3, 3, 3, 3, 3, 3, 3, 3, 3, 3, 3, 3, 3, 3, 3, 3, 3, 3, 3, 3, 3, 3, 3, 3, 3, 3, 3, 3, 3, 3, 3, 3, 3, 3, 3, 3, 3, 3, 3, 3, 3, 3, 3, 3, 3, 3, 3, 3, 3, 3, 3, 3, 3, 3, 3, 3, 3, 3, 3, 3, 3, 3, 3, 3, 3, 3, 3, 3, 3, 3, 3, 3, 3, 3, 3, 3, 3, 3, 3, 3, 3, 3, 3, 3, 3, 3, 3, 3, 3, 3, 3, 3, 3, 3, 3, 3, 3, 3, 3, 3, 3, 3, 3, 3, 3, 3, 3, 3, 3, 3, 3, 3, 3, 3, 3, 3, 3, 3, 3, 3, 3, 3, 3, 3, 3, 3, 3, 3, 3, 3, 3, 3, 3, 3, 3, 3, 3, 3, 3, 3, 3, 3, 3, 3, 3, 3, 3, 3, 3, 3, 3, 3, 3, 3, 3, 3, 3, 3, 3, 3, 3, 3, 3, 3, 3, 3, 3, 3, 3, 3, 3, 3, 3, 3, 3, 3, 3, 3, 3, 3, 3, 3, 3, 3, 3, 3, 3, 3, 3, 3, 3, 3, 3, 3, 3, 3, 3, 3, 3, 3, 3, 3, 3, 3, 3, 3, 3, 3, 3, 3, 3, 3, 3, 3, 3, 3, 3, 3, 3, 3, 3, 3, 3, 3, 3, 3, 3, 3, 3, 3, 3, 3, 3, 3, 3, 3, 3, 3, 3, 3, 3, 3, 3, 3, 3, 3, 3, 3, 3, 3, 3, 3, 3, 3, 3, 3, 3, 3, 3, 3, 3, 3, 3, 3, 3, 3, 3, 3, 3, 3, 3, 3, 3, 3, 3, 3, 3, 3, 3, 3, 3, 3, 3, 3, 3, 3, 3, 3, 3, 3, 3, 3, 3, 3, 3, 3, 3, 3, 3, 3, 3, 3, 3, 3, 3, 3, 3, 3, 3, 3, 3, 3, 3, 3, 3, 3, 3, 3, 3, 3, 3, 3, 3, 3, 3, 3, 3, 3, 3, 3, 3, 3, 3, 3, 3, 3, 3, 3, 3, 3, 3, 3, 3, 3, 3, 3, 3, 3, 3, 3, 3, 3, 3, 3, 3, 3, 3, 3, 3, 3, 3, 3, 3, 3, 3, 3, 3, 3, 3, 3, 3, 3, 3, 3, 3, 3, 3, 3, 3, 3, 3, 3, 3, 3, 3, 3, 3, 3, 3, 3, 3, 3, 3, 3, 3, 3, 3, 3, 3, 3, 3, 3, 3, 3, 3, 3, 3, 3, 3, 3, 3, 3, 3, 3, 3, 3, 3, 3, 3, 3, 3, 3, 3, 3, 3, 3, 3, 3, 3, 3, 3, 3, 3, 3, 3, 3, 3, 3, 3, 3, 3, 3, 3, 3, 3, 3, 3, 3, 3, 3, 3, 3, 3, 3, 3, 3, 3, 3, 3, 3, 3, 3, 3, 3, 3, 3, 3, 3, 3, 3, 3, 3, 3, 3, 3, 3, 3, 3, 3, 3, 3, 3, 3, 3, 3, 3, 3, 3, 3, 3, 3, 3, 3, 3, 3, 3, 3, 3, 3, 3, 3, 3, 3, 3, 3, 3, 3, 3, 3, 3, 3, 3, 3, 3, 3, 3, 3, 3, 3, 3, 3, 3, 3, 3, 3, 3, 3, 3, 3, 3, 3, 3, 3, 3, 3, 3, 3, 3, 3, 3, 3, 3, 3, 3, 3, 3, 3, 3, 3, 3, 3, 3, 3, 3, 3, 3, 3, 3, 3, 3, 3, 3, 3, 3, 3, 3, 3, 3, 3, 3, 3, 3, 3, 3, 3, 3, 3, 3, 3, 3, 3, 3, 3, 3, 3, 3, 3, 3, 3, 3, 3, 3, 3, 3, 3, 3, 3, 3, 3, 3, 3, 3, 3, 3, 3, 3, 3, 3, 3, 3, 3, 3, 3, 3, 3, 3, 3, 3, 3, 3, 3, 3, 3, 3, 3, 3, 3, 3, 3, 3, 3, 3, 3, 3, 3, 3, 3, 3, 3, 3, 3, 3, 3, 3, 3, 3, 3, 3, 3, 3, 3, 3, 3, 3, 3, 3, 3, 3, 3, 3, 3, 3, 3, 3, 3, 3, 3, 3, 3, 3, 3, 3, 3, 3, 3, 3, 3, 3, 3, 3, 3, 3, 3, 3, 3, 3, 3, 3, 3, 3, 3, 3, 3, 3, 3, 3, 3, 3, 3, 3, 3, 3, 3, 3, 3, 3, 3, 3, 3, 3, 3, 3, 3, 3, 3, 3, 3, 3, 3, 3, 3, 3, 3, 3, 3, 3, 3, 3, 3, 3, 3, 3, 3, 3, 3, 3, 3, 3, 3, 3, 3, 3, 3, 3, 3, 3, 3, 3, 3, 3, 3, 3, 3, 3, 3, 3, 3, 3, 3, 3, 3, 3, 3, 3, 3, 3, 3, 3, 3, 3, 3, 3, 3, 3, 3, 3, 3, 3, 3, 3, 3, 3, 3, 3, 3, 3, 3, 3, 3, 3, 3, 3, 3, 3, 3, 3, 3, 3, 3, 3, 3, 3, 3, 3, 3, 3, 3, 3, 3, 3, 3, 3, 3, 3, 3, 3, 3, 3, 3, 3, 3, 3, 3, 3, 3, 3, 3, 3, 3, 3, 3, 3, 3, 3, 3, 3, 3, 3, 3, 3, 3, 3, 3, 3, 3, 3, 3, 3, 3, 3, 3, 3, 3, 3, 3, 3, 3, 3, 3, 3, 3, 3, 3, 3, 3, 3, 3, 3, 3, 3, 3, 3, 3, 3, 3, 3, 3, 3, 3, 3, 3, 3, 3, 3, 3, 3, 3, 3, 3, 3, 3, 3, 3, 3, 3, 3, 3, 3, 3, 3, 3, 3, 3, 3, 3, 3, 3, 3, 3, 3, 3, 3, 3, 3, 3, 3, 3, 3, 3, 3, 3, 3, 3, 3, 3, 3, 3, 3, 3, 3, 3, 3, 3, 3, 3, 3, 3, 3, 3, 3, 3, 3, 3, 3, 3, 3, 3, 3, 3, 3, 3, 3, 3, 3, 3, 3, 3, 3, 3, 3, 3, 3, 3, 3, 3, 3, 3, 3, 3, 3, 3, 3, 3, 3, 3, 3, 3, 3, 3, 3, 3, 3, 3, 3, 3, 3, 3, 3, 3, 3, 3, 3, 3, 3, 3, 3, 3, 3, 3, 3, 3, 3, 3, 3, 3, 3, 3, 3, 3, 3, 3, 3, 3, 3, 3, 3, 3, 3, 3, 3, 3, 3, 3, 3, 3, 3, 3, 3, 3, 3, 3, 3, 3, 3, 3, 3, 3, 3, 3, 3, 3, 3, 3, 3, 3, 3, 3, 3, 3, 3, 3, 3, 3, 3, 3, 3, 3, 3, 3, 3, 3, 3, 3, 3, 3, 3, 3, 3, 3, 3, 3, 3, 3, 3, 3, 3, 3, 3, 3, 3, 3, 3, 3, 3, 3, 3, 3, 3, 3, 3, 3, 3, 3, 3, 3, 3, 3, 3, 3, 3, 3, 3, 3, 3, 3, 3, 3, 3, 3, 3, 3, 3, 3, 3, 3, 3, 3, 3, 3, 3, 3, 3, 3, 3, 3, 3, 3, 3, 3, 3, 3, 3, 3, 3, 3, 3, 3, 3, 3, 3, 3, 3, 3, 3, 3, 3, 3, 3, 3, 3, 3, 3, 3, 3, 3, 3, 3, 3, 3, 3, 3, 3, 3, 3, 3, 3, 3, 3, 3, 3, 3, 3, 3, 3, 3, 3, 3, 3, 3, 3, 3, 3, 3, 3, 3, 3, 3, 3, 3, 3, 3, 3, 3, 3, 3, 3, 3, 3, 3, 3, 3, 3, 3, 3, 3, 3, 3, 3, 3, 3, 3, 3, 3, 3, 3, 3, 3, 3, 3, 3, 3, 3, 3, 3, 3, 3, 3, 3, 3, 3, 3, 3, 3, 3, 3, 3, 3, 3, 3, 3, 3, 3, 3, 3, 3, 3, 3, 3, 3, 3, 3, 3, 3, 3, 3, 3, 3, 3, 3, 3, 3, 3, 3, 3, 3, 3, 3, 3, 3, 3, 3, 3, 3, 3, 3, 3, 3, 3, 3, 3, 3, 3, 3, 3, 3, 3, 3, 3, 3, 3, 3, 3, 3, 3, 3, 3, 3, 3, 3, 3, 3, 3, 3, 3, 3, 3, 3, 3, 3, 3, 3, 3, 3, 3, 3, 3, 3, 3, 3, 3, 3, 3, 3, 3, 3, 3, 3, 3, 3, 3, 3, 3, 3, 3, 3, 3, 3, 3, 3, 3, 3, 3, 3, 3, 3, 3, 3, 3, 3, 3, 3, 3, 3, 3, 3, 3, 3, 3, 3, 3, 3, 3, 3, 3, 3, 3, 3, 3, 3, 3, 3, 3, 3, 3, 3, 3, 3, 3, 3, 3, 3, 3, 3, 3, 3, 3, 3, 3, 3, 3, 3, 3, 3, 3, 3, 3, 3, 3, 3, 3, 3, 3, 3, 3, 3, 3, 3, 3, 3, 3, 3, 3, 3, 3, 3, 3, 3, 3, 3, 3, 3, 3, 3, 3, 3, 3, 3, 3, 3, 3, 3, 3, 3, 3, 3, 3, 3, 3, 3, 3, 3, 3, 3, 3, 3, 3, 3, 3, 3, 3, 3, 3, 3, 3, 3, 3, 3, 3, 3, 3, 3, 3, 3, 3, 3, 3, 3, 3, 3, 3, 3, 3, 3, 3, 3, 3, 3, 3, 3, 3, 3, 3, 3, 3, 3, 3, 3, 3, 3, 3, 3, 3, 3, 3, 3, 3, 3, 3, 3, 3, 3, 3, 3, 3, 3, 3, 3, 3, 3, 3, 3, 3, 3, 3, 3, 3, 3, 3, 3, 3, 3, 3, 3, 3, 3, 3, 3, 3, 3, 3, 3, 3, 3, 3, 3, 3, 3, 3, 3, 3, 3, 3, 3, 3, 3, 3, 3, 3, 3, 3, 3, 3, 3, 3, 3, 3, 3, 3, 3, 3, 3, 3, 3, 3, 3, 3, 3, 3, 3, 3, 3, 3, 3, 3, 3, 3, 3, 3, 3, 3, 3, 3, 3, 3, 3, 3, 3, 3, 3, 3, 3, 3, 3, 3, 3, 3, 3, 3, 3, 3, 3, 3, 3, 3, 3, 3, 3, 3, 3, 3, 3, 3, 3, 3, 3, 3, 3, 3, 3, 3, 3, 3, 3, 3, 3, 3, 3, 3, 3, 3, 3, 3, 3, 3, 3, 3, 3, 3, 3, 3, 3, 3, 3, 3, 3, 3, 3, 3, 3, 3, 3, 3, 3, 3, 3, 3, 3, 3, 3, 3, 3, 3, 3, 3, 3, 3, 3, 3, 3, 3, 3, 3, 3, 3, 3, 3, 3, 3, 3, 3, 3, 3, 3, 3, 3, 3, 3, 3, 3, 3, 3, 3, 3, 3, 3, 3, 3, 3, 3, 3, 3, 3, 3, 3, 3, 3, 3, 3, 3, 3, 3, 3, 3, 3, 3, 3, 3, 3, 3, 3, 3, 3, 3, 3, 3, 3, 3, 3, 3, 3, 3, 3, 3, 3, 3, 3, 3, 3, 3, 3, 3, 3, 3, 3, 3, 3, 3, 3, 3, 3, 3, 3, 3, 3, 3, 3, 3, 3, 3, 3, 3, 3, 3, 3, 3, 3, 3, 3, 3, 3, 3, 3, 3, 3, 3, 3, 3, 3, 3, 3, 3, 3, 3, 3, 3, 3, 3, 3, 3, 3, 3, 3, 3, 3, 3, 3, 3, 3, 3, 3, 3, 3, 3, 3, 3, 3, 3, 3, 3, 3, 3, 3, 3, 3, 3, 3, 3, 3, 3, 3, 3, 3, 3, 3, 3, 3, 3, 3, 3, 3, 3, 3, 3, 3, 3, 3, 3, 3, 3, 3, 3, 3, 3, 3, 3, 3, 3, 3, 3, 3, 3, 3, 3, 3, 3, 3, 3, 3, 3, 3, 3, 3, 3, 3, 3, 3, 3, 3, 3, 3, 3, 3, 3, 3, 3, 3, 3, 3, 3, 3, 3, 3, 3, 3, 3, 3, 3, 3, 3, 3, 3, 3, 3, 3, 3, 3, 3, 3, 3, 3, 3, 3, 3, 3, 3, 3, 3, 3, 3, 3, 3, 3, 3, 3, 3, 3, 3, 3, 3, 3, 3, 3, 3, 3, 3, 3, 3, 3, 3, 3, 3, 3, 3, 3, 3, 3, 3, 3, 3, 3, 3, 3, 3, 3, 3, 3, 3, 3, 3, 3, 3, 3, 3, 3, 3, 3, 3, 3, 3, 3, 3, 3, 3, 3, 3, 3, 3, 3, 3, 3, 3, 3, 3, 3, 3, 3, 3, 3, 3, 3, 3, 3, 3, 3, 3, 3, 3, 3, 3, 3, 3, 3, 3, 3, 3, 3, 3, 3, 3, 3, 3, 3, 3, 3, 3, 3, 3, 3, 3, 3, 3, 3, 3, 3, 3, 3, 3, 3, 3, 3, 3, 3, 3, 3, 3, 3, 3, 3, 3, 3, 3, 3, 3, 3, 3, 3, 3, 3, 3, 3, 3, 3, 3, 3, 3, 3, 3, 3, 3, 3, 3, 3, 3, 3, 3, 3, 3, 3, 3, 3, 3, 3, 3, 3, 3, 3, 3, 3, 3, 3, 3, 3, 3, 3, 3, 3, 3, 3, 3, 3, 3, 3, 3, 3, 3, 3, 3, 3, 3, 3, 3, 3, 3, 3, 3, 3, 3, 3, 3, 3, 3, 3, 3, 3, 3, 3, 3, 3, 3, 3, 3, 3, 3, 3, 3, 3, 3, 3, 3, 3, 3, 3, 3, 3, 3, 3, 3, 3, 3, 3, 3, 3, 3, 3, 3, 3, 3, 3, 3, 3, 3, 3, 3, 3, 3, 3, 3, 3, 3, 3, 3, 3, 3, 3, 3, 3, 3, 3, 3, 3, 3, 3, 3, 3, 3, 3, 3, 3, 3, 3, 3, 3, 3, 3, 3, 3, 3, 3, 3, 3, 3, 3, 3, 3, 3, 3, 3, 3, 3, 3, 3, 3, 3, 3, 3, 3, 3, 3, 3, 3, 3, 3, 3, 3, 3, 3, 3, 3, 3, 3, 3, 3, 3, 3, 3, 3, 3, 3, 3, 3, 3, 3, 3, 3, 3, 3, 3, 3, 3, 3, 3, 3, 3, 3, 3, 3, 3, 3, 3, 3, 3, 3, 3, 3, 3, 3, 3, 3, 3, 3, 3, 3, 3, 3, 3, 3, 3, 3, 3, 3, 3, 3, 3, 3, 3, 3, 3, 3, 3, 3, 3, 3, 3, 3, 3, 3, 3, 3, 3, 3, 3, 3, 3, 3, 3, 3, 3, 3, 3, 3, 3, 3, 3, 3, 3, 3, 3, 3, 3, 3, 3, 3, 3, 3, 3, 3, 3, 3, 3, 3, 3, 3, 3, 3, 3, 3, 3, 3, 3, 3, 3, 3, 3, 3, 3, 3, 3, 3, 3, 3, 3, 3, 3, 3, 3, 3, 3, 3, 3, 3, 3, 3, 3, 3, 3, 3, 3, 3, 3, 3, 3, 3, 3, 3, 3, 3, 3, 3, 3, 3, 3, 3, 3, 3, 3, 3, 3, 3, 3, 3, 3, 3, 3, 3, 3, 3, 3, 3, 3, 3, 3, 3, 3, 3, 3, 3, 3, 3, 3, 3, 3, 3, 3, 3, 3, 3, 3, 3, 3, 3, 3, 3, 3, 3, 3, 3, 3, 3, 3, 3, 3, 3, 3, 3, 3, 3, 3, 3, 3, 3, 3, 3, 3, 3, 3, 3, 3, 3, 3, 3, 3, 3, 3, 3, 3, 3, 3, 3, 3, 3, 3, 3, 3, 3, 3, 3, 3, 3, 3, 3, 3, 3, 3, 3, 3, 3, 3, 3, 3, 3, 3, 3, 3, 3, 3, 3, 3, 3, 3, 3, 3, 3, 3, 3, 3, 3, 3, 3, 3, 3, 3, 3, 3, 3, 3, 3, 3, 3, 3, 3, 3, 3, 3, 3, 3, 3, 3, 3, 3, 3, 3, 3, 3, 3, 3, 3, 3, 3, 3, 3, 3, 3, 3, 3, 3, 3, 3, 3, 3, 3, 3, 3, 3, 3, 3, 3, 3, 3, 3, 3, 3, 3, 3, 3, 3, 3, 3, 3, 3, 3, 3, 3, 3, 3, 3, 3, 3, 3, 3, 3, 3, 3, 3, 3, 3, 3, 3, 3, 3, 3, 3, 3, 3, 3, 3, 3, 3, 3, 3, 3, 3, 3, 3, 3, 3, 3, 3, 3, 3, 3, 3, 3, 3, 3, 3, 3, 3, 3, 3, 3, 3, 3, 3, 3, 3, 3, 3, 3, 3, 3, 3, 3, 3, 3, 3, 3, 3, 3, 3, 3, 3, 3, 3, 3, 3, 3, 3, 3, 3, 3, 3, 3, 3, 3, 3, 3, 3, 3, 3, 3, 3, 3, 3, 3, 3, 3, 3, 3, 3, 3, 3, 3, 3, 3, 3, 3, 3, 3, 3, 3, 3, 3, 3, 3, 3, 3, 3, 3, 3, 3, 3, 3, 3, 3, 3, 3, 3, 3, 3, 3, 3, 3, 3, 3, 3, 3, 3, 3, 3, 3, 3, 3, 3, 3, 3, 3, 3, 3, 3, 3, 3, 3, 3, 3, 3, 3, 3, 3, 3, 3, 3, 3, 3, 3, 3, 3, 3, 3, 3, 3, 3, 3, 3, 3, 3, 3, 3, 3, 3, 3, 3, 3, 3, 3, 3, 3, 3, 3, 3, 3, 3, 3, 3, 3, 3, 3, 3, 3, 3, 3, 3, 3, 3, 3, 3, 3, 3, 3, 3, 3, 3, 3, 3, 3, 3, 3, 3, 3, 3, 3, 3, 3, 3, 3, 3, 3, 3, 3, 3, 3, 3, 3, 3, 3, 3, 3, 3, 3, 3, 3, 3, 3, 3, 3, 3, 3, 3, 3, 3, 3, 3, 3, 3, 3, 3, 3, 3, 3, 3, 3, 3, 3, 3, 3, 3, 3, 3, 3, 3, 3, 3, 3, 3, 3, 3, 3, 3, 3, 3, 3, 3, 3, 3, 3, 3, 3, 3, 3, 3, 3, 3, 3, 3, 3, 3, 3, 3, 3, 3, 3, 3, 3, 3, 3, 3, 3, 3, 3, 3, 3, 3, 3, 3, 3, 3, 3, 3, 3, 3, 3, 3, 3, 3, 3, 3, 3, 3, 3, 3, 3, 3, 3, 3, 3, 3, 3, 3, 3, 3, 3, 3, 3, 3, 3, 3, 3, 3, 3, 3, 3, 3, 3, 3, 3, 3, 3, 3, 3, 3, 3, 3, 3, 3, 3, 3, 3, 3, 3, 3, 3, 3, 3, 3, 3, 3, 3, 3, 3, 3, 3, 3, 3, 3, 3, 3, 3, 3, 3, 3, 3, 3, 3, 3, 3, 3, 3, 3, 3, 3, 3, 3, 3, 3, 3, 3, 3, 3, 3, 3, 3, 3, 3, 3, 3, 3, 3, 3, 3, 3, 3, 3, 3, 3, 3, 3, 3, 3, 3, 3, 3, 3, 3, 3, 3, 3, 3, 3, 3, 3, 3, 3, 3, 3, 3, 3, 3, 3, 3, 3, 3, 3, 3, 3, 3, 3, 3, 3, 3, 3, 3, 3, 3, 3, 3, 3, 3, 3, 3, 3, 3, 3, 3, 3, 3, 3, 3, 3, 3, 3, 3, 3, 3, 3, 3, 3, 3, 3, 3, 3, 3, 3, 3, 3, 3, 3, 3, 3, 3, 3, 3, 3, 3, 3, 3, 3, 3, 3, 3, 3, 3, 3, 3, 3, 3, 3, 3, 3, 3, 3, 3, 3, 3, 3, 3, 3, 3, 3, 3, 3, 3, 3, 3, 3, 3, 3, 3, 3, 3, 3, 3, 3, 3, 3, 3, 3, 3, 3, 3, 3, 3, 3, 3, 3, 3, 3, 3, 3, 3, 3, 3, 3, 3, 3, 3, 3, 3, 3, 3, 3, 3, 3, 3, 3, 3, 3, 3, 3, 3, 3, 3, 3, 3, 3, 3, 3, 3, 3, 3, 3, 3, 3, 3, 3, 3, 3, 3, 3, 3, 3, 3, 3, 3, 3, 3, 3, 3, 3, 3, 3, 3, 3, 3, 3, 3, 3, 3, 3, 3, 3, 3, 3, 3, 3, 3, 3, 3, 3, 3, 3, 3, 3, 3, 3, 3, 3, 3, 3, 3, 3, 3, 3, 3, 3, 3, 3, 3, 3, 3, 3, 3, 3, 3, 3, 3, 3, 3, 3, 3, 3, 3, 3, 3, 3, 3, 3, 3, 3, 3, 3, 3, 3, 3, 3, 3, 3, 3, 3, 3, 3, 3, 3, 3, 3, 3, 3, 3, 3, 3, 3, 3, 3, 3, 3, 3, 3, 3, 3, 3, 3, 3, 3, 3, 3, 3, 3, 3, 3, 3, 3, 3, 3, 3, 3, 3, 3, 3, 3, 3, 3, 3, 3, 3, 3, 3, 3, 3, 3, 3, 3, 3, 3, 3, 3, 3, 3, 3, 3, 3, 3, 3, 3, 3, 3, 3, 3, 3, 3, 3, 3, 3, 3, 3, 3, 3, 3, 3, 3, 3, 3, 3, 3, 3, 3, 3, 3, 3, 3, 3, 3, 3, 3, 3, 3, 3, 3, 3, 3, 3, 3, 3, 3, 3, 3, 3, 3, 3, 3, 3, 3, 3, 3, 3, 3, 3, 3, 3, 3, 3, 3, 3, 3, 3, 3, 3, 3, 3, 3, 3, 3, 3, 3, 3, 3, 3, 3, 3, 3, 3, 3, 3, 3, 3, 3, 3, 3, 3, 3, 3, 3, 3, 3, 3, 3, 3, 3, 3, 3, 3, 3, 3, 3, 3, 3, 3, 3, 3, 3, 3, 3, 3, 3, 3, 3, 3, 3, 3, 3, 3, 3, 3, 3, 3, 3, 3, 3, 3, 3, 3, 3, 3, 3, 3, 3, 3, 3, 3, 3, 3, 3, 3, 3, 3, 3, 3, 3, 3, 3, 3, 3, 3, 3, 3, 3, 3, 3, 3, 3, 3, 3, 3, 3, 3, 3, 3, 3, 3, 3, 3, 3, 3, 3, 3, 3, 3, 3, 3, 3, 3, 3, 3, 3, 3, 3, 3, 3, 3, 3, 3, 3, 3, 3, 3, 3, 3, 3, 3, 3, 3, 3, 3, 3, 3, 3, 3, 3, 3, 3, 3, 3, 3, 3, 3, 3, 3, 3, 3, 3, 3, 3, 3, 3, 3, 3, 3, 3, 3, 3, 3, 3, 3, 3, 3, 3, 3, 3, 3, 3, 3, 3, 3, 3, 3, 3, 3, 3, 3, 3, 3, 3, 3, 3, 3, 3, 3, 3, 3, 3, 3, 3, 3, 3, 3, 3, 3, 3, 3, 3, 3, 3, 3, 3, 3, 3, 3, 3, 3, 3, 3, 3, 3, 3, 3, 3, 3, 3, 3, 3, 3, 3, 3, 3, 3, 3, 3, 3, 3, 3, 3, 3, 3, 3, 3, 3, 3, 3, 3, 3, 3, 3, 3, 3, 3, 3, 3, 3, 3, 3, 3, 3, 3, 3, 3, 3, 3, 3, 3, 3, 3, 3, 3, 3, 3, 3, 3, 3, 3, 3, 3, 3, 3, 3, 3, 3, 3, 3, 3, 3, 3, 3, 3, 3, 3, 3, 3, 3, 3, 3, 3, 3, 3, 3, 3, 3, 3, 3, 3, 3, 3, 3, 3, 3, 3, 3, 3, 3, 3, 3, 3, 3, 3, 3, 3, 3, 3, 3, 3, 3, 3, 3, 3, 3, 3, 3, 3, 3, 3, 3, 3, 3, 3, 3, 3, 3, 3, 3, 3, 3, 3, 3, 3, 3, 3, 3, 3, 3, 3, 3, 3, 3, 3, 3, 3, 3, 3, 3, 3, 3, 3, 3, 3, 3, 3, 3, 3, 3, 3, 3, 3, 3, 3, 3, 3, 3, 3, 3, 3, 3, 3, 3, 3, 3, 3, 3, 3, 3, 3, 3, 3, 3, 3, 3, 3, 3, 3, 3, 3, 3, 3, 3, 3, 3, 3, 3, 3, 3, 3, 3, 3, 3, 3, 3, 3, 3, 3, 3, 3, 3, 3, 3, 3, 3, 3, 3, 3, 3, 3, 3, 3, 3, 3, 3, 3, 3, 3, 3, 3, 3, 3, 3, 3, 3, 3, 3, 3, 3, 3, 3, 3, 3, 3, 3, 3, 3, 3, 3, 3, 3, 3, 3, 3, 3, 3, 3, 3, 3, 3, 3, 3, 3, 3, 3, 3, 3, 3, 3, 3, 3, 3, 3, 3, 3, 3, 3, 3, 3, 3, 3, 3, 3, 3, 3, 3, 3, 3, 3, 3, 3, 3, 3, 3, 3, 3, 3, 3, 3, 3, 3, 3, 3, 3, 3, 3, 3, 3, 3, 3, 3, 3, 3, 3, 3, 3, 3, 3, 3, 3, 3, 3, 3, 3, 3, 3, 3, 3, 3, 3, 3, 3, 3, 3, 3, 3, 3, 3, 3, 3, 3, 3, 3, 3, 3, 3, 3, 3, 3, 3, 3, 3, 3, 3, 3, 3, 3, 3, 3, 3, 3, 3, 3, 3, 3, 3, 3, 3, 3, 3, 3, 3, 3, 3, 3, 3, 3, 3, 3, 3, 3, 3, 3, 3, 3, 3, 3, 3, 3, 3, 3, 3, 3, 3, 3, 3, 3, 3, 3, 3, 3, 3, 3, 3, 3, 3, 3, 3, 3, 3, 3, 3, 3, 3, 3, 3, 3, 3, 3, 3, 3, 3, 3, 3, 3, 3, 3, 3, 3, 3, 3, 3, 3, 3, 3, 3, 3, 3, 3, 3, 3, 3, 3, 3, 3, 3, 3, 3, 3, 3, 3, 3, 3, 3, 3, 3, 3, 3, 3, 3, 3, 3, 3, 3, 3, 3, 3, 3, 3, 3, 3, 3, 3, 3, 3, 3, 3, 3, 3, 3, 3, 3, 3, 3, 3, 3, 3, 3, 3, 3, 3, 3, 3, 3, 3, 3, 3, 3, 3, 3, 3, 3, 3, 3, 3, 3, 3, 3, 3, 3, 3, 3, 3, 3, 3, 3, 3, 3, 3, 3, 3, 3, 3, 3, 3, 3, 3, 3, 3, 3, 3, 3, 3, 3, 3, 3, 3, 3, 3, 3, 3, 3, 3, 3, 3, 3, 3, 3, 3, 3, 3, 3, 3, 3, 3, 3, 3, 3, 3, 3, 3, 3, 3, 3, 3, 3, 3, 3, 3, 3, 3, 3, 3, 3, 3, 3, 3, 3, 3, 3, 3, 3, 3, 3, 3, 3, 3, 3, 3, 3, 3, 3, 3, 3, 3, 3, 3, 3, 3, 3, 3, 3, 3, 3, 3, 3, 3, 3, 3, 3, 3, 3, 3, 3, 3, 3, 3, 3, 3, 3, 3, 3, 3, 3, 3, 3, 3, 3, 3, 3, 3, 3, 3, 3, 3, 3, 3, 3, 3, 3, 3, 3, 3, 3, 3, 3, 3, 3, 3, 3, 3, 3, 3, 3, 3, 3, 3, 3, 3, 3, 3, 3, 3, 3, 3, 3, 3, 3, 3, 3, 3, 3, 3, 3, 3, 3, 3, 3, 3, 3, 3, 3, 3, 3, 3, 3, 3, 3, 3, 3, 3, 3, 3, 3, 3, 3, 3, 3, 3, 3, 3, 3, 3, 3, 3, 3, 3, 3, 3, 3, 3, 3, 3, 3, 3, 3, 3, 3, 3, 3, 3, 3, 3, 3, 3, 3, 3, 3, 3, 3, 3, 3, 3, 3, 3, 3, 3, 3, 3, 3, 3, 3, 3, 3, 3, 3, 3, 3, 3, 3, 3, 3, 3, 3, 3, 3, 3, 3, 3, 3, 3, 3, 3, 3, 3, 3, 3, 3, 3, 3, 3, 3, 3, 3, 3, 3, 3, 3, 3, 3, 3, 3, 3, 3, 3, 3, 3, 3, 3, 3, 3, 3, 3, 3, 3, 3, 3, 3, 3, 3, 3, 3, 3, 3, 3, 3, 3, 3, 3, 3, 3, 3, 3, 3, 3, 3, 3, 3, 3, 3, 3, 3, 3, 3, 3, 3, 3, 3, 3, 3, 3, 3, 3, 3, 3, 3, 3, 3, 3, 3, 3, 3, 3, 3, 3, 3, 3, 3, 3, 3, 3, 3, 3, 3, 3, 3, 3, 3, 3, 3, 3, 3, 3, 3, 3, 3, 3, 3, 3, 3, 3, 3, 3, 3, 3, 3, 3, 3, 3, 3, 3, 3, 3, 3, 3, 3, 3, 3, 3, 3, 3, 3, 3, 3, 3, 3, 3, 3, 3, 3, 3, 3, 3, 3, 3, 3, 3, 3, 3, 3, 3, 3, 3, 3, 3, 3, 3, 3, 3, 3, 3, 3, 3, 3, 3, 3, 3, 3, 3, 3, 3, 3, 3, 3, 3, 3, 3, 3, 3, 3, 3, 3, 3, 3, 3, 3, 3, 3, 3, 3, 3, 3, 3, 3, 3, 3, 3, 3, 3, 3, 3, 3, 3, 3, 3, 3, 3, 3, 3, 3, 3, 3, 3, 3, 3, 3, 3, 3, 3, 3, 3, 3, 3, 3, 3, 3, 3, 3, 3, 3, 3, 3, 3, 3, 3, 3, 3, 3, 3, 3, 3, 3, 3, 3, 3, 3, 3, 3, 3, 3, 3, 3, 3, 3, 3, 3, 3, 3, 3, 3, 3, 3, 3, 3, 3, 3, 3, 3, 3, 3, 3, 3, 3, 3, 3, 3, 3, 3, 3, 3, 3, 3, 3, 3, 3, 3, 3, 3, 3, 3, 3, 3, 3, 3, 3, 3, 3, 3, 3, 3, 3, 3, 3, 3, 3, 3, 3, 3, 3, 3, 3, 3, 3, 3, 3, 3, 3, 3, 3, 3, 3, 3, 3, 3, 3, 3, 3, 3, 3, 3, 3, 3, 3, 3, 3, 3, 3, 3, 3, 3, 3, 3, 3, 3, 3, 3, 3, 3, 3, 3, 3, 3, 3, 3, 3, 3, 3, 3, 3, 3, 3, 3, 3, 3, 3, 3, 3, 3, 3, 3, 3, 3, 3, 3, 3, 3, 3, 3, 3, 3, 3, 3, 3, 3, 3, 3, 3, 3, 3, 3, 3, 3, 3, 3, 3, 3, 3, 3, 3, 3, 3, 3, 3, 3, 3, 3, 3, 3, 3, 3, 3, 3, 3, 3, 3, 3, 3, 3, 3, 3, 3, 3, 3, 3, 3, 3, 3, 3, 3, 3, 3, 3, 3, 3, 3, 3, 3, 3, 3, 3, 3, 3, 3, 3, 3, 3, 3, 3, 3, 3, 3, 3, 3, 3, 3, 3, 3, 3, 3, 3, 3, 3, 3, 3, 3, 3, 3, 3, 3, 3, 3, 3, 3, 3, 3, 3, 3, 3, 3, 3, 3, 3, 3, 3, 3, 3, 3, 3, 3, 3, 3, 3, 3, 3, 3, 3, 3, 3, 3, 3, 3, 3, 3, 3, 3, 3, 3, 3, 3, 3, 3, 3, 3, 3, 3, 3, 3, 3, 3, 3, 3, 3, 3, 3, 3, 3, 3, 3, 3, 3, 3, 3, 3, 3, 3, 3, 3, 3, 3, 3, 3, 3, 3, 3, 3, 3, 3, 3, 3, 3, 3, 3, 3, 3, 3, 3, 3, 3, 3, 3, 3, 3, 3, 3, 3, 3, 3, 3, 3, 3, 3, 3, 3, 3, 3, 3, 3, 3, 3, 3, 3, 3, 3, 3, 3, 3, 3, 3, 3, 3, 3, 3, 3, 3, 3, 3, 3, 3, 3, 3, 3, 3, 3, 3, 3, 3, 3, 3, 3, 3, 3, 3, 3, 3, 3, 3, 3, 3, 3, 3, 3, 3, 3, 3, 3, 3, 3, 3, 3, 3, 3, 3, 3, 3, 3, 3, 3, 3, 3, 3, 3, 3, 3, 3, 3, 3, 3, 3, 3, 3, 3, 3, 3, 3, 3, 3, 3, 3, 3, 3, 3, 3, 3, 3, 3, 3, 3, 3, 3, 3, 3, 3, 3, 3, 3, 3, 3, 3, 3, 3, 3, 3, 3, 3, 3, 3, 3, 3, 3, 3, 3, 3, 3, 3, 3, 3, 3, 3, 3, 3, 3, 3, 3, 3, 3, 3, 3, 3, 3, 3, 3, 3, 3, 3, 3, 3, 3, 3, 3, 3, 3, 3, 3, 3, 3, 3, 3, 3, 3, 3, 3, 3, 3, 3, 3, 3, 3, 3, 3, 3, 3, 3, 3, 3, 3, 3, 3, 3, 3, 3, 3, 3, 3, 3, 3, 3, 3, 3, 3, 3, 3, 3, 3, 3, 3, 3, 3, 3, 3, 3, 3, 3, 3, 3, 3, 3, 3, 3, 3, 3, 3, 3, 3, 3, 3, 3, 3, 3, 3, 3, 3, 3, 3, 3, 3, 3, 3, 3, 3, 3, 3, 3, 3, 3, 3, 3, 3, 3, 3, 3, 3, 3, 3, 3, 3, 3, 3, 3, 3, 3, 3, 3, 3, 3, 3, 3, 3, 3, 3, 3, 3, 3, 3, 3, 3, 3, 3, 3, 3, 3, 3, 3, 3, 3, 3, 3, 3, 3, 3, 3, 3, 3, 3, 3, 3, 3, 3, 3, 3, 3, 3, 3, 3, 3, 3, 3, 3, 3, 3, 3, 3, 3, 3, 3, 3, 3, 3, 3, 3, 3, 3, 3, 3, 3, 3, 3, 3, 3, 3, 3, 3, 3, 3, 3, 3, 3, 3, 3, 3, 3, 3, 3, 3, 3, 3, 3, 3, 3, 3, 3, 3, 3, 3, 3, 3, 3, 3, 3, 3, 3, 3, 3, 3, 3, 3, 3, 3, 3, 3, 3, 3, 3, 3, 3, 3, 3, 3, 3, 3, 3, 3, 3, 3, 3, 3, 3, 3, 3, 3, 3, 3, 3, 3, 3, 3, 3, 3, 3, 3, 3, 3, 3, 3, 3, 3, 3, 3, 3, 3, 3, 3, 3, 3, 3, 3, 3, 3, 3, 3, 3, 3, 3, 3, 3, 3, 3, 3, 3, 3, 3, 3, 3, 3, 3, 3, 3, 3, 3, 3, 3, 3, 3, 3, 3, 3, 3, 3, 3, 3, 3, 3, 3, 3, 3, 3, 3, 3, 3, 3, 3, 3, 3, 3, 3, 3, 3, 3, 3, 3, 3, 3, 3, 3, 3, 3, 3, 3, 3, 3, 3, 3, 3, 3, 3, 3, 3, 3, 3, 3, 3, 3, 3, 3, 3, 3, 3, 3, 3, 3, 3, 3, 3, 3, 3, 3, 3, 3, 3, 3, 3, 3, 3, 3, 3, 3, 3, 3, 3, 3, 3, 3, 3, 3, 3, 3, 3, 3, 3, 3, 3, 3, 3, 3, 3, 3, 3, 3, 3, 3, 3, 3, 3, 3, 3, 3, 3, 3, 3, 3, 3, 3, 3, 3, 3, 3, 3, 3, 3, 3, 3, 3, 3, 3, 3, 3, 3, 3, 3, 3, 3, 3, 3, 3, 3, 3, 3, 3, 3, 3, 3, 3, 3, 3, 3, 3, 3, 3, 3, 3, 3, 3, 3, 3, 3, 3, 3, 3, 3, 3, 3, 3, 3, 3, 3, 3, 3, 3, 3, 3, 3, 3, 3, 3, 3, 3, 3, 3, 3, 3, 3, 3, 3, 3, 3, 3, 3, 3, 3, 3, 3, 3, 3, 3, 3, 3, 3, 3, 3, 3, 3, 3, 3, 3, 3, 3, 3, 3, 3, 3, 3, 3, 3, 3, 3, 3, 3, 3, 3, 3, 3, 3, 3, 3, 3, 3, 3, 3, 3, 3, 3, 3, 3, 3, 3, 3, 3, 3, 3, 3, 3, 3, 3, 3, 3, 3, 3, 3, 3, 3, 3, 3, 3, 3, 3, 3, 3, 3, 3, 3, 3, 3, 3, 3, 3, 3, 3, 3, 3, 3, 3, 3, 3, 3, 3, 3, 3, 3, 3, 3, 3, 3, 3, 3, 3, 3, 3, 3, 3, 3, 3, 3, 3, 3, 3, 3, 3, 3, 3, 3, 3, 3, 3, 3, 3, 3, 3, 3, 3, 3, 3, 3, 3, 3, 3, 3, 3, 3, 3, 3, 3, 3, 3, 3, 3, 3, 3, 3, 3, 3, 3, 3, 3, 3, 3, 3, 3, 3, 3, 3, 3, 3, 3, 3, 3, 3, 3, 3, 3, 3, 3, 3, 3, 3, 3, 3, 3, 3, 3, 3, 3, 3, 3, 3, 3, 3, 3, 3, 3, 3, 3, 3, 3, 3, 3, 3, 3, 3, 3, 3, 3, 3, 3, 3, 3, 3, 3, 3, 3, 3, 3, 3, 3, 3, 3, 3, 3, 3, 3, 3, 3, 3, 3, 3, 3, 3, 3, 3, 3, 3, 3, 3, 3, 3, 3, 3, 3, 3, 3, 3, 3, 3, 3, 3, 3, 3, 3, 3, 3, 3, 3, 3, 3, 3, 3, 3, 3, 3, 3, 3, 3, 3, 3, 3, 3, 3, 3, 3, 3, 3, 3, 3, 3, 3, 3, 3, 3, 3, 3, 3, 3, 3, 3, 3, 3, 3, 3, 3, 3, 3, 3, 3, 3, 3, 3, 3, 3, 3, 3, 3, 3, 3, 3, 3, 3, 3, 3, 3, 3, 3, 3, 3, 3, 3, 3, 3, 3, 3, 3, 3, 3, 3, 3, 3, 3, 3, 3, 3, 3, 3, 3, 3, 3, 3, 3, 3, 3, 3, 3, 3, 3, 3, 3, 3, 3, 3, 3, 3, 3, 3, 3, 3, 3, 3, 3, 3, 3, 3, 3, 3, 3, 3, 3, 3, 3, 3, 3, 3, 3, 3, 3, 3, 3, 3, 3, 3, 3, 3, 3, 3, 3, 3, 3, 3, 3, 3, 3, 3, 3, 3, 3, 3, 3, 3, 3, 3, 3, 3, 3, 3, 3, 3, 3, 3, 3, 3, 3, 3, 3, 3, 3, 3, 3, 3, 3, 3, 3, 3, 3, 3, 3, 3, 3, 3, 3, 3, 3, 3, 3, 3, 3, 3, 3, 3, 3, 3, 3, 3, 3, 3, 3, 3, 3, 3, 3, 3, 3, 3, 3, 3, 3, 3, 3, 3, 3, 3, 3, 3, 3, 3, 3, 3, 3, 3, 3, 3, 3, 3, 3, 3, 3, 3, 3, 3, 3, 3, 3, 3, 3, 3, 3, 3, 3, 3, 3, 3, 3, 3, 3, 3, 3, 3, 3, 3, 3, 3, 3, 3, 3, 3, 3, 3, 3, 3, 3, 3, 3, 3, 3, 3, 3, 3, 3, 3, 3, 3, 3, 3, 3, 3, 3, 3, 3, 3, 3, 3, 3, 3, 3, 3, 3, 3, 3, 3, 3, 3, 3, 3, 3, 3, 3, 3, 3, 3, 3, 3, 3, 3, 3, 3, 3, 3, 3, 3, 3, 3, 3, 3, 3, 3, 3, 3, 3, 3, 3, 3, 3, 3, 3, 3, 3, 3, 3, 3, 3, 3, 3, 3, 3, 3, 3, 3, 3, 3, 3, 3, 3, 3, 3, 3, 3, 3, 3, 3, 3, 3, 3, 3, 3, 3, 3, 3, 3, 3, 3, 3, 3, 3, 3, 3, 3, 3, 3, 3, 3, 3, 3, 3, 3, 3, 3, 3, 3, 3, 3, 3, 3, 3, 3, 3, 3, 3, 3, 3, 3, 3, 3, 3, 3, 3, 3, 3, 3, 3, 3, 3, 3, 3, 3, 3, 3, 3, 3, 3, 3, 3, 3, 3, 3, 3, 3, 3, 3, 3, 3, 3, 3, 3, 3, 3, 3, 3, 3, 3, 3, 3, 3, 3, 3, 3, 3, 3, 3, 3, 3, 3, 3, 3, 3, 3, 3, 3, 3, 3, 3, 3, 3, 3, 3, 3, 3, 3, 3, 3, 3, 3, 3, 3, 3, 3, 3, 3, 3, 3, 3, 3, 3, 3, 3, 3, 3, 3, 3, 3, 3, 3, 3, 3, 3, 3, 3, 3, 3, 3, 3, 3, 3, 3, 3, 3, 3, 3, 3, 3, 3, 3, 3, 3, 3, 3, 3, 3, 3, 3, 3, 3, 3, 3, 3, 3, 3, 3, 3, 3, 3, 3, 3, 3, 3, 3, 3, 3, 3, 3, 3, 3, 3, 3, 3, 3, 3, 3, 3, 3, 3, 3, 3, 3, 3, 3, 3, 3, 3, 3, 3, 3, 3, 3, 3, 3, 3, 3, 3, 3, 3, 3, 3, 3, 3, 3, 3, 3, 3, 3, 3, 3, 3, 3, 3, 3, 3, 3, 3, 3, 3, 3, 3, 3, 3, 3, 3, 3, 3, 3, 3, 3, 3, 3, 3, 3, 3, 3, 3, 3, 3, 3, 3, 3, 3, 3, 3, 3, 3, 3, 3, 3, 3, 3, 3, 3, 3, 3, 3, 3, 3, 3, 3, 3, 3, 3, 3, 3, 3, 3, 3, 3, 3, 3, 3, 3, 3, 3, 3, 3, 3, 3, 3, 3, 3, 3, 3, 3, 3, 3, 3, 3, 3, 3, 3, 3, 3, 3, 3, 3, 3, 3, 3, 3, 3, 3, 3, 3, 3, 3, 3, 3, 3, 3, 3, 3, 3, 3, 3, 3, 3, 3, 3, 3, 3, 3, 3, 3, 3, 3, 3, 3, 3, 3, 3, 3, 3, 3, 3, 3, 3, 3, 3, 3, 3, 3, 3, 3, 3, 3, 3, 3, 3, 3, 3, 3, 3, 3, 3, 3, 3, 3, 3, 3, 3, 3, 3, 3, 3, 3, 3, 3, 3, 3, 3, 3, 3, 3, 3, 3, 3, 3, 3, 3, 3, 3, 3, 3, 3, 3, 3, 3, 3, 3, 3, 3, 3, 3, 3, 3, 3, 3, 3, 3, 3, 3, 3, 3, 3, 3, 3, 3, 3, 3, 3, 3, 3, 3, 3, 3, 3, 3, 3, 3, 3, 3, 3, 3, 3, 3, 3, 3, 3, 3, 3, 3, 3, 3, 3, 3, 3, 3, 3, 3, 3, 3, 3, 3, 3, 3, 3, 3, 3, 3, 3, 3, 3, 3, 3, 3, 3, 3, 3, 3, 3, 3, 3, 3, 3, 3, 3, 3, 3, 3, 3, 3, 3, 3, 3, 3, 3, 3, 3, 3, 3, 3, 3, 3, 3, 3, 3, 3, 3, 3, 3, 3, 3, 3, 3, 3, 3, 3, 3, 3, 3, 3, 3, 3, 3, 3, 3, 3, 3, 3, 3, 3, 3, 3, 3, 3, 3, 3, 3, 3, 3, 3, 3, 3, 3, 3, 3, 3, 3, 3, 3, 3, 3, 3, 3, 3, 3, 3, 3, 3, 3, 3, 3, 3, 3, 3, 3, 3, 3, 3, 3, 3, 3, 3, 3, 3, 3, 3, 3, 3, 3, 3, 3, 3, 3, 3, 3, 3, 3, 3, 3, 3, 3, 3, 3, 3, 3, 3, 3, 3, 3, 3, 3, 3, 3, 3, 3, 3, 3, 3, 3, 3, 3, 3, 3, 3, 3, 3, 3, 3, 3, 3, 3, 3, 3, 3, 3, 3, 3, 3, 3, 3, 3, 3, 3, 3, 3, 3, 3, 3, 3, 3, 3, 3, 3, 3, 3, 3, 3, 3, 3, 3, 3, 3, 3, 3, 3, 3, 3, 3, 3, 3, 3, 3, 3, 3, 3, 3, 3, 3, 3, 3, 3, 3, 3, 3, 3, 3, 3, 3, 3, 3, 3, 3, 3, 3, 3, 3, 3, 3, 3, 3, 3, 3, 3, 3, 3, 3, 3, 3, 3, 3, 3, 3, 3, 3, 3, 3, 3, 3, 3, 3, 3, 3, 3, 3, 3, 3, 3, 3, 3, 3, 3, 3, 3, 3, 3, 3, 3, 3, 3, 3, 3, 3, 3, 3, 3, 3, 3, 3, 3, 3, 3, 3, 3, 3, 3, 3, 3, 3, 3, 3, 3, 3, 3, 3, 3, 3, 3, 3, 3, 3, 3, 3, 3, 3, 3, 3, 3, 3, 3, 3, 3, 3, 3, 3, 3, 3, 3, 3, 3, 3, 3, 3, 3, 3, 3, 3, 3, 3, 3, 3, 3, 3, 3, 3, 3, 3, 3, 3, 3, 3, 3, 3, 3, 3, 3, 3, 3, 3, 3, 3, 3, 3, 3, 3, 3, 3, 3, 3, 3, 3, 3, 3, 3, 3, 3, 3, 3, 3, 3, 3, 3, 3, 3, 3, 3, 3, 3, 3, 3, 3, 3, 3, 3, 3, 3, 3, 3, 3, 3, 3, 3, 3, 3, 3, 3, 3, 3, 3, 3, 3, 3, 3, 3, 3, 3, 3, 3, 3, 3, 3, 3, 3, 3, 3, 3, 3, 3, 3, 3, 3, 3, 3, 3, 3, 3, 3, 3, 3, 3, 3, 3, 3, 3, 3, 3, 3, 3, 3, 3, 3, 3, 3, 3, 3, 3, 3, 3, 3, 3, 3, 3, 3, 3, 3, 3, 3, 3, 3, 3, 3, 3, 3, 3, 3, 3, 3, 3, 3, 3, 3, 3, 3, 3, 3, 3, 3, 3, 3, 3, 3, 3, 3, 3, 3, 3, 3, 3, 3, 3, 3, 3, 3, 3, 3, 3, 3, 3, 3, 3, 3, 3, 3, 3, 3, 3, 3, 3, 3, 3, 3, 3, 3, 3, 3, 3, 3, 3, 3, 3, 3, 3, 3, 3, 3, 3, 3, 3, 3, 3, 3, 3, 3, 3, 3, 3, 3, 3, 3, 3, 3, 3, 3, 3, 3, 3, 3, 3, 3, 3, 3, 3, 3, 3, 3, 3, 3, 3, 3, 3, 3, 3, 3, 3, 3, 3, 3, 3, 3, 3, 3, 3, 3, 3, 3, 3, 3, 3, 3, 3, 3, 3, 3, 3, 3, 3, 3, 3, 3, 3, 3, 3, 3, 3, 3, 3, 3, 3, 3, 3, 3, 3, 3, 3, 3, 3, 3, 3, 3, 3, 3, 3, 3, 3, 3, 3, 3, 3, 3, 3, 3, 3, 3, 3, 3, 3, 3, 3, 3, 3, 3, 3, 3, 3, 3, 3, 3, 3, 3, 3, 3, 3, 3, 3, 3, 3, 3, 3, 3, 3, 3, 3, 3, 3, 3, 3, 3, 3, 3, 3, 3, 3, 3, 3, 3, 3, 3, 3, 3, 3, 3, 3, 3, 3, 3, 3, 3, 3, 3, 3, 3, 3, 3, 3, 3, 3, 3, 3, 3, 3, 3, 3, 3, 3, 3, 3, 3, 3, 3, 3, 3, 3, 3, 3, 3, 3, 3, 3, 3, 3, 3, 3, 3, 3, 3, 3, 3, 3, 3, 3, 3, 3, 3, 3, 3, 3, 3, 3, 3, 3, 3, 3, 3, 3, 3, 3, 3, 3, 3, 3, 3, 3, 3, 3, 3, 3, 3, 3, 3, 3, 3, 3, 3, 3, 3, 3, 3, 3, 3, 3, 3, 3, 3, 3, 3, 3, 3, 3, 3, 3, 3, 3, 3, 3, 3, 3, 3, 3, 3, 3, 3, 3, 3, 3, 3, 3, 3, 3, 3, 3, 3, 3, 3, 3, 3, 3, 3, 3, 3, 3, 3, 3, 3, 3, 3, 3, 3, 3, 3, 3, 3, 3, 3, 3, 3, 3, 3, 3, 3, 3, 3, 3, 3, 3, 3, 3, 3, 3, 3, 3, 3, 3, 3, 3, 3, 3, 3, 3, 3, 3, 3, 3, 3, 3, 3, 3, 3, 3, 3, 3, 3, 3, 3, 3, 3, 3, 3, 3, 3, 3, 3, 3, 3, 3, 3, 3, 3, 3, 3, 3, 3, 3, 3, 3, 3, 3, 3, 3, 3, 3, 3, 3, 3, 3, 3, 3, 3, 3, 3, 3, 3, 3, 3, 3, 3, 3, 3, 3, 3, 3, 3, 3, 3, 3, 3, 3, 3, 3, 3, 3, 3, 3, 3, 3, 3, 3, 3, 3, 3, 3, 3, 3, 3, 3, 3, 3, 3, 3, 3, 3, 3, 3, 3, 3, 3, 3, 3, 3, 3, 3, 3, 3, 3, 3, 3, 3, 3, 3, 3, 3, 3, 3, 3, 3, 3, 3, 3, 3, 3, 3, 3, 3, 3, 3, 3, 3, 3, 3, 3, 3, 3, 3, 3, 3, 3, 3, 3, 3, 3, 3, 3, 3, 3, 3, 3, 3, 3, 3, 3, 3, 3, 3, 3, 3, 3, 3, 3, 3, 3, 3, 3, 3, 3, 3, 3, 3, 3, 3, 3, 3, 3, 3, 3, 3, 3, 3, 3, 3, 3, 3, 3, 3, 3, 3, 3, 3, 3, 3, 3, 3, 3, 3, 3, 3, 3, 3, 3, 3, 3, 3, 3, 3, 3, 3, 3, 3, 3, 3, 3, 3, 3, 3, 3, 3, 3, 3, 3, 3, 3, 3, 3, 3, 3, 3, 3, 3, 3, 3, 3, 3, 3, 3, 3, 3, 3, 3, 3, 3, 3, 3, 3, 3, 3, 3, 3, 3, 3, 3, 3, 3, 3, 3, 3, 3, 3, 3, 3, 3, 3, 3, 3, 3, 3, 3, 3, 3, 3, 3, 3, 3, 3, 3, 3, 3, 3, 3, 3, 3, 3, 3, 3, 3, 3, 3, 3, 3, 3, 3, 3, 3, 3, 3, 3, 3, 3, 3, 3, 3, 3, 3, 3, 3, 3, 3, 3, 3, 3, 3, 3, 3, 3, 3, 3, 3, 3, 3, 3, 3, 3, 3, 3, 3, 3, 3, 3, 3, 3, 3, 3, 3, 3, 3, 3, 3, 3, 3, 3, 3, 3, 3, 3, 3, 3, 3, 3, 3, 3, 3, 3, 3, 3, 3, 3, 3, 3, 3, 3, 3, 3, 3, 3, 3, 3, 3, 3, 3, 3, 3, 3, 3, 3, 3, 3, 3, 3, 3, 3, 3, 3, 3, 3, 3, 3, 3, 3, 3, 3, 3, 3, 3, 3, 3, 3, 3, 3, 3, 3, 3, 3, 3, 3, 3, 3, 3, 3, 3, 3, 3, 3, 3, 3, 3, 3, 3, 3, 3, 3, 3, 3, 3, 3, 3, 3, 3, 3, 3, 3, 3, 3, 3, 3, 3, 3, 3, 3, 3, 3, 3, 3, 3, 3, 3, 3, 3, 3, 3, 3, 3, 3, 3, 3, 3, 3, 3, 3, 3, 3, 3, 3, 3, 3, 3, 3, 3, 3, 3, 3, 3, 3, 3, 3, 3, 3, 3, 3, 3, 3, 3, 3, 3, 3, 3, 3, 3, 3, 3, 3, 3, 3, 3, 3, 3, 3, 3, 3, 3, 3, 3, 3, 3, 3, 3, 3, 3, 3, 3, 3, 3, 3, 3, 3, 3, 3, 3, 3, 3, 3, 3, 3, 3, 3, 3, 3, 3, 3, 3, 3, 3, 3, 3, 3, 3, 3, 3, 3, 3, 3, 3, 3, 3, 3, 3, 3, 3, 3, 3, 3, 3, 3, 3, 3, 3, 3, 3, 3, 3, 3, 3, 3, 3, 3, 3, 3, 3, 3, 3, 3, 3, 3, 3, 3, 3, 3, 3, 3, 3, 3, 3, 3, 3, 3, 3, 3, 3, 3, 3, 3, 3, 3, 3, 3, 3, 3, 3, 3, 3, 3, 3, 3, 3, 3, 3, 3, 3, 3, 3, 3, 3, 3, 3, 3, 3, 3, 3, 3, 3, 3, 3, 3, 3, 3, 3, 3, 3, 3, 3, 3, 3, 3, 3, 3, 3, 3, 3, 3, 3, 3, 3, 3, 3, 3, 3, 3, 3, 3, 3, 3, 3, 3, 3, 3, 3, 3, 3, 3, 3, 3, 3, 3, 3, 3, 3, 3, 3, 3, 3, 3, 3, 3, 3, 3, 3, 3, 3, 3, 3, 3, 3, 3, 3, 3, 3, 3, 3, 3, 3, 3, 3, 3, 3, 3, 3, 3, 3, 3, 3, 3, 3, 3, 3, 3, 3, 3, 3, 3, 3, 3, 3, 3, 3, 3, 3, 3, 3, 3, 3, 3, 3, 3, 3, 3, 3, 3, 3, 3, 3, 3, 3, 3, 3, 3, 3, 3, 3, 3, 3, 3, 3, 3, 3, 3, 3, 3, 3, 3, 3, 3, 3, 3, 3, 3, 3, 3, 3, 3, 3, 3, 3, 3, 3, 3, 3, 3, 3, 3, 3, 3, 3, 3, 3, 3, 3, 3, 3, 3, 3, 3, 3, 3, 3, 3, 3, 3, 3, 3, 3, 3, 3, 3, 3, 3, 3, 3, 3, 3, 3, 3, 3, 3, 3, 3, 3, 3, 3, 3, 3, 3, 3, 3, 3, 3, 3, 3, 3, 3, 3, 3, 3, 3, 3, 3, 3, 3, 3, 3, 3, 3, 3, 3, 3, 3, 3, 3, 3, 3, 3, 3, 3, 3, 3, 3, 3, 3, 3, 3, 3, 3, 3, 3, 3, 3, 3, 3, 3, 3, 3, 3, 3, 3, 3, 3, 3, 3, 3, 3, 3, 3, 3, 3, 3, 3, 3, 3, 3, 3, 3, 3, 3, 3, 3, 3, 3, 3, 3, 3, 3, 3, 3, 3, 3, 3, 3, 3, 3, 3, 3, 3, 3, 3, 3, 3, 3, 3, 3, 3, 3, 3, 3, 3, 3, 3, 3, 3, 3, 3, 3, 3, 3, 3, 3, 3, 3, 3, 3, 3, 3, 3, 3, 3, 3, 3, 3, 3, 3, 3, 3, 3, 3, 3, 3, 3, 3, 3, 3, 3, 3, 3, 3, 3, 3, 3, 3, 3, 3, 3, 3, 3, 3, 3, 3, 3, 3, 3, 3, 3, 3, 3, 3, 3, 3, 3, 3, 3, 3, 3, 3, 3, 3, 3, 3, 3, 3, 3, 3, 3, 3, 3, 3, 3, 3, 3, 3, 3, 3, 3, 3, 3, 3, 3, 3, 3, 3, 3, 3, 3, 3, 3, 3, 3, 3, 3, 3, 3, 3, 3, 3, 3, 3, 3, 3, 3, 3, 3, 3, 3, 3, 3, 3, 3, 3, 3, 3, 3, 3, 3, 3, 3, 3, 3, 3, 3, 3, 3, 3, 3, 3, 3, 3, 3, 3, 3, 3, 3, 3, 3, 3, 3, 3, 3, 3, 3, 3, 3, 3, 3, 3, 3, 3, 3, 3, 3, 3, 3, 3, 3, 3, 3, 3, 3, 3, 3, 3, 3, 3, 3, 3, 3, 3, 3, 3, 3, 3, 3, 3, 3, 3, 3, 3, 3, 3, 3, 3, 3, 3, 3, 3, 3, 3, 3, 3, 3, 3, 3, 3, 3, 3, 3, 3, 3, 3, 3, 3, 3, 3, 3, 3, 3, 3, 3, 3, 3, 3, 3, 3, 3, 3, 3, 3, 3, 3, 3, 3, 3, 3, 3, 3, 3, 3, 3, 3, 3, 3, 3, 3, 3, 3, 3, 3, 3, 3, 3, 3, 3, 3, 3, 3, 3, 3, 3, 3, 3, 3, 3, 3, 3, 3, 3, 3, 3, 3, 3, 3, 3, 3, 3, 3, 3, 3, 3, 3, 3, 3, 3, 3, 3, 3, 3, 3, 3, 3, 3, 3, 3, 3, 3, 3, 3, 3, 3, 3, 3, 3, 3, 3, 3, 3, 3, 3, 3, 3, 3, 3, 3, 3, 3, 3, 3, 3, 3, 3, 3, 3, 3, 3, 3, 3, 3, 3, 3, 3, 3, 3, 3, 3, 3, 3, 3, 3, 3, 3, 3, 3, 3, 3, 3, 3, 3, 3, 3, 3, 3, 3, 3, 3, 3, 3, 3, 3, 3, 3, 3, 3, 3, 3, 3, 3, 3, 3, 3, 3, 3, 3, 3, 3, 3, 3, 3, 3, 3, 3, 3, 3, 3, 3, 3, 3, 3, 3, 3, 3, 3, 3, 3, 3, 3, 3, 3, 3, 3, 3, 3, 3, 3, 3, 3, 3, 3, 3, 3, 3, 3, 3, 3, 3, 3, 3, 3, 3, 3, 3, 3, 3, 3, 3, 3, 3, 3, 3, 3, 3, 3, 3, 3, 3, 3, 3, 3, 3, 3, 3, 3, 3, 3, 3, 3, 3, 3, 3, 3, 3, 3, 3, 3, 3, 3, 3, 3, 3, 3, 3, 3, 3, 3, 3, 3, 3, 3, 3, 3, 3, 3, 3, 3, 3, 3, 3, 3, 3, 3, 3, 3, 3, 3, 3, 3, 3, 3, 3, 3, 3, 3, 3, 3, 3, 3, 3, 3, 3, 3, 3, 3, 3, 3, 3, 3, 3, 3, 3, 3, 3, 3, 3, 3, 3, 3, 3, 3, 3, 3, 3, 3, 3, 3, 3, 3, 3, 3, 3, 3, 3, 3, 3, 3, 3, 3, 3, 3, 3, 3, 3, 3, 3, 3, 3, 3, 3, 3, 3, 3, 3, 3, 3, 3, 3, 3, 3, 3, 3, 3, 3, 3, 3, 3, 3, 3, 3, 3, 3, 3, 3, 3, 3, 3, 3, 3, 3, 3, 3, 3, 3, 3, 3, 3, 3, 3, 3, 3, 3, 3, 3, 3, 3, 3, 3, 3, 3, 3, 3, 3, 3, 3, 3, 3, 3, 3, 3, 3, 3, 3, 3, 3, 3, 3, 3, 3, 3, 3, 3, 3, 3, 3, 3, 3, 3, 3, 3, 3, 3, 3, 3, 3, 3, 3, 3, 3, 3, 3, 3, 3, 3, 3, 3, 3, 3, 3, 3, 3, 3, 3, 3, 3, 3, 3, 3, 3, 3, 3, 3, 3, 3, 3, 3, 3, 3, 3, 3, 3, 3, 3, 3, 3, 3, 3, 3, 3, 3, 3, 3, 3, 3, 3, 3, 3, 3, 3, 3, 3, 3, 3, 3, 3, 3, 3, 3, 3, 3, 3, 3, 3, 3, 3, 3, 3, 3, 3, 3, 3, 3, 3, 3, 3, 3, 3, 3, 3, 3, 3, 3, 3, 3, 3, 3, 3, 3, 3, 3, 3, 3, 3, 3, 3, 3, 3, 3, 3, 3, 3, 3, 3, 3, 3, 3, 3, 3, 3, 3, 3, 3, 3, 3, 3, 3, 3, 3, 3, 3, 3, 3, 3, 3, 3, 3, 3, 3, 3, 3, 3, 3, 3, 3, 3, 3, 3, 3, 3, 3, 3, 3, 3, 3, 3, 3, 3, 3, 3, 3, 3, 3, 3, 3, 3, 3, 3, 3, 3, 3, 3, 3, 3, 3, 3, 3, 3, 3, 3, 3, 3, 3, 3, 3, 3, 3, 3, 3, 3, 3, 3, 3, 3, 3, 3, 3, 3, 3, 3, 3, 3, 3, 3, 3, 3, 3, 3, 3, 3, 3, 3, 3, 3, 3, 3, 3, 3, 3, 3, 3, 3, 3, 3, 3, 3, 3, 3, 3, 3, 3, 3, 3, 3, 3, 3, 3, 3, 3, 3, 3, 3, 3, 3, 3, 3, 3, 3, 3, 3, 3, 3, 3, 3, 3, 3, 3, 3, 3, 3, 3, 3, 3, 3, 3, 3, 3, 3, 3, 3, 3, 3, 3, 3, 3, 3, 3, 3, 3, 3, 3, 3, 3, 3, 3, 3, 3, 3, 3, 3, 3, 3, 3, 3, 3, 3, 3, 3, 3, 3, 3, 3, 3, 3, 3, 3, 3, 3, 3, 3, 3, 3, 3, 3, 3, 3, 3, 3, 3, 3, 3, 3, 3, 3, 3, 3, 3, 3, 3, 3, 3, 3, 3, 3, 3, 3, 3, 3, 3, 3, 3, 3, 3, 3, 3, 3, 3, 3, 3, 3, 3, 3, 3, 3, 3, 3, 3, 3, 3, 3, 3, 3, 3, 3, 3, 3, 3, 3, 3, 3, 3, 3, 3, 3, 3, 3, 3, 3, 3, 3, 3, 3, 3, 3, 3, 3, 3, 3, 3, 3, 3, 3, 3, 3, 3, 3, 3, 3, 3, 3, 3, 3, 3, 3, 3, 3, 3, 3, 3, 3, 3, 3, 3, 3, 3, 3, 3, 3, 3, 3, 3, 3, 3, 3, 3, 3, 3, 3, 3, 3, 3, 3, 3, 3, 3, 3, 3, 3, 3, 3, 3, 3, 3, 3, 3, 3, 3, 3, 3, 3, 3, 3, 3, 3, 3, 3, 3, 3, 3, 3, 3, 3, 3, 3, 3, 3, 3, 3, 3, 3, 3, 3, 3, 3, 3, 3, 3, 3, 3, 3, 3, 3, 3, 3, 3, 3, 3, 3, 3, 3, 3, 3, 3, 3, 3, 3, 3, 3, 3, 3, 3, 3, 3, 3, 3, 3, 3, 3, 3, 3, 3, 3, 3, 3, 3, 3, 3, 3, 3, 3, 3, 3, 3, 3, 3, 3, 3, 3, 3, 3, 3, 3, 3, 3, 3, 3, 3, 3, 3, 3, 3, 3, 3, 3, 3, 3, 3, 3, 3, 3, 3, 3, 3, 3, 3, 3, 3, 3, 3, 3, 3, 3, 3, 3, 3, 3, 3, 3, 3, 3, 3, 3, 3, 3, 3, 3, 3, 3, 3, 3, 3, 3, 3, 3, 3, 3, 3, 3, 3, 3, 3, 3, 3, 3, 3, 3, 3, 3, 3, 3, 3, 3, 3, 3, 3, 3, 3, 3, 3, 3, 3, 3, 3, 3, 3, 3, 3, 3, 3, 3, 3, 3, 3, 3, 3, 3, 3, 3, 3, 3, 3, 3, 3, 3, 3, 3, 3, 3, 3, 3, 3, 3, 3, 3, 3, 3, 3, 3, 3, 3, 3, 3, 3, 3, 3, 3, 3, 3, 3, 3, 3, 3, 3, 3, 3, 3, 3, 3, 3, 3, 3, 3, 3, 3, 3, 3, 3, 3, 3, 3, 3, 3, 3, 3, 3, 3, 3, 3, 3, 3, 3, 3, 3, 3, 3, 3, 3, 3, 3, 3, 3, 3, 3, 3, 3, 3, 3, 3, 3, 3, 3, 3, 3, 3, 3, 3, 3, 3, 3, 3, 3, 3, 3, 3, 3, 3, 3, 3, 3, 3, 3, 3, 3, 3, 3, 3, 3, 3, 3, 3, 3, 3, 3, 3, 3, 3, 3, 3, 3, 3, 3, 3, 3, 3, 3, 3, 3, 3, 3, 3, 3, 3, 3, 3, 3, 3, 3, 3, 3, 3, 3, 3, 3, 3, 3, 3, 3, 3, 3, 3, 3, 3, 3, 3, 3, 3, 3, 3, 3, 3, 3, 3, 3, 3, 3, 3, 3, 3, 3, 3, 3, 3, 3, 3, 3, 3, 3, 3, 3, 3, 3, 3, 3, 3, 3, 3, 3, 3, 3, 3, 3, 3, 3, 3, 3, 3, 3, 3, 3, 3, 3, 3, 3, 3, 3, 3, 3, 3, 3, 3, 3, 3, 3, 3, 3, 3, 3, 3, 3, 3, 3, 3, 3, 3, 3, 3, 3, 3, 3, 3, 3, 3, 3, 3, 3, 3, 3, 3, 3, 3, 3, 3, 3, 3, 3, 3, 3, 3, 3, 3, 3, 3, 3, 3, 3, 3, 3, 3, 3, 3, 3, 3, 3, 3, 3, 3, 3, 3, 3, 3, 3, 3, 3, 3, 3, 3, 3, 3, 3, 3, 3, 3, 3, 3, 3, 3, 3, 3, 3, 3, 3, 3, 3, 3, 3, 3, 3, 3, 3, 3, 3, 3, 3, 3, 3, 3, 3, 3, 3, 3, 3, 3, 3, 3, 3, 3, 3, 3, 3, 3, 3, 3, 3, 3, 3, 3, 3, 3, 3, 3, 3, 3, 3, 3, 3, 3, 3, 3, 3, 3, 3, 3, 3, 3, 3, 3, 3, 3, 3, 3, 3, 3, 3, 3, 3, 3, 3, 3, 3, 3, 3, 3, 3, 3, 3, 3, 3, 3, 3, 3, 3, 3, 3, 3, 3, 3, 3, 3, 3, 3, 3, 3, 3, 3, 3, 3, 3, 3, 3, 3, 3, 3, 3, 3, 3, 3, 3, 3, 3, 3, 3, 3, 3, 3, 3, 3, 3, 3, 3, 3, 3, 3, 3, 3, 3, 3, 3, 3, 3, 3, 3, 3, 3, 3, 3, 3, 3, 3, 3, 3, 3, 3, 3, 3, 3, 3, 3, 3, 3, 3, 3, 3, 3, 3, 3, 3, 3, 3, 3, 3, 3, 3, 3, 3, 3, 3, 3, 3, 3, 3, 3, 3, 3, 3, 3, 3, 3, 3, 3, 3, 3, 3, 3, 3, 3, 3, 3, 3, 3, 3, 3, 3, 3, 3, 3, 3, 3, 3, 3, 3, 3, 3, 3, 3, 3, 3, 3, 3, 3, 3, 3, 3, 3, 3, 3, 3, 3, 3, 3, 3, 3, 3, 3, 3, 3, 3, 3, 3, 3, 3, 3, 3, 3, 3, 3, 3, 3, 3, 3, 3, 3, 3, 3, 3, 3, 3, 3, 3, 3, 3, 3, 3, 3, 3, 3, 3, 3, 3, 3, 3, 3, 3, 3, 3, 3, 3, 3, 3, 3, 3, 3, 3, 3, 3, 3, 3, 3, 3, 3, 3, 3, 3, 3, 3, 3, 3, 3, 3, 3, 3, 3, 3, 3, 3, 3, 3, 3, 3, 3, 3, 3, 3, 3, 3, 3, 3, 3, 3, 3, 3, 3, 3, 3, 3, 3, 3, 3, 3, 3, 3, 3, 3, 3, 3, 3, 3, 3, 3, 3, 3, 3, 3, 3, 3, 3, 3, 3, 3, 3, 3, 3, 3, 3, 3, 3, 3, 3, 3, 3, 3, 3, 3, 3, 3, 3, 3, 3, 3, 3, 3, 3, 3, 3, 3, 3, 3, 3, 3, 3, 3, 3, 3, 3, 3, 3, 3, 3, 3, 3, 3, 3, 3, 3, 3, 3, 3, 3, 3, 3, 3, 3, 3, 3, 3, 3, 3, 3, 3, 3, 3, 3, 3, 3, 3, 3, 3, 3, 3, 3, 3, 3, 3, 3, 3, 3, 3, 3, 3, 3, 3, 3, 3, 3, 3, 3, 3, 3, 3, 3, 3, 3, 3, 3, 3, 3, 3, 3, 3, 3, 3, 3, 3, 3, 3, 3, 3, 3, 3, 3, 3, 3, 3, 3, 3, 3, 3, 3, 3, 3, 3, 3, 3, 3, 3, 3, 3, 3, 3, 3, 3, 3, 3, 3, 3, 3, 3, 3, 3, 3, 3, 3, 3, 3, 3, 3, 3, 3, 3, 3, 3, 3, 3, 3, 3, 3, 3, 3, 3, 3, 3, 3, 3, 3, 3, 3, 3, 3, 3, 3, 3, 3, 3, 3, 3, 3, 3, 3, 3, 3, 3, 3, 3, 3, 3, 3, 3, 3, 3, 3, 3, 3, 3, 3, 3, 3, 3, 3, 3, 3, 3, 3, 3, 3, 3, 3, 3, 3, 3, 3, 3, 3, 3, 3, 3, 3, 3, 3, 3, 3, 3, 3, 3, 3, 3, 3, 3, 3, 3, 3, 3, 3, 3, 3, 3, 3, 3, 3, 3, 3, 3, 3, 3, 3, 3, 3, 3, 3, 3, 3, 3, 3, 3, 3, 3, 3, 3, 3, 3, 3, 3, 3, 3, 3, 3, 3, 3, 3, 3, 3, 3, 3, 3, 3, 3, 3, 3, 3, 3, 3, 3, 3, 3, 3, 3, 3, 3, 3, 3, 3, 3, 3, 3, 3, 3, 3, 3, 3, 3, 3, 3, 3, 3, 3, 3, 3, 3, 3, 3, 3, 3, 3, 3, 3, 3, 3, 3, 3, 3, 3, 3, 3, 3, 3, 3, 3, 3, 3, 3, 3, 3, 3, 3, 3, 3, 3, 3, 3, 3, 3, 3, 3, 3, 3, 3, 3, 3, 3, 3, 3, 3, 3, 3, 3, 3, 3, 3, 3, 3, 3, 3, 3, 3, 3, 3, 3, 3, 3, 3, 3, 3, 3, 3, 3, 3, 3, 3, 3, 3, 3, 3, 3, 3, 3, 3, 3, 3, 3, 3, 3, 3, 3, 3, 3, 3, 3, 3, 3, 3, 3, 3, 3, 3, 3, 3, 3, 3, 3, 3, 3, 3, 3, 3, 3, 3, 3, 3, 3, 3, 3, 3, 3, 3, 3, 3, 3, 3, 3, 3, 3, 3, 3, 3, 3, 3, 3, 3, 3, 3, 3, 3, 3, 3, 3, 3, 3, 3, 3, 3, 3, 3, 3, 3, 3, 3, 3, 3, 3, 3, 3, 3, 3, 3, 3, 3, 3, 3, 3, 3, 3, 3, 3, 3, 3, 3, 3, 3, 3, 3, 3, 3, 3, 3, 3, 3, 3, 3, 3, 3, 3, 3, 3, 3, 3, 3, 3, 3, 3, 3, 3, 3, 3, 3, 3, 3, 3, 3, 3, 3, 3, 3, 3, 3, 3, 3, 3, 3, 3, 3, 3, 3, 3, 3, 3, 3, 3, 3, 3, 3, 3, 3, 3, 3, 3, 3, 3, 3, 3, 3, 3, 3, 3, 3, 3, 3, 3, 3, 3, 3, 3, 3, 3, 3, 3, 3, 3, 3, 3, 3, 3, 3, 3, 3, 3, 3, 3, 3, 3, 3, 3, 3, 3, 3, 3, 3, 3, 3, 3, 3, 3, 3, 3, 3, 3, 3, 3, 3, 3, 3, 3, 3, 3, 3, 3, 3, 3, 3, 3, 3, 3, 3, 3, 3, 3, 3, 3, 3, 3, 3, 3, 3, 3, 3, 3, 3, 3, 3, 3, 3, 3, 3, 3, 3, 3, 3, 3, 3, 3, 3, 3, 3, 3, 3, 3, 3, 3, 3, 3, 3, 3, 3, 3, 3, 3, 3, 3, 3, 3, 3, 3, 3, 3, 3, 3, 3, 3, 3, 3, 3, 3, 3, 3, 3, 3, 3, 3, 3, 3, 3, 3, 3, 3, 3, 3, 3, 3, 3, 3, 3, 3, 3, 3, 3, 3, 3, 3, 3, 3, 3, 3, 3, 3, 3, 3, 3, 3, 3, 3, 3, 3, 3, 3, 3, 3, 3, 3, 3, 3, 3, 3, 3, 3, 3, 3, 3, 3, 3, 3, 3, 3, 3, 3, 3, 3, 3, 3, 3, 3, 3, 3, 3, 3, 3, 3, 3, 3, 3, 3, 3, 3, 3, 3, 3, 3, 3, 3, 3, 3, 3, 3, 3, 3, 3, 3, 3, 3, 3, 3, 3, 3, 3, 3, 3, 3, 3, 3, 3, 3, 3, 3, 3, 3, 3, 3, 3, 3, 3, 3, 3, 3, 3, 3, 3, 3, 3, 3, 3, 3, 3, 3, 3, 3, 3, 3, 3, 3, 3, 3, 3, 3, 3, 3, 3, 3, 3, 3, 3, 3, 3, 3, 3, 3, 3, 3, 3, 3, 3, 3, 3, 3, 3, 3, 3, 3, 3, 3, 3, 3, 3, 3, 3, 3, 3, 3, 3, 3, 3, 3, 3, 3, 3, 3, 3, 3, 3, 3, 3, 3, 3, 3, 3, 3, 3, 3, 3, 3, 3, 3, 3, 3, 3, 3, 3, 3, 3, 3, 3, 3, 3, 3, 3, 3, 3, 3, 3, 3, 3, 3, 3, 3, 3, 3, 3, 3, 3, 3, 3, 3, 3, 3, 3, 3, 3, 3, 3, 3, 3, 3, 3, 3, 3, 3, 3, 3, 3, 3, 3, 3, 3, 3, 3, 3, 3, 3, 3, 3, 3, 3, 3, 3, 3, 3, 3, 3, 3, 3, 3, 3, 3, 3, 3, 3, 3, 3, 3, 3, 3, 3, 3, 3, 3, 3, 3, 3, 3, 3, 3, 3, 3, 3, 3, 3, 3, 3, 3, 3, 3, 3, 3, 3, 3, 3, 3, 3, 3, 3, 3, 3, 3, 3, 3, 3, 3, 3, 3, 3, 3, 3, 3, 3, 3, 3, 3, 3, 3, 3, 3, 3, 3, 3, 3, 3, 3, 3, 3, 3, 3, 3, 3, 3, 3, 3, 3, 3, 3, 3, 3, 3, 3, 3, 3, 3, 3, 3, 3, 3, 3, 3, 3, 3, 3, 3, 3, 3, 3, 3, 3, 3, 3, 3, 3, 3, 3, 3, 3, 3, 3, 3, 3, 3, 3, 3, 3, 3, 3, 3, 3, 3, 3, 3, 3, 3, 3, 3, 3, 3, 3, 3, 3, 3, 3, 3, 3, 3, 3, 3, 3, 3, 3, 3, 3, 3, 3, 3, 3, 3, 3, 3, 3, 3, 3, 3, 3, 3, 3, 3, 3, 3, 3, 3, 3, 3, 3, 3, 3, 3, 3, 3, 3, 3, 3, 3, 3, 3, 3, 3, 3, 3, 3, 3, 3, 3, 3, 3, 3, 3, 3, 3, 3, 3, 3, 3, 3, 3, 3, 3, 3, 3, 3, 3, 3, 3, 3, 3, 3, 3, 3, 3, 3, 3, 3, 3, 3, 3, 3, 3, 3, 3, 3, 3, 3, 3, 3, 3, 3, 3, 3, 3, 3, 3, 3, 3, 3, 3, 3, 3, 3, 3, 3, 3, 3, 3, 3, 3, 3, 3, 3, 3, 3, 3, 3, 3, 3, 3, 3, 3, 3, 3, 3, 3, 3, 3, 3, 3, 3, 3, 3, 3, 3, 3, 3, 3, 3, 3, 3, 3, 3, 3, 3, 3, 3, 3, 3, 3, 3, 3, 3, 3, 3, 3, 3, 3, 3, 3, 3, 3, 3, 3, 3, 3, 3, 3, 3, 3, 3, 3, 3, 3, 3, 3, 3, 3, 3, 3, 3, 3, 3, 3, 3, 3, 3, 3, 3, 3, 3, 3, 3, 3, 3, 3, 3, 3, 3, 3, 3, 3, 3, 3, 3, 3, 3, 3, 3, 3, 3, 3, 3, 3, 3, 3, 3, 3, 3, 3, 3, 3, 3, 3, 3, 3, 3, 3, 3, 3, 3, 3, 3, 3, 3, 3, 3, 3, 3, 3, 3, 3, 3, 3, 3, 3, 3, 3, 3, 3, 3, 3, 3, 3, 3, 3, 3, 3, 3, 3, 3, 3, 3, 3, 3, 3, 3, 3, 3, 3, 3, 3, 3, 3, 3, 3, 3, 3, 3, 3, 3, 3, 3, 3, 3, 3, 3, 3, 3, 3, 3, 3, 3, 3, 3, 3, 3, 3, 3, 3, 3, 3, 3, 3, 3, 3, 3, 3, 3, 3, 3, 3, 3, 3, 3, 3, 3, 3, 3, 3, 3, 3, 3, 3, 3, 3, 3, 3, 3, 3, 3, 3, 3, 3, 3, 3, 3, 3, 3, 3, 3, 3, 3, 3, 3, 3, 3, 3, 3, 3, 3, 3, 3, 3, 3, 3, 3, 3, 3, 3, 3, 3, 3, 3, 3, 3, 3, 3, 3, 3, 3, 3, 3, 3, 3, 3, 3, 3, 3, 3, 3, 3, 3, 3, 3, 3, 3, 3, 3, 3, 3, 3, 3, 3, 3, 3, 3, 3, 3, 3, 3, 3, 3, 3, 3, 3, 3, 3, 3, 3, 3, 3, 3, 3, 3, 3, 3, 3, 3, 3, 3, 3, 3, 3, 3, 3, 3, 3, 3, 3, 3, 3, 3, 3, 3, 3, 3, 3, 3, 3, 3, 3, 3, 3, 3, 3, 3, 3, 3, 3, 3, 3, 3, 3, 3, 3, 3, 3, 3, 3, 3, 3, 3, 3, 3, 3, 3, 3, 3, 3, 3, 3, 3, 3, 3, 3, 3, 3, 3, 3, 3, 3, 3, 3, 3, 3, 3, 3, 3, 3, 3, 3, 3, 3, 3, 3, 3, 3, 3, 3, 3, 3, 3, 3, 3, 3, 3, 3, 3, 3, 3, 3, 3, 3, 3, 3, 3, 3, 3, 3, 3, 3, 3, 3, 3, 3, 3, 3, 3, 3, 3, 3, 3, 3, 3, 3, 3, 3, 3, 3, 3, 3, 3, 3, 3, 3, 3, 3, 3, 3, 3, 3, 3, 3, 3, 3, 3, 3, 3, 3, 3, 3, 3, 3, 3, 3, 3, 3, 3, 3, 3, 3, 3, 3, 3, 3, 3, 3, 3, 3, 3, 3, 3, 3, 3, 3, 3, 3, 3, 3, 3, 3, 3, 3, 3, 3, 3, 3, 3, 3, 3, 3, 3, 3, 3, 3, 3, 3, 3, 3, 3, 3, 3, 3, 3, 3, 3, 3, 3, 3, 3, 3, 3, 3, 3, 3, 3, 3, 3, 3, 3, 3, 3, 3, 3, 3, 3, 3, 3, 3, 3, 3, 3, 3, 3, 3, 3, 3, 3, 3, 3, 3, 3, 3, 3, 3, 3, 3, 3, 3, 3, 3, 3, 3, 3, 3, 3, 3, 3, 3, 3, 3, 3, 3, 3, 3, 3, 3, 3, 3, 3, 3, 3, 3, 3, 3, 3, 3, 3, 3, 3, 3, 3, 3, 3, 3, 3, 3, 3, 3, 3, 3, 3, 3, 3, 3, 3, 3, 3, 3, 3, 3, 3, 3, 3, 3, 3, 3, 3, 3, 3, 3, 3, 3, 3, 3, 3, 3, 3, 3, 3, 3, 3, 3, 3, 3, 3, 3, 3, 3, 3, 3, 3, 3, 3, 3, 3, 3, 3, 3, 3, 3, 3, 3, 3, 3, 3, 3, 3, 3, 3, 3, 3, 3, 3, 3, 3, 3, 3, 3, 3, 3, 3, 3, 3, 3, 3, 3, 3, 3, 3, 3, 3, 3, 3, 3, 3, 3, 3, 3, 3, 3, 3, 3, 3, 3, 3, 3, 3, 3, 3, 3, 3, 3, 3, 3, 3, 3, 3, 3, 3, 3, 3, 3, 3, 3, 3, 3, 3, 3, 3, 3, 3, 3, 3, 3, 3, 3, 3, 3, 3, 3, 3, 3, 3, 3, 3, 3, 3, 3, 3, 3, 3, 3, 3, 3, 3, 3, 3, 3, 3, 3, 3, 3, 3, 3, 3, 3, 3, 3, 3, 3, 3, 3, 3, 3, 3, 3, 3, 3, 3, 3, 3, 3, 3, 3, 3, 3, 3, 3, 3, 3, 3, 3, 3, 3, 3, 3, 3, 3, 3, 3, 3, 3, 3, 3, 3, 3, 3, 3, 3, 3, 3, 3, 3, 3, 3, 3, 3, 3, 3, 3, 3, 3, 3, 3, 3, 3, 3, 3, 3, 3, 3, 3, 3, 3, 3, 3, 3, 3, 3, 3, 3, 3, 3, 3, 3, 3, 3, 3, 3, 3, 3, 3, 3, 3, 3, 3, 3, 3, 3, 3, 3, 3, 3, 3, 3, 3, 3, 3, 3, 3, 3, 3, 3, 3, 3, 3, 3, 3, 3, 3, 3, 3, 3, 3, 3, 3, 3, 3, 3, 3, 3, 3, 3, 3, 3, 3, 3, 3, 3, 3, 3, 3, 3, 3, 3, 3, 3, 3, 3, 3, 3, 3, 3, 3, 3, 3, 3, 3, 3, 3, 3, 3, 3, 3, 3, 3, 3, 3, 3, 3, 3, 3, 3, 3, 3, 3, 3, 3, 3, 3, 3, 3, 3, 3, 3, 3, 3, 3, 3, 3, 3, 3, 3, 3, 3, 3, 3, 3, 3, 3, 3, 3, 3, 3, 3, 3, 3, 3, 3, 3, 3, 3, 3, 3, 3, 3, 3, 3, 3, 3, 3, 3, 3, 3, 3, 3, 3, 3, 3, 3, 3, 3, 3, 3, 3, 3, 3, 3, 3, 3, 3, 3, 3, 3, 3, 3, 3, 3, 3, 3, 3, 3, 3, 3, 3, 3, 3, 3, 3, 3, 3, 3, 3, 3, 3, 3, 3, 3, 3, 3, 3, 3, 3, 3, 3, 3, 3, 3, 3, 3, 3, 3, 3, 3, 3, 3, 3, 3, 3, 3, 3, 3, 3, 3, 3, 3, 3, 3, 3, 3, 3, 3, 3, 3, 3, 3, 3, 3, 3, 3, 3, 3, 3, 3, 3, 3, 3, 3, 3, 3, 3, 3, 3, 3, 3, 3, 3, 3, 3, 3, 3, 3, 3, 3, 3, 3, 3, 3, 3, 3, 3, 3, 3, 3, 3, 3, 3, 3, 3, 3, 3, 3, 3, 3, 3, 3, 3, 3, 3, 3, 3, 3, 3, 3, 3, 3, 3, 3, 3, 3, 3, 3, 3, 3, 3, 3, 3, 3, 3, 3, 3, 3, 3, 3, 3, 3, 3, 3, 3, 3, 3, 3, 3, 3, 3, 3, 3, 3, 3, 3, 3, 3, 3, 3, 3, 3, 3, 3, 3, 3, 3, 3, 3, 3, 3, 3, 3, 3, 3, 3, 3, 3, 3, 3, 3, 3, 3, 3, 3, 3, 3, 3, 3, 3, 3, 3, 3, 3, 3, 3, 3, 3, 3, 3, 3, 3, 3, 3, 3, 3, 3, 3, 3, 3, 3, 3, 3, 3, 3, 3, 3, 3, 3, 3, 3, 3, 3, 3, 3, 3, 3, 3, 3, 3, 3, 3, 3, 3, 3, 3, 3, 3, 3, 3, 3, 3, 3, 3, 3, 3, 3, 3, 3, 3, 3, 3, 3, 3, 3, 3, 3, 3, 3, 3, 3, 3, 3, 3, 3, 3, 3, 3, 3, 3, 3, 3, 3, 3, 3, 3, 3, 3, 3, 3, 3, 3, 3, 3, 3, 3, 3, 3, 3, 3, 3, 3, 3, 3, 3, 3, 3, 3, 3, 3, 3, 3, 3, 3, 3, 3, 3, 3, 3, 3, 3, 3, 3, 3, 3, 3, 3, 3, 3, 3, 3, 3, 3, 3, 3, 3, 3, 3, 3, 3, 3, 3, 3, 3, 3, 3, 3, 3, 3, 3, 3, 3, 3, 3, 3, 3, 3, 3, 3, 3, 3, 3, 3, 3, 3, 3, 3, 3, 3, 3, 3, 3, 3, 3, 3, 3, 3, 3, 3, 3, 3, 3, 3, 3, 3, 3, 3, 3, 3, 3, 3, 3, 3, 3, 3, 3, 3, 3, 3, 3, 3, 3, 3, 3, 3, 3, 3, 3, 3, 3, 3, 3, 3, 3, 3, 3, 3, 3, 3, 3, 3, 3, 3, 3, 3, 3, 3, 3, 3, 3, 3, 3, 3, 3, 3, 3, 3, 3, 3, 3, 3, 3, 3, 3, 3, 3, 3, 3, 3, 3, 3, 3, 3, 3, 3, 3, 3, 3, 3, 3, 3, 3, 3, 3, 3, 3, 3, 3, 3, 3, 3, 3, 3, 3, 3, 3, 3, 3, 3, 3, 3, 3, 3, 3, 3, 3, 3, 3, 3, 3, 3, 3, 3, 3, 3, 3, 3, 3, 3, 3, 3, 3, 3, 3, 3, 3, 3, 3, 3, 3, 3, 3, 3, 3, 3, 3, 3, 3, 3, 3, 3, 3, 3, 3, 3, 3, 3, 3, 3, 3, 3, 3, 3, 3, 3, 3, 3, 3, 3, 3, 3, 3, 3, 3, 3, 3, 3, 3, 3, 3, 3, 3, 3, 3, 3, 3, 3, 3, 3, 3, 3, 3, 3, 3, 3, 3, 3, 3, 3, 3, 3, 3, 3, 3, 3, 3, 3, 3, 3, 3, 3, 3, 3, 3, 3, 3, 3, 3, 3, 3, 3, 3, 3, 3, 3, 3, 3, 3, 3, 3, 3, 3, 3, 3, 3, 3, 3, 3, 3, 3, 3, 3, 3, 3, 3, 3, 3, 3, 3, 3, 3, 3, 3, 3, 3, 3, 3, 3, 3, 3, 3, 3, 3, 3, 3, 3, 3, 3, 3, 3, 3, 3, 3, 3, 3, 3, 3, 3, 3, 3, 3, 3, 3, 3, 3, 3, 3, 3, 3, 3, 3, 3, 3, 3, 3, 3, 3, 3, 3, 3, 3, 3, 3, 3, 3, 3, 3, 3, 3, 3, 3, 3, 3, 3, 3, 3, 3, 3, 3, 3, 3, 3, 3, 3, 3, 3, 3, 3, 3, 3, 3, 3, 3, 3, 3, 3, 3, 3, 3, 3, 3, 3, 3, 3, 3, 3, 3, 3, 3, 3, 3, 3, 3, 3, 3, 3, 3, 3, 3, 3, 3, 3, 3, 3, 3, 3, 3, 3, 3, 3, 3, 3, 3, 3, 3, 3, 3, 3, 3, 3, 3, 3, 3, 3, 3, 3, 3, 3, 3, 3, 3, 3, 3, 3, 3, 3, 3, 3, 3, 3, 3, 3, 3, 3, 3, 3, 3, 3, 3, 3, 3, 3, 3, 3, 3, 3, 3, 3, 3, 3, 3, 3, 3, 3, 3, 3, 3, 3, 3, 3, 3, 3, 3, 3, 3, 3, 3, 3, 3, 3, 3, 3, 3, 3, 3, 3, 3, 3, 3, 3, 3, 3, 3, 3, 3, 3, 3, 3, 3, 3, 3, 3, 3, 3, 3, 3, 3, 3, 3, 3, 3, 3, 3, 3, 3, 3, 3, 3, 3, 3, 3, 3, 3, 3, 3, 3, 3, 3, 3, 3, 3, 3, 3, 3, 3, 3, 3, 3, 3, 3, 3, 3, 3, 3, 3, 3, 3, 3, 3, 3, 3, 3, 3, 3, 3, 3, 3, 3, 3, 3, 3, 3, 3, 3, 3, 3, 3, 3, 3, 3, 3, 3, 3, 3, 3, 3, 3, 3, 3, 3, 3, 3, 3, 3, 3, 3, 3, 3, 3, 3, 3, 3, 3, 3, 3, 3, 3, 3, 3, 3, 3, 3, 3, 3, 3, 3, 3, 3, 3, 3, 3, 3, 3, 3, 3, 3, 3, 3, 3, 3, 3, 3, 3, 3, 3, 3, 3, 3, 3, 3, 3, 3, 3, 3, 3, 3, 3, 3, 3, 3, 3, 3, 3, 3, 3, 3, 3, 3, 3, 3, 3, 3, 3, 3, 3, 3, 3, 3, 3, 3, 3, 3, 3, 3, 3, 3, 3, 3, 3, 3, 3, 3, 3, 3, 3, 3, 3, 3, 3, 3, 3, 3, 3, 3, 3, 3, 3, 3, 3, 3, 3, 3, 3, 3, 3, 3, 3, 3, 3, 3, 3, 3, 3, 3, 3, 3, 3, 3, 3, 3, 3, 3, 3, 3, 3, 3, 3, 3, 3, 3, 3, 3, 3, 3, 3, 3, 3, 3, 3, 3, 3, 3, 3, 3, 3, 3, 3, 3, 3, 3, 3, 3, 3, 3, 3, 3, 3, 3, 3, 3, 3, 3, 3, 3, 3, 3, 3, 3, 3, 3, 3, 3, 3, 3, 3, 3, 3, 3, 3, 3, 3, 3, 3, 3, 3, 3, 3, 3, 3, 3, 3, 3, 3, 3, 3, 3, 3, 3, 3, 3, 3, 3, 3, 3, 3, 3, 3, 3, 3, 3, 3, 3, 3, 3, 3, 3, 3, 3, 3, 3, 3, 3, 3, 3, 3, 3, 3, 3, 3, 3, 3, 3, 3, 3, 3, 3, 3, 3, 3, 3, 3, 3, 3, 3, 3, 3, 3, 3, 3, 3, 3, 3, 3, 3, 3, 3, 3, 3, 3, 3, 3, 3, 3, 3, 3, 3, 3, 3, 3, 3, 3, 3, 3, 3, 3, 3, 3, 3, 3, 3, 3, 3, 3, 3, 3, 3, 3, 3, 3, 3, 3, 3, 3, 3, 3, 3, 3, 3, 3, 3, 3, 3, 3, 3, 3, 3, 3, 3, 3, 3, 3, 3, 3, 3, 3, 3, 3, 3, 3, 3, 3, 3, 3, 3, 3, 3, 3, 3, 3, 3, 3, 3, 3, 3, 3, 3, 3, 3, 3, 3, 3, 3, 3, 3, 3, 3, 3, 3, 3, 3, 3, 3, 3, 3, 3, 3, 3, 3, 3, 3, 3, 3, 3, 3, 3, 3, 3, 3, 3, 3, 3, 3, 3, 3, 3, 3, 3, 3, 3, 3, 3, 3, 3, 3, 3, 3, 3, 3, 3, 3, 3, 3, 3, 3, 3, 3, 3, 3, 3, 3, 3, 3, 3, 3, 3, 3, 3, 3, 3, 3, 3, 3, 3, 3, 3, 3, 3, 3, 3, 3, 3, 3, 3, 3, 3, 3, 3, 3, 3, 3, 3, 3, 3, 3, 3, 3, 3, 3, 3, 3, 3, 3, 3, 3, 3, 3, 3, 3, 3, 3, 3, 3, 3, 3, 3, 3, 3, 3, 3, 3, 3, 3, 3, 3, 3, 3, 3, 3, 3, 3, 3, 3, 3, 3, 3, 3, 3, 3, 3, 3, 3, 3, 3, 3, 3, 3, 3, 3, 3, 3, 3, 3, 3, 3, 3, 3, 3, 3, 3, 3, 3, 3, 3, 3, 3, 3, 3, 3, 3, 3, 3, 3, 3, 3, 3, 3, 3, 3, 3, 3, 3, 3, 3, 3, 3, 3, 3, 3, 3, 3, 3, 3, 3, 3, 3, 3, 3, 3, 3, 3, 3, 3, 3, 3, 3, 3, 3, 3, 3, 3, 3, 3, 3, 3, 3, 3, 3, 3, 3, 3, 3, 3, 3, 3, 3, 3, 3, 3, 3, 3, 3, 3, 3, 3, 3, 3, 3, 3, 3, 3, 3, 3, 3, 3, 3, 3, 3, 3, 3, 3, 3, 3, 3, 3, 3, 3, 3, 3, 3, 3, 3, 3, 3, 3, 3, 3, 3, 3, 3, 3, 3, 3, 3, 3, 3, 3, 3, 3, 3, 3, 3, 3, 3, 3, 3, 3, 3, 3, 3, 3, 3, 3, 3, 3, 3, 3, 3, 3, 3, 3, 3, 3, 3, 3, 3, 3, 3, 3, 3, 3, 3, 3, 3, 3, 3, 3, 3, 3, 3, 3, 3, 3, 3, 3, 3, 3, 3, 3, 3, 3, 3, 3, 3, 3, 3, 3, 3, 3, 3, 3, 3, 3, 3, 3, 3, 3, 3, 3, 3, 3, 3, 3, 3, 3, 3, 3, 3, 3, 3, 3, 3, 3, 3, 3, 3, 3, 3, 3, 3, 3, 3, 3, 3, 3, 3, 3, 3, 3, 3, 3, 3, 3, 3, 3, 3, 3, 3, 3, 3, 3, 3, 3, 3, 3, 3, 3, 3, 3, 3, 3, 3, 3, 3, 3, 3, 3, 3, 3, 3, 3, 3, 3, 3, 3, 3, 3, 3, 3, 3, 3, 3, 3, 3, 3, 3, 3, 3, 3, 3, 3, 3, 3, 3, 3, 3, 3, 3, 3, 3, 3, 3, 3, 3, 3, 3, 3, 3, 3, 3, 3, 3, 3, 3, 3, 3, 3, 3, 3, 3, 3, 3, 3, 3, 3, 3, 3, 3, 3, 3, 3, 3, 3, 3, 3, 3, 3, 3, 3, 3, 3, 3, 3, 3, 3, 3, 3, 3, 3, 3, 3, 3, 3, 3, 3, 3, 3, 3, 3, 3, 3, 3, 3, 3, 3, 3, 3, 3, 3, 3, 3, 3, 3, 3, 3, 3, 3, 3, 3, 3, 3, 3, 3, 3, 3, 3, 3, 3, 3, 3, 3, 3, 3, 3, 3, 3, 3, 3, 3, 3, 3, 3, 3, 3, 3, 3, 3, 3, 3, 3, 3, 3, 3, 3, 3, 3, 3, 3, 3, 3, 3, 3, 3, 3, 3, 3, 3, 3, 3, 3, 3, 3, 3, 3, 3, 3, 3, 3, 3, 3, 3, 3, 3, 3, 3, 3, 3, 3, 3, 3, 3, 3, 3, 3, 3, 3, 3, 3, 3, 3, 3, 3, 3, 3, 3, 3, 3, 3, 3, 3, 3, 3, 3, 3, 3, 3, 3, 3, 3, 3, 3, 3, 3, 3, 3, 3, 3, 3, 3, 3, 3, 3, 3, 3, 3, 3, 3, 3, 3, 3, 3, 3, 3, 3, 3, 3, 3, 3, 3, 3, 3, 3, 3, 3, 3, 3, 3, 3, 3, 3, 3, 3, 3, 3, 3, 3, 3, 3, 3, 3, 3, 3, 3, 3, 3, 3, 3, 3, 3, 3, 3, 3, 3, 3, 3, 3, 3, 3, 3, 3, 3, 3, 3, 3, 3, 3, 3, 3, 3, 3, 3, 3, 3, 3, 3, 3, 3, 3, 3, 3, 3, 3, 3, 3, 3, 3, 3, 3, 3, 3, 3, 3, 3, 3, 3, 3, 3, 3, 3, 3, 3, 3, 3, 3, 3, 3, 3, 3, 3, 3, 3, 3, 3, 3, 3, 3, 3, 3, 3, 3, 3, 3, 3, 3, 3, 3, 3, 3, 3, 3, 3, 3, 3, 3, 3, 3, 3, 3, 3, 3, 3, 3, 3, 3, 3, 3, 3, 3, 3, 3, 3, 3, 3, 3, 3, 3, 3, 3, 3, 3, 3, 3, 3, 3, 3, 3, 3, 3, 3, 3, 3, 3, 3, 3, 3, 3, 3, 3, 3, 3, 3, 3, 3, 3, 3, 3, 3, 3, 3, 3, 3, 3, 3, 3, 3, 3, 3, 3, 3, 3, 3, 3, 3, 3, 3, 3, 3, 3, 3, 3, 3, 3, 3, 3, 3, 3, 3, 3, 3, 3, 3, 3, 3, 3, 3, 3, 3, 3, 3, 3, 3, 3, 3, 3, 3, 3, 3, 3, 3, 3, 3, 3, 3, 3, 3, 3, 3, 3, 3, 3, 3, 3, 3, 3, 3, 3, 3, 3, 3, 3, 3, 3, 3, 3, 3, 3, 3, 3, 3, 3, 3, 3, 3, 3, 3, 3, 3, 3, 3, 3, 3, 3, 3, 3, 3, 3, 3, 3, 3, 3, 3, 3, 3, 3, 3, 3, 3, 3, 3, 3, 3, 3, 3, 3, 3, 3, 3, 3, 3, 3, 3, 3, 3, 3, 3, 3, 3, 3, 3, 3, 3, 3, 3, 3, 3, 3, 3, 3, 3, 3, 3, 3, 3, 3, 3, 3, 3, 3, 3, 3, 3, 3, 3, 3, 3, 3, 3, 3, 3, 3, 3, 3, 3, 3, 3, 3, 3, 3, 3, 3, 3, 3, 3, 3, 3, 3, 3, 3, 3, 3, 3, 3, 3, 3, 3, 3, 3, 3, 3, 3, 3, 3, 3, 3, 3, 3, 3, 3, 3, 3, 3, 3, 3, 3, 3, 3, 3, 3, 3, 3, 3, 3, 3, 3, 3, 3, 3, 3, 3, 3, 3, 3, 3, 3, 3, 3, 3, 3, 3, 3, 3, 3, 3, 3, 3, 3, 3, 3, 3, 3, 3, 3, 3, 3, 3, 3, 3, 3, 3, 3, 3, 3, 3, 3, 3, 3, 3, 3, 3, 3, 3, 3, 3, 3, 3, 3, 3, 3, 3, 3, 3, 3, 3, 3, 3, 3, 3, 3, 3, 3, 3, 3, 3, 3, 3, 3, 3, 3, 3, 3, 3, 3, 3, 3, 3, 3, 3, 3, 3, 3, 3, 3, 3, 3, 3, 3, 3, 3, 3, 3, 3, 3, 3, 3, 3, 3, 3, 3, 3, 3, 3, 3, 3, 3, 3, 3, 3, 3, 3, 3, 3, 3, 3, 3, 3, 3, 3, 3, 3, 3, 3, 3, 3, 3, 3, 3, 3, 3, 3, 3, 3, 3, 3, 3, 3, 3, 3, 3, 3, 3, 3, 3, 3, 3, 3, 3, 3, 3, 3, 3, 3, 3, 3, 3, 3, 3, 3, 3, 3, 3, 3, 3, 3, 3, 3, 3, 3, 3, 3, 3, 3, 3, 3, 3, 3, 3, 3, 3, 3, 3, 3, 3, 3, 3, 3, 3, 3, 3, 3, 3, 3, 3, 3, 3, 3, 3, 3, 3, 3, 3, 3, 3, 3, 3, 3, 3, 3, 3, 3, 3, 3, 3, 3, 3, 3, 3, 3, 3, 3, 3, 3, 3, 3, 3, 3, 3, 3, 3, 3, 3, 3, 3, 3, 3, 3, 3, 3, 3, 3, 3, 3, 3, 3, 3, 3, 3, 3, 3, 3, 3, 3, 3, 3, 3, 3, 3, 3, 3, 3, 3, 3, 3, 3, 3, 3, 3, 3, 3, 3, 3, 3, 3, 3, 3, 3, 3, 3, 3, 3, 3, 3, 3, 3, 3, 3, 3, 3, 3, 3, 3, 3, 3, 3, 3, 3, 3, 3, 3, 3, 3, 3, 3, 3, 3, 3, 3, 3, 3, 3, 3, 3, 3, 3, 3, 3, 3, 3, 3, 3, 3, 3, 3, 3, 3, 3, 3, 3, 3, 3, 3, 3, 3, 3, 3, 3, 3, 3, 3, 3, 3, 3, 3, 3, 3, 3, 3, 3, 3, 3, 3, 3, 3, 3, 3, 3, 3, 3, 3, 3, 3, 3, 3, 3, 3, 3, 3, 3, 3, 3, 3, 3, 3, 3, 3, 3, 3, 3, 3, 3, 3, 3, 3, 3, 3, 3, 3, 3, 3, 3, 3, 3, 3, 3, 3, 3, 3, 3, 3, 3, 3, 3, 3, 3, 3, 3, 3, 3, 3, 3, 3, 3, 3, 3, 3, 3, 3, 3, 3, 3, 3, 3, 3, 3, 3, 3, 3, 3, 3, 3, 3, 3, 3, 3, 3, 3, 3, 3, 3, 3, 3, 3, 3, 3, 3, 3, 3, 3, 3, 3, 3, 3, 3, 3, 3, 3, 3, 3, 3, 3, 3, 3, 3, 3, 3, 3, 3, 3, 3, 3, 3, 3, 3, 3, 3, 3, 3, 3, 3, 3, 3, 3, 3, 3, 3, 3, 3, 3, 3, 3, 3, 3, 3, 3, 3, 3, 3, 3, 3, 3, 3, 3, 3, 3, 3, 3, 3, 3, 3, 3, 3, 3, 3, 3, 3, 3, 3, 3, 3, 3, 3, 3, 3, 3, 3, 3, 3, 3, 3, 3, 3, 3, 3, 3, 3, 3, 3, 3, 3, 3, 3, 3, 3, 3, 3, 3, 3, 3, 3, 3, 3, 3, 3, 3, 3, 3, 3, 3, 3, 3, 3, 3, 3, 3, 3, 3, 3, 3, 3, 3, 3, 3, 3, 3, 3, 3, 3, 3, 3, 3, 3, 3, 3, 3, 3, 3, 3, 3, 3, 3, 3, 3, 3, 3, 3, 3, 3, 3, 3, 3, 3, 3, 3, 3, 3, 3, 3, 3, 3, 3, 3, 3, 3, 3, 3, 3, 3, 3, 3]
        int[] faceVertexIndices = [2, 1, 0, 5, 4, 3, 4, 5, 6, 3, 8, 7, 8, 3, 4, 11, 10, 9, 10, 11, 12, 14, 9, 13, 9, 14, 11, 17, 16, 15, 16, 17, 18, 20, 15, 19, 15, 20, 17, 23, 22, 21, 22, 23, 24, 21, 18, 17, 18, 21, 22, 27, 26, 25, 26, 27, 28, 31, 30, 29, 30, 31, 32, 34, 29, 33, 29, 34, 31, 36, 3, 35, 3, 36, 5, 35, 7, 37, 7, 35, 3, 40, 39, 38, 39, 40, 41, 43, 38, 42, 38, 43, 40, 38, 45, 44, 45, 38, 39, 42, 44, 46, 44, 42, 38, 44, 48, 47, 48, 44, 45, 50, 48, 49, 48, 50, 47, 51, 24, 23, 24, 51, 52, 15, 28, 27, 28, 15, 16, 19, 27, 53, 27, 19, 15, 53, 25, 54, 25, 53, 27, 46, 47, 55, 47, 46, 44, 57, 49, 56, 49, 57, 50, 25, 59, 58, 59, 25, 26, 60, 47, 50, 47, 60, 55, 62, 21, 61, 21, 62, 23, 63, 32, 31, 32, 63, 64, 58, 66, 65, 66, 58, 59, 65, 6, 5, 6, 65, 66, 67, 5, 36, 5, 67, 65, 7, 41, 40, 41, 7, 8, 37, 40, 43, 40, 37, 7, 9, 64, 63, 64, 9, 10, 68, 12, 11, 12, 68, 69, 61, 17, 20, 17, 61, 21, 13, 63, 70, 63, 13, 9, 29, 52, 51, 52, 29, 30, 54, 58, 71, 58, 54, 25, 71, 65, 67, 65, 71, 58, 33, 51, 72, 51, 33, 29, 72, 23, 62, 23, 72, 51, 70, 31, 34, 31, 70, 63, 73, 69, 68, 69, 73, 74, 77, 76, 75, 76, 77, 78, 78, 79, 76, 79, 78, 80, 83, 82, 81, 82, 83, 84, 86, 81, 85, 81, 86, 83, 87, 80, 78, 80, 87, 88, 91, 90, 89, 90, 91, 92, 92, 93, 90, 93, 92, 94, 95, 78, 77, 78, 95, 87, 98, 97, 96, 97, 98, 99, 101, 96, 100, 96, 101, 98, 84, 102, 82, 102, 84, 103, 104, 92, 91, 92, 104, 105, 108, 107, 106, 107, 108, 109, 111, 106, 110, 106, 111, 108, 114, 113, 112, 113, 114, 115, 116, 115, 114, 115, 116, 117, 119, 89, 118, 89, 119, 91, 103, 118, 102, 118, 103, 119, 115, 120, 113, 120, 115, 121, 121, 110, 120, 110, 121, 111, 122, 98, 101, 98, 122, 123, 125, 75, 124, 75, 125, 77, 127, 124, 126, 124, 127, 125, 127, 129, 128, 129, 127, 126, 109, 130, 107, 130, 109, 131, 132, 77, 125, 77, 132, 95, 123, 99, 98, 99, 123, 133, 117, 121, 115, 121, 117, 134, 131, 100, 130, 100, 131, 101, 135, 101, 131, 101, 135, 122, 136, 108, 111, 108, 136, 137, 138, 119, 103, 119, 138, 139, 140, 84, 83, 84, 140, 141, 80, 85, 79, 85, 80, 86, 134, 111, 121, 111, 134, 136, 94, 112, 93, 112, 94, 114, 142, 114, 94, 114, 142, 116, 105, 94, 92, 94, 105, 142, 143, 131, 109, 131, 143, 135, 144, 83, 86, 83, 144, 140, 141, 103, 84, 103, 141, 138, 139, 91, 119, 91, 139, 104, 137, 109, 108, 109, 137, 143, 88, 86, 80, 86, 88, 144, 147, 146, 145, 146, 147, 148, 149, 148, 147, 148, 149, 150, 153, 152, 151, 152, 153, 154, 155, 154, 153, 154, 155, 156, 22, 153, 18, 153, 22, 155, 151, 158, 157, 158, 151, 152, 18, 151, 16, 151, 18, 153, 161, 160, 159, 160, 161, 162, 159, 164, 163, 164, 159, 160, 165, 156, 155, 156, 165, 166, 16, 157, 28, 157, 16, 151, 167, 150, 149, 150, 167, 168, 64, 149, 32, 149, 64, 167, 157, 170, 169, 170, 157, 158, 169, 172, 171, 172, 169, 170, 171, 174, 173, 174, 171, 172, 175, 168, 167, 168, 175, 176, 10, 167, 64, 167, 10, 175, 145, 166, 165, 166, 145, 146, 59, 173, 66, 173, 59, 171, 177, 176, 175, 176, 177, 178, 179, 178, 177, 178, 179, 163, 173, 181, 180, 181, 173, 174, 66, 180, 6, 180, 66, 173, 24, 155, 22, 155, 24, 165, 180, 183, 182, 183, 180, 181, 128, 162, 161, 162, 128, 129, 184, 163, 179, 163, 184, 159, 30, 145, 52, 145, 30, 147, 6, 182, 4, 182, 6, 180, 182, 186, 185, 186, 182, 183, 185, 188, 187, 188, 185, 186, 4, 185, 8, 185, 4, 182, 190, 161, 189, 161, 190, 128, 28, 169, 26, 169, 28, 157, 32, 147, 30, 147, 32, 149, 26, 171, 59, 171, 26, 169, 69, 177, 12, 177, 69, 179, 191, 125, 127, 125, 191, 132, 191, 128, 190, 128, 191, 127, 189, 159, 184, 159, 189, 161, 12, 175, 10, 175, 12, 177, 52, 165, 24, 165, 52, 145, 194, 193, 192, 193, 194, 195, 195, 196, 193, 196, 195, 197, 200, 199, 198, 199, 200, 201, 202, 201, 200, 201, 202, 203, 206, 205, 204, 205, 206, 207, 207, 208, 205, 208, 207, 209, 210, 207, 206, 207, 210, 211, 211, 209, 207, 209, 211, 212, 8, 187, 41, 187, 8, 185, 213, 195, 194, 195, 213, 214, 215, 214, 213, 214, 215, 216, 219, 218, 217, 218, 219, 220, 220, 221, 218, 221, 220, 222, 216, 223, 214, 223, 216, 224, 227, 226, 225, 226, 227, 228, 217, 203, 202, 203, 217, 218, 225, 230, 229, 230, 225, 226, 229, 220, 219, 220, 229, 230, 187, 232, 231, 232, 187, 188, 235, 234, 233, 234, 235, 236, 237, 236, 235, 236, 237, 238, 236, 239, 234, 239, 236, 240, 241, 238, 237, 238, 241, 242, 238, 240, 236, 240, 238, 243, 192, 211, 210, 211, 192, 193, 204, 228, 227, 228, 204, 205, 193, 212, 211, 212, 193, 196, 41, 231, 39, 231, 41, 187, 244, 198, 199, 198, 244, 245, 231, 245, 244, 245, 231, 232, 205, 246, 228, 246, 205, 208, 233, 216, 215, 216, 233, 234, 234, 224, 216, 224, 234, 239, 218, 56, 203, 56, 218, 221, 214, 197, 195, 197, 214, 223, 203, 49, 201, 49, 203, 56, 226, 247, 230, 247, 226, 248, 201, 48, 199, 48, 201, 49, 228, 248, 226, 248, 228, 246, 39, 244, 45, 244, 39, 231, 45, 199, 48, 199, 45, 244, 230, 222, 220, 222, 230, 247, 251, 250, 249, 250, 251, 252, 255, 254, 253, 254, 255, 256, 253, 258, 257, 258, 253, 254, 259, 256, 255, 256, 259, 260, 261, 252, 251, 252, 261, 262, 263, 262, 261, 262, 263, 264, 265, 242, 241, 242, 265, 266, 266, 267, 242, 267, 266, 268, 271, 270, 269, 270, 271, 272, 275, 274, 273, 274, 275, 276, 273, 272, 271, 272, 273, 274, 257, 278, 277, 278, 257, 258, 258, 279, 278, 279, 258, 280, 269, 260, 259, 260, 269, 270, 283, 282, 281, 282, 283, 284, 285, 284, 283, 284, 285, 286, 284, 287, 282, 287, 284, 288, 289, 266, 265, 266, 289, 290, 281, 292, 291, 292, 281, 282, 282, 293, 292, 293, 282, 287, 256, 294, 254, 294, 256, 295, 249, 297, 296, 297, 249, 250, 300, 299, 298, 299, 300, 301, 286, 288, 284, 288, 286, 302, 301, 303, 299, 303, 301, 304, 298, 290, 289, 290, 298, 299, 291, 301, 300, 301, 291, 292, 277, 286, 285, 286, 277, 278, 278, 302, 286, 302, 278, 279, 274, 305, 272, 305, 274, 306, 296, 276, 275, 276, 296, 297, 252, 307, 250, 307, 252, 308, 299, 309, 290, 309, 299, 303, 260, 295, 256, 295, 260, 310, 242, 243, 238, 243, 242, 267, 270, 310, 260, 310, 270, 311, 272, 311, 270, 311, 272, 305, 276, 306, 274, 306, 276, 312, 297, 312, 276, 312, 297, 313, 254, 280, 258, 280, 254, 294, 290, 268, 266, 268, 290, 309, 292, 304, 301, 304, 292, 293, 250, 313, 297, 313, 250, 307, 133, 314, 99, 314, 133, 315, 316, 315, 133, 315, 316, 317, 320, 319, 318, 319, 320, 321, 318, 323, 322, 323, 318, 319, 324, 133, 123, 133, 324, 316, 325, 321, 320, 321, 325, 326, 329, 328, 327, 328, 329, 330, 330, 331, 328, 331, 330, 332, 262, 308, 252, 308, 262, 333, 336, 335, 334, 335, 336, 337, 327, 337, 336, 337, 327, 328, 319, 338, 323, 338, 319, 339, 340, 122, 135, 122, 340, 341, 334, 343, 342, 343, 334, 335, 344, 143, 137, 143, 344, 345, 346, 137, 136, 137, 346, 344, 322, 348, 347, 348, 322, 323, 323, 349, 348, 349, 323, 338, 328, 350, 337, 350, 328, 331, 347, 330, 329, 330, 347, 348, 348, 332, 330, 332, 348, 349, 342, 264, 263, 264, 342, 343, 315, 351, 314, 351, 315, 352, 317, 352, 315, 352, 317, 353, 341, 123, 122, 123, 341, 324, 264, 333, 262, 333, 264, 354, 355, 136, 134, 136, 355, 346, 352, 325, 351, 325, 352, 326, 337, 356, 335, 356, 337, 350, 321, 339, 319, 339, 321, 357, 345, 135, 143, 135, 345, 340, 335, 358, 343, 358, 335, 356, 353, 326, 352, 326, 353, 359, 343, 354, 264, 354, 343, 358, 326, 357, 321, 357, 326, 359, 360, 134, 117, 134, 360, 355, 361, 104, 139, 104, 361, 362, 363, 116, 142, 116, 363, 364, 365, 87, 95, 87, 365, 366, 366, 88, 87, 88, 366, 367, 368, 184, 74, 184, 368, 189, 74, 179, 69, 179, 74, 184, 369, 141, 140, 141, 369, 370, 370, 138, 141, 138, 370, 371, 372, 140, 144, 140, 372, 369, 373, 142, 105, 142, 373, 363, 374, 132, 191, 132, 374, 375, 375, 95, 132, 95, 375, 365, 371, 139, 138, 139, 371, 361, 364, 117, 116, 117, 364, 360, 367, 144, 88, 144, 367, 372, 362, 105, 104, 105, 362, 373, 374, 190, 376, 190, 374, 191, 376, 189, 368, 189, 376, 190, 377, 209, 212, 209, 377, 378, 379, 221, 222, 221, 379, 380, 381, 196, 197, 196, 381, 382, 378, 208, 209, 208, 378, 383, 384, 224, 239, 224, 384, 385, 386, 309, 303, 309, 386, 387, 388, 303, 304, 303, 388, 386, 389, 304, 293, 304, 389, 388, 390, 293, 287, 293, 390, 389, 391, 222, 247, 222, 391, 379, 392, 243, 267, 243, 392, 393, 394, 267, 268, 267, 394, 392, 395, 197, 223, 197, 395, 381, 396, 248, 246, 248, 396, 397, 380, 56, 221, 56, 380, 57, 397, 247, 248, 247, 397, 391, 382, 212, 196, 212, 382, 377, 398, 239, 240, 239, 398, 384, 393, 240, 243, 240, 393, 398, 385, 223, 224, 223, 385, 395, 387, 268, 309, 268, 387, 394, 383, 246, 208, 246, 383, 396, 302, 399, 288, 399, 302, 400, 279, 400, 302, 400, 279, 401, 313, 402, 312, 402, 313, 403, 310, 404, 295, 404, 310, 405, 333, 406, 308, 406, 333, 407, 307, 403, 313, 403, 307, 408, 280, 401, 279, 401, 280, 409, 354, 407, 333, 407, 354, 410, 358, 410, 354, 410, 358, 411, 308, 408, 307, 408, 308, 406, 399, 287, 288, 287, 399, 390, 311, 405, 310, 405, 311, 412, 331, 413, 350, 413, 331, 414, 294, 409, 280, 409, 294, 415, 350, 416, 356, 416, 350, 413, 332, 414, 331, 414, 332, 417, 356, 411, 358, 411, 356, 416, 295, 415, 294, 415, 295, 404, 305, 412, 311, 412, 305, 418, 306, 418, 305, 418, 306, 419, 312, 419, 306, 419, 312, 402, 362, 420, 373, 420, 362, 421, 349, 417, 332, 417, 349, 422, 353, 423, 359, 423, 353, 424, 340, 425, 341, 425, 340, 426, 339, 427, 338, 427, 339, 428, 364, 429, 360, 429, 364, 430, 345, 426, 340, 426, 345, 431, 344, 431, 345, 431, 344, 432, 363, 430, 364, 430, 363, 433, 361, 421, 362, 421, 361, 434, 324, 435, 316, 435, 324, 436, 360, 437, 355, 437, 360, 429, 373, 433, 363, 433, 373, 420, 341, 436, 324, 436, 341, 425, 357, 428, 339, 428, 357, 438, 346, 432, 344, 432, 346, 439, 355, 439, 346, 439, 355, 437, 317, 424, 353, 424, 317, 440, 338, 422, 349, 422, 338, 427, 316, 440, 317, 440, 316, 435, 359, 438, 357, 438, 359, 423, 374, 441, 375, 441, 374, 442, 442, 376, 443, 376, 442, 374, 443, 368, 444, 368, 443, 376, 375, 445, 365, 445, 375, 441, 370, 446, 371, 446, 370, 447, 444, 74, 73, 74, 444, 368, 365, 448, 366, 448, 365, 445, 367, 449, 372, 449, 367, 450, 451, 11, 14, 11, 451, 68, 369, 447, 370, 447, 369, 452, 372, 452, 369, 452, 372, 449, 366, 450, 367, 450, 366, 448, 371, 434, 361, 434, 371, 446, 455, 454, 453, 454, 455, 456, 453, 458, 457, 458, 453, 454, 461, 460, 459, 460, 461, 462, 459, 464, 463, 464, 459, 460, 467, 466, 465, 466, 467, 468, 468, 469, 466, 469, 468, 470, 454, 471, 458, 471, 454, 472, 475, 474, 473, 474, 475, 476, 479, 478, 477, 478, 479, 480, 483, 482, 481, 482, 483, 484, 485, 456, 455, 456, 485, 486, 486, 487, 456, 487, 486, 488, 490, 465, 489, 465, 490, 467, 492, 489, 491, 489, 492, 490, 491, 494, 493, 494, 491, 489, 470, 473, 469, 473, 470, 475, 462, 491, 460, 491, 462, 492, 477, 496, 495, 496, 477, 478, 499, 498, 497, 498, 499, 500, 497, 482, 484, 482, 497, 498, 502, 481, 501, 481, 502, 483, 501, 504, 503, 504, 501, 481, 465, 506, 505, 506, 465, 466, 508, 459, 507, 459, 508, 461, 507, 463, 509, 463, 507, 459, 510, 486, 485, 486, 510, 511, 466, 512, 506, 512, 466, 469, 476, 477, 474, 477, 476, 479, 480, 501, 478, 501, 480, 502, 513, 500, 499, 500, 513, 514, 457, 514, 513, 514, 457, 458, 456, 472, 454, 472, 456, 487, 474, 495, 515, 495, 474, 477, 458, 516, 514, 516, 458, 471, 469, 517, 512, 517, 469, 473, 460, 493, 464, 493, 460, 491, 489, 505, 494, 505, 489, 465, 473, 515, 517, 515, 473, 474, 478, 503, 496, 503, 478, 501, 481, 518, 504, 518, 481, 482, 500, 519, 498, 519, 500, 520, 522, 507, 521, 507, 522, 508, 482, 519, 518, 519, 482, 498, 514, 520, 500, 520, 514, 516, 525, 524, 523, 524, 525, 526, 526, 527, 524, 527, 526, 528, 529, 526, 525, 526, 529, 530, 533, 532, 531, 532, 533, 534, 535, 534, 533, 534, 535, 536, 539, 538, 537, 538, 539, 540, 528, 537, 527, 537, 528, 539, 543, 542, 541, 542, 543, 544, 545, 544, 543, 544, 545, 546, 549, 548, 547, 548, 549, 550, 551, 511, 510, 511, 551, 552, 552, 553, 511, 553, 552, 554, 557, 556, 555, 556, 557, 558, 560, 557, 559, 557, 560, 558, 561, 558, 560, 558, 561, 562, 564, 541, 563, 541, 564, 543, 534, 523, 532, 523, 534, 525, 566, 531, 565, 531, 566, 533, 547, 568, 567, 568, 547, 548, 567, 570, 569, 570, 567, 568, 564, 572, 571, 572, 564, 563, 574, 569, 573, 569, 574, 567, 555, 552, 551, 552, 555, 556, 540, 559, 538, 559, 540, 560, 575, 540, 539, 540, 575, 576, 556, 554, 552, 554, 556, 577, 571, 550, 549, 550, 571, 572, 578, 539, 528, 539, 578, 575, 545, 564, 579, 564, 545, 543, 579, 571, 580, 571, 579, 564, 582, 547, 581, 547, 582, 549, 569, 584, 583, 584, 569, 570, 583, 586, 585, 586, 583, 584, 544, 565, 542, 565, 544, 566, 581, 567, 574, 567, 581, 547, 511, 488, 486, 488, 511, 553, 558, 577, 556, 577, 558, 562, 530, 528, 526, 528, 530, 578, 536, 525, 534, 525, 536, 529, 587, 533, 566, 533, 587, 535, 580, 549, 582, 549, 580, 571, 546, 566, 544, 566, 546, 587, 576, 560, 540, 560, 576, 561, 590, 589, 588, 589, 590, 591, 592, 591, 590, 591, 592, 593, 585, 595, 594, 595, 585, 586, 597, 594, 596, 594, 597, 585, 600, 599, 598, 599, 600, 601, 603, 598, 602, 598, 603, 600, 606, 605, 604, 605, 606, 607, 608, 607, 606, 607, 608, 609, 588, 611, 610, 611, 588, 589, 613, 610, 612, 610, 613, 588, 616, 615, 614, 615, 616, 617, 619, 614, 618, 614, 619, 616, 604, 621, 620, 621, 604, 605, 623, 604, 622, 604, 623, 606, 620, 625, 624, 625, 620, 621, 624, 627, 626, 627, 624, 625, 629, 624, 628, 624, 629, 620, 626, 631, 630, 631, 626, 627, 630, 633, 632, 633, 630, 631, 635, 630, 634, 630, 635, 626, 614, 593, 592, 593, 614, 615, 598, 609, 608, 609, 598, 599, 602, 608, 636, 608, 602, 598, 638, 590, 637, 590, 638, 592, 628, 626, 635, 626, 628, 624, 632, 640, 639, 640, 632, 633, 594, 617, 616, 617, 594, 595, 596, 616, 619, 616, 596, 594, 641, 585, 597, 585, 641, 583, 642, 601, 600, 601, 642, 643, 610, 643, 642, 643, 610, 611, 612, 642, 644, 642, 612, 610, 618, 592, 638, 592, 618, 614, 622, 620, 629, 620, 622, 604, 637, 588, 613, 588, 637, 590, 644, 600, 603, 600, 644, 642, 636, 606, 623, 606, 636, 608, 573, 583, 641, 583, 573, 569, 494, 646, 645, 646, 494, 505, 504, 648, 647, 648, 504, 518, 516, 649, 520, 649, 516, 650, 553, 651, 488, 651, 553, 652, 472, 653, 471, 653, 472, 654, 488, 655, 487, 655, 488, 651, 554, 652, 553, 652, 554, 656, 493, 645, 657, 645, 493, 494, 512, 659, 658, 659, 512, 517, 519, 648, 518, 648, 519, 660, 464, 657, 661, 657, 464, 493, 503, 647, 662, 647, 503, 504, 517, 663, 659, 663, 517, 515, 506, 658, 664, 658, 506, 512, 495, 666, 665, 666, 495, 496, 520, 660, 519, 660, 520, 649, 471, 650, 516, 650, 471, 653, 515, 665, 663, 665, 515, 495, 487, 654, 472, 654, 487, 655, 505, 664, 646, 664, 505, 506, 496, 662, 666, 662, 496, 503, 669, 668, 667, 668, 669, 670, 672, 669, 671, 669, 672, 670, 675, 674, 673, 674, 675, 676, 678, 675, 677, 675, 678, 676, 680, 639, 679, 639, 680, 632, 683, 682, 681, 682, 683, 684, 684, 685, 682, 685, 684, 686, 634, 632, 680, 632, 634, 630, 689, 688, 687, 688, 689, 690, 668, 687, 691, 687, 668, 689, 693, 683, 692, 683, 693, 684, 696, 695, 694, 695, 696, 697, 698, 683, 681, 683, 698, 699, 702, 701, 700, 701, 702, 703, 704, 703, 702, 703, 704, 705, 694, 699, 698, 699, 694, 695, 706, 697, 696, 697, 706, 707, 709, 707, 708, 707, 709, 697, 676, 710, 674, 710, 676, 711, 711, 667, 710, 667, 711, 669, 712, 705, 704, 705, 712, 713, 715, 705, 714, 705, 715, 703, 700, 707, 706, 707, 700, 701, 716, 684, 693, 684, 716, 686, 686, 717, 685, 717, 686, 718, 719, 686, 716, 686, 719, 718, 721, 695, 720, 695, 721, 699, 671, 711, 722, 711, 671, 669, 690, 723, 688, 723, 690, 724, 722, 676, 678, 676, 722, 711, 725, 690, 689, 690, 725, 726, 708, 701, 727, 701, 708, 707, 727, 703, 715, 703, 727, 701, 728, 713, 712, 713, 728, 729, 714, 713, 730, 713, 714, 705, 670, 689, 668, 689, 670, 725, 692, 699, 721, 699, 692, 683, 718, 673, 717, 673, 718, 675, 720, 697, 709, 697, 720, 695, 639, 723, 724, 723, 639, 640, 677, 718, 719, 718, 677, 675, 679, 724, 731, 724, 679, 639, 731, 690, 726, 690, 731, 724, 734, 733, 732, 733, 734, 735, 738, 737, 736, 737, 738, 739, 732, 741, 740, 741, 732, 733, 735, 742, 733, 742, 735, 521, 509, 744, 743, 744, 509, 463, 747, 746, 745, 746, 747, 748, 750, 748, 749, 748, 750, 746, 753, 752, 751, 752, 753, 754, 754, 755, 752, 755, 754, 756, 463, 661, 744, 661, 463, 464, 521, 509, 742, 509, 521, 507, 739, 751, 737, 751, 739, 753, 745, 729, 728, 729, 745, 746, 737, 758, 757, 758, 737, 751, 747, 759, 748, 759, 747, 760, 763, 762, 761, 762, 763, 764, 736, 757, 765, 757, 736, 737, 764, 736, 762, 736, 764, 738, 730, 729, 766, 729, 730, 713, 751, 767, 758, 767, 751, 752, 769, 732, 768, 732, 769, 734, 760, 761, 759, 761, 760, 763, 756, 770, 755, 770, 756, 771, 771, 768, 770, 768, 771, 769, 752, 772, 767, 772, 752, 755, 755, 773, 772, 773, 755, 770, 759, 775, 774, 775, 759, 761, 766, 746, 750, 746, 766, 729, 749, 759, 774, 759, 749, 748, 761, 776, 775, 776, 761, 762, 770, 777, 773, 777, 770, 768, 768, 740, 777, 740, 768, 732, 733, 778, 741, 778, 733, 742, 742, 743, 778, 743, 742, 509, 762, 765, 776, 765, 762, 736, 781, 780, 779, 780, 781, 782, 783, 782, 781, 782, 783, 784, 787, 786, 785, 786, 787, 788, 790, 785, 789, 785, 790, 787, 780, 791, 779, 791, 780, 792, 779, 794, 793, 794, 779, 791, 782, 681, 780, 681, 782, 698, 792, 789, 791, 789, 792, 790, 797, 796, 795, 796, 797, 691, 691, 798, 796, 798, 691, 687, 800, 795, 799, 795, 800, 797, 802, 799, 801, 799, 802, 800, 674, 800, 802, 800, 674, 710, 717, 788, 787, 788, 717, 673, 667, 691, 797, 691, 667, 668, 803, 779, 793, 779, 803, 781, 804, 781, 803, 781, 804, 783, 801, 806, 805, 806, 801, 799, 788, 801, 786, 801, 788, 802, 673, 802, 788, 802, 673, 674, 807, 784, 783, 784, 807, 808, 710, 797, 800, 797, 710, 667, 795, 810, 809, 810, 795, 796, 786, 805, 811, 805, 786, 801, 799, 809, 806, 809, 799, 795, 685, 787, 790, 787, 685, 717, 682, 790, 792, 790, 682, 685, 785, 811, 812, 811, 785, 786, 789, 812, 813, 812, 789, 785, 791, 813, 794, 813, 791, 789, 681, 792, 780, 792, 681, 682, 816, 815, 814, 815, 816, 817, 817, 745, 815, 745, 817, 747, 818, 817, 816, 817, 818, 819, 819, 747, 817, 747, 819, 760, 818, 820, 819, 820, 818, 821, 819, 763, 760, 763, 819, 820, 824, 823, 822, 823, 824, 825, 822, 808, 807, 808, 822, 823, 827, 807, 826, 807, 827, 822, 830, 829, 828, 829, 830, 831, 833, 828, 832, 828, 833, 830, 834, 831, 830, 831, 834, 835, 836, 830, 833, 830, 836, 834, 837, 835, 834, 835, 837, 838, 838, 712, 835, 712, 838, 728, 839, 821, 818, 821, 839, 840, 841, 822, 827, 822, 841, 824, 842, 834, 836, 834, 842, 837, 823, 696, 808, 696, 823, 706, 828, 825, 824, 825, 828, 829, 826, 783, 804, 783, 826, 807, 831, 702, 829, 702, 831, 704, 814, 838, 837, 838, 814, 815, 815, 728, 838, 728, 815, 745, 832, 824, 841, 824, 832, 828, 843, 818, 816, 818, 843, 839, 784, 698, 782, 698, 784, 694, 808, 694, 784, 694, 808, 696, 821, 844, 820, 844, 821, 845, 825, 706, 823, 706, 825, 700, 835, 704, 831, 704, 835, 712, 846, 837, 842, 837, 846, 814, 829, 700, 825, 700, 829, 702, 843, 814, 846, 814, 843, 816, 849, 848, 847, 848, 849, 850, 847, 739, 738, 739, 847, 848, 853, 852, 851, 852, 853, 854, 856, 851, 855, 851, 856, 853, 859, 858, 857, 858, 859, 860, 861, 860, 859, 860, 861, 862, 851, 756, 754, 756, 851, 852, 863, 853, 856, 853, 863, 864, 866, 857, 865, 857, 866, 859, 857, 734, 769, 734, 857, 858, 864, 854, 853, 854, 864, 867, 868, 850, 849, 850, 868, 869, 850, 855, 848, 855, 850, 856, 848, 753, 739, 753, 848, 855, 860, 870, 858, 870, 860, 871, 862, 871, 860, 871, 862, 872, 855, 754, 753, 754, 855, 851, 873, 859, 866, 859, 873, 861, 871, 522, 870, 522, 871, 874, 858, 735, 734, 735, 858, 870, 854, 865, 852, 865, 854, 866, 840, 845, 821, 845, 840, 875, 845, 847, 844, 847, 845, 849, 875, 849, 845, 849, 875, 868, 869, 856, 850, 856, 869, 863, 874, 508, 522, 508, 874, 876, 844, 738, 764, 738, 844, 847, 852, 771, 756, 771, 852, 865, 867, 866, 854, 866, 867, 873, 865, 769, 771, 769, 865, 857, 870, 521, 735, 521, 870, 522, 877, 876, 874, 876, 877, 878, 876, 461, 508, 461, 876, 879, 820, 764, 763, 764, 820, 844, 872, 874, 871, 874, 872, 877, 880, 470, 468, 470, 880, 881, 881, 475, 470, 475, 881, 882, 882, 476, 475, 476, 882, 883, 883, 479, 476, 479, 883, 884, 885, 884, 883, 884, 885, 886, 884, 480, 479, 480, 884, 887, 886, 887, 884, 887, 886, 888, 878, 879, 876, 879, 878, 889, 890, 467, 490, 467, 890, 891, 892, 490, 492, 490, 892, 890, 887, 502, 480, 502, 887, 893, 893, 483, 502, 483, 893, 894, 895, 894, 893, 894, 895, 896, 898, 484, 897, 484, 898, 497, 900, 897, 899, 897, 900, 898, 902, 499, 901, 499, 902, 513, 901, 497, 898, 497, 901, 499, 903, 891, 890, 891, 903, 904, 894, 484, 483, 484, 894, 897, 905, 492, 462, 492, 905, 892, 879, 462, 461, 462, 879, 905, 891, 468, 467, 468, 891, 880, 906, 882, 881, 882, 906, 907, 904, 880, 891, 880, 904, 908, 909, 892, 905, 892, 909, 910, 910, 890, 892, 890, 910, 903, 907, 883, 882, 883, 907, 885, 889, 905, 879, 905, 889, 909, 908, 881, 880, 881, 908, 906, 896, 897, 894, 897, 896, 899, 888, 893, 887, 893, 888, 895, 911, 898, 900, 898, 911, 901, 912, 513, 902, 513, 912, 457, 914, 902, 913, 902, 914, 912, 916, 455, 915, 455, 916, 485, 918, 915, 917, 915, 918, 916, 920, 510, 919, 510, 920, 551, 921, 551, 920, 551, 921, 555, 915, 453, 922, 453, 915, 455, 913, 901, 911, 901, 913, 902, 922, 457, 912, 457, 922, 453, 919, 485, 916, 485, 919, 510, 923, 916, 918, 916, 923, 919, 924, 912, 914, 912, 924, 922, 925, 919, 923, 919, 925, 920, 917, 922, 924, 922, 917, 915, 563, 926, 572, 926, 563, 927, 523, 929, 928, 929, 523, 524, 531, 931, 930, 931, 531, 532, 565, 930, 932, 930, 565, 531, 541, 934, 933, 934, 541, 542, 542, 932, 934, 932, 542, 565, 934, 936, 935, 936, 934, 932, 572, 937, 550, 937, 572, 926, 570, 938, 584, 938, 570, 939, 568, 939, 570, 939, 568, 940, 933, 935, 941, 935, 933, 934, 550, 942, 548, 942, 550, 937, 937, 943, 942, 943, 937, 944, 584, 945, 586, 945, 584, 938, 548, 940, 568, 940, 548, 942, 927, 946, 926, 946, 927, 947, 586, 948, 595, 948, 586, 945, 595, 949, 617, 949, 595, 948, 524, 950, 929, 950, 524, 527, 563, 933, 927, 933, 563, 541, 928, 952, 951, 952, 928, 929, 532, 928, 931, 928, 532, 523, 931, 951, 953, 951, 931, 928, 938, 954, 945, 954, 938, 955, 932, 956, 936, 956, 932, 930, 933, 947, 927, 947, 933, 941, 926, 944, 937, 944, 926, 946, 942, 957, 940, 957, 942, 943, 940, 958, 939, 958, 940, 957, 930, 953, 956, 953, 930, 931, 939, 955, 938, 955, 939, 958, 945, 959, 948, 959, 945, 954, 948, 960, 949, 960, 948, 959, 537, 962, 961, 962, 537, 538, 527, 961, 950, 961, 527, 537, 929, 963, 952, 963, 929, 950, 964, 555, 921, 555, 964, 557, 538, 965, 962, 965, 538, 559, 966, 920, 925, 920, 966, 921, 559, 964, 965, 964, 559, 557, 961, 968, 967, 968, 961, 962, 969, 921, 966, 921, 969, 964, 962, 970, 968, 970, 962, 965, 950, 967, 963, 967, 950, 961, 965, 969, 970, 969, 965, 964, 591, 971, 589, 971, 591, 972, 601, 973, 599, 973, 601, 974, 974, 975, 973, 975, 974, 976, 599, 977, 609, 977, 599, 973, 973, 978, 977, 978, 973, 975, 643, 974, 601, 974, 643, 979, 607, 980, 605, 980, 607, 981, 605, 982, 621, 982, 605, 980, 617, 983, 615, 983, 617, 949, 980, 984, 982, 984, 980, 985, 621, 986, 625, 986, 621, 982, 625, 987, 627, 987, 625, 986, 589, 988, 611, 988, 589, 971, 986, 989, 987, 989, 986, 990, 611, 979, 643, 979, 611, 988, 988, 991, 979, 991, 988, 992, 979, 976, 974, 976, 979, 991, 615, 993, 593, 993, 615, 983, 609, 981, 607, 981, 609, 977, 977, 994, 981, 994, 977, 978, 627, 995, 631, 995, 627, 987, 631, 996, 633, 996, 631, 995, 982, 990, 986, 990, 982, 984, 987, 997, 995, 997, 987, 989, 981, 985, 980, 985, 981, 994, 593, 972, 591, 972, 593, 993, 993, 998, 972, 998, 993, 999, 995, 1000, 996, 1000, 995, 997, 971, 992, 988, 992, 971, 1001, 949, 1002, 983, 1002, 949, 960, 972, 1001, 971, 1001, 972, 998, 983, 999, 993, 999, 983, 1002, 687, 1003, 798, 1003, 687, 688, 688, 1004, 1003, 1004, 688, 723, 640, 1004, 723, 1004, 640, 1005, 1003, 1007, 1006, 1007, 1003, 1004, 633, 1005, 640, 1005, 633, 996, 798, 1006, 1008, 1006, 798, 1003, 996, 1009, 1005, 1009, 996, 1000, 796, 1008, 810, 1008, 796, 798, 1005, 1007, 1004, 1007, 1005, 1009, 1011, 296, 1010, 296, 1011, 249, 1012, 249, 1011, 249, 1012, 251, 1014, 269, 1013, 269, 1014, 271, 1010, 275, 1015, 275, 1010, 296, 1017, 261, 1016, 261, 1017, 263, 1019, 342, 1018, 342, 1019, 334, 1021, 336, 1020, 336, 1021, 327, 1023, 322, 1022, 322, 1023, 318, 1024, 318, 1023, 318, 1024, 320, 325, 1024, 1025, 1024, 325, 320, 351, 1025, 1026, 1025, 351, 325, 314, 1026, 1027, 1026, 314, 351, 1018, 263, 1017, 263, 1018, 342, 1029, 329, 1028, 329, 1029, 347, 1022, 347, 1029, 347, 1022, 322, 1030, 271, 1014, 271, 1030, 273, 99, 1027, 97, 1027, 99, 314, 1015, 273, 1030, 273, 1015, 275, 1016, 251, 1012, 251, 1016, 261, 1020, 334, 1019, 334, 1020, 336, 1028, 327, 1021, 327, 1028, 329, 1013, 259, 1031, 259, 1013, 269, 1033, 1018, 1032, 1018, 1033, 1019, 1032, 1017, 1034, 1017, 1032, 1018, 1035, 1019, 1033, 1019, 1035, 1020, 1037, 1031, 1036, 1031, 1037, 1013, 1039, 1030, 1038, 1030, 1039, 1015, 1040, 1015, 1039, 1015, 1040, 1010, 1036, 1042, 1041, 1042, 1036, 1031, 1031, 255, 1042, 255, 1031, 259, 1043, 1010, 1040, 1010, 1043, 1011, 1044, 1020, 1035, 1020, 1044, 1021, 1045, 1011, 1043, 1011, 1045, 1012, 1047, 1022, 1046, 1022, 1047, 1023, 1048, 1021, 1044, 1021, 1048, 1028, 1038, 1014, 1049, 1014, 1038, 1030, 1049, 1013, 1037, 1013, 1049, 1014, 1050, 1028, 1048, 1028, 1050, 1029, 1046, 1029, 1050, 1029, 1046, 1022, 1051, 1012, 1045, 1012, 1051, 1016, 1052, 1023, 1047, 1023, 1052, 1024, 1041, 1054, 1053, 1054, 1041, 1042, 1042, 253, 1054, 253, 1042, 255, 1034, 1016, 1051, 1016, 1034, 1017, 1025, 1052, 1055, 1052, 1025, 1024, 1026, 1055, 1056, 1055, 1026, 1025, 1027, 1056, 1057, 1056, 1027, 1026, 130, 1059, 1058, 1059, 130, 100, 106, 1061, 1060, 1061, 106, 107, 107, 1058, 1061, 1058, 107, 130, 97, 1057, 1062, 1057, 97, 1027, 93, 1064, 1063, 1064, 93, 112, 112, 1065, 1064, 1065, 112, 113, 82, 1067, 1066, 1067, 82, 102, 102, 1068, 1067, 1068, 102, 118, 96, 1062, 1069, 1062, 96, 97, 90, 1063, 1070, 1063, 90, 93, 120, 1072, 1071, 1072, 120, 110, 81, 1066, 1073, 1066, 81, 82, 85, 1073, 1074, 1073, 85, 81, 79, 1074, 1075, 1074, 79, 85, 113, 1071, 1065, 1071, 113, 120, 76, 1075, 1076, 1075, 76, 79, 75, 1076, 1077, 1076, 75, 76, 118, 1078, 1068, 1078, 118, 89, 100, 1069, 1059, 1069, 100, 96, 89, 1070, 1078, 1070, 89, 90, 110, 1060, 1072, 1060, 110, 106, 124, 1077, 1079, 1077, 124, 75, 126, 1079, 1080, 1079, 126, 124, 172, 1081, 174, 1081, 172, 1082, 174, 1083, 181, 1083, 174, 1081, 129, 1084, 162, 1084, 129, 1085, 152, 1086, 158, 1086, 152, 1087, 158, 1088, 170, 1088, 158, 1086, 129, 1080, 1085, 1080, 129, 126, 162, 1089, 160, 1089, 162, 1084, 150, 1090, 148, 1090, 150, 1091, 148, 1092, 146, 1092, 148, 1090, 156, 1093, 154, 1093, 156, 1094, 166, 1094, 156, 1094, 166, 1095, 146, 1095, 166, 1095, 146, 1092, 178, 1096, 176, 1096, 178, 1097, 170, 1082, 172, 1082, 170, 1088, 168, 1091, 150, 1091, 168, 1098, 163, 1097, 178, 1097, 163, 164, 181, 1099, 183, 1099, 181, 1083, 160, 1100, 164, 1100, 160, 1089, 176, 1098, 168, 1098, 176, 1096, 154, 1087, 152, 1087, 154, 1093, 1102, 192, 1101, 192, 1102, 194, 1103, 194, 1102, 194, 1103, 213, 1105, 200, 1104, 200, 1105, 202, 1104, 198, 1106, 198, 1104, 200, 1108, 225, 1107, 225, 1108, 227, 1109, 202, 1105, 202, 1109, 217, 188, 1110, 232, 1110, 188, 1111, 1107, 229, 1112, 229, 1107, 225, 1114, 206, 1113, 206, 1114, 210, 183, 1115, 186, 1115, 183, 1099, 186, 1111, 188, 1111, 186, 1115, 1101, 210, 1114, 210, 1101, 192, 1116, 213, 1103, 213, 1116, 215, 1117, 227, 1108, 227, 1117, 204, 1106, 245, 1118, 245, 1106, 198, 1119, 215, 1116, 215, 1119, 233, 232, 1118, 245, 1118, 232, 1110, 1112, 219, 1120, 219, 1112, 229, 1113, 204, 1117, 204, 1113, 206, 1121, 233, 1119, 233, 1121, 235, 1120, 217, 1109, 217, 1120, 219, 1123, 241, 1122, 241, 1123, 265, 1122, 237, 1124, 237, 1122, 241, 1125, 265, 1123, 265, 1125, 289, 1126, 289, 1125, 289, 1126, 298, 1128, 300, 1127, 300, 1128, 291, 1129, 291, 1128, 291, 1129, 281, 1127, 298, 1126, 298, 1127, 300, 1130, 281, 1129, 281, 1130, 283, 1124, 235, 1121, 235, 1124, 237, 1131, 283, 1130, 283, 1131, 285, 1132, 285, 1131, 285, 1132, 277, 1133, 277, 1132, 277, 1133, 257, 1054, 257, 1133, 257, 1054, 253, 1135, 678, 1134, 678, 1135, 722, 1137, 716, 1136, 716, 1137, 719, 1139, 731, 1138, 731, 1139, 679, 1141, 714, 1140, 714, 1141, 715, 1134, 677, 1142, 677, 1134, 678, 1138, 726, 1143, 726, 1138, 731, 1142, 719, 1137, 719, 1142, 677, 1140, 730, 1144, 730, 1140, 714, 1144, 766, 1145, 766, 1144, 730, 1146, 670, 672, 670, 1146, 725, 1145, 750, 1147, 750, 1145, 766, 1149, 671, 1148, 671, 1149, 672, 1151, 720, 1150, 720, 1151, 721, 1136, 693, 1152, 693, 1136, 716, 1153, 721, 1151, 721, 1153, 692, 1143, 725, 1146, 725, 1143, 726, 1152, 692, 1153, 692, 1152, 693, 1155, 708, 1154, 708, 1155, 709, 1154, 727, 1156, 727, 1154, 708, 1150, 709, 1155, 709, 1150, 720, 1156, 715, 1141, 715, 1156, 727, 1148, 722, 1135, 722, 1148, 671, 545, 1157, 546, 1157, 545, 1158, 578, 1159, 575, 1159, 578, 1160, 576, 1161, 561, 1161, 576, 1162, 529, 1163, 530, 1163, 529, 1164, 1166, 597, 1165, 597, 1166, 641, 561, 1167, 562, 1167, 561, 1161, 577, 656, 554, 656, 577, 1168, 536, 1164, 529, 1164, 536, 1169, 1171, 581, 1170, 581, 1171, 582, 546, 1172, 587, 1172, 546, 1157, 1173, 582, 1171, 582, 1173, 580, 1174, 641, 1166, 641, 1174, 573, 575, 1162, 576, 1162, 575, 1159, 530, 1160, 578, 1160, 530, 1163, 587, 1175, 535, 1175, 587, 1172, 1176, 580, 1173, 580, 1176, 579, 1177, 573, 1174, 573, 1177, 574, 1170, 574, 1177, 574, 1170, 581, 562, 1168, 577, 1168, 562, 1167, 579, 1158, 545, 1158, 579, 1176, 535, 1169, 536, 1169, 535, 1175, 1179, 635, 1178, 635, 1179, 628, 1180, 679, 1139, 679, 1180, 680, 1182, 629, 1181, 629, 1182, 622, 1178, 634, 1183, 634, 1178, 635, 1185, 619, 1184, 619, 1185, 596, 1187, 636, 1186, 636, 1187, 602, 1184, 618, 1188, 618, 1184, 619, 1190, 613, 1189, 613, 1190, 637, 1192, 603, 1191, 603, 1192, 644, 1181, 628, 1179, 628, 1181, 629, 1189, 612, 1193, 612, 1189, 613, 1188, 638, 1194, 638, 1188, 618, 1165, 596, 1185, 596, 1165, 597, 1194, 637, 1190, 637, 1194, 638, 1193, 644, 1192, 644, 1193, 612, 1186, 623, 1195, 623, 1186, 636, 1195, 622, 1182, 622, 1195, 623, 1183, 680, 1180, 680, 1183, 634, 1191, 602, 1187, 602, 1191, 603, 776, 1197, 1196, 1197, 776, 765, 758, 1199, 1198, 1199, 758, 767, 743, 1201, 1200, 1201, 743, 744, 765, 1202, 1197, 1202, 765, 757, 744, 1203, 1201, 1203, 744, 661, 661, 1204, 1203, 1204, 661, 657, 757, 1198, 1202, 1198, 757, 758, 657, 1205, 1204, 1205, 657, 645, 749, 1207, 1206, 1207, 749, 774, 774, 1208, 1207, 1208, 774, 775, 645, 1209, 1205, 1209, 645, 646, 646, 1210, 1209, 1210, 646, 664, 777, 1212, 1211, 1212, 777, 740, 1147, 749, 1206, 749, 1147, 750, 767, 1213, 1199, 1213, 767, 772, 773, 1211, 1214, 1211, 773, 777, 772, 1214, 1213, 1214, 772, 773, 740, 1215, 1212, 1215, 740, 741, 741, 1216, 1215, 1216, 741, 778, 778, 1200, 1216, 1200, 778, 743, 775, 1196, 1208, 1196, 775, 776, 652, 1217, 651, 1217, 652, 1218, 658, 1220, 1219, 1220, 658, 659, 1168, 1221, 656, 1221, 1168, 1222, 662, 1224, 1223, 1224, 662, 647, 649, 1225, 660, 1225, 649, 1226, 1167, 1222, 1168, 1222, 1167, 1227, 1162, 1228, 1161, 1228, 1162, 1229, 1161, 1227, 1167, 1227, 1161, 1228, 653, 1230, 650, 1230, 653, 1231, 663, 1233, 1232, 1233, 663, 665, 666, 1223, 1234, 1223, 666, 662, 651, 1235, 655, 1235, 651, 1217, 650, 1226, 649, 1226, 650, 1230, 647, 1236, 1224, 1236, 647, 648, 656, 1218, 652, 1218, 656, 1221, 654, 1231, 653, 1231, 654, 1237, 665, 1234, 1233, 1234, 665, 666, 648, 1225, 1236, 1225, 648, 660, 659, 1232, 1220, 1232, 659, 663, 664, 1219, 1210, 1219, 664, 658, 655, 1237, 654, 1237, 655, 1235, 1239, 1185, 1238, 1185, 1239, 1165, 1163, 1240, 1160, 1240, 1163, 1241, 1242, 1165, 1239, 1165, 1242, 1166, 1244, 1176, 1243, 1176, 1244, 1158, 1169, 1245, 1164, 1245, 1169, 1246, 1248, 1171, 1247, 1171, 1248, 1173, 1238, 1184, 1249, 1184, 1238, 1185, 1159, 1229, 1162, 1229, 1159, 1250, 1175, 1246, 1169, 1246, 1175, 1251, 1160, 1250, 1159, 1250, 1160, 1240, 1158, 1252, 1157, 1252, 1158, 1244, 1172, 1251, 1175, 1251, 1172, 1253, 1164, 1241, 1163, 1241, 1164, 1245, 1243, 1173, 1248, 1173, 1243, 1176, 1247, 1170, 1254, 1170, 1247, 1171, 1157, 1253, 1172, 1253, 1157, 1252, 1254, 1177, 1255, 1177, 1254, 1170, 1255, 1174, 1256, 1174, 1255, 1177, 1256, 1166, 1242, 1166, 1256, 1174, 1258, 1143, 1257, 1143, 1258, 1138, 1257, 1146, 1259, 1146, 1257, 1143, 1261, 1192, 1260, 1192, 1261, 1193, 1262, 1193, 1261, 1193, 1262, 1189, 1264, 1182, 1263, 1182, 1264, 1195, 1263, 1181, 1265, 1181, 1263, 1182, 1260, 1191, 1266, 1191, 1260, 1192, 1267, 1195, 1264, 1195, 1267, 1186, 1269, 1264, 1268, 1264, 1269, 1267, 1271, 1178, 1270, 1178, 1271, 1179, 1270, 1183, 1272, 1183, 1270, 1178, 1272, 1180, 1273, 1180, 1272, 1183, 1275, 1261, 1274, 1261, 1275, 1262, 1276, 1138, 1258, 1138, 1276, 1139, 1265, 1179, 1271, 1179, 1265, 1181, 1278, 1271, 1277, 1271, 1278, 1265, 1277, 1270, 1279, 1270, 1277, 1271, 1273, 1139, 1276, 1139, 1273, 1180, 1281, 1276, 1280, 1276, 1281, 1273, 1282, 1265, 1278, 1265, 1282, 1263, 1283, 1257, 1259, 1257, 1283, 1284, 1285, 1189, 1262, 1189, 1285, 1190, 1286, 1262, 1275, 1262, 1286, 1285, 1287, 1149, 1148, 1149, 1287, 1288, 1289, 1288, 1287, 1288, 1289, 1100, 1290, 1148, 1135, 1148, 1290, 1287, 1268, 1263, 1282, 1263, 1268, 1264, 1280, 1258, 1291, 1258, 1280, 1276, 1279, 1272, 1292, 1272, 1279, 1270, 1259, 672, 1149, 672, 1259, 1146, 1288, 1259, 1149, 1259, 1288, 1283, 1293, 1135, 1134, 1135, 1293, 1290, 1294, 1287, 1290, 1287, 1294, 1289, 1295, 1134, 1142, 1134, 1295, 1293, 1296, 1290, 1293, 1290, 1296, 1294, 1266, 1187, 1297, 1187, 1266, 1191, 1297, 1186, 1267, 1186, 1297, 1187, 1274, 1260, 1298, 1260, 1274, 1261, 1284, 1258, 1257, 1258, 1284, 1291, 1292, 1273, 1281, 1273, 1292, 1272, 1300, 1297, 1299, 1297, 1300, 1266, 1301, 1190, 1285, 1190, 1301, 1194, 1298, 1266, 1300, 1266, 1298, 1260, 1299, 1267, 1269, 1267, 1299, 1297, 1249, 1188, 1302, 1188, 1249, 1184, 1302, 1194, 1301, 1194, 1302, 1188, 1151, 1303, 1153, 1303, 1151, 1304, 1141, 1305, 1156, 1305, 1141, 1306, 1154, 1307, 1155, 1307, 1154, 1308, 1145, 1309, 1144, 1309, 1145, 1310, 1206, 1311, 1147, 1311, 1206, 1312, 1313, 1137, 1136, 1137, 1313, 1314, 1303, 1152, 1153, 1152, 1303, 1315, 1155, 1316, 1150, 1316, 1155, 1307, 1144, 1317, 1140, 1317, 1144, 1309, 1207, 1312, 1206, 1312, 1207, 1318, 1150, 1304, 1151, 1304, 1150, 1316, 1156, 1308, 1154, 1308, 1156, 1305, 1315, 1136, 1152, 1136, 1315, 1313, 1314, 1142, 1137, 1142, 1314, 1295, 1140, 1306, 1141, 1306, 1140, 1317, 1147, 1310, 1145, 1310, 1147, 1311, 1207, 1319, 1318, 1319, 1207, 1208, 1208, 1320, 1319, 1320, 1208, 1196, 1203, 1322, 1321, 1322, 1203, 1204, 1215, 1324, 1323, 1324, 1215, 1216, 1204, 1325, 1322, 1325, 1204, 1205, 1232, 1327, 1326, 1327, 1232, 1233, 1219, 1329, 1328, 1329, 1219, 1220, 1202, 1331, 1330, 1331, 1202, 1198, 1214, 1333, 1332, 1333, 1214, 1211, 1197, 1330, 1334, 1330, 1197, 1202, 1198, 1335, 1331, 1335, 1198, 1199, 1196, 1334, 1320, 1334, 1196, 1197, 1212, 1323, 1336, 1323, 1212, 1215, 1220, 1326, 1329, 1326, 1220, 1232, 1213, 1332, 1337, 1332, 1213, 1214, 1209, 1339, 1338, 1339, 1209, 1210, 1199, 1337, 1335, 1337, 1199, 1213, 1205, 1338, 1325, 1338, 1205, 1209, 1201, 1321, 1340, 1321, 1201, 1203, 1200, 1340, 1341, 1340, 1200, 1201, 1216, 1341, 1324, 1341, 1216, 1200, 1211, 1336, 1333, 1336, 1211, 1212, 1210, 1328, 1339, 1328, 1210, 1219, 1223, 1343, 1342, 1343, 1223, 1224, 1344, 1228, 1229, 1228, 1344, 1345, 1346, 1240, 1241, 1240, 1346, 1347, 1233, 1348, 1327, 1348, 1233, 1234, 1231, 1349, 1230, 1349, 1231, 1350, 1227, 1351, 1222, 1351, 1227, 1352, 1222, 1353, 1221, 1353, 1222, 1351, 1347, 1250, 1240, 1250, 1347, 1354, 1355, 1245, 1246, 1245, 1355, 1356, 1226, 1357, 1225, 1357, 1226, 1358, 1218, 1359, 1217, 1359, 1218, 1360, 1224, 1361, 1343, 1361, 1224, 1236, 1221, 1360, 1218, 1360, 1221, 1353, 1345, 1227, 1228, 1227, 1345, 1352, 1354, 1229, 1250, 1229, 1354, 1344, 1235, 1362, 1237, 1362, 1235, 1363, 1225, 1361, 1236, 1361, 1225, 1357, 1237, 1350, 1231, 1350, 1237, 1362, 1356, 1241, 1245, 1241, 1356, 1346, 1234, 1342, 1348, 1342, 1234, 1223, 1230, 1358, 1226, 1358, 1230, 1349, 1217, 1363, 1235, 1363, 1217, 1359, 1364, 1253, 1252, 1253, 1364, 1365, 1366, 1252, 1244, 1252, 1366, 1364, 1368, 1242, 1367, 1242, 1368, 1256, 1370, 1255, 1369, 1255, 1370, 1254, 1372, 1238, 1371, 1238, 1372, 1239, 1367, 1239, 1372, 1239, 1367, 1242, 1371, 1249, 1373, 1249, 1371, 1238, 1365, 1251, 1253, 1251, 1365, 1374, 1373, 1302, 1375, 1302, 1373, 1249, 1375, 1301, 1376, 1301, 1375, 1302, 1378, 1248, 1377, 1248, 1378, 1243, 1377, 1247, 1379, 1247, 1377, 1248, 1378, 1244, 1243, 1244, 1378, 1366, 1379, 1254, 1370, 1254, 1379, 1247, 1369, 1256, 1368, 1256, 1369, 1255, 1376, 1285, 1286, 1285, 1376, 1301, 1374, 1246, 1251, 1246, 1374, 1355, 1317, 1380, 1306, 1380, 1317, 1381, 1319, 1382, 1318, 1382, 1319, 1383, 1307, 1384, 1316, 1384, 1307, 1385, 1306, 1386, 1305, 1386, 1306, 1380, 1330, 1387, 1334, 1387, 1330, 1388, 1334, 1389, 1320, 1389, 1334, 1387, 1318, 1390, 1312, 1390, 1318, 1382, 1320, 1383, 1319, 1383, 1320, 1389, 1308, 1385, 1307, 1385, 1308, 1391, 1309, 1381, 1317, 1381, 1309, 1392, 1393, 1314, 1313, 1314, 1393, 1394, 1395, 1313, 1315, 1313, 1395, 1393, 1310, 1392, 1309, 1392, 1310, 1396, 1394, 1295, 1314, 1295, 1394, 1397, 1398, 1315, 1303, 1315, 1398, 1395, 1305, 1391, 1308, 1391, 1305, 1386, 1311, 1396, 1310, 1396, 1311, 1399, 1304, 1398, 1303, 1398, 1304, 1400, 1312, 1399, 1311, 1399, 1312, 1390, 1397, 1293, 1295, 1293, 1397, 1296, 1316, 1400, 1304, 1400, 1316, 1384, 1338, 1401, 1325, 1401, 1338, 1402, 1333, 1403, 1332, 1403, 1333, 1404, 1328, 1405, 1339, 1405, 1328, 1406, 1324, 1407, 1323, 1407, 1324, 1408, 1341, 1408, 1324, 1408, 1341, 1409, 1322, 1410, 1321, 1410, 1322, 1411, 1323, 1412, 1336, 1412, 1323, 1407, 1327, 1413, 1326, 1413, 1327, 1414, 1336, 1404, 1333, 1404, 1336, 1412, 1325, 1411, 1322, 1411, 1325, 1401, 1340, 1409, 1341, 1409, 1340, 1415, 1342, 1416, 1348, 1416, 1342, 1417, 1343, 1417, 1342, 1417, 1343, 1418, 1331, 1388, 1330, 1388, 1331, 1419, 1339, 1402, 1338, 1402, 1339, 1405, 1321, 1415, 1340, 1415, 1321, 1410, 1329, 1406, 1328, 1406, 1329, 1420, 1337, 1421, 1335, 1421, 1337, 1422, 1326, 1420, 1329, 1420, 1326, 1413, 1348, 1414, 1327, 1414, 1348, 1416, 1335, 1419, 1331, 1419, 1335, 1421, 1332, 1422, 1337, 1422, 1332, 1403, 1357, 1423, 1361, 1423, 1357, 1424, 1044, 1356, 1355, 1356, 1044, 1035, 1350, 1053, 1349, 1053, 1350, 1041, 1352, 1040, 1351, 1040, 1352, 1043, 1363, 1036, 1362, 1036, 1363, 1037, 1353, 1038, 1360, 1038, 1353, 1039, 1362, 1041, 1350, 1041, 1362, 1036, 1051, 1345, 1344, 1345, 1051, 1045, 1045, 1352, 1345, 1352, 1045, 1043, 1033, 1347, 1346, 1347, 1033, 1032, 1050, 1374, 1365, 1374, 1050, 1048, 1034, 1344, 1354, 1344, 1034, 1051, 1358, 1424, 1357, 1424, 1358, 1425, 1359, 1037, 1363, 1037, 1359, 1049, 1349, 1425, 1358, 1425, 1349, 1053, 1361, 1418, 1343, 1418, 1361, 1423, 1035, 1346, 1356, 1346, 1035, 1033, 1048, 1355, 1374, 1355, 1048, 1044, 1360, 1049, 1359, 1049, 1360, 1038, 1032, 1354, 1347, 1354, 1032, 1034, 1351, 1039, 1353, 1039, 1351, 1040, 1072, 1373, 1375, 1373, 1072, 1060, 1078, 1298, 1300, 1298, 1078, 1070, 1068, 1300, 1299, 1300, 1068, 1078, 1062, 1370, 1369, 1370, 1062, 1057, 1055, 1378, 1377, 1378, 1055, 1052, 1069, 1369, 1368, 1369, 1069, 1062, 1052, 1366, 1378, 1366, 1052, 1047, 1058, 1367, 1372, 1367, 1058, 1059, 1056, 1377, 1379, 1377, 1056, 1055, 1046, 1365, 1364, 1365, 1046, 1050, 1067, 1299, 1269, 1299, 1067, 1068, 1057, 1379, 1370, 1379, 1057, 1056, 1065, 1376, 1286, 1376, 1065, 1071, 1071, 1375, 1376, 1375, 1071, 1072, 1064, 1286, 1275, 1286, 1064, 1065, 1059, 1368, 1367, 1368, 1059, 1069, 1061, 1372, 1371, 1372, 1061, 1058, 1063, 1275, 1274, 1275, 1063, 1064, 1070, 1274, 1298, 1274, 1070, 1063, 1060, 1371, 1373, 1371, 1060, 1061, 1047, 1364, 1366, 1364, 1047, 1046, 1097, 1294, 1096, 1294, 1097, 1289, 1077, 1279, 1292, 1279, 1077, 1076, 1074, 1282, 1278, 1282, 1074, 1073, 1100, 1283, 1288, 1283, 1100, 1089, 1073, 1268, 1282, 1268, 1073, 1066, 1089, 1284, 1283, 1284, 1089, 1084, 1095, 1398, 1094, 1398, 1095, 1395, 1094, 1400, 1093, 1400, 1094, 1398, 1093, 1384, 1087, 1384, 1093, 1400, 1091, 1394, 1090, 1394, 1091, 1397, 1075, 1278, 1277, 1278, 1075, 1074, 1080, 1281, 1280, 1281, 1080, 1079, 164, 1289, 1097, 1289, 164, 1100, 1098, 1397, 1091, 1397, 1098, 1296, 1096, 1296, 1098, 1296, 1096, 1294, 1076, 1277, 1279, 1277, 1076, 1075, 1066, 1269, 1268, 1269, 1066, 1067, 1079, 1292, 1281, 1292, 1079, 1077, 1084, 1291, 1284, 1291, 1084, 1085, 1090, 1393, 1092, 1393, 1090, 1394, 1092, 1395, 1095, 1395, 1092, 1393, 1085, 1280, 1291, 1280, 1085, 1080, 1419, 1109, 1388, 1109, 1419, 1120, 1389, 1106, 1383, 1106, 1389, 1104, 1115, 1399, 1111, 1399, 1115, 1396, 1383, 1118, 1382, 1118, 1383, 1106, 1421, 1120, 1419, 1120, 1421, 1112, 1422, 1112, 1421, 1112, 1422, 1107, 1111, 1390, 1110, 1390, 1111, 1399, 1088, 1386, 1082, 1386, 1088, 1391, 1082, 1380, 1081, 1380, 1082, 1386, 1086, 1391, 1088, 1391, 1086, 1385, 1081, 1381, 1083, 1381, 1081, 1380, 1110, 1382, 1118, 1382, 1110, 1390, 1083, 1392, 1099, 1392, 1083, 1381, 1387, 1104, 1389, 1104, 1387, 1105, 1388, 1105, 1387, 1105, 1388, 1109, 1087, 1385, 1086, 1385, 1087, 1384, 1099, 1396, 1115, 1396, 1099, 1392, 1403, 1107, 1422, 1107, 1403, 1108, 1411, 1116, 1410, 1116, 1411, 1119, 1410, 1103, 1415, 1103, 1410, 1116, 1415, 1102, 1409, 1102, 1415, 1103, 1401, 1119, 1411, 1119, 1401, 1121, 1404, 1108, 1403, 1108, 1404, 1117, 1408, 1114, 1407, 1114, 1408, 1101, 1405, 1124, 1402, 1124, 1405, 1122, 1406, 1122, 1405, 1122, 1406, 1123, 1413, 1125, 1420, 1125, 1413, 1126, 1414, 1126, 1413, 1126, 1414, 1127, 1420, 1123, 1406, 1123, 1420, 1125, 1412, 1117, 1404, 1117, 1412, 1113, 1402, 1121, 1401, 1121, 1402, 1124, 1416, 1127, 1414, 1127, 1416, 1128, 1417, 1128, 1416, 1128, 1417, 1129, 1418, 1129, 1417, 1129, 1418, 1130, 1423, 1130, 1418, 1130, 1423, 1131, 1407, 1113, 1412, 1113, 1407, 1114, 1424, 1131, 1423, 1131, 1424, 1132, 1409, 1101, 1408, 1101, 1409, 1102, 1425, 1132, 1424, 1132, 1425, 1133, 1053, 1133, 1425, 1133, 1053, 1054, 1428, 1427, 1426, 1427, 1428, 1429, 1426, 1431, 1430, 1431, 1426, 1427, 1434, 1433, 1432, 1433, 1434, 1435, 1436, 1435, 1434, 1435, 1436, 1437, 1440, 1439, 1438, 1439, 1440, 1441, 1435, 1443, 1442, 1443, 1435, 1437, 1432, 1429, 1428, 1429, 1432, 1433, 1446, 1445, 1444, 1445, 1446, 1447, 1444, 1437, 1436, 1437, 1444, 1445, 1448, 1447, 1446, 1447, 1448, 1449, 1450, 1449, 1448, 1449, 1450, 1451, 1452, 1451, 1450, 1451, 1452, 1453, 1451, 1455, 1454, 1455, 1451, 1453, 1456, 1453, 1452, 1453, 1456, 1457, 1438, 1459, 1458, 1459, 1438, 1439, 1460, 1457, 1456, 1457, 1460, 1461, 1462, 1461, 1460, 1461, 1462, 1463, 1457, 1465, 1464, 1465, 1457, 1461, 1466, 1463, 1462, 1463, 1466, 1467, 1470, 1469, 1468, 1469, 1470, 1471, 1472, 1467, 1466, 1467, 1472, 1473, 1461, 1474, 1465, 1474, 1461, 1463, 1475, 1471, 1470, 1471, 1475, 1476, 1430, 1476, 1475, 1476, 1430, 1431, 1433, 1442, 1477, 1442, 1433, 1435, 1479, 1429, 1478, 1429, 1479, 1427, 1445, 1481, 1480, 1481, 1445, 1447, 1482, 1441, 1440, 1441, 1482, 1483, 1468, 1485, 1484, 1485, 1468, 1469, 1487, 1469, 1486, 1469, 1487, 1485, 1447, 1488, 1481, 1488, 1447, 1449, 1484, 1483, 1482, 1483, 1484, 1485, 1489, 1485, 1487, 1485, 1489, 1483, 1490, 1483, 1489, 1483, 1490, 1441, 1453, 1464, 1455, 1464, 1453, 1457, 1486, 1471, 1491, 1471, 1486, 1469, 1437, 1480, 1443, 1480, 1437, 1445, 1491, 1476, 1492, 1476, 1491, 1471, 1429, 1477, 1478, 1477, 1429, 1433, 1449, 1454, 1488, 1454, 1449, 1451, 1493, 1441, 1490, 1441, 1493, 1439, 1494, 1439, 1493, 1439, 1494, 1459, 1492, 1431, 1495, 1431, 1492, 1476, 1495, 1427, 1479, 1427, 1495, 1431, 1496, 396, 383, 396, 1496, 1497, 1498, 57, 380, 57, 1498, 1499, 1500, 392, 394, 392, 1500, 1501, 1502, 398, 393, 398, 1502, 1503, 1504, 378, 377, 378, 1504, 1505, 1506, 377, 382, 377, 1506, 1504, 1507, 394, 387, 394, 1507, 1500, 1508, 387, 386, 387, 1508, 1507, 1497, 397, 396, 397, 1497, 1509, 1501, 393, 392, 393, 1501, 1502, 1510, 382, 381, 382, 1510, 1506, 1511, 380, 379, 380, 1511, 1498, 1512, 385, 384, 385, 1512, 1513, 1514, 379, 391, 379, 1514, 1511, 1499, 50, 57, 50, 1499, 60, 1505, 383, 378, 383, 1505, 1496, 1513, 395, 385, 395, 1513, 1515, 1516, 386, 388, 386, 1516, 1508, 1515, 381, 395, 381, 1515, 1510, 1509, 391, 397, 391, 1509, 1514, 1503, 384, 398, 384, 1503, 1512, 416, 1444, 411, 1444, 416, 1446, 1517, 390, 399, 390, 1517, 1518, 409, 1458, 401, 1458, 409, 1438, 1519, 388, 389, 388, 1519, 1516, 412, 1484, 405, 1484, 412, 1468, 400, 1517, 399, 1517, 400, 1520, 410, 1434, 407, 1434, 410, 1436, 413, 1446, 416, 1446, 413, 1448, 404, 1440, 415, 1440, 404, 1482, 408, 1426, 403, 1426, 408, 1428, 411, 1436, 410, 1436, 411, 1444, 403, 1430, 402, 1430, 403, 1426, 419, 1470, 418, 1470, 419, 1475, 401, 1520, 400, 1520, 401, 1458, 1518, 389, 390, 389, 1518, 1519, 415, 1438, 409, 1438, 415, 1440, 405, 1482, 404, 1482, 405, 1484, 402, 1475, 419, 1475, 402, 1430, 406, 1428, 408, 1428, 406, 1432, 407, 1432, 406, 1432, 407, 1434, 418, 1468, 412, 1468, 418, 1470, 417, 1450, 414, 1450, 417, 1452, 423, 1466, 438, 1466, 423, 1472, 435, 1521, 440, 1521, 435, 1522, 428, 1460, 427, 1460, 428, 1462, 433, 1523, 430, 1523, 433, 1524, 424, 1472, 423, 1472, 424, 1525, 420, 1524, 433, 1524, 420, 1526, 422, 1452, 417, 1452, 422, 1456, 431, 1527, 426, 1527, 431, 1528, 421, 1526, 420, 1526, 421, 1529, 427, 1456, 422, 1456, 427, 1460, 425, 1530, 436, 1530, 425, 1531, 440, 1525, 424, 1525, 440, 1521, 430, 1532, 429, 1532, 430, 1523, 438, 1462, 428, 1462, 438, 1466, 436, 1522, 435, 1522, 436, 1530, 426, 1531, 425, 1531, 426, 1527, 432, 1528, 431, 1528, 432, 1533, 429, 1534, 437, 1534, 429, 1532, 414, 1448, 413, 1448, 414, 1450, 439, 1533, 432, 1533, 439, 1535, 437, 1535, 439, 1535, 437, 1534, 450, 1536, 449, 1536, 450, 1537, 446, 1538, 434, 1538, 446, 1539, 449, 1540, 452, 1540, 449, 1536, 442, 1541, 441, 1541, 442, 1542, 1543, 68, 451, 68, 1543, 73, 1542, 443, 1544, 443, 1542, 442, 1544, 444, 1545, 444, 1544, 443, 1547, 14, 1546, 14, 1547, 451, 1549, 33, 1548, 33, 1549, 34, 1551, 62, 1550, 62, 1551, 72, 448, 1537, 450, 1537, 448, 1552, 447, 1539, 446, 1539, 447, 1553, 441, 1554, 445, 1554, 441, 1541, 1546, 13, 1555, 13, 1546, 14, 1545, 73, 1543, 73, 1545, 444, 1556, 34, 1549, 34, 1556, 70, 445, 1552, 448, 1552, 445, 1554, 452, 1553, 447, 1553, 452, 1540, 1555, 70, 1556, 70, 1555, 13, 1548, 72, 1551, 72, 1548, 33, 434, 1529, 421, 1529, 434, 1538, 1558, 53, 1557, 53, 1558, 19, 1557, 54, 1559, 54, 1557, 53, 1560, 46, 55, 46, 1560, 1561, 1562, 1498, 1511, 1498, 1562, 1563, 1564, 1511, 1514, 1511, 1564, 1562, 1565, 1514, 1509, 1514, 1565, 1564, 1567, 36, 1566, 36, 1567, 67, 1569, 43, 1568, 43, 1569, 37, 1550, 61, 1570, 61, 1550, 62, 1571, 1509, 1497, 1509, 1571, 1565, 1563, 1499, 1498, 1499, 1563, 1572, 1572, 60, 1499, 60, 1572, 1573, 1559, 71, 1574, 71, 1559, 54, 1566, 35, 1575, 35, 1566, 36, 1568, 42, 1576, 42, 1568, 43, 1573, 55, 60, 55, 1573, 1560, 1575, 37, 1569, 37, 1575, 35, 1574, 67, 1567, 67, 1574, 71, 1576, 46, 1561, 46, 1576, 42, 1570, 20, 1577, 20, 1570, 61, 1577, 19, 1558, 19, 1577, 20, 1578, 1515, 1513, 1515, 1578, 1579, 1580, 1504, 1506, 1504, 1580, 1581, 1582, 1513, 1512, 1513, 1582, 1578, 1583, 1512, 1503, 1512, 1583, 1582, 1584, 1516, 1519, 1516, 1584, 1585, 1586, 1506, 1510, 1506, 1586, 1580, 1579, 1510, 1515, 1510, 1579, 1586, 1587, 1519, 1518, 1519, 1587, 1584, 1588, 1500, 1507, 1500, 1588, 1589, 1581, 1505, 1504, 1505, 1581, 1590, 1591, 1497, 1496, 1497, 1591, 1571, 1590, 1496, 1505, 1496, 1590, 1591, 1592, 1502, 1501, 1502, 1592, 1593, 1593, 1503, 1502, 1503, 1593, 1583, 1585, 1508, 1516, 1508, 1585, 1594, 1589, 1501, 1500, 1501, 1589, 1592, 1594, 1507, 1508, 1507, 1594, 1588, 1458, 1595, 1520, 1595, 1458, 1459, 1595, 1517, 1520, 1517, 1595, 1596, 1596, 1518, 1517, 1518, 1596, 1587, 1553, 1597, 1539, 1597, 1553, 1598, 1526, 1599, 1524, 1599, 1526, 1600, 1522, 1601, 1521, 1601, 1522, 1602, 1529, 1600, 1526, 1600, 1529, 1603, 1533, 1604, 1528, 1604, 1533, 1605, 1528, 1606, 1527, 1606, 1528, 1604, 1540, 1598, 1553, 1598, 1540, 1607, 1536, 1607, 1540, 1607, 1536, 1608, 1535, 1605, 1533, 1605, 1535, 1609, 1537, 1608, 1536, 1608, 1537, 1610, 1539, 1611, 1538, 1611, 1539, 1597, 1524, 1612, 1523, 1612, 1524, 1599, 1532, 1613, 1534, 1613, 1532, 1614, 1523, 1614, 1532, 1614, 1523, 1612, 1527, 1615, 1531, 1615, 1527, 1606, 1531, 1616, 1530, 1616, 1531, 1615, 1534, 1609, 1535, 1609, 1534, 1613, 1530, 1602, 1522, 1602, 1530, 1616, 1538, 1603, 1529, 1603, 1538, 1611, 1525, 1473, 1472, 1473, 1525, 1617, 1521, 1617, 1525, 1617, 1521, 1601, 1619, 1558, 1618, 1558, 1619, 1577, 1618, 1557, 1620, 1557, 1618, 1558, 1621, 451, 1547, 451, 1621, 1543, 1556, 1623, 1622, 1623, 1556, 1549, 1620, 1559, 1624, 1559, 1620, 1557, 1550, 1626, 1625, 1626, 1550, 1570, 1624, 1574, 1627, 1574, 1624, 1559, 1627, 1567, 1628, 1567, 1627, 1574, 1546, 1630, 1629, 1630, 1546, 1555, 1544, 1631, 1542, 1631, 1544, 1632, 1542, 1633, 1541, 1633, 1542, 1631, 1541, 1634, 1554, 1634, 1541, 1633, 1547, 1629, 1635, 1629, 1547, 1546, 1632, 1545, 1636, 1545, 1632, 1544, 1549, 1637, 1623, 1637, 1549, 1548, 1548, 1638, 1637, 1638, 1548, 1551, 1551, 1625, 1638, 1625, 1551, 1550, 1636, 1543, 1621, 1543, 1636, 1545, 1555, 1622, 1630, 1622, 1555, 1556, 1626, 1577, 1619, 1577, 1626, 1570, 1554, 1639, 1552, 1639, 1554, 1634, 1552, 1610, 1537, 1610, 1552, 1639, 1640, 1564, 1565, 1564, 1640, 1641, 1642, 1565, 1571, 1565, 1642, 1640, 1643, 1586, 1579, 1586, 1643, 1644, 1646, 1575, 1645, 1575, 1646, 1566, 1647, 1571, 1591, 1571, 1647, 1642, 1648, 1561, 1560, 1561, 1648, 1649, 1650, 1560, 1573, 1560, 1650, 1648, 1651, 1572, 1563, 1572, 1651, 1652, 1653, 1591, 1590, 1591, 1653, 1647, 1655, 1576, 1654, 1576, 1655, 1568, 1628, 1566, 1646, 1566, 1628, 1567, 1656, 1590, 1581, 1590, 1656, 1653, 1645, 1569, 1657, 1569, 1645, 1575, 1657, 1568, 1655, 1568, 1657, 1569, 1658, 1563, 1562, 1563, 1658, 1651, 1641, 1562, 1564, 1562, 1641, 1658, 1659, 1581, 1580, 1581, 1659, 1656, 1644, 1580, 1586, 1580, 1644, 1659, 1660, 1579, 1578, 1579, 1660, 1643, 1654, 1561, 1649, 1561, 1654, 1576, 1652, 1573, 1572, 1573, 1652, 1650, 1661, 1587, 1596, 1587, 1661, 1662, 1663, 1585, 1584, 1585, 1663, 1664, 1665, 1596, 1595, 1596, 1665, 1661, 1666, 1583, 1593, 1583, 1666, 1667, 1665, 1459, 1494, 1459, 1665, 1595, 1668, 1589, 1588, 1589, 1668, 1669, 1670, 1588, 1594, 1588, 1670, 1668, 1671, 1578, 1582, 1578, 1671, 1660, 1664, 1594, 1585, 1594, 1664, 1670, 1672, 1593, 1592, 1593, 1672, 1666, 1667, 1582, 1583, 1582, 1667, 1671, 1662, 1584, 1587, 1584, 1662, 1663, 1669, 1592, 1589, 1592, 1669, 1672, 1599, 1673, 1612, 1673, 1599, 1674, 1607, 1675, 1598, 1675, 1607, 1676, 1613, 1677, 1609, 1677, 1613, 1678, 1604, 1679, 1606, 1679, 1604, 1680, 1616, 1681, 1602, 1681, 1616, 1682, 1615, 1682, 1616, 1682, 1615, 1683, 1600, 1674, 1599, 1674, 1600, 1684, 1603, 1684, 1600, 1684, 1603, 1685, 1611, 1685, 1603, 1685, 1611, 1686, 1598, 1687, 1597, 1687, 1598, 1675, 1597, 1686, 1611, 1686, 1597, 1687, 1614, 1678, 1613, 1678, 1614, 1688, 1608, 1676, 1607, 1676, 1608, 1689, 1473, 1690, 1467, 1690, 1473, 1691, 1601, 1692, 1617, 1692, 1601, 1693, 1602, 1693, 1601, 1693, 1602, 1681, 1617, 1691, 1473, 1691, 1617, 1692, 1463, 1690, 1474, 1690, 1463, 1467, 1606, 1683, 1615, 1683, 1606, 1679, 1609, 1694, 1605, 1694, 1609, 1677, 1605, 1680, 1604, 1680, 1605, 1694, 1612, 1688, 1614, 1688, 1612, 1673, 1696, 1629, 1695, 1629, 1696, 1635, 1695, 1630, 1697, 1630, 1695, 1629, 1632, 1698, 1631, 1698, 1632, 1699, 1701, 1626, 1700, 1626, 1701, 1625, 1703, 1637, 1702, 1637, 1703, 1623, 1704, 1623, 1703, 1623, 1704, 1622, 1626, 1705, 1700, 1705, 1626, 1619, 1697, 1622, 1704, 1622, 1697, 1630, 1619, 1706, 1705, 1706, 1619, 1618, 1707, 1625, 1701, 1625, 1707, 1638, 1634, 1708, 1639, 1708, 1634, 1709, 1620, 1711, 1710, 1711, 1620, 1624, 1618, 1710, 1706, 1710, 1618, 1620, 1621, 1635, 1712, 1635, 1621, 1547, 1631, 1713, 1633, 1713, 1631, 1698, 1632, 1714, 1699, 1714, 1632, 1636, 1610, 1689, 1608, 1689, 1610, 1715, 1633, 1709, 1634, 1709, 1633, 1713, 1636, 1712, 1714, 1712, 1636, 1621, 1639, 1715, 1610, 1715, 1639, 1708, 1702, 1638, 1707, 1638, 1702, 1637, 1654, 1717, 1716, 1717, 1654, 1649, 1649, 1718, 1717, 1718, 1649, 1648, 1720, 1651, 1719, 1651, 1720, 1652, 1722, 1647, 1721, 1647, 1722, 1642, 1628, 1724, 1723, 1724, 1628, 1646, 1657, 1726, 1725, 1726, 1657, 1655, 1727, 1652, 1720, 1652, 1727, 1650, 1729, 1641, 1728, 1641, 1729, 1658, 1721, 1653, 1730, 1653, 1721, 1647, 1728, 1640, 1731, 1640, 1728, 1641, 1733, 1659, 1732, 1659, 1733, 1656, 1646, 1734, 1724, 1734, 1646, 1645, 1645, 1725, 1734, 1725, 1645, 1657, 1718, 1650, 1727, 1650, 1718, 1648, 1732, 1644, 1735, 1644, 1732, 1659, 1627, 1723, 1736, 1723, 1627, 1628, 1655, 1716, 1726, 1716, 1655, 1654, 1719, 1658, 1729, 1658, 1719, 1651, 1731, 1642, 1722, 1642, 1731, 1640, 1730, 1656, 1733, 1656, 1730, 1653, 1624, 1736, 1711, 1736, 1624, 1627, 1738, 1660, 1737, 1660, 1738, 1643, 1740, 1668, 1739, 1668, 1740, 1669, 1739, 1670, 1741, 1670, 1739, 1668, 1743, 1663, 1742, 1663, 1743, 1664, 1745, 1661, 1744, 1661, 1745, 1662, 1747, 1666, 1746, 1666, 1747, 1667, 1489, 1749, 1748, 1749, 1489, 1487, 1737, 1671, 1750, 1671, 1737, 1660, 1750, 1667, 1747, 1667, 1750, 1671, 1493, 1752, 1751, 1752, 1493, 1490, 1487, 1753, 1749, 1753, 1487, 1486, 1741, 1664, 1743, 1664, 1741, 1670, 1754, 1669, 1740, 1669, 1754, 1672, 1661, 1755, 1744, 1755, 1661, 1665, 1486, 1756, 1753, 1756, 1486, 1491, 1491, 1757, 1756, 1757, 1491, 1492, 1746, 1672, 1754, 1672, 1746, 1666, 1665, 1758, 1755, 1758, 1665, 1494, 1735, 1643, 1738, 1643, 1735, 1644, 1494, 1751, 1758, 1751, 1494, 1493, 1742, 1662, 1745, 1662, 1742, 1663, 1490, 1748, 1752, 1748, 1490, 1489, 1760, 1465, 1759, 1465, 1760, 1464, 1692, 1761, 1691, 1761, 1692, 1762, 1681, 1763, 1693, 1763, 1681, 1764, 1766, 1690, 1765, 1690, 1766, 1474, 1682, 1764, 1681, 1764, 1682, 1767, 1683, 1767, 1682, 1767, 1683, 1768, 1759, 1474, 1766, 1474, 1759, 1465, 1770, 1488, 1769, 1488, 1770, 1481, 1769, 1454, 1771, 1454, 1769, 1488, 1773, 1477, 1772, 1477, 1773, 1478, 1479, 1773, 1774, 1773, 1479, 1478, 1495, 1774, 1775, 1774, 1495, 1479, 1772, 1442, 1776, 1442, 1772, 1477, 1771, 1455, 1777, 1455, 1771, 1454, 1765, 1691, 1761, 1691, 1765, 1690, 1776, 1443, 1778, 1443, 1776, 1442, 1693, 1762, 1692, 1762, 1693, 1763, 1777, 1464, 1760, 1464, 1777, 1455, 1492, 1775, 1757, 1775, 1492, 1495, 1779, 1481, 1770, 1481, 1779, 1480, 1778, 1480, 1779, 1480, 1778, 1443, 1689, 1780, 1676, 1780, 1689, 1781, 1708, 1782, 1715, 1782, 1708, 1783, 1713, 1784, 1709, 1784, 1713, 1785, 1709, 1783, 1708, 1783, 1709, 1784, 1787, 1699, 1786, 1699, 1787, 1698, 1678, 1788, 1677, 1788, 1678, 1789, 1673, 1790, 1688, 1790, 1673, 1791, 1677, 1792, 1694, 1792, 1677, 1788, 1715, 1781, 1689, 1781, 1715, 1782, 1688, 1789, 1678, 1789, 1688, 1790, 1684, 1793, 1674, 1793, 1684, 1794, 1698, 1785, 1713, 1785, 1698, 1787, 1687, 1795, 1686, 1795, 1687, 1796, 1685, 1794, 1684, 1794, 1685, 1797, 1675, 1796, 1687, 1796, 1675, 1798, 1694, 1799, 1680, 1799, 1694, 1792, 1686, 1797, 1685, 1797, 1686, 1795, 1679, 1768, 1683, 1768, 1679, 1800, 1674, 1791, 1673, 1791, 1674, 1793, 1680, 1800, 1679, 1800, 1680, 1799, 1676, 1798, 1675, 1798, 1676, 1780, 1802, 1706, 1801, 1706, 1802, 1705, 1803, 1635, 1696, 1635, 1803, 1712, 1805, 1734, 1804, 1734, 1805, 1724, 1804, 1725, 1806, 1725, 1804, 1734, 1806, 1726, 1807, 1726, 1806, 1725, 1809, 1703, 1808, 1703, 1809, 1704, 1811, 1700, 1810, 1700, 1811, 1701, 1807, 1716, 1812, 1716, 1807, 1726, 1814, 1695, 1813, 1695, 1814, 1696, 1813, 1697, 1815, 1697, 1813, 1695, 1816, 1712, 1803, 1712, 1816, 1714, 1817, 1701, 1811, 1701, 1817, 1707, 1808, 1702, 1818, 1702, 1808, 1703, 1820, 1736, 1819, 1736, 1820, 1711, 1815, 1704, 1809, 1704, 1815, 1697, 1786, 1714, 1816, 1714, 1786, 1699, 1821, 1711, 1820, 1711, 1821, 1710, 1819, 1723, 1822, 1723, 1819, 1736, 1818, 1707, 1817, 1707, 1818, 1702, 1801, 1710, 1821, 1710, 1801, 1706, 1810, 1705, 1802, 1705, 1810, 1700, 1822, 1724, 1805, 1724, 1822, 1723, 1824, 1732, 1823, 1732, 1824, 1733, 1812, 1717, 1825, 1717, 1812, 1716, 1827, 1731, 1826, 1731, 1827, 1728, 1829, 1746, 1828, 1746, 1829, 1747, 1831, 1750, 1830, 1750, 1831, 1737, 1833, 1727, 1832, 1727, 1833, 1718, 1835, 1719, 1834, 1719, 1835, 1720, 1834, 1729, 1836, 1729, 1834, 1719, 1838, 1721, 1837, 1721, 1838, 1722, 1828, 1754, 1839, 1754, 1828, 1746, 1840, 1737, 1831, 1737, 1840, 1738, 1823, 1735, 1841, 1735, 1823, 1732, 1841, 1738, 1840, 1738, 1841, 1735, 1839, 1740, 1842, 1740, 1839, 1754, 1830, 1747, 1829, 1747, 1830, 1750, 1825, 1718, 1833, 1718, 1825, 1717, 1826, 1722, 1838, 1722, 1826, 1731, 1832, 1720, 1835, 1720, 1832, 1727, 1837, 1730, 1843, 1730, 1837, 1721, 1836, 1728, 1827, 1728, 1836, 1729, 1843, 1733, 1824, 1733, 1843, 1730, 1845, 1742, 1844, 1742, 1845, 1743, 1847, 1758, 1846, 1758, 1847, 1755, 1842, 1739, 1848, 1739, 1842, 1740, 1844, 1745, 1849, 1745, 1844, 1742, 1753, 1850, 1749, 1850, 1753, 1851, 1773, 1852, 1774, 1852, 1773, 1853, 1772, 1853, 1773, 1853, 1772, 1854, 1776, 1854, 1772, 1854, 1776, 1855, 1775, 1856, 1757, 1856, 1775, 1857, 1848, 1741, 1858, 1741, 1848, 1739, 1859, 1755, 1847, 1755, 1859, 1744, 1752, 1860, 1751, 1860, 1752, 1861, 1756, 1851, 1753, 1851, 1756, 1862, 1748, 1861, 1752, 1861, 1748, 1863, 1778, 1855, 1776, 1855, 1778, 1864, 1849, 1744, 1859, 1744, 1849, 1745, 1858, 1743, 1845, 1743, 1858, 1741, 1751, 1846, 1758, 1846, 1751, 1860, 1749, 1863, 1748, 1863, 1749, 1850, 1757, 1862, 1756, 1862, 1757, 1856, 1774, 1857, 1775, 1857, 1774, 1852, 1765, 1866, 1865, 1866, 1765, 1761, 1761, 1867, 1866, 1867, 1761, 1762, 1779, 1864, 1778, 1864, 1779, 1868, 1760, 1869, 1777, 1869, 1760, 1870, 1764, 1872, 1871, 1872, 1764, 1767, 1762, 1873, 1867, 1873, 1762, 1763, 1768, 1875, 1874, 1875, 1768, 1800, 1800, 1876, 1875, 1876, 1800, 1799, 1792, 1878, 1877, 1878, 1792, 1788, 1788, 1879, 1878, 1879, 1788, 1789, 1763, 1871, 1873, 1871, 1763, 1764, 1789, 1880, 1879, 1880, 1789, 1790, 1769, 1881, 1770, 1881, 1769, 1882, 1759, 1870, 1760, 1870, 1759, 1883, 1790, 1884, 1880, 1884, 1790, 1791, 1767, 1874, 1872, 1874, 1767, 1768, 1771, 1882, 1769, 1882, 1771, 1885, 1770, 1868, 1779, 1868, 1770, 1881, 1799, 1877, 1876, 1877, 1799, 1792, 1777, 1885, 1771, 1885, 1777, 1869, 1766, 1883, 1759, 1883, 1766, 1886, 1766, 1865, 1886, 1865, 1766, 1765, 1783, 1888, 1887, 1888, 1783, 1784, 1784, 1889, 1888, 1889, 1784, 1785, 1785, 1890, 1889, 1890, 1785, 1787, 1793, 1892, 1891, 1892, 1793, 1794, 1796, 1894, 1893, 1894, 1796, 1798, 1791, 1891, 1884, 1891, 1791, 1793, 1896, 1803, 1895, 1803, 1896, 1816, 1895, 1696, 1814, 1696, 1895, 1803, 1813, 1898, 1897, 1898, 1813, 1815, 1797, 1900, 1899, 1900, 1797, 1795, 1786, 1896, 1901, 1896, 1786, 1816, 1815, 1902, 1898, 1902, 1815, 1809, 1781, 1904, 1903, 1904, 1781, 1782, 1809, 1905, 1902, 1905, 1809, 1808, 1814, 1897, 1906, 1897, 1814, 1813, 1780, 1903, 1907, 1903, 1780, 1781, 1787, 1901, 1890, 1901, 1787, 1786, 1794, 1899, 1892, 1899, 1794, 1797, 1795, 1893, 1900, 1893, 1795, 1796, 1798, 1907, 1894, 1907, 1798, 1780, 1782, 1887, 1904, 1887, 1782, 1783, 1909, 1820, 1908, 1820, 1909, 1821, 1911, 1802, 1910, 1802, 1911, 1810, 1913, 1804, 1912, 1804, 1913, 1805, 1811, 1911, 1914, 1911, 1811, 1810, 1912, 1806, 1915, 1806, 1912, 1804, 1808, 1916, 1905, 1916, 1808, 1818, 1908, 1819, 1917, 1819, 1908, 1820, 1910, 1801, 1918, 1801, 1910, 1802, 1918, 1821, 1909, 1821, 1918, 1801, 1917, 1822, 1919, 1822, 1917, 1819, 1818, 1920, 1916, 1920, 1818, 1817, 1817, 1914, 1920, 1914, 1817, 1811, 1919, 1805, 1913, 1805, 1919, 1822, 1921, 1827, 1826, 1827, 1921, 1922, 1924, 1812, 1923, 1812, 1924, 1807, 1925, 1824, 1823, 1824, 1925, 1926, 1927, 1831, 1830, 1831, 1927, 1928, 1926, 1843, 1824, 1843, 1926, 1929, 1930, 1826, 1838, 1826, 1930, 1921, 1931, 1832, 1835, 1832, 1931, 1932, 1923, 1825, 1933, 1825, 1923, 1812, 1933, 1833, 1934, 1833, 1933, 1825, 1915, 1807, 1924, 1807, 1915, 1806, 1935, 1835, 1834, 1835, 1935, 1931, 1922, 1836, 1827, 1836, 1922, 1936, 1937, 1838, 1837, 1838, 1937, 1930, 1936, 1834, 1836, 1834, 1936, 1935, 1938, 1823, 1841, 1823, 1938, 1925, 1939, 1829, 1828, 1829, 1939, 1940, 1929, 1837, 1843, 1837, 1929, 1937, 1941, 1841, 1840, 1841, 1941, 1938, 1940, 1830, 1829, 1830, 1940, 1927, 1928, 1840, 1831, 1840, 1928, 1941, 1932, 1833, 1832, 1833, 1932, 1934, 1943, 1847, 1942, 1847, 1943, 1859, 1942, 1846, 1944, 1846, 1942, 1847, 1946, 1857, 1945, 1857, 1946, 1856, 1945, 1852, 1947, 1852, 1945, 1857, 1948, 1842, 1848, 1842, 1948, 1949, 1944, 1860, 1950, 1860, 1944, 1846, 1947, 1853, 1951, 1853, 1947, 1852, 1853, 1952, 1951, 1952, 1853, 1854, 1950, 1861, 1953, 1861, 1950, 1860, 1955, 1850, 1954, 1850, 1955, 1863, 1956, 1848, 1858, 1848, 1956, 1948, 1854, 1957, 1952, 1957, 1854, 1855, 1943, 1849, 1859, 1849, 1943, 1958, 1959, 1845, 1844, 1845, 1959, 1960, 1958, 1844, 1849, 1844, 1958, 1959, 1961, 1856, 1946, 1856, 1961, 1862, 1962, 1828, 1839, 1828, 1962, 1939, 1949, 1839, 1842, 1839, 1949, 1962, 1960, 1858, 1845, 1858, 1960, 1956, 1953, 1863, 1955, 1863, 1953, 1861, 1954, 1851, 1963, 1851, 1954, 1850, 1963, 1862, 1961, 1862, 1963, 1851, 1876, 1964, 1875, 1964, 1876, 1965, 1882, 1967, 1966, 1967, 1882, 1885, 1867, 1968, 1866, 1968, 1867, 1969, 1870, 1971, 1970, 1971, 1870, 1883, 1869, 1970, 1972, 1970, 1869, 1870, 1871, 1973, 1873, 1973, 1871, 1974, 1872, 1974, 1871, 1974, 1872, 1975, 1885, 1972, 1967, 1972, 1885, 1869, 1873, 1969, 1867, 1969, 1873, 1973, 1875, 1976, 1874, 1976, 1875, 1964, 1864, 1978, 1977, 1978, 1864, 1868, 1877, 1965, 1876, 1965, 1877, 1979, 1878, 1979, 1877, 1979, 1878, 1980, 1879, 1980, 1878, 1980, 1879, 1981, 1855, 1977, 1957, 1977, 1855, 1864, 1883, 1982, 1971, 1982, 1883, 1886, 1868, 1983, 1978, 1983, 1868, 1881, 1886, 1984, 1982, 1984, 1886, 1865, 1881, 1966, 1983, 1966, 1881, 1882, 1865, 1968, 1984, 1968, 1865, 1866, 1874, 1975, 1872, 1975, 1874, 1976, 1986, 1897, 1985, 1897, 1986, 1906, 1892, 1987, 1891, 1987, 1892, 1988, 1985, 1898, 1989, 1898, 1985, 1897, 1899, 1988, 1892, 1988, 1899, 1990, 1907, 1991, 1894, 1991, 1907, 1992, 1893, 1993, 1900, 1993, 1893, 1994, 1887, 1995, 1904, 1995, 1887, 1996, 1901, 1998, 1997, 1998, 1901, 1896, 1896, 1999, 1998, 1999, 1896, 1895, 1895, 1906, 1999, 1906, 1895, 1814, 1888, 1996, 1887, 1996, 1888, 2000, 1880, 1981, 1879, 1981, 1880, 2001, 1894, 1994, 1893, 1994, 1894, 1991, 1900, 1990, 1899, 1990, 1900, 1993, 1904, 2002, 1903, 2002, 1904, 1995, 1903, 1992, 1907, 1992, 1903, 2002, 1890, 1997, 2003, 1997, 1890, 1901, 1889, 2000, 1888, 2000, 1889, 2004, 1890, 2004, 1889, 2004, 1890, 2003, 1884, 2001, 1880, 2001, 1884, 2005, 1891, 2005, 1884, 2005, 1891, 1987, 2007, 1916, 2006, 1916, 2007, 1905, 2009, 1911, 2008, 1911, 2009, 1914, 2008, 1910, 2010, 1910, 2008, 1911, 2012, 1912, 2011, 1912, 2012, 1913, 2014, 1924, 2013, 1924, 2014, 1915, 2015, 1934, 1932, 1934, 2015, 2016, 2017, 1931, 1935, 1931, 2017, 2018, 2010, 1918, 2019, 1918, 2010, 1910, 2021, 1908, 2020, 1908, 2021, 1909, 1989, 1902, 2022, 1902, 1989, 1898, 2006, 1920, 2023, 1920, 2006, 1916, 2025, 1919, 2024, 1919, 2025, 1917, 2023, 1914, 2009, 1914, 2023, 1920, 2020, 1917, 2025, 1917, 2020, 1908, 2024, 1913, 2012, 1913, 2024, 1919, 2011, 1915, 2014, 1915, 2011, 1912, 2022, 1905, 2007, 1905, 2022, 1902, 2026, 1924, 1923, 1924, 2026, 2013, 2016, 1933, 1934, 1933, 2016, 2027, 2018, 1932, 1931, 1932, 2018, 2015, 2019, 1909, 2021, 1909, 2019, 1918, 2027, 1923, 1933, 1923, 2027, 2026, 2028, 1929, 1926, 1929, 2028, 2029, 2030, 1948, 1956, 1948, 2030, 2031, 2032, 1922, 1921, 1922, 2032, 2033, 2034, 1921, 1930, 1921, 2034, 2032, 2035, 1926, 1925, 1926, 2035, 2028, 2036, 1925, 1938, 1925, 2036, 2035, 2037, 1927, 1940, 1927, 2037, 2038, 2039, 1962, 1949, 1962, 2039, 2040, 2041, 1930, 1937, 1930, 2041, 2034, 2042, 1935, 1936, 1935, 2042, 2017, 2029, 1937, 1929, 1937, 2029, 2041, 2043, 1956, 1960, 1956, 2043, 2030, 2044, 1959, 1958, 1959, 2044, 2045, 2046, 1941, 1928, 1941, 2046, 2047, 2040, 1939, 1962, 1939, 2040, 2048, 2045, 1960, 1959, 1960, 2045, 2043, 2038, 1928, 1927, 1928, 2038, 2046, 2048, 1940, 1939, 1940, 2048, 2037, 2047, 1938, 1941, 1938, 2047, 2036, 2031, 1949, 1948, 1949, 2031, 2039, 2033, 1936, 1922, 1936, 2033, 2042, 1953, 2049, 1950, 2049, 1953, 2050, 1952, 2051, 1951, 2051, 1952, 2052, 1963, 2053, 1954, 2053, 1963, 2054, 1954, 2055, 1955, 2055, 1954, 2053, 1983, 2056, 1978, 2056, 1983, 2057, 1955, 2050, 1953, 2050, 1955, 2055, 1977, 2058, 1957, 2058, 1977, 2059, 1946, 2060, 1961, 2060, 1946, 2061, 2062, 1943, 1942, 1943, 2062, 2063, 1957, 2052, 1952, 2052, 1957, 2058, 1966, 2057, 1983, 2057, 1966, 2064, 1967, 2064, 1966, 2064, 1967, 2065, 2063, 1958, 1943, 1958, 2063, 2044, 1961, 2054, 1963, 2054, 1961, 2060, 1947, 2066, 1945, 2066, 1947, 2067, 1945, 2061, 1946, 2061, 1945, 2066, 2068, 1942, 1944, 1942, 2068, 2062, 1951, 2067, 1947, 2067, 1951, 2051, 1950, 2068, 1944, 2068, 1950, 2049, 1978, 2059, 1977, 2059, 1978, 2056, 1972, 2065, 1967, 2065, 1972, 2069, 1965, 2070, 1964, 2070, 1965, 2071, 1970, 2069, 1972, 2069, 1970, 2072, 1981, 2073, 1980, 2073, 1981, 2074, 1973, 2075, 1969, 2075, 1973, 2076, 1988, 2077, 1987, 2077, 1988, 2078, 1971, 2072, 1970, 2072, 1971, 2079, 1982, 2079, 1971, 2079, 1982, 2080, 1993, 2081, 1990, 2081, 1993, 2082, 1964, 2083, 1976, 2083, 1964, 2070, 1990, 2078, 1988, 2078, 1990, 2081, 2005, 2084, 2001, 2084, 2005, 2085, 1968, 2086, 1984, 2086, 1968, 2087, 1975, 2088, 1974, 2088, 1975, 2089, 1980, 2090, 1979, 2090, 1980, 2073, 1969, 2087, 1968, 2087, 1969, 2075, 1974, 2076, 1973, 2076, 1974, 2088, 1984, 2080, 1982, 2080, 1984, 2086, 1994, 2082, 1993, 2082, 1994, 2091, 1987, 2085, 2005, 2085, 1987, 2077, 1976, 2089, 1975, 2089, 1976, 2083, 1979, 2071, 1965, 2071, 1979, 2090, 2001, 2074, 1981, 2074, 2001, 2084, 2000, 2092, 1996, 2092, 2000, 2093, 2004, 2093, 2000, 2093, 2004, 2094, 1998, 2095, 1997, 2095, 1998, 2096, 2003, 2094, 2004, 2094, 2003, 2097, 2098, 1906, 1986, 1906, 2098, 1999, 2096, 1999, 2098, 1999, 2096, 1998, 2100, 1989, 2099, 1989, 2100, 1985, 2099, 2022, 2101, 2022, 2099, 1989, 2103, 2006, 2102, 2006, 2103, 2007, 2102, 2023, 2104, 2023, 2102, 2006, 2106, 2008, 2105, 2008, 2106, 2009, 2002, 2107, 1992, 2107, 2002, 2108, 1996, 2109, 1995, 2109, 1996, 2092, 2104, 2009, 2106, 2009, 2104, 2023, 2105, 2010, 2110, 2010, 2105, 2008, 1995, 2108, 2002, 2108, 1995, 2109, 1992, 2111, 1991, 2111, 1992, 2107, 1997, 2097, 2003, 2097, 1997, 2095, 2101, 2007, 2103, 2007, 2101, 2022, 1991, 2091, 1994, 2091, 1991, 2111, 2112, 1985, 2100, 1985, 2112, 1986, 2113, 2033, 2032, 2033, 2113, 2114, 2116, 2011, 2115, 2011, 2116, 2012, 2117, 2032, 2034, 2032, 2117, 2113, 2119, 2020, 2118, 2020, 2119, 2021, 2120, 2017, 2042, 2017, 2120, 2121, 2123, 2013, 2122, 2013, 2123, 2014, 2122, 2026, 2124, 2026, 2122, 2013, 2115, 2014, 2123, 2014, 2115, 2011, 2126, 2016, 2125, 2016, 2126, 2027, 2118, 2025, 2127, 2025, 2118, 2020, 2114, 2042, 2033, 2042, 2114, 2120, 2124, 2027, 2126, 2027, 2124, 2026, 2128, 2034, 2041, 2034, 2128, 2117, 2110, 2019, 2129, 2019, 2110, 2010, 2130, 2015, 2018, 2015, 2130, 2131, 2129, 2021, 2119, 2021, 2129, 2019, 2131, 2016, 2015, 2016, 2131, 2125, 2121, 2018, 2017, 2018, 2121, 2130, 2132, 2041, 2029, 2041, 2132, 2128, 2127, 2024, 2133, 2024, 2127, 2025, 2133, 2012, 2116, 2012, 2133, 2024, 2134, 2046, 2038, 2046, 2134, 2135, 2136, 2037, 2048, 2037, 2136, 2137, 2055, 2138, 2050, 2138, 2055, 2139, 2140, 2035, 2036, 2035, 2140, 2141, 2142, 2031, 2030, 2031, 2142, 2143, 2068, 2144, 2062, 2144, 2068, 2145, 2053, 2139, 2055, 2139, 2053, 2146, 2062, 2147, 2063, 2147, 2062, 2144, 2148, 2048, 2040, 2048, 2148, 2136, 2149, 2030, 2043, 2030, 2149, 2142, 2150, 2045, 2044, 2045, 2150, 2151, 2049, 2145, 2068, 2145, 2049, 2152, 2141, 2028, 2035, 2028, 2141, 2153, 2135, 2047, 2046, 2047, 2135, 2154, 2137, 2038, 2037, 2038, 2137, 2134, 2154, 2036, 2047, 2036, 2154, 2140, 2153, 2029, 2028, 2029, 2153, 2132, 2143, 2039, 2031, 2039, 2143, 2155, 2151, 2043, 2045, 2043, 2151, 2149, 2147, 2044, 2063, 2044, 2147, 2150, 2050, 2152, 2049, 2152, 2050, 2138, 2155, 2040, 2039, 2040, 2155, 2148, 2060, 2156, 2054, 2156, 2060, 2157, 2052, 2158, 2051, 2158, 2052, 2159, 2064, 2160, 2057, 2160, 2064, 2161, 2054, 2146, 2053, 2146, 2054, 2156, 2066, 2162, 2061, 2162, 2066, 2163, 2065, 2161, 2064, 2161, 2065, 2164, 2051, 2165, 2067, 2165, 2051, 2158, 2067, 2163, 2066, 2163, 2067, 2165, 2058, 2159, 2052, 2159, 2058, 2166, 2059, 2166, 2058, 2166, 2059, 2167, 2056, 2167, 2059, 2167, 2056, 2168, 2061, 2157, 2060, 2157, 2061, 2162, 2057, 2168, 2056, 2168, 2057, 2160, 2171, 2170, 2169, 2170, 2171, 2172, 2174, 2169, 2173, 2169, 2174, 2171, 2177, 2176, 2175, 2176, 2177, 2178, 2180, 2175, 2179, 2175, 2180, 2177, 2182, 2179, 2181, 2179, 2182, 2180, 2172, 2181, 2170, 2181, 2172, 2182, 2185, 2184, 2183, 2184, 2185, 2186, 2187, 2185, 2183, 2185, 2187, 2188, 2191, 2190, 2189, 2190, 2191, 2192, 2193, 2188, 2187, 2188, 2193, 2194, 2197, 2196, 2195, 2196, 2197, 2198, 2198, 2199, 2196, 2199, 2198, 2200, 2201, 2194, 2193, 2194, 2201, 2202, 2203, 2198, 2197, 2198, 2203, 2204, 2205, 2204, 2203, 2204, 2205, 2206, 2207, 2206, 2205, 2206, 2207, 2208, 2174, 2209, 2171, 2209, 2174, 2210, 2206, 2211, 2204, 2211, 2206, 2212, 2204, 2200, 2198, 2200, 2204, 2211, 2185, 2213, 2186, 2213, 2185, 2214, 2208, 2212, 2206, 2212, 2208, 2215, 2216, 2208, 2207, 2208, 2216, 2217, 2218, 2217, 2216, 2217, 2218, 2219, 2189, 2221, 2220, 2221, 2189, 2190, 2190, 2222, 2221, 2222, 2190, 2223, 2217, 2215, 2208, 2215, 2217, 2224, 2186, 2173, 2184, 2173, 2186, 2174, 2225, 2192, 2191, 2192, 2225, 2226, 2178, 2227, 2176, 2227, 2178, 2228, 2228, 2225, 2227, 2225, 2228, 2226, 2228, 2229, 2226, 2229, 2228, 2230, 2180, 2231, 2177, 2231, 2180, 2232, 2186, 2210, 2174, 2210, 2186, 2213, 2172, 2233, 2182, 2233, 2172, 2234, 2178, 2230, 2228, 2230, 2178, 2235, 2194, 2236, 2188, 2236, 2194, 2237, 2171, 2234, 2172, 2234, 2171, 2209, 2195, 2202, 2201, 2202, 2195, 2196, 2192, 2223, 2190, 2223, 2192, 2238, 2202, 2237, 2194, 2237, 2202, 2239, 2182, 2232, 2180, 2232, 2182, 2233, 2196, 2239, 2202, 2239, 2196, 2199, 2226, 2238, 2192, 2238, 2226, 2229, 2188, 2214, 2185, 2214, 2188, 2236, 2177, 2235, 2178, 2235, 2177, 2231, 2074, 2240, 2073, 2240, 2074, 2241, 2081, 2242, 2078, 2242, 2081, 2243, 2071, 2244, 2070, 2244, 2071, 2245, 2087, 2246, 2086, 2246, 2087, 2247, 2076, 2248, 2075, 2248, 2076, 2249, 2072, 2250, 2069, 2250, 2072, 2251, 2070, 2252, 2083, 2252, 2070, 2244, 2079, 2251, 2072, 2251, 2079, 2253, 2080, 2253, 2079, 2253, 2080, 2254, 2088, 2249, 2076, 2249, 2088, 2255, 2089, 2255, 2088, 2255, 2089, 2256, 2090, 2245, 2071, 2245, 2090, 2257, 2073, 2257, 2090, 2257, 2073, 2240, 2069, 2164, 2065, 2164, 2069, 2250, 2085, 2258, 2084, 2258, 2085, 2259, 2083, 2256, 2089, 2256, 2083, 2252, 2077, 2259, 2085, 2259, 2077, 2260, 2078, 2260, 2077, 2260, 2078, 2242, 2086, 2254, 2080, 2254, 2086, 2246, 2084, 2241, 2074, 2241, 2084, 2258, 2075, 2247, 2087, 2247, 2075, 2248, 2111, 2261, 2091, 2261, 2111, 2262, 2264, 2095, 2263, 2095, 2264, 2097, 2266, 2100, 2265, 2100, 2266, 2112, 2263, 2096, 2267, 2096, 2263, 2095, 2108, 2268, 2107, 2268, 2108, 2269, 2270, 1986, 2112, 1986, 2270, 2098, 2082, 2243, 2081, 2243, 2082, 2271, 2273, 2103, 2272, 2103, 2273, 2101, 2267, 2098, 2270, 2098, 2267, 2096, 2272, 2102, 2274, 2102, 2272, 2103, 2091, 2271, 2082, 2271, 2091, 2261, 2275, 2101, 2273, 2101, 2275, 2099, 2274, 2104, 2276, 2104, 2274, 2102, 2092, 2277, 2109, 2277, 2092, 2278, 2276, 2106, 2279, 2106, 2276, 2104, 2097, 2280, 2094, 2280, 2097, 2264, 2109, 2269, 2108, 2269, 2109, 2277, 2265, 2099, 2275, 2099, 2265, 2100, 2107, 2262, 2111, 2262, 2107, 2268, 2093, 2278, 2092, 2278, 2093, 2281, 2094, 2281, 2093, 2281, 2094, 2280, 2283, 2116, 2282, 2116, 2283, 2133, 2285, 2123, 2284, 2123, 2285, 2115, 2286, 2133, 2283, 2133, 2286, 2127, 2288, 2126, 2287, 2126, 2288, 2124, 2287, 2125, 2289, 2125, 2287, 2126, 2290, 2121, 2120, 2121, 2290, 2291, 2292, 2125, 2131, 2125, 2292, 2289, 2293, 2114, 2113, 2114, 2293, 2294, 2295, 2131, 2130, 2131, 2295, 2292, 2296, 2113, 2117, 2113, 2296, 2293, 2298, 2129, 2297, 2129, 2298, 2110, 2300, 2118, 2299, 2118, 2300, 2119, 2279, 2105, 2301, 2105, 2279, 2106, 2284, 2122, 2302, 2122, 2284, 2123, 2302, 2124, 2288, 2124, 2302, 2122, 2294, 2120, 2114, 2120, 2294, 2290, 2291, 2130, 2121, 2130, 2291, 2295, 2282, 2115, 2285, 2115, 2282, 2116, 2303, 2117, 2128, 2117, 2303, 2296, 2297, 2119, 2300, 2119, 2297, 2129, 2299, 2127, 2286, 2127, 2299, 2118, 2301, 2110, 2298, 2110, 2301, 2105, 2144, 2304, 2147, 2304, 2144, 2305, 2306, 2141, 2140, 2141, 2306, 2307, 2308, 2148, 2155, 2148, 2308, 2309, 2310, 2135, 2134, 2135, 2310, 2311, 2312, 2132, 2153, 2132, 2312, 2313, 2314, 2151, 2150, 2151, 2314, 2315, 2316, 2143, 2142, 2143, 2316, 2317, 2307, 2153, 2141, 2153, 2307, 2312, 2304, 2150, 2147, 2150, 2304, 2314, 2313, 2128, 2132, 2128, 2313, 2303, 2152, 2318, 2145, 2318, 2152, 2319, 2145, 2305, 2144, 2305, 2145, 2318, 2320, 2134, 2137, 2134, 2320, 2310, 2321, 2140, 2154, 2140, 2321, 2306, 2322, 2137, 2136, 2137, 2322, 2320, 2309, 2136, 2148, 2136, 2309, 2322, 2317, 2155, 2143, 2155, 2317, 2308, 2315, 2149, 2151, 2149, 2315, 2323, 2138, 2319, 2152, 2319, 2138, 2324, 2311, 2154, 2135, 2154, 2311, 2321, 2323, 2142, 2149, 2142, 2323, 2316, 2158, 2325, 2165, 2325, 2158, 2326, 2159, 2326, 2158, 2326, 2159, 2327, 2157, 2328, 2156, 2328, 2157, 2329, 2162, 2329, 2157, 2329, 2162, 2330, 2163, 2330, 2162, 2330, 2163, 2331, 2166, 2327, 2159, 2327, 2166, 2332, 2168, 2333, 2167, 2333, 2168, 2334, 2250, 2335, 2164, 2335, 2250, 2336, 2251, 2336, 2250, 2336, 2251, 2337, 2254, 2338, 2253, 2338, 2254, 2339, 2246, 2339, 2254, 2339, 2246, 2340, 2247, 2340, 2246, 2340, 2247, 2341, 2139, 2324, 2138, 2324, 2139, 2342, 2156, 2343, 2146, 2343, 2156, 2328, 2161, 2344, 2160, 2344, 2161, 2345, 2253, 2337, 2251, 2337, 2253, 2338, 2164, 2345, 2161, 2345, 2164, 2335, 2146, 2342, 2139, 2342, 2146, 2343, 2167, 2332, 2166, 2332, 2167, 2333, 2160, 2334, 2168, 2334, 2160, 2344, 2165, 2331, 2163, 2331, 2165, 2325, 2271, 2346, 2243, 2346, 2271, 2347, 2262, 2348, 2261, 2348, 2262, 2349, 2268, 2349, 2262, 2349, 2268, 2350, 2258, 2351, 2241, 2351, 2258, 2352, 2242, 2353, 2260, 2353, 2242, 2354, 2277, 2355, 2269, 2355, 2277, 2356, 2243, 2354, 2242, 2354, 2243, 2346, 2240, 2357, 2257, 2357, 2240, 2358, 2260, 2359, 2259, 2359, 2260, 2353, 2278, 2356, 2277, 2356, 2278, 2360, 2256, 2361, 2255, 2361, 2256, 2362, 2255, 2363, 2249, 2363, 2255, 2361, 2252, 2362, 2256, 2362, 2252, 2364, 2249, 2365, 2248, 2365, 2249, 2363, 2261, 2347, 2271, 2347, 2261, 2348, 2269, 2350, 2268, 2350, 2269, 2355, 2244, 2364, 2252, 2364, 2244, 2366, 2259, 2352, 2258, 2352, 2259, 2359, 2248, 2341, 2247, 2341, 2248, 2365, 2257, 2367, 2245, 2367, 2257, 2357, 2241, 2358, 2240, 2358, 2241, 2351, 2245, 2366, 2244, 2366, 2245, 2367, 2369, 2301, 2368, 2301, 2369, 2279, 2371, 2274, 2370, 2274, 2371, 2272, 2281, 2360, 2278, 2360, 2281, 2372, 2368, 2298, 2373, 2298, 2368, 2301, 2374, 2279, 2369, 2279, 2374, 2276, 2264, 2375, 2280, 2375, 2264, 2376, 2378, 2273, 2377, 2273, 2378, 2275, 2380, 2270, 2379, 2270, 2380, 2267, 2370, 2276, 2374, 2276, 2370, 2274, 2379, 2112, 2266, 2112, 2379, 2270, 2382, 2265, 2381, 2265, 2382, 2266, 2383, 2267, 2380, 2267, 2383, 2263, 2377, 2272, 2371, 2272, 2377, 2273, 2373, 2297, 2384, 2297, 2373, 2298, 2384, 2300, 2385, 2300, 2384, 2297, 2280, 2372, 2281, 2372, 2280, 2375, 2381, 2275, 2378, 2275, 2381, 2265, 2385, 2299, 2386, 2299, 2385, 2300, 2376, 2263, 2383, 2263, 2376, 2264, 2386, 2286, 2387, 2286, 2386, 2299, 2387, 2283, 2388, 2283, 2387, 2286, 2312, 2389, 2313, 2389, 2312, 2390, 2392, 2287, 2391, 2287, 2392, 2288, 2291, 2393, 2295, 2393, 2291, 2394, 2303, 2395, 2296, 2395, 2303, 2396, 2307, 2390, 2312, 2390, 2307, 2397, 2306, 2397, 2307, 2397, 2306, 2398, 2400, 2285, 2399, 2285, 2400, 2282, 2321, 2398, 2306, 2398, 2321, 2401, 2311, 2401, 2321, 2401, 2311, 2402, 2294, 2403, 2290, 2403, 2294, 2404, 2399, 2284, 2405, 2284, 2399, 2285, 2388, 2282, 2400, 2282, 2388, 2283, 2293, 2404, 2294, 2404, 2293, 2406, 2295, 2407, 2292, 2407, 2295, 2393, 2313, 2396, 2303, 2396, 2313, 2389, 2289, 2391, 2287, 2391, 2289, 2408, 2290, 2394, 2291, 2394, 2290, 2403, 2292, 2408, 2289, 2408, 2292, 2407, 2296, 2406, 2293, 2406, 2296, 2395, 2405, 2302, 2409, 2302, 2405, 2284, 2409, 2288, 2392, 2288, 2409, 2302, 2320, 2410, 2310, 2410, 2320, 2411, 2322, 2411, 2320, 2411, 2322, 2412, 2304, 2413, 2314, 2413, 2304, 2414, 2342, 2415, 2324, 2415, 2342, 2416, 2343, 2416, 2342, 2416, 2343, 2417, 2328, 2417, 2343, 2417, 2328, 2418, 2310, 2402, 2311, 2402, 2310, 2410, 2330, 2419, 2329, 2419, 2330, 2420, 2319, 2421, 2318, 2421, 2319, 2422, 2314, 2423, 2315, 2423, 2314, 2413, 2308, 2424, 2309, 2424, 2308, 2425, 2323, 2426, 2316, 2426, 2323, 2427, 2305, 2414, 2304, 2414, 2305, 2428, 2318, 2428, 2305, 2428, 2318, 2421, 2315, 2427, 2323, 2427, 2315, 2423, 2329, 2418, 2328, 2418, 2329, 2419, 2309, 2412, 2322, 2412, 2309, 2424, 2316, 2429, 2317, 2429, 2316, 2426, 2324, 2422, 2319, 2422, 2324, 2415, 2317, 2425, 2308, 2425, 2317, 2429, 2331, 2420, 2330, 2420, 2331, 2430, 2325, 2430, 2331, 2430, 2325, 2431, 2327, 2432, 2326, 2432, 2327, 2433, 2337, 2434, 2336, 2434, 2337, 2435, 2338, 2435, 2337, 2435, 2338, 2436, 2333, 2437, 2332, 2437, 2333, 2438, 2332, 2433, 2327, 2433, 2332, 2437, 2439, 2340, 2341, 2340, 2439, 2440, 2441, 2361, 2362, 2361, 2441, 2442, 2339, 2436, 2338, 2436, 2339, 2443, 2444, 2362, 2364, 2362, 2444, 2441, 2326, 2431, 2325, 2431, 2326, 2432, 2445, 2364, 2366, 2364, 2445, 2444, 2344, 2446, 2334, 2446, 2344, 2447, 2448, 2341, 2365, 2341, 2448, 2439, 2449, 2366, 2367, 2366, 2449, 2445, 2336, 2450, 2335, 2450, 2336, 2434, 2442, 2363, 2361, 2363, 2442, 2451, 2334, 2438, 2333, 2438, 2334, 2446, 2340, 2443, 2339, 2443, 2340, 2440, 2335, 2452, 2345, 2452, 2335, 2450, 2345, 2447, 2344, 2447, 2345, 2452, 2451, 2365, 2363, 2365, 2451, 2448, 2453, 2346, 2347, 2346, 2453, 2454, 2456, 2383, 2455, 2383, 2456, 2376, 2457, 2266, 2382, 2266, 2457, 2379, 2458, 2351, 2352, 2351, 2458, 2459, 2460, 2350, 2355, 2350, 2460, 2461, 2462, 2348, 2349, 2348, 2462, 2463, 2464, 2359, 2353, 2359, 2464, 2465, 2466, 2360, 2372, 2360, 2466, 2467, 2468, 2353, 2354, 2353, 2468, 2464, 2469, 2372, 2375, 2372, 2469, 2466, 2470, 2379, 2457, 2379, 2470, 2380, 2463, 2347, 2348, 2347, 2463, 2453, 2459, 2358, 2351, 2358, 2459, 2471, 2471, 2357, 2358, 2357, 2471, 2472, 2461, 2349, 2350, 2349, 2461, 2462, 2454, 2354, 2346, 2354, 2454, 2468, 2467, 2356, 2360, 2356, 2467, 2473, 2473, 2355, 2356, 2355, 2473, 2460, 2455, 2380, 2470, 2380, 2455, 2383, 2465, 2352, 2359, 2352, 2465, 2458, 2456, 2375, 2376, 2375, 2456, 2469, 2472, 2367, 2357, 2367, 2472, 2449, 2475, 2374, 2474, 2374, 2475, 2370, 2477, 2399, 2476, 2399, 2477, 2400, 2476, 2405, 2478, 2405, 2476, 2399, 2480, 2388, 2479, 2388, 2480, 2387, 2482, 2378, 2481, 2378, 2482, 2381, 2484, 2371, 2483, 2371, 2484, 2377, 2478, 2409, 2485, 2409, 2478, 2405, 2487, 2384, 2486, 2384, 2487, 2373, 2474, 2369, 2488, 2369, 2474, 2374, 2479, 2400, 2477, 2400, 2479, 2388, 2490, 2391, 2489, 2391, 2490, 2392, 2491, 2381, 2482, 2381, 2491, 2382, 2492, 2373, 2487, 2373, 2492, 2368, 2485, 2392, 2490, 2392, 2485, 2409, 2408, 2489, 2391, 2489, 2408, 2493, 2495, 2386, 2494, 2386, 2495, 2385, 2483, 2370, 2475, 2370, 2483, 2371, 2488, 2368, 2492, 2368, 2488, 2369, 2486, 2385, 2495, 2385, 2486, 2384, 2494, 2387, 2480, 2387, 2494, 2386, 2481, 2377, 2484, 2377, 2481, 2378, 2390, 2496, 2389, 2496, 2390, 2497, 2412, 2498, 2411, 2498, 2412, 2499, 2425, 2500, 2424, 2500, 2425, 2501, 2407, 2493, 2408, 2493, 2407, 2502, 2398, 2503, 2397, 2503, 2398, 2504, 2395, 2505, 2406, 2505, 2395, 2506, 2410, 2507, 2402, 2507, 2410, 2508, 2396, 2506, 2395, 2506, 2396, 2509, 2424, 2499, 2412, 2499, 2424, 2500, 2402, 2510, 2401, 2510, 2402, 2507, 2394, 2511, 2393, 2511, 2394, 2512, 2429, 2501, 2425, 2501, 2429, 2513, 2397, 2497, 2390, 2497, 2397, 2503, 2426, 2513, 2429, 2513, 2426, 2514, 2403, 2512, 2394, 2512, 2403, 2515, 2389, 2509, 2396, 2509, 2389, 2496, 2393, 2502, 2407, 2502, 2393, 2511, 2401, 2504, 2398, 2504, 2401, 2510, 2404, 2515, 2403, 2515, 2404, 2516, 2406, 2516, 2404, 2516, 2406, 2505, 2411, 2508, 2410, 2508, 2411, 2498, 2428, 2189, 2414, 2189, 2428, 2191, 2421, 2191, 2428, 2191, 2421, 2225, 2430, 2169, 2420, 2169, 2430, 2173, 2416, 2176, 2415, 2176, 2416, 2175, 2432, 2184, 2431, 2184, 2432, 2183, 2433, 2183, 2432, 2183, 2433, 2187, 2422, 2225, 2421, 2225, 2422, 2227, 2446, 2201, 2438, 2201, 2446, 2195, 2431, 2173, 2430, 2173, 2431, 2184, 2418, 2179, 2417, 2179, 2418, 2181, 2438, 2193, 2437, 2193, 2438, 2201, 2423, 2517, 2427, 2517, 2423, 2518, 2447, 2195, 2446, 2195, 2447, 2197, 2414, 2220, 2413, 2220, 2414, 2189, 2427, 2514, 2426, 2514, 2427, 2517, 2415, 2227, 2422, 2227, 2415, 2176, 2417, 2175, 2416, 2175, 2417, 2179, 2413, 2518, 2423, 2518, 2413, 2220, 2419, 2181, 2418, 2181, 2419, 2170, 2420, 2170, 2419, 2170, 2420, 2169, 2437, 2187, 2433, 2187, 2437, 2193, 2519, 2441, 2444, 2441, 2519, 2520, 2436, 2216, 2435, 2216, 2436, 2218, 2521, 2471, 2459, 2471, 2521, 2522, 2435, 2207, 2434, 2207, 2435, 2216, 2523, 2465, 2464, 2465, 2523, 2524, 2522, 2472, 2471, 2472, 2522, 2525, 2526, 2444, 2445, 2444, 2526, 2519, 2452, 2197, 2447, 2197, 2452, 2203, 2527, 2445, 2449, 2445, 2527, 2526, 2524, 2458, 2465, 2458, 2524, 2528, 2450, 2203, 2452, 2203, 2450, 2205, 2443, 2218, 2436, 2218, 2443, 2529, 2440, 2529, 2443, 2529, 2440, 2530, 2531, 2448, 2451, 2448, 2531, 2532, 2520, 2442, 2441, 2442, 2520, 2533, 2533, 2451, 2442, 2451, 2533, 2531, 2434, 2205, 2450, 2205, 2434, 2207, 2532, 2439, 2448, 2439, 2532, 2534, 2525, 2449, 2472, 2449, 2525, 2527, 2528, 2459, 2458, 2459, 2528, 2521, 2535, 2464, 2468, 2464, 2535, 2523, 2534, 2440, 2439, 2440, 2534, 2530, 2475, 2536, 2483, 2536, 2475, 2537, 2538, 2460, 2473, 2460, 2538, 2539, 2540, 2473, 2467, 2473, 2540, 2538, 2541, 2382, 2491, 2382, 2541, 2457, 2542, 2468, 2454, 2468, 2542, 2535, 2543, 2469, 2456, 2469, 2543, 2544, 2545, 2467, 2466, 2467, 2545, 2540, 2474, 2537, 2475, 2537, 2474, 2546, 2483, 2547, 2484, 2547, 2483, 2536, 2549, 2470, 2548, 2470, 2549, 2455, 2481, 2550, 2482, 2550, 2481, 2551, 2484, 2551, 2481, 2551, 2484, 2547, 2552, 2453, 2463, 2453, 2552, 2553, 2482, 2554, 2491, 2554, 2482, 2550, 2539, 2461, 2460, 2461, 2539, 2555, 2553, 2454, 2453, 2454, 2553, 2542, 2544, 2466, 2469, 2466, 2544, 2545, 2549, 2456, 2455, 2456, 2549, 2543, 2555, 2462, 2461, 2462, 2555, 2556, 2556, 2463, 2462, 2463, 2556, 2552, 2548, 2457, 2541, 2457, 2548, 2470, 2557, 2495, 2494, 2495, 2557, 2558, 2559, 2494, 2480, 2494, 2559, 2557, 2560, 2479, 2477, 2479, 2560, 2561, 2562, 2476, 2478, 2476, 2562, 2563, 2489, 2564, 2490, 2564, 2489, 2565, 2488, 2546, 2474, 2546, 2488, 2566, 2492, 2566, 2488, 2566, 2492, 2567, 2493, 2565, 2489, 2565, 2493, 2568, 2502, 2568, 2493, 2568, 2502, 2569, 2516, 2570, 2515, 2570, 2516, 2571, 2572, 2478, 2485, 2478, 2572, 2562, 2558, 2486, 2495, 2486, 2558, 2573, 2515, 2574, 2512, 2574, 2515, 2570, 2575, 2492, 2487, 2492, 2575, 2567, 2511, 2569, 2502, 2569, 2511, 2576, 2573, 2487, 2486, 2487, 2573, 2575, 2512, 2576, 2511, 2576, 2512, 2574, 2561, 2480, 2479, 2480, 2561, 2559, 2490, 2572, 2485, 2572, 2490, 2564, 2563, 2477, 2476, 2477, 2563, 2560, 2505, 2571, 2516, 2571, 2505, 2577, 2498, 2578, 2508, 2578, 2498, 2579, 2508, 2580, 2507, 2580, 2508, 2578, 2509, 2581, 2506, 2581, 2509, 2582, 2497, 2583, 2496, 2583, 2497, 2584, 2507, 2585, 2510, 2585, 2507, 2580, 2500, 2586, 2499, 2586, 2500, 2587, 2517, 2588, 2514, 2588, 2517, 2589, 2503, 2584, 2497, 2584, 2503, 2590, 2504, 2590, 2503, 2590, 2504, 2591, 2501, 2587, 2500, 2587, 2501, 2592, 2518, 2589, 2517, 2589, 2518, 2593, 2220, 2593, 2518, 2593, 2220, 2221, 2499, 2579, 2498, 2579, 2499, 2586, 2510, 2591, 2504, 2591, 2510, 2585, 2506, 2577, 2505, 2577, 2506, 2581, 2514, 2594, 2513, 2594, 2514, 2588, 2496, 2582, 2509, 2582, 2496, 2583, 2513, 2592, 2501, 2592, 2513, 2594, 2595, 2529, 2530, 2529, 2595, 2596, 2596, 2218, 2529, 2218, 2596, 2219, 2597, 2519, 2526, 2519, 2597, 2598, 2599, 2531, 2533, 2531, 2599, 2600, 2601, 2552, 2556, 2552, 2601, 2602, 2603, 2522, 2521, 2522, 2603, 2604, 2600, 2532, 2531, 2532, 2600, 2605, 2606, 2533, 2520, 2533, 2606, 2599, 2605, 2534, 2532, 2534, 2605, 2607, 2608, 2535, 2542, 2535, 2608, 2609, 2602, 2553, 2552, 2553, 2602, 2610, 2611, 2555, 2539, 2555, 2611, 2612, 2610, 2542, 2553, 2542, 2610, 2608, 2613, 2526, 2527, 2526, 2613, 2597, 2614, 2521, 2528, 2521, 2614, 2603, 2612, 2556, 2555, 2556, 2612, 2601, 2615, 2524, 2523, 2524, 2615, 2616, 2616, 2528, 2524, 2528, 2616, 2614, 2607, 2530, 2534, 2530, 2607, 2595, 2598, 2520, 2519, 2520, 2598, 2606, 2617, 2527, 2525, 2527, 2617, 2613, 2609, 2523, 2535, 2523, 2609, 2615, 2604, 2525, 2522, 2525, 2604, 2617, 2618, 2544, 2543, 2544, 2618, 2619, 2620, 2549, 2548, 2549, 2620, 2621, 2623, 2557, 2622, 2557, 2623, 2558, 2491, 2624, 2541, 2624, 2491, 2554, 2626, 2551, 2625, 2551, 2626, 2550, 2622, 2559, 2627, 2559, 2622, 2557, 2628, 2550, 2626, 2550, 2628, 2554, 2630, 2567, 2629, 2567, 2630, 2566, 2631, 2539, 2538, 2539, 2631, 2611, 2632, 2540, 2545, 2540, 2632, 2633, 2541, 2620, 2548, 2620, 2541, 2624, 2625, 2547, 2634, 2547, 2625, 2551, 2634, 2536, 2635, 2536, 2634, 2547, 2636, 2566, 2630, 2566, 2636, 2546, 2635, 2537, 2637, 2537, 2635, 2536, 2633, 2538, 2540, 2538, 2633, 2631, 2619, 2545, 2544, 2545, 2619, 2632, 2621, 2543, 2549, 2543, 2621, 2618, 2637, 2546, 2636, 2546, 2637, 2537, 2629, 2575, 2638, 2575, 2629, 2567, 2638, 2573, 2639, 2573, 2638, 2575, 2639, 2558, 2623, 2558, 2639, 2573, 2583, 2640, 2582, 2640, 2583, 2641, 2627, 2561, 2642, 2561, 2627, 2559, 2591, 2643, 2590, 2643, 2591, 2644, 2568, 2645, 2565, 2645, 2568, 2646, 2648, 2562, 2647, 2562, 2648, 2563, 2647, 2572, 2649, 2572, 2647, 2562, 2569, 2646, 2568, 2646, 2569, 2650, 2576, 2650, 2569, 2650, 2576, 2651, 2577, 2652, 2571, 2652, 2577, 2653, 2649, 2564, 2654, 2564, 2649, 2572, 2642, 2560, 2655, 2560, 2642, 2561, 2565, 2654, 2564, 2654, 2565, 2645, 2584, 2641, 2583, 2641, 2584, 2656, 2590, 2656, 2584, 2656, 2590, 2643, 2582, 2657, 2581, 2657, 2582, 2640, 2570, 2658, 2574, 2658, 2570, 2659, 2581, 2653, 2577, 2653, 2581, 2657, 2585, 2644, 2591, 2644, 2585, 2660, 2571, 2659, 2570, 2659, 2571, 2652, 2574, 2651, 2576, 2651, 2574, 2658, 2655, 2563, 2648, 2563, 2655, 2560, 2592, 2661, 2587, 2661, 2592, 2662, 2589, 2663, 2588, 2663, 2589, 2664, 2579, 2665, 2578, 2665, 2579, 2666, 2593, 2664, 2589, 2664, 2593, 2667, 2586, 2666, 2579, 2666, 2586, 2668, 2578, 2669, 2580, 2669, 2578, 2665, 2221, 2667, 2593, 2667, 2221, 2222, 2594, 2662, 2592, 2662, 2594, 2670, 2587, 2668, 2586, 2668, 2587, 2661, 2588, 2670, 2594, 2670, 2588, 2663, 2580, 2660, 2585, 2660, 2580, 2669, 2673, 2672, 2671, 2672, 2673, 2674, 2675, 2674, 2673, 2674, 2675, 2676, 2677, 2676, 2675, 2676, 2677, 2678, 2681, 2680, 2679, 2680, 2681, 2682, 2679, 2678, 2677, 2678, 2679, 2680, 2685, 2684, 2683, 2684, 2685, 2686, 2683, 2688, 2687, 2688, 2683, 2684, 2689, 2686, 2685, 2686, 2689, 2690, 2693, 2692, 2691, 2692, 2693, 2694, 2695, 2694, 2693, 2694, 2695, 2696, 2697, 2690, 2689, 2690, 2697, 2698, 2698, 2699, 2690, 2699, 2698, 2700, 2699, 2700, 2701, 2699, 2701, 2702, 2703, 2682, 2681, 2682, 2703, 2704, 2707, 2706, 2705, 2706, 2707, 2708, 2711, 2710, 2709, 2710, 2711, 2712, 2710, 2712, 2708, 2708, 2712, 2706, 2705, 2696, 2695, 2696, 2705, 2706, 2713, 2712, 2711, 2712, 2713, 2714, 2712, 2714, 2706, 2706, 2714, 2696, 2715, 2708, 2707, 2708, 2715, 2716, 2719, 2718, 2717, 2718, 2719, 2720, 2720, 2719, 2678, 2720, 2678, 2680, 2721, 2716, 2715, 2716, 2721, 2722, 2691, 2724, 2723, 2724, 2691, 2692, 2727, 2726, 2725, 2726, 2727, 2728, 2726, 2728, 2692, 2692, 2728, 2724, 2729, 2714, 2713, 2714, 2729, 2730, 2714, 2730, 2696, 2696, 2730, 2694, 2723, 2732, 2731, 2732, 2723, 2724, 2733, 2722, 2721, 2722, 2733, 2734, 2687, 2704, 2703, 2704, 2687, 2688, 2737, 2736, 2735, 2736, 2737, 2738, 2738, 2737, 2704, 2738, 2704, 2688, 2725, 2730, 2729, 2730, 2725, 2726, 2730, 2726, 2694, 2694, 2726, 2692, 2671, 2734, 2733, 2734, 2671, 2672, 2739, 2728, 2727, 2728, 2739, 2740, 2728, 2740, 2724, 2724, 2740, 2732, 2743, 2742, 2741, 2742, 2743, 2744, 2742, 2744, 2722, 2722, 2744, 2716, 2731, 2746, 2745, 2746, 2731, 2732, 2749, 2748, 2747, 2748, 2749, 2750, 2750, 2749, 2734, 2750, 2734, 2672, 2750, 2751, 2748, 2751, 2750, 2752, 2752, 2750, 2672, 2752, 2672, 2674, 2752, 2753, 2751, 2753, 2752, 2754, 2754, 2752, 2674, 2754, 2674, 2676, 2757, 2756, 2755, 2756, 2757, 2758, 2758, 2757, 2684, 2758, 2684, 2686, 2709, 2744, 2743, 2744, 2709, 2710, 2744, 2710, 2716, 2716, 2710, 2708, 2758, 2702, 2756, 2702, 2758, 2699, 2699, 2758, 2686, 2699, 2686, 2690, 2760, 2735, 2759, 2735, 2760, 2737, 2737, 2760, 2682, 2737, 2682, 2704, 2741, 2749, 2747, 2749, 2741, 2742, 2749, 2742, 2734, 2734, 2742, 2722, 2754, 2717, 2753, 2717, 2754, 2719, 2719, 2754, 2676, 2719, 2676, 2678, 2720, 2759, 2718, 2759, 2720, 2760, 2760, 2720, 2680, 2760, 2680, 2682, 2738, 2755, 2736, 2755, 2738, 2757, 2757, 2738, 2688, 2757, 2688, 2684, 2761, 2698, 2697, 2698, 2761, 2762, 2219, 2224, 2217, 2224, 2219, 2763, 2764, 2605, 2600, 2605, 2764, 2765, 2766, 2604, 2603, 2604, 2766, 2767, 2768, 2615, 2609, 2615, 2768, 2769, 2770, 2609, 2608, 2609, 2770, 2768, 2771, 2606, 2598, 2606, 2771, 2772, 2773, 2613, 2617, 2613, 2773, 2774, 2775, 2608, 2610, 2608, 2775, 2770, 2767, 2617, 2604, 2617, 2767, 2773, 2774, 2597, 2613, 2597, 2774, 2776, 2777, 2596, 2595, 2596, 2777, 2778, 2779, 2600, 2599, 2600, 2779, 2764, 2780, 2595, 2607, 2595, 2780, 2777, 2781, 2603, 2614, 2603, 2781, 2766, 2769, 2616, 2615, 2616, 2769, 2782, 2783, 2610, 2602, 2610, 2783, 2775, 2596, 2763, 2219, 2763, 2596, 2778, 2772, 2599, 2606, 2599, 2772, 2779, 2782, 2614, 2616, 2614, 2782, 2781, 2765, 2607, 2605, 2607, 2765, 2780, 2776, 2598, 2597, 2598, 2776, 2771, 2784, 2633, 2632, 2633, 2784, 2785, 2786, 2602, 2601, 2602, 2786, 2783, 2787, 2601, 2612, 2601, 2787, 2786, 2789, 2620, 2788, 2620, 2789, 2621, 2790, 2612, 2611, 2612, 2790, 2787, 2791, 2632, 2619, 2632, 2791, 2784, 2789, 2618, 2621, 2618, 2789, 2792, 2794, 2626, 2793, 2626, 2794, 2628, 2795, 2554, 2628, 2554, 2795, 2624, 2797, 2635, 2796, 2635, 2797, 2634, 2796, 2637, 2798, 2637, 2796, 2635, 2800, 2630, 2799, 2630, 2800, 2636, 2792, 2619, 2618, 2619, 2792, 2791, 2801, 2634, 2797, 2634, 2801, 2625, 2788, 2624, 2795, 2624, 2788, 2620, 2793, 2625, 2801, 2625, 2793, 2626, 2799, 2629, 2802, 2629, 2799, 2630, 2803, 2611, 2631, 2611, 2803, 2790, 2802, 2638, 2804, 2638, 2802, 2629, 2798, 2636, 2800, 2636, 2798, 2637, 2785, 2631, 2633, 2631, 2785, 2803, 2806, 2623, 2805, 2623, 2806, 2639, 2650, 2807, 2646, 2807, 2650, 2808, 2809, 2646, 2807, 2646, 2809, 2645, 2659, 2810, 2658, 2810, 2659, 2811, 2652, 2811, 2659, 2811, 2652, 2812, 2814, 2647, 2813, 2647, 2814, 2648, 2805, 2622, 2815, 2622, 2805, 2623, 2815, 2627, 2816, 2627, 2815, 2622, 2804, 2639, 2806, 2639, 2804, 2638, 2651, 2808, 2650, 2808, 2651, 2817, 2658, 2817, 2651, 2817, 2658, 2810, 2653, 2812, 2652, 2812, 2653, 2818, 2657, 2818, 2653, 2818, 2657, 2819, 2640, 2819, 2657, 2819, 2640, 2820, 2822, 2655, 2821, 2655, 2822, 2642, 2641, 2820, 2640, 2820, 2641, 2823, 2656, 2823, 2641, 2823, 2656, 2824, 2821, 2648, 2814, 2648, 2821, 2655, 2813, 2649, 2825, 2649, 2813, 2647, 2816, 2642, 2822, 2642, 2816, 2627, 2825, 2654, 2826, 2654, 2825, 2649, 2826, 2645, 2809, 2645, 2826, 2654, 2664, 2827, 2663, 2827, 2664, 2828, 2665, 2829, 2669, 2829, 2665, 2830, 2662, 2831, 2661, 2831, 2662, 2832, 2661, 2833, 2668, 2833, 2661, 2831, 2229, 2834, 2238, 2834, 2229, 2835, 2644, 2836, 2643, 2836, 2644, 2837, 2669, 2838, 2660, 2838, 2669, 2829, 2230, 2835, 2229, 2835, 2230, 2839, 2235, 2839, 2230, 2839, 2235, 2840, 2668, 2841, 2666, 2841, 2668, 2833, 2660, 2837, 2644, 2837, 2660, 2838, 2666, 2830, 2665, 2830, 2666, 2841, 2643, 2824, 2656, 2824, 2643, 2836, 2670, 2832, 2662, 2832, 2670, 2842, 2663, 2842, 2670, 2842, 2663, 2827, 2222, 2843, 2667, 2843, 2222, 2844, 2223, 2844, 2222, 2844, 2223, 2845, 2238, 2845, 2223, 2845, 2238, 2834, 2231, 2840, 2235, 2840, 2231, 2846, 2667, 2828, 2664, 2828, 2667, 2843, 2232, 2846, 2231, 2846, 2232, 2847, 2215, 2848, 2212, 2848, 2215, 2849, 2239, 2850, 2237, 2850, 2239, 2851, 2214, 2852, 2213, 2852, 2214, 2853, 2200, 2854, 2199, 2854, 2200, 2855, 2212, 2856, 2211, 2856, 2212, 2848, 2209, 2857, 2234, 2857, 2209, 2858, 2780, 2859, 2777, 2859, 2780, 2860, 2861, 2780, 2765, 2780, 2861, 2860, 2211, 2855, 2200, 2855, 2211, 2856, 2234, 2862, 2233, 2862, 2234, 2857, 2236, 2853, 2214, 2853, 2236, 2863, 2763, 2864, 2224, 2864, 2763, 2865, 2224, 2849, 2215, 2849, 2224, 2864, 2778, 2865, 2763, 2865, 2778, 2866, 2867, 2765, 2764, 2765, 2867, 2861, 2237, 2863, 2236, 2863, 2237, 2850, 2199, 2851, 2239, 2851, 2199, 2854, 2210, 2858, 2209, 2858, 2210, 2868, 2213, 2868, 2210, 2868, 2213, 2852, 2777, 2866, 2778, 2866, 2777, 2859, 2233, 2847, 2232, 2847, 2233, 2862, 2869, 2769, 2768, 2769, 2869, 2870, 2871, 2768, 2770, 2768, 2871, 2869, 2872, 2774, 2773, 2774, 2872, 2873, 2874, 2766, 2781, 2766, 2874, 2875, 2876, 2764, 2779, 2764, 2876, 2867, 2877, 2779, 2772, 2779, 2877, 2876, 2878, 2772, 2771, 2772, 2878, 2877, 2879, 2787, 2790, 2787, 2879, 2880, 2873, 2776, 2774, 2776, 2873, 2881, 2875, 2767, 2766, 2767, 2875, 2882, 2883, 2781, 2782, 2781, 2883, 2874, 2884, 2783, 2786, 2783, 2884, 2885, 2885, 2775, 2783, 2775, 2885, 2886, 2881, 2771, 2776, 2771, 2881, 2878, 2880, 2786, 2787, 2786, 2880, 2884, 2887, 2790, 2803, 2790, 2887, 2879, 2882, 2773, 2767, 2773, 2882, 2872, 2886, 2770, 2775, 2770, 2886, 2871, 2888, 2785, 2784, 2785, 2888, 2889, 2889, 2803, 2785, 2803, 2889, 2887, 2890, 2784, 2791, 2784, 2890, 2888, 2870, 2782, 2769, 2782, 2870, 2883, 2892, 2802, 2891, 2802, 2892, 2799, 2894, 2805, 2893, 2805, 2894, 2806, 2896, 2793, 2895, 2793, 2896, 2794, 2898, 2822, 2897, 2822, 2898, 2816, 2897, 2821, 2899, 2821, 2897, 2822, 2900, 2791, 2792, 2791, 2900, 2890, 2899, 2814, 2901, 2814, 2899, 2821, 2903, 2795, 2902, 2795, 2903, 2788, 2902, 2628, 2794, 2628, 2902, 2795, 2905, 2798, 2904, 2798, 2905, 2796, 2891, 2804, 2906, 2804, 2891, 2802, 2900, 2789, 2907, 2789, 2900, 2792, 2906, 2806, 2894, 2806, 2906, 2804, 2893, 2815, 2908, 2815, 2893, 2805, 2908, 2816, 2898, 2816, 2908, 2815, 2904, 2800, 2909, 2800, 2904, 2798, 2907, 2788, 2903, 2788, 2907, 2789, 2910, 2796, 2905, 2796, 2910, 2797, 2909, 2799, 2892, 2799, 2909, 2800, 2911, 2797, 2910, 2797, 2911, 2801, 2895, 2801, 2911, 2801, 2895, 2793, 2811, 2912, 2810, 2912, 2811, 2913, 2819, 2914, 2818, 2914, 2819, 2915, 2820, 2915, 2819, 2915, 2820, 2916, 2808, 2917, 2807, 2917, 2808, 2918, 2810, 2919, 2817, 2919, 2810, 2912, 2812, 2913, 2811, 2913, 2812, 2920, 2823, 2916, 2820, 2916, 2823, 2921, 2836, 2922, 2824, 2922, 2836, 2923, 2817, 2918, 2808, 2918, 2817, 2919, 2924, 2807, 2917, 2807, 2924, 2809, 2838, 2925, 2837, 2925, 2838, 2926, 2901, 2813, 2927, 2813, 2901, 2814, 2927, 2825, 2928, 2825, 2927, 2813, 2837, 2923, 2836, 2923, 2837, 2925, 2829, 2926, 2838, 2926, 2829, 2929, 2818, 2920, 2812, 2920, 2818, 2914, 2830, 2929, 2829, 2929, 2830, 2930, 2841, 2930, 2830, 2930, 2841, 2931, 2932, 2809, 2924, 2809, 2932, 2826, 2824, 2921, 2823, 2921, 2824, 2922, 2928, 2826, 2932, 2826, 2928, 2825, 2833, 2931, 2841, 2931, 2833, 2933, 2840, 2934, 2839, 2934, 2840, 2935, 2868, 2936, 2858, 2936, 2868, 2937, 2832, 2938, 2831, 2938, 2832, 2939, 2827, 2940, 2842, 2940, 2827, 2941, 2834, 2942, 2845, 2942, 2834, 2943, 2846, 2935, 2840, 2935, 2846, 2944, 2862, 2945, 2847, 2945, 2862, 2946, 2857, 2946, 2862, 2946, 2857, 2947, 2831, 2933, 2833, 2933, 2831, 2938, 2843, 2948, 2828, 2948, 2843, 2949, 2858, 2947, 2857, 2947, 2858, 2936, 2844, 2949, 2843, 2949, 2844, 2950, 2863, 2951, 2853, 2951, 2863, 2952, 2845, 2950, 2844, 2950, 2845, 2942, 2828, 2941, 2827, 2941, 2828, 2948, 2835, 2943, 2834, 2943, 2835, 2953, 2842, 2939, 2832, 2939, 2842, 2940, 2847, 2944, 2846, 2944, 2847, 2945, 2852, 2937, 2868, 2937, 2852, 2954, 2853, 2954, 2852, 2954, 2853, 2951, 2839, 2953, 2835, 2953, 2839, 2934, 2860, 2955, 2859, 2955, 2860, 2956, 2865, 2957, 2864, 2957, 2865, 2958, 2864, 2959, 2849, 2959, 2864, 2957, 2960, 2872, 2882, 2872, 2960, 2961, 2962, 2878, 2881, 2878, 2962, 2963, 2964, 2881, 2873, 2881, 2964, 2962, 2850, 2952, 2863, 2952, 2850, 2965, 2849, 2966, 2848, 2966, 2849, 2959, 2848, 2967, 2856, 2967, 2848, 2966, 2856, 2968, 2855, 2968, 2856, 2967, 2866, 2958, 2865, 2958, 2866, 2969, 2859, 2969, 2866, 2969, 2859, 2955, 2970, 2861, 2867, 2861, 2970, 2971, 2972, 2867, 2876, 2867, 2972, 2970, 2973, 2876, 2877, 2876, 2973, 2972, 2961, 2873, 2872, 2873, 2961, 2964, 2963, 2877, 2878, 2877, 2963, 2973, 2971, 2860, 2861, 2860, 2971, 2956, 2855, 2974, 2854, 2974, 2855, 2968, 2851, 2965, 2850, 2965, 2851, 2975, 2854, 2975, 2851, 2975, 2854, 2974, 2976, 2871, 2886, 2871, 2976, 2977, 2978, 2890, 2900, 2890, 2978, 2979, 2977, 2869, 2871, 2869, 2977, 2980, 2981, 2885, 2884, 2885, 2981, 2982, 2983, 2887, 2889, 2887, 2983, 2984, 2985, 2883, 2870, 2883, 2985, 2986, 2986, 2874, 2883, 2874, 2986, 2987, 2979, 2888, 2890, 2888, 2979, 2988, 2990, 2903, 2989, 2903, 2990, 2907, 2980, 2870, 2869, 2870, 2980, 2985, 2989, 2902, 2991, 2902, 2989, 2903, 2991, 2794, 2896, 2794, 2991, 2902, 2993, 2895, 2992, 2895, 2993, 2896, 2987, 2875, 2874, 2875, 2987, 2994, 2995, 2884, 2880, 2884, 2995, 2981, 2978, 2907, 2990, 2907, 2978, 2900, 2996, 2880, 2879, 2880, 2996, 2995, 2984, 2879, 2887, 2879, 2984, 2996, 2982, 2886, 2885, 2886, 2982, 2976, 2994, 2882, 2875, 2882, 2994, 2960, 2988, 2889, 2888, 2889, 2988, 2983, 2998, 2894, 2997, 2894, 2998, 2906, 3000, 2904, 2999, 2904, 3000, 2905, 3001, 2917, 2918, 2917, 3001, 3002, 3003, 2918, 2919, 2918, 3003, 3001, 3005, 2924, 3004, 2924, 3005, 2932, 3007, 2891, 3006, 2891, 3007, 2892, 3006, 2906, 2998, 2906, 3006, 2891, 3009, 2897, 3008, 2897, 3009, 2898, 3010, 2905, 3000, 2905, 3010, 2910, 2999, 2909, 3011, 2909, 2999, 2904, 3012, 2910, 3010, 2910, 3012, 2911, 3014, 2928, 3013, 2928, 3014, 2927, 3013, 2932, 3005, 2932, 3013, 2928, 3004, 2917, 3002, 2917, 3004, 2924, 3011, 2892, 3007, 2892, 3011, 2909, 3015, 2898, 3009, 2898, 3015, 2908, 3008, 2899, 3016, 2899, 3008, 2897, 3016, 2901, 3017, 2901, 3016, 2899, 2992, 2911, 3012, 2911, 2992, 2895, 3018, 2908, 3015, 2908, 3018, 2893, 2997, 2893, 3018, 2893, 2997, 2894, 3017, 2927, 3014, 2927, 3017, 2901, 3019, 2916, 2921, 2916, 3019, 3020, 3021, 2922, 2923, 2922, 3021, 3022, 3023, 2929, 2930, 2929, 3023, 3024, 3025, 2930, 2931, 2930, 3025, 3023, 3026, 2938, 2939, 2938, 3026, 3027, 3028, 2923, 2925, 2923, 3028, 3021, 3029, 2941, 2948, 2941, 3029, 3030, 3031, 2948, 2949, 2948, 3031, 3029, 3022, 2921, 2922, 2921, 3022, 3019, 3032, 2939, 2940, 2939, 3032, 3026, 3033, 2919, 2912, 2919, 3033, 3003, 3034, 2920, 2914, 2920, 3034, 3035, 3020, 2915, 2916, 2915, 3020, 3036, 3024, 2926, 2929, 2926, 3024, 3037, 3038, 2912, 2913, 2912, 3038, 3033, 3035, 2913, 2920, 2913, 3035, 3038, 3027, 2933, 2938, 2933, 3027, 3039, 3036, 2914, 2915, 2914, 3036, 3034, 3037, 2925, 2926, 2925, 3037, 3028, 3039, 2931, 2933, 2931, 3039, 3025, 3030, 2940, 2941, 2940, 3030, 3032, 2945, 2691, 2944, 2691, 2945, 2693, 2934, 2745, 2953, 2745, 2934, 2731, 2954, 2715, 2937, 2715, 2954, 2721, 3040, 2950, 2942, 2950, 3040, 3041, 2953, 3042, 2943, 3042, 2953, 2745, 2935, 2731, 2934, 2731, 2935, 2723, 2952, 2733, 2951, 2733, 2952, 2671, 2974, 2675, 2975, 2675, 2974, 2677, 2943, 3040, 2942, 3040, 2943, 3042, 2946, 2693, 2945, 2693, 2946, 2695, 3041, 2949, 2950, 2949, 3041, 3031, 2968, 2677, 2974, 2677, 2968, 2679, 2951, 2721, 2954, 2721, 2951, 2733, 2967, 2679, 2968, 2679, 2967, 2681, 2944, 2723, 2935, 2723, 2944, 2691, 2975, 2673, 2965, 2673, 2975, 2675, 2966, 2681, 2967, 2681, 2966, 2703, 2947, 2695, 2946, 2695, 2947, 2705, 2937, 2707, 2936, 2707, 2937, 2715, 2965, 2671, 2952, 2671, 2965, 2673, 2936, 2705, 2947, 2705, 2936, 2707, 2955, 2689, 2969, 2689, 2955, 2697, 2962, 3043, 2963, 3043, 2962, 3044, 2961, 3045, 2964, 3045, 2961, 3046, 2960, 3046, 2961, 3046, 2960, 3047, 2956, 2697, 2955, 2697, 2956, 2761, 2971, 2761, 2956, 2761, 2971, 3048, 2986, 3049, 2987, 3049, 2986, 3050, 2985, 3050, 2986, 3050, 2985, 3051, 2980, 3051, 2985, 3051, 2980, 3052, 2977, 3052, 2980, 3052, 2977, 3053, 2964, 3044, 2962, 3044, 2964, 3045, 2958, 2683, 2957, 2683, 2958, 2685, 2970, 3048, 2971, 3048, 2970, 3054, 2957, 2687, 2959, 2687, 2957, 2683, 2963, 3055, 2973, 3055, 2963, 3043, 2987, 3056, 2994, 3056, 2987, 3049, 2976, 3053, 2977, 3053, 2976, 3057, 2969, 2685, 2958, 2685, 2969, 2689, 2972, 3054, 2970, 3054, 2972, 3058, 2973, 3058, 2972, 3058, 2973, 3055, 2994, 3047, 2960, 3047, 2994, 3056, 2959, 2703, 2966, 2703, 2959, 2687, 2979, 3059, 2988, 3059, 2979, 3060, 3062, 2989, 3061, 2989, 3062, 2990, 3064, 3000, 3063, 3000, 3064, 3010, 2996, 3065, 2995, 3065, 2996, 3066, 3063, 2999, 3067, 2999, 3063, 3000, 3069, 3006, 3068, 3006, 3069, 3007, 3070, 2896, 2993, 2896, 3070, 2991, 2988, 3071, 2983, 3071, 2988, 3059, 2981, 3072, 2982, 3072, 2981, 3073, 3075, 3012, 3074, 3012, 3075, 2992, 3074, 3010, 3064, 3010, 3074, 3012, 2978, 3060, 2979, 3060, 2978, 3076, 3077, 2992, 3075, 2992, 3077, 2993, 2982, 3057, 2976, 3057, 2982, 3072, 3067, 3011, 3078, 3011, 3067, 2999, 2995, 3073, 2981, 3073, 2995, 3065, 2984, 3066, 2996, 3066, 2984, 3079, 3076, 2990, 3062, 2990, 3076, 2978, 2983, 3079, 2984, 3079, 2983, 3071, 3061, 2991, 3070, 2991, 3061, 2989, 3078, 3007, 3069, 3007, 3078, 3011, 3081, 3009, 3080, 3009, 3081, 3015, 3082, 3034, 3036, 3034, 3082, 3083, 3084, 3001, 3003, 3001, 3084, 3085, 3087, 3017, 3086, 3017, 3087, 3016, 3089, 3013, 3088, 3013, 3089, 3014, 3085, 3002, 3001, 3002, 3085, 3090, 3091, 3036, 3020, 3036, 3091, 3082, 3088, 3005, 3092, 3005, 3088, 3013, 3093, 3015, 3081, 3015, 3093, 3018, 3090, 3004, 3002, 3004, 3090, 3094, 3092, 3004, 3094, 3004, 3092, 3005, 3080, 3008, 3095, 3008, 3080, 3009, 3096, 3018, 3093, 3018, 3096, 2997, 3097, 2997, 3096, 2997, 3097, 2998, 3098, 3003, 3033, 3003, 3098, 3084, 3099, 3033, 3038, 3033, 3099, 3098, 3095, 3016, 3087, 3016, 3095, 3008, 3068, 2998, 3097, 2998, 3068, 3006, 3086, 3014, 3089, 3014, 3086, 3017, 3083, 3035, 3034, 3035, 3083, 3100, 3100, 3038, 3035, 3038, 3100, 3099, 3101, 3020, 3019, 3020, 3101, 3091, 1, 3028, 3037, 3028, 1, 2, 3102, 3032, 3030, 3032, 3102, 3103, 3104, 3040, 3042, 3040, 3104, 3105, 3106, 3022, 3021, 3022, 3106, 3107, 2745, 3104, 3042, 3104, 2745, 2746, 3108, 3024, 3023, 3024, 3108, 3109, 2, 3021, 3028, 3021, 2, 3106, 3103, 3026, 3032, 3026, 3103, 3110, 3107, 3019, 3022, 3019, 3107, 3101, 3111, 3039, 3027, 3039, 3111, 3112, 3110, 3027, 3026, 3027, 3110, 3111, 3113, 3029, 3031, 3029, 3113, 3114, 3115, 3031, 3041, 3031, 3115, 3113, 3109, 3037, 3024, 3037, 3109, 1, 3112, 3025, 3039, 3025, 3112, 3116, 3105, 3041, 3040, 3041, 3105, 3115, 3116, 3023, 3025, 3023, 3116, 3108, 3114, 3030, 3029, 3030, 3114, 3102, 3048, 2762, 2761, 2762, 3048, 3117, 3058, 3118, 3054, 3118, 3058, 3119, 3051, 3120, 3050, 3120, 3051, 3121, 3120, 3121, 3122, 3056, 3123, 3047, 3123, 3056, 3124, 3053, 3125, 3052, 3125, 3053, 3126, 3050, 3127, 3049, 3127, 3050, 3120, 3046, 3128, 3045, 3128, 3046, 3129, 3049, 3124, 3056, 3124, 3049, 3127, 3045, 3130, 3044, 3130, 3045, 3128, 3047, 3129, 3046, 3129, 3047, 3123, 3052, 3121, 3051, 3121, 3052, 3125, 3072, 3131, 3057, 3131, 3072, 3132, 3055, 3119, 3058, 3119, 3055, 3133, 3043, 3133, 3055, 3133, 3043, 3134, 3065, 3135, 3073, 3135, 3065, 3136, 3066, 3136, 3065, 3136, 3066, 3137, 3054, 3117, 3048, 3117, 3054, 3118, 3073, 3132, 3072, 3132, 3073, 3135, 3057, 3126, 3053, 3126, 3057, 3131, 3044, 3134, 3043, 3134, 3044, 3130, 3079, 3137, 3066, 3137, 3079, 3138, 3071, 3138, 3079, 3138, 3071, 3139, 3064, 3141, 3140, 3141, 3064, 3063, 3062, 3142, 3076, 3142, 3062, 3143, 3145, 3093, 3144, 3093, 3145, 3096, 3074, 3140, 3146, 3140, 3074, 3064, 3067, 3148, 3147, 3148, 3067, 3078, 3077, 3150, 3149, 3150, 3077, 3075, 3151, 3096, 3145, 3096, 3151, 3097, 3152, 2993, 3077, 2993, 3152, 3070, 3059, 3139, 3071, 3139, 3059, 3153, 3144, 3081, 3154, 3081, 3144, 3093, 3156, 3095, 3155, 3095, 3156, 3080, 3143, 3061, 3157, 3061, 3143, 3062, 3075, 3146, 3150, 3146, 3075, 3074, 3155, 3087, 3158, 3087, 3155, 3095, 3078, 3159, 3148, 3159, 3078, 3069, 3060, 3153, 3059, 3153, 3060, 3160, 3069, 3161, 3159, 3161, 3069, 3068, 3154, 3080, 3156, 3080, 3154, 3081, 3076, 3160, 3060, 3160, 3076, 3142, 3161, 3097, 3151, 3097, 3161, 3068, 3157, 3070, 3152, 3070, 3157, 3061, 3063, 3147, 3141, 3147, 3063, 3067, 3162, 3091, 3101, 3091, 3162, 3163, 3164, 3101, 3107, 3101, 3164, 3162, 3165, 3084, 3098, 3084, 3165, 3166, 3166, 3085, 3084, 3085, 3166, 3167, 3158, 3086, 3168, 3086, 3158, 3087, 3169, 0, 1, 0, 3169, 2, 2, 3169, 3170, 2, 3170, 3171, 3172, 3107, 3106, 3107, 3172, 3164, 3167, 3090, 3085, 3090, 3167, 3173, 3174, 3109, 3108, 3109, 3174, 3175, 3175, 3174, 3176, 3176, 3174, 3177, 3163, 3082, 3091, 3082, 3163, 3178, 3180, 3088, 3179, 3088, 3180, 3089, 3173, 3094, 3090, 3094, 3173, 3181, 3181, 3092, 3094, 3092, 3181, 3182, 3183, 3099, 3100, 3099, 3183, 3184, 3175, 1, 3109, 1, 3175, 3169, 3169, 3175, 3170, 3170, 3175, 3176, 3179, 3092, 3182, 3092, 3179, 3088, 3184, 3098, 3099, 3098, 3184, 3165, 3171, 3106, 2, 3106, 3171, 3172, 3178, 3083, 3082, 3083, 3178, 3185, 3185, 3100, 3083, 3100, 3185, 3183, 3168, 3089, 3180, 3089, 3168, 3086, 3186, 3114, 3113, 3114, 3186, 3187, 3187, 3186, 3188, 3188, 3186, 3189, 3190, 3116, 3112, 3116, 3190, 3191, 3191, 3190, 3192, 3192, 3190, 3193, 3194, 3110, 3103, 3110, 3194, 3195, 3195, 3194, 3196, 3196, 3194, 3197, 3198, 3103, 3102, 3103, 3198, 3194, 3194, 3198, 3197, 3197, 3198, 3199, 3191, 3108, 3116, 3108, 3191, 3174, 3174, 3191, 3177, 3177, 3191, 3192, 3200, 2740, 2739, 2740, 3200, 3201, 2740, 3201, 2732, 2732, 3201, 2746, 3202, 3112, 3111, 3112, 3202, 3190, 3190, 3202, 3193, 3193, 3202, 3203, 3204, 3113, 3115, 3113, 3204, 3186, 3186, 3204, 3189, 3189, 3204, 3205, 3206, 3115, 3105, 3115, 3206, 3204, 3204, 3206, 3205, 3205, 3206, 3207, 3187, 3102, 3114, 3102, 3187, 3198, 3198, 3187, 3199, 3199, 3187, 3188, 3201, 3104, 2746, 3104, 3201, 3208, 3208, 3201, 3209, 3209, 3201, 3200, 3195, 3111, 3110, 3111, 3195, 3202, 3202, 3195, 3203, 3203, 3195, 3196, 3208, 3105, 3104, 3105, 3208, 3206, 3206, 3208, 3207, 3207, 3208, 3209, 3120, 3210, 3127, 3210, 3120, 3211, 3210, 3211, 3212, 3210, 3212, 3213, 3123, 3214, 3129, 3214, 3123, 3215, 3214, 3215, 3216, 3214, 3216, 3217, 3128, 3218, 3130, 3218, 3128, 3219, 3218, 3219, 3220, 3218, 3220, 3221, 3130, 3222, 3134, 3222, 3130, 3218, 3222, 3218, 3221, 3222, 3221, 3223, 2762, 2700, 2698, 2700, 2762, 3224, 2700, 3224, 3225, 2700, 3225, 2701, 3125, 3226, 3121, 3226, 3125, 3227, 3132, 3228, 3131, 3228, 3132, 3229, 3122, 3211, 3120, 3211, 3122, 3121, 3211, 3121, 3212, 3212, 3121, 3226, 3135, 3229, 3132, 3229, 3135, 3230, 3117, 3224, 2762, 3224, 3117, 3231, 3224, 3231, 3232, 3224, 3232, 3225, 3136, 3230, 3135, 3230, 3136, 3233, 3129, 3219, 3128, 3219, 3129, 3214, 3219, 3214, 3217, 3219, 3217, 3220, 3137, 3233, 3136, 3233, 3137, 3234, 3127, 3235, 3124, 3235, 3127, 3210, 3235, 3210, 3213, 3235, 3213, 3236, 3131, 3237, 3126, 3237, 3131, 3228, 3126, 3227, 3125, 3227, 3126, 3237, 3118, 3231, 3117, 3231, 3118, 3238, 3231, 3238, 3239, 3231, 3239, 3232, 3133, 3240, 3119, 3240, 3133, 3241, 3240, 3241, 3242, 3240, 3242, 3243, 3124, 3215, 3123, 3215, 3124, 3235, 3215, 3235, 3236, 3215, 3236, 3216, 3119, 3238, 3118, 3238, 3119, 3240, 3238, 3240, 3243, 3238, 3243, 3239, 3134, 3241, 3133, 3241, 3134, 3222, 3241, 3222, 3223, 3241, 3223, 3242, 3138, 3234, 3137, 3234, 3138, 3244, 3246, 3150, 3245, 3150, 3246, 3149, 3248, 3140, 3247, 3140, 3248, 3146, 3152, 3149, 3249, 3149, 3152, 3077, 3251, 3147, 3250, 3147, 3251, 3141, 3160, 3252, 3153, 3252, 3160, 3253, 3250, 3148, 3254, 3148, 3250, 3147, 3139, 3244, 3138, 3244, 3139, 3255, 3143, 3256, 3142, 3256, 3143, 3257, 3254, 3159, 3258, 3159, 3254, 3148, 3245, 3146, 3248, 3146, 3245, 3150, 3151, 3260, 3259, 3260, 3151, 3145, 3145, 3261, 3260, 3261, 3145, 3144, 3157, 3249, 3262, 3249, 3157, 3152, 3247, 3141, 3251, 3141, 3247, 3140, 3161, 3259, 3263, 3259, 3161, 3151, 3144, 3264, 3261, 3264, 3144, 3154, 3258, 3161, 3263, 3161, 3258, 3159, 3153, 3255, 3139, 3255, 3153, 3252, 3142, 3253, 3160, 3253, 3142, 3256, 3157, 3257, 3143, 3257, 3157, 3262, 3265, 3164, 3172, 3164, 3265, 3266, 3267, 3165, 3184, 3165, 3267, 3268, 3269, 3171, 3170, 3171, 3269, 3270, 3158, 3272, 3271, 3272, 3158, 3168, 3180, 3274, 3273, 3274, 3180, 3179, 3266, 3162, 3164, 3162, 3266, 3275, 3270, 3172, 3171, 3172, 3270, 3265, 3276, 3185, 3178, 3185, 3276, 3277, 3182, 3279, 3278, 3279, 3182, 3181, 3268, 3166, 3165, 3166, 3268, 3280, 3181, 3281, 3279, 3281, 3181, 3173, 3282, 3184, 3183, 3184, 3282, 3267, 3280, 3167, 3166, 3167, 3280, 3283, 3284, 3178, 3163, 3178, 3284, 3276, 3275, 3163, 3162, 3163, 3275, 3284, 3156, 3286, 3285, 3286, 3156, 3155, 3155, 3271, 3286, 3271, 3155, 3158, 3168, 3273, 3272, 3273, 3168, 3180, 3154, 3285, 3264, 3285, 3154, 3156, 3179, 3278, 3274, 3278, 3179, 3182, 3283, 3173, 3167, 3173, 3283, 3281, 3277, 3183, 3185, 3183, 3277, 3282, 3287, 3199, 3188, 3199, 3287, 3288, 3209, 3290, 3289, 3290, 3209, 3200, 3291, 3193, 3203, 3193, 3291, 3292, 3293, 3188, 3189, 3188, 3293, 3287, 3200, 3294, 3290, 3294, 3200, 2739, 2739, 3295, 3294, 3295, 2739, 2727, 3296, 3177, 3192, 3177, 3296, 3297, 3298, 3170, 3176, 3170, 3298, 3269, 3297, 3176, 3177, 3176, 3297, 3298, 3299, 3196, 3197, 3196, 3299, 3300, 3301, 3205, 3207, 3205, 3301, 3302, 3207, 3289, 3301, 3289, 3207, 3209, 3288, 3197, 3199, 3197, 3288, 3299, 3302, 3189, 3205, 3189, 3302, 3293, 3292, 3192, 3193, 3192, 3292, 3296, 3300, 3203, 3196, 3203, 3300, 3291, 2743, 3304, 3303, 3304, 2743, 2741, 2713, 3306, 3305, 3306, 2713, 2711, 2729, 3305, 3307, 3305, 2729, 2713, 2709, 3303, 3308, 3303, 2709, 2743, 3310, 2751, 3309, 2751, 3310, 2748, 3312, 2718, 3311, 2718, 3312, 2717, 3314, 2735, 3313, 2735, 3314, 2759, 3313, 2736, 3315, 2736, 3313, 2735, 3316, 2717, 3312, 2717, 3316, 2753, 2741, 3317, 3304, 3317, 2741, 2747, 3317, 2748, 3310, 2748, 3317, 2747, 2711, 3308, 3306, 3308, 2711, 2709, 3311, 2759, 3314, 2759, 3311, 2718, 2727, 3318, 3295, 3318, 2727, 2725, 3309, 2753, 3316, 2753, 3309, 2751, 2725, 3307, 3318, 3307, 2725, 2729, 3223, 3319, 3242, 3319, 3223, 3320, 3221, 3320, 3223, 3320, 3221, 3321, 3217, 3322, 3220, 3322, 3217, 3323, 3239, 3324, 3232, 3324, 3239, 3325, 3327, 3225, 3326, 3225, 3327, 2701, 3242, 3328, 3243, 3328, 3242, 3319, 3216, 3323, 3217, 3323, 3216, 3329, 3330, 2701, 3327, 2701, 3330, 2702, 3315, 2755, 3331, 2755, 3315, 2736, 3232, 3326, 3225, 3326, 3232, 3324, 3332, 2702, 3330, 2702, 3332, 2756, 3220, 3321, 3221, 3321, 3220, 3322, 3236, 3329, 3216, 3329, 3236, 3333, 3213, 3333, 3236, 3333, 3213, 3334, 3331, 2756, 3332, 2756, 3331, 2755, 3243, 3325, 3239, 3325, 3243, 3328, 3244, 3335, 3234, 3335, 3244, 3336, 3256, 3337, 3253, 3337, 3256, 3338, 3227, 3339, 3226, 3339, 3227, 3340, 3229, 3341, 3228, 3341, 3229, 3342, 3343, 3149, 3246, 3149, 3343, 3249, 3226, 3344, 3212, 3344, 3226, 3339, 3228, 3345, 3237, 3345, 3228, 3341, 3347, 3262, 3346, 3262, 3347, 3257, 3230, 3342, 3229, 3342, 3230, 3348, 3350, 3245, 3349, 3245, 3350, 3246, 3349, 3248, 3351, 3248, 3349, 3245, 3253, 3352, 3252, 3352, 3253, 3337, 3212, 3334, 3213, 3334, 3212, 3344, 3255, 3336, 3244, 3336, 3255, 3353, 3237, 3340, 3227, 3340, 3237, 3345, 3252, 3353, 3255, 3353, 3252, 3352, 3338, 3257, 3347, 3257, 3338, 3256, 3346, 3249, 3343, 3249, 3346, 3262, 3233, 3348, 3230, 3348, 3233, 3354, 3234, 3354, 3233, 3354, 3234, 3335, 3278, 3356, 3355, 3356, 3278, 3279, 3356, 3281, 3357, 3281, 3356, 3279, 3286, 3359, 3358, 3359, 3286, 3271, 3357, 3283, 3360, 3283, 3357, 3281, 3259, 3362, 3361, 3362, 3259, 3260, 3360, 3280, 3363, 3280, 3360, 3283, 3363, 3268, 3364, 3268, 3363, 3280, 3272, 3366, 3365, 3366, 3272, 3273, 3264, 3368, 3367, 3368, 3264, 3285, 3285, 3358, 3368, 3358, 3285, 3286, 3370, 3250, 3369, 3250, 3370, 3251, 3274, 3355, 3371, 3355, 3274, 3278, 3263, 3361, 3372, 3361, 3263, 3259, 3369, 3254, 3373, 3254, 3369, 3250, 3260, 3374, 3362, 3374, 3260, 3261, 3375, 3263, 3372, 3263, 3375, 3258, 3351, 3247, 3376, 3247, 3351, 3248, 3261, 3367, 3374, 3367, 3261, 3264, 3273, 3371, 3366, 3371, 3273, 3274, 3376, 3251, 3370, 3251, 3376, 3247, 3373, 3258, 3375, 3258, 3373, 3254, 3271, 3365, 3359, 3365, 3271, 3272, 3378, 3297, 3377, 3297, 3378, 3298, 3380, 3270, 3379, 3270, 3380, 3265, 3382, 3300, 3381, 3300, 3382, 3291, 3384, 3288, 3383, 3288, 3384, 3299, 3383, 3287, 3385, 3287, 3383, 3288, 3385, 3293, 3386, 3293, 3385, 3287, 3388, 3282, 3387, 3282, 3388, 3267, 3381, 3299, 3384, 3299, 3381, 3300, 3377, 3296, 3389, 3296, 3377, 3297, 3391, 3275, 3390, 3275, 3391, 3284, 3390, 3266, 3392, 3266, 3390, 3275, 3393, 3284, 3391, 3284, 3393, 3276, 3389, 3292, 3394, 3292, 3389, 3296, 3386, 3302, 3395, 3302, 3386, 3293, 3396, 3298, 3378, 3298, 3396, 3269, 3379, 3269, 3396, 3269, 3379, 3270, 3394, 3291, 3382, 3291, 3394, 3292, 3387, 3277, 3397, 3277, 3387, 3282, 3364, 3267, 3388, 3267, 3364, 3268, 3392, 3265, 3380, 3265, 3392, 3266, 3397, 3276, 3393, 3276, 3397, 3277, 3399, 3311, 3398, 3311, 3399, 3312, 3318, 3401, 3400, 3401, 3318, 3307, 3307, 3402, 3401, 3402, 3307, 3305, 3395, 3301, 3403, 3301, 3395, 3302, 3308, 3405, 3404, 3405, 3308, 3303, 3407, 3310, 3406, 3310, 3407, 3317, 3409, 3316, 3408, 3316, 3409, 3309, 3305, 3410, 3402, 3410, 3305, 3306, 3412, 3315, 3411, 3315, 3412, 3313, 3295, 3400, 3413, 3400, 3295, 3318, 3304, 3407, 3414, 3407, 3304, 3317, 3406, 3309, 3409, 3309, 3406, 3310, 3289, 3416, 3415, 3416, 3289, 3290, 3408, 3312, 3399, 3312, 3408, 3316, 3403, 3289, 3415, 3289, 3403, 3301, 3306, 3404, 3410, 3404, 3306, 3308, 3294, 3413, 3417, 3413, 3294, 3295, 3290, 3417, 3416, 3417, 3290, 3294, 3398, 3314, 3418, 3314, 3398, 3311, 3418, 3313, 3412, 3313, 3418, 3314, 3303, 3414, 3405, 3414, 3303, 3304, 3340, 3420, 3419, 3420, 3340, 3345, 3422, 3330, 3421, 3330, 3422, 3332, 3344, 3424, 3423, 3424, 3344, 3339, 3324, 3426, 3425, 3426, 3324, 3325, 3427, 3332, 3422, 3332, 3427, 3331, 3411, 3331, 3427, 3331, 3411, 3315, 3333, 3429, 3428, 3429, 3333, 3334, 3325, 3430, 3426, 3430, 3325, 3328, 3421, 3327, 3431, 3327, 3421, 3330, 3321, 3433, 3432, 3433, 3321, 3322, 3334, 3423, 3429, 3423, 3334, 3344, 3320, 3432, 3434, 3432, 3320, 3321, 3339, 3419, 3424, 3419, 3339, 3340, 3345, 3435, 3420, 3435, 3345, 3341, 3329, 3428, 3436, 3428, 3329, 3333, 3341, 3437, 3435, 3437, 3341, 3342, 3326, 3425, 3438, 3425, 3326, 3324, 3328, 3439, 3430, 3439, 3328, 3319, 3327, 3438, 3431, 3438, 3327, 3326, 3322, 3440, 3433, 3440, 3322, 3323, 3323, 3436, 3440, 3436, 3323, 3329, 3319, 3434, 3439, 3434, 3319, 3320, 3335, 3442, 3441, 3442, 3335, 3336, 3444, 3351, 3443, 3351, 3444, 3349, 3352, 3446, 3445, 3446, 3352, 3337, 3342, 3447, 3437, 3447, 3342, 3348, 3336, 3448, 3442, 3448, 3336, 3353, 3450, 3343, 3449, 3343, 3450, 3346, 3443, 3376, 3451, 3376, 3443, 3351, 3451, 3370, 3452, 3370, 3451, 3376, 3337, 3453, 3446, 3453, 3337, 3338, 3449, 3246, 3350, 3246, 3449, 3343, 3455, 3372, 3454, 3372, 3455, 3375, 3372, 3456, 3454, 3456, 3372, 3361, 3458, 3373, 3457, 3373, 3458, 3369, 3457, 3375, 3455, 3375, 3457, 3373, 3348, 3459, 3447, 3459, 3348, 3354, 3460, 3349, 3444, 3349, 3460, 3350, 3461, 3346, 3450, 3346, 3461, 3347, 3353, 3445, 3448, 3445, 3353, 3352, 3338, 3461, 3453, 3461, 3338, 3347, 3452, 3369, 3458, 3369, 3452, 3370, 3354, 3441, 3459, 3441, 3354, 3335, 3359, 3463, 3462, 3463, 3359, 3365, 3465, 3391, 3464, 3391, 3465, 3393, 3467, 3356, 3466, 3356, 3467, 3355, 3464, 3390, 3468, 3390, 3464, 3391, 3470, 3364, 3469, 3364, 3470, 3363, 3472, 3387, 3471, 3387, 3472, 3388, 3361, 3473, 3456, 3473, 3361, 3362, 3365, 3474, 3463, 3474, 3365, 3366, 3368, 3476, 3475, 3476, 3368, 3358, 3358, 3462, 3476, 3462, 3358, 3359, 3366, 3477, 3474, 3477, 3366, 3371, 3374, 3479, 3478, 3479, 3374, 3367, 3367, 3475, 3479, 3475, 3367, 3368, 3481, 3360, 3480, 3360, 3481, 3357, 3480, 3363, 3470, 3363, 3480, 3360, 3371, 3467, 3477, 3467, 3371, 3355, 3466, 3357, 3481, 3357, 3466, 3356, 3471, 3397, 3482, 3397, 3471, 3387, 3482, 3393, 3465, 3393, 3482, 3397, 3469, 3388, 3472, 3388, 3469, 3364, 3362, 3478, 3473, 3478, 3362, 3374, 3484, 3384, 3483, 3384, 3484, 3381, 3486, 3395, 3485, 3395, 3486, 3386, 3417, 3488, 3487, 3488, 3417, 3413, 3413, 3489, 3488, 3489, 3413, 3400, 3491, 3385, 3490, 3385, 3491, 3383, 3400, 3492, 3489, 3492, 3400, 3401, 3468, 3392, 3493, 3392, 3468, 3390, 3495, 3378, 3494, 3378, 3495, 3396, 3497, 3382, 3496, 3382, 3497, 3394, 3499, 3389, 3498, 3389, 3499, 3377, 3483, 3383, 3491, 3383, 3483, 3384, 3490, 3386, 3486, 3386, 3490, 3385, 3485, 3403, 3500, 3403, 3485, 3395, 3500, 3415, 3501, 3415, 3500, 3403, 3498, 3394, 3497, 3394, 3498, 3389, 3416, 3487, 3502, 3487, 3416, 3417, 3493, 3380, 3503, 3380, 3493, 3392, 3494, 3377, 3499, 3377, 3494, 3378, 3503, 3379, 3504, 3379, 3503, 3380, 3496, 3381, 3484, 3381, 3496, 3382, 3504, 3396, 3495, 3396, 3504, 3379, 3501, 3416, 3502, 3416, 3501, 3415, 3414, 3506, 3505, 3506, 3414, 3407, 3421, 3508, 3507, 3508, 3421, 3431, 3410, 3510, 3509, 3510, 3410, 3404, 3512, 3418, 3511, 3418, 3512, 3398, 3506, 3406, 3513, 3406, 3506, 3407, 3513, 3409, 3514, 3409, 3513, 3406, 3516, 3411, 3515, 3411, 3516, 3412, 3404, 3517, 3510, 3517, 3404, 3405, 3405, 3505, 3517, 3505, 3405, 3414, 3515, 3427, 3518, 3427, 3515, 3411, 3518, 3422, 3519, 3422, 3518, 3427, 3519, 3421, 3507, 3421, 3519, 3422, 3425, 3521, 3520, 3521, 3425, 3426, 3523, 3399, 3522, 3399, 3523, 3408, 3431, 3524, 3508, 3524, 3431, 3438, 3522, 3398, 3512, 3398, 3522, 3399, 3511, 3412, 3516, 3412, 3511, 3418, 3438, 3520, 3524, 3520, 3438, 3425, 3514, 3408, 3523, 3408, 3514, 3409, 3402, 3509, 3525, 3509, 3402, 3410, 3401, 3525, 3492, 3525, 3401, 3402, 3435, 3527, 3526, 3527, 3435, 3437, 3447, 3529, 3528, 3529, 3447, 3459, 3459, 3530, 3529, 3530, 3459, 3441, 3441, 3531, 3530, 3531, 3441, 3442, 3428, 3533, 3532, 3533, 3428, 3429, 3430, 3535, 3534, 3535, 3430, 3439, 3448, 3537, 3536, 3537, 3448, 3445, 3420, 3526, 3538, 3526, 3420, 3435, 3439, 3539, 3535, 3539, 3439, 3434, 3424, 3541, 3540, 3541, 3424, 3419, 3437, 3528, 3527, 3528, 3437, 3447, 3434, 3542, 3539, 3542, 3434, 3432, 3432, 3543, 3542, 3543, 3432, 3433, 3429, 3544, 3533, 3544, 3429, 3423, 3440, 3546, 3545, 3546, 3440, 3436, 3442, 3536, 3531, 3536, 3442, 3448, 3426, 3534, 3521, 3534, 3426, 3430, 3423, 3540, 3544, 3540, 3423, 3424, 3433, 3545, 3543, 3545, 3433, 3440, 3436, 3532, 3546, 3532, 3436, 3428, 3419, 3538, 3541, 3538, 3419, 3420, 3548, 3449, 3547, 3449, 3548, 3450, 3550, 3476, 3549, 3476, 3550, 3475, 3552, 3456, 3551, 3456, 3552, 3454, 3554, 3451, 3553, 3451, 3554, 3443, 3555, 3475, 3550, 3475, 3555, 3479, 3549, 3462, 3556, 3462, 3549, 3476, 3556, 3463, 3557, 3463, 3556, 3462, 3559, 3457, 3558, 3457, 3559, 3458, 3547, 3350, 3460, 3350, 3547, 3449, 3453, 3561, 3560, 3561, 3453, 3461, 3562, 3443, 3554, 3443, 3562, 3444, 3563, 3444, 3562, 3444, 3563, 3460, 3445, 3564, 3537, 3564, 3445, 3446, 3558, 3455, 3565, 3455, 3558, 3457, 3567, 3478, 3566, 3478, 3567, 3473, 3553, 3452, 3568, 3452, 3553, 3451, 3446, 3560, 3564, 3560, 3446, 3453, 3568, 3458, 3559, 3458, 3568, 3452, 3565, 3454, 3552, 3454, 3565, 3455, 3551, 3473, 3567, 3473, 3551, 3456, 3461, 3548, 3561, 3548, 3461, 3450, 3566, 3479, 3555, 3479, 3566, 3478, 3570, 3471, 3569, 3471, 3570, 3472, 3572, 3498, 3571, 3498, 3572, 3499, 3573, 3499, 3572, 3499, 3573, 3494, 3575, 3470, 3574, 3470, 3575, 3480, 3576, 3472, 3570, 3472, 3576, 3469, 3578, 3481, 3577, 3481, 3578, 3466, 3580, 3464, 3579, 3464, 3580, 3465, 3581, 3466, 3578, 3466, 3581, 3467, 3574, 3469, 3576, 3469, 3574, 3470, 3557, 3474, 3582, 3474, 3557, 3463, 3579, 3468, 3583, 3468, 3579, 3464, 3569, 3482, 3584, 3482, 3569, 3471, 3586, 3495, 3585, 3495, 3586, 3504, 3582, 3477, 3587, 3477, 3582, 3474, 3577, 3480, 3575, 3480, 3577, 3481, 3587, 3467, 3581, 3467, 3587, 3477, 3584, 3465, 3580, 3465, 3584, 3482, 3589, 3503, 3588, 3503, 3589, 3493, 3583, 3493, 3589, 3493, 3583, 3468, 3588, 3504, 3586, 3504, 3588, 3503, 3585, 3494, 3573, 3494, 3585, 3495, 3525, 3590, 3492, 3590, 3525, 3591, 3593, 3485, 3592, 3485, 3593, 3486, 3487, 3594, 3502, 3594, 3487, 3595, 3489, 3596, 3488, 3596, 3489, 3597, 3510, 3598, 3509, 3598, 3510, 3599, 3600, 3486, 3593, 3486, 3600, 3490, 3602, 3501, 3601, 3501, 3602, 3500, 3604, 3491, 3603, 3491, 3604, 3483, 3492, 3597, 3489, 3597, 3492, 3590, 3488, 3595, 3487, 3595, 3488, 3596, 3603, 3490, 3600, 3490, 3603, 3491, 3606, 3496, 3605, 3496, 3606, 3497, 3517, 3599, 3510, 3599, 3517, 3607, 3509, 3591, 3525, 3591, 3509, 3598, 3502, 3601, 3501, 3601, 3502, 3594, 3505, 3607, 3517, 3607, 3505, 3608, 3506, 3608, 3505, 3608, 3506, 3609, 3605, 3484, 3610, 3484, 3605, 3496, 3571, 3497, 3606, 3497, 3571, 3498, 3610, 3483, 3604, 3483, 3610, 3484, 3592, 3500, 3602, 3500, 3592, 3485, 3515, 3611, 3516, 3611, 3515, 3612, 3539, 3614, 3613, 3614, 3539, 3542, 3542, 3615, 3614, 3615, 3542, 3543, 3513, 3609, 3506, 3609, 3513, 3616, 3535, 3613, 3617, 3613, 3535, 3539, 3543, 3618, 3615, 3618, 3543, 3545, 3507, 3619, 3519, 3619, 3507, 3620, 3514, 3616, 3513, 3616, 3514, 3621, 3511, 3622, 3512, 3622, 3511, 3623, 3520, 3625, 3624, 3625, 3520, 3521, 3524, 3624, 3626, 3624, 3524, 3520, 3521, 3627, 3625, 3627, 3521, 3534, 3545, 3628, 3618, 3628, 3545, 3546, 3516, 3623, 3511, 3623, 3516, 3611, 3518, 3612, 3515, 3612, 3518, 3629, 3522, 3630, 3523, 3630, 3522, 3631, 3523, 3621, 3514, 3621, 3523, 3630, 3512, 3631, 3522, 3631, 3512, 3622, 3519, 3629, 3518, 3629, 3519, 3619, 3508, 3620, 3507, 3620, 3508, 3632, 3534, 3617, 3627, 3617, 3534, 3535, 3508, 3626, 3632, 3626, 3508, 3524, 3532, 3634, 3633, 3634, 3532, 3533, 3531, 3636, 3635, 3636, 3531, 3536, 3546, 3633, 3628, 3633, 3546, 3532, 3544, 3638, 3637, 3638, 3544, 3540, 3526, 3640, 3639, 3640, 3526, 3527, 3536, 3641, 3636, 3641, 3536, 3537, 3528, 3643, 3642, 3643, 3528, 3529, 3645, 3548, 3644, 3548, 3645, 3561, 3560, 3645, 3646, 3645, 3560, 3561, 3537, 3647, 3641, 3647, 3537, 3564, 3644, 3547, 3648, 3547, 3644, 3548, 3648, 3460, 3563, 3460, 3648, 3547, 3530, 3635, 3649, 3635, 3530, 3531, 3540, 3650, 3638, 3650, 3540, 3541, 3652, 3562, 3651, 3562, 3652, 3563, 3541, 3653, 3650, 3653, 3541, 3538, 3564, 3646, 3647, 3646, 3564, 3560, 3538, 3639, 3653, 3639, 3538, 3526, 3533, 3637, 3634, 3637, 3533, 3544, 3527, 3642, 3640, 3642, 3527, 3528, 3529, 3649, 3643, 3649, 3529, 3530, 3655, 3553, 3654, 3553, 3655, 3554, 3657, 3559, 3656, 3559, 3657, 3568, 3659, 3565, 3658, 3565, 3659, 3558, 3651, 3554, 3655, 3554, 3651, 3562, 3658, 3552, 3660, 3552, 3658, 3565, 3662, 3567, 3661, 3567, 3662, 3551, 3664, 3550, 3663, 3550, 3664, 3555, 3666, 3582, 3665, 3582, 3666, 3557, 3665, 3587, 3667, 3587, 3665, 3582, 3667, 3581, 3668, 3581, 3667, 3587, 3669, 3555, 3664, 3555, 3669, 3566, 3654, 3568, 3657, 3568, 3654, 3553, 3670, 3557, 3666, 3557, 3670, 3556, 3668, 3578, 3671, 3578, 3668, 3581, 3671, 3577, 3672, 3577, 3671, 3578, 3661, 3566, 3669, 3566, 3661, 3567, 3672, 3575, 3673, 3575, 3672, 3577, 3656, 3558, 3659, 3558, 3656, 3559, 3674, 3556, 3670, 3556, 3674, 3549, 3663, 3549, 3674, 3549, 3663, 3550, 3660, 3551, 3662, 3551, 3660, 3552, 3676, 3569, 3675, 3569, 3676, 3570, 3678, 3600, 3677, 3600, 3678, 3603, 3677, 3593, 3679, 3593, 3677, 3600, 3673, 3574, 3680, 3574, 3673, 3575, 3681, 3570, 3676, 3570, 3681, 3576, 3683, 3579, 3682, 3579, 3683, 3580, 3685, 3573, 3684, 3573, 3685, 3585, 3687, 3571, 3686, 3571, 3687, 3572, 3686, 3606, 3688, 3606, 3686, 3571, 3680, 3576, 3681, 3576, 3680, 3574, 3682, 3583, 3689, 3583, 3682, 3579, 3675, 3584, 3690, 3584, 3675, 3569, 3688, 3605, 3691, 3605, 3688, 3606, 3691, 3610, 3692, 3610, 3691, 3605, 3694, 3586, 3693, 3586, 3694, 3588, 3693, 3585, 3685, 3585, 3693, 3586, 3695, 3588, 3694, 3588, 3695, 3589, 3690, 3580, 3683, 3580, 3690, 3584, 3689, 3589, 3695, 3589, 3689, 3583, 3684, 3572, 3687, 3572, 3684, 3573, 3692, 3604, 3696, 3604, 3692, 3610, 3696, 3603, 3678, 3603, 3696, 3604, 3590, 3697, 3597, 3697, 3590, 3698, 3595, 3699, 3594, 3699, 3595, 3700, 3601, 3701, 3602, 3701, 3601, 3702, 3597, 3703, 3596, 3703, 3597, 3697, 3594, 3702, 3601, 3702, 3594, 3699, 3591, 3698, 3590, 3698, 3591, 3704, 3599, 3705, 3598, 3705, 3599, 3706, 3607, 3706, 3599, 3706, 3607, 3707, 3679, 3592, 3708, 3592, 3679, 3593, 3608, 3707, 3607, 3707, 3608, 3709, 3598, 3704, 3591, 3704, 3598, 3705, 3708, 3602, 3701, 3602, 3708, 3592, 3596, 3700, 3595, 3700, 3596, 3703, 3621, 3710, 3616, 3710, 3621, 3711, 3622, 3712, 3631, 3712, 3622, 3713, 3611, 3714, 3623, 3714, 3611, 3715, 3632, 3716, 3620, 3716, 3632, 3717, 3612, 3715, 3611, 3715, 3612, 3718, 3631, 3719, 3630, 3719, 3631, 3712, 3616, 3720, 3609, 3720, 3616, 3710, 3619, 3721, 3629, 3721, 3619, 3722, 3620, 3722, 3619, 3722, 3620, 3716, 3626, 3724, 3723, 3724, 3626, 3624, 3609, 3709, 3608, 3709, 3609, 3720, 3630, 3711, 3621, 3711, 3630, 3719, 3632, 3723, 3717, 3723, 3632, 3626, 3627, 3726, 3725, 3726, 3627, 3617, 3617, 3727, 3726, 3727, 3617, 3613, 3625, 3725, 3728, 3725, 3625, 3627, 3624, 3728, 3724, 3728, 3624, 3625, 3613, 3729, 3727, 3729, 3613, 3614, 3623, 3713, 3622, 3713, 3623, 3714, 3629, 3718, 3612, 3718, 3629, 3721, 3614, 3730, 3729, 3730, 3614, 3615, 3643, 3732, 3731, 3732, 3643, 3649, 3653, 3734, 3733, 3734, 3653, 3639, 3635, 3736, 3735, 3736, 3635, 3636, 3638, 3738, 3737, 3738, 3638, 3650, 3642, 3731, 3739, 3731, 3642, 3643, 3618, 3741, 3740, 3741, 3618, 3628, 3639, 3742, 3734, 3742, 3639, 3640, 3636, 3743, 3736, 3743, 3636, 3641, 3641, 3744, 3743, 3744, 3641, 3647, 3647, 3745, 3744, 3745, 3647, 3646, 3745, 3645, 3746, 3645, 3745, 3646, 3649, 3735, 3732, 3735, 3649, 3635, 3746, 3644, 3747, 3644, 3746, 3645, 3747, 3648, 3748, 3648, 3747, 3644, 3748, 3563, 3652, 3563, 3748, 3648, 3637, 3737, 3749, 3737, 3637, 3638, 3650, 3733, 3738, 3733, 3650, 3653, 3634, 3749, 3750, 3749, 3634, 3637, 3633, 3750, 3751, 3750, 3633, 3634, 3640, 3739, 3742, 3739, 3640, 3642, 3615, 3740, 3730, 3740, 3615, 3618, 3628, 3751, 3741, 3751, 3628, 3633, 3753, 3657, 3752, 3657, 3753, 3654, 3755, 3660, 3754, 3660, 3755, 3658, 3754, 3662, 3756, 3662, 3754, 3660, 3757, 3658, 3755, 3658, 3757, 3659, 3759, 3655, 3758, 3655, 3759, 3651, 3761, 3674, 3760, 3674, 3761, 3663, 3762, 3659, 3757, 3659, 3762, 3656, 3758, 3654, 3753, 3654, 3758, 3655, 3752, 3656, 3762, 3656, 3752, 3657, 3760, 3670, 3763, 3670, 3760, 3674, 3765, 3669, 3764, 3669, 3765, 3661, 3763, 3666, 3766, 3666, 3763, 3670, 3766, 3665, 3767, 3665, 3766, 3666, 3769, 3668, 3768, 3668, 3769, 3667, 3768, 3671, 3770, 3671, 3768, 3668, 3756, 3661, 3765, 3661, 3756, 3662, 3770, 3672, 3771, 3672, 3770, 3671, 3772, 3663, 3761, 3663, 3772, 3664, 3773, 3651, 3759, 3651, 3773, 3652, 3767, 3667, 3769, 3667, 3767, 3665, 3764, 3664, 3772, 3664, 3764, 3669, 3775, 3692, 3774, 3692, 3775, 3691, 3771, 3673, 3776, 3673, 3771, 3672, 3774, 3696, 3777, 3696, 3774, 3692, 3779, 3689, 3778, 3689, 3779, 3682, 3781, 3685, 3780, 3685, 3781, 3693, 3783, 3687, 3782, 3687, 3783, 3684, 3777, 3678, 3784, 3678, 3777, 3696, 3786, 3681, 3785, 3681, 3786, 3680, 3788, 3690, 3787, 3690, 3788, 3675, 3790, 3694, 3789, 3694, 3790, 3695, 3787, 3683, 3791, 3683, 3787, 3690, 3793, 3688, 3792, 3688, 3793, 3686, 3792, 3691, 3775, 3691, 3792, 3688, 3789, 3693, 3781, 3693, 3789, 3694, 3791, 3682, 3779, 3682, 3791, 3683, 3778, 3695, 3790, 3695, 3778, 3689, 3794, 3675, 3788, 3675, 3794, 3676, 3782, 3686, 3793, 3686, 3782, 3687, 3780, 3684, 3783, 3684, 3780, 3685, 3776, 3680, 3786, 3680, 3776, 3673, 3785, 3676, 3794, 3676, 3785, 3681, 3710, 3795, 3720, 3795, 3710, 3796, 3798, 3701, 3797, 3701, 3798, 3708, 3720, 3799, 3709, 3799, 3720, 3795, 3712, 3800, 3719, 3800, 3712, 3801, 3700, 3802, 3699, 3802, 3700, 3803, 3697, 3804, 3703, 3804, 3697, 3805, 3707, 3806, 3706, 3806, 3707, 3807, 3698, 3805, 3697, 3805, 3698, 3808, 3713, 3801, 3712, 3801, 3713, 3809, 3699, 3810, 3702, 3810, 3699, 3802, 3811, 3708, 3798, 3708, 3811, 3679, 3705, 3812, 3704, 3812, 3705, 3813, 3709, 3807, 3707, 3807, 3709, 3799, 3814, 3679, 3811, 3679, 3814, 3677, 3702, 3797, 3701, 3797, 3702, 3810, 3706, 3813, 3705, 3813, 3706, 3806, 3711, 3796, 3710, 3796, 3711, 3815, 3719, 3815, 3711, 3815, 3719, 3800, 3784, 3677, 3814, 3677, 3784, 3678, 3703, 3803, 3700, 3803, 3703, 3804, 3704, 3808, 3698, 3808, 3704, 3812, 3722, 3816, 3721, 3816, 3722, 3817, 3717, 3818, 3716, 3818, 3717, 3819, 3714, 3809, 3713, 3809, 3714, 3820, 3723, 3822, 3821, 3822, 3723, 3724, 3721, 3823, 3718, 3823, 3721, 3816, 3724, 3824, 3822, 3824, 3724, 3728, 3725, 3826, 3825, 3826, 3725, 3726, 3715, 3820, 3714, 3820, 3715, 3827, 3729, 3829, 3828, 3829, 3729, 3730, 3730, 3830, 3829, 3830, 3730, 3740, 3740, 3831, 3830, 3831, 3740, 3741, 3727, 3828, 3832, 3828, 3727, 3729, 3741, 3833, 3831, 3833, 3741, 3751, 3751, 3834, 3833, 3834, 3751, 3750, 3716, 3817, 3722, 3817, 3716, 3818, 3750, 3835, 3834, 3835, 3750, 3749, 3726, 3832, 3826, 3832, 3726, 3727, 3749, 3836, 3835, 3836, 3749, 3737, 3737, 3837, 3836, 3837, 3737, 3738, 3718, 3827, 3715, 3827, 3718, 3823, 3717, 3821, 3819, 3821, 3717, 3723, 3728, 3825, 3824, 3825, 3728, 3725, 3738, 3838, 3837, 3838, 3738, 3733, 3743, 3840, 3839, 3840, 3743, 3744, 3742, 3842, 3841, 3842, 3742, 3739, 3844, 3757, 3843, 3757, 3844, 3762, 3739, 3845, 3842, 3845, 3739, 3731, 3733, 3846, 3838, 3846, 3733, 3734, 3848, 3758, 3847, 3758, 3848, 3759, 3850, 3748, 3849, 3748, 3850, 3747, 3851, 3762, 3844, 3762, 3851, 3752, 3852, 3747, 3850, 3747, 3852, 3746, 3847, 3753, 3853, 3753, 3847, 3758, 3853, 3752, 3851, 3752, 3853, 3753, 3736, 3839, 3854, 3839, 3736, 3743, 3731, 3855, 3845, 3855, 3731, 3732, 3849, 3652, 3773, 3652, 3849, 3748, 3856, 3746, 3852, 3746, 3856, 3745, 3735, 3854, 3857, 3854, 3735, 3736, 3858, 3759, 3848, 3759, 3858, 3773, 3734, 3841, 3846, 3841, 3734, 3742, 3732, 3857, 3855, 3857, 3732, 3735, 3744, 3856, 3840, 3856, 3744, 3745, 3860, 3770, 3859, 3770, 3860, 3768, 3859, 3771, 3861, 3771, 3859, 3770, 3861, 3776, 3862, 3776, 3861, 3771, 3864, 3763, 3863, 3763, 3864, 3760, 3866, 3785, 3865, 3785, 3866, 3786, 3868, 3764, 3867, 3764, 3868, 3765, 3870, 3761, 3869, 3761, 3870, 3772, 3843, 3755, 3871, 3755, 3843, 3757, 3869, 3760, 3864, 3760, 3869, 3761, 3873, 3767, 3872, 3767, 3873, 3766, 3874, 3768, 3860, 3768, 3874, 3769, 3862, 3786, 3866, 3786, 3862, 3776, 3865, 3794, 3875, 3794, 3865, 3785, 3877, 3787, 3876, 3787, 3877, 3788, 3879, 3756, 3878, 3756, 3879, 3754, 3875, 3788, 3877, 3788, 3875, 3794, 3878, 3765, 3868, 3765, 3878, 3756, 3867, 3772, 3870, 3772, 3867, 3764, 3871, 3754, 3879, 3754, 3871, 3755, 3872, 3769, 3874, 3769, 3872, 3767, 3863, 3766, 3873, 3766, 3863, 3763, 3881, 3779, 3880, 3779, 3881, 3791, 3883, 3814, 3882, 3814, 3883, 3784, 3885, 3780, 3884, 3780, 3885, 3781, 3887, 3782, 3886, 3782, 3887, 3783, 3888, 3781, 3885, 3781, 3888, 3789, 3810, 3889, 3797, 3889, 3810, 3890, 3802, 3890, 3810, 3890, 3802, 3891, 3893, 3777, 3892, 3777, 3893, 3774, 3886, 3793, 3894, 3793, 3886, 3782, 3803, 3891, 3802, 3891, 3803, 3895, 3897, 3790, 3896, 3790, 3897, 3778, 3896, 3789, 3888, 3789, 3896, 3790, 3880, 3778, 3897, 3778, 3880, 3779, 3899, 3775, 3898, 3775, 3899, 3792, 3892, 3784, 3883, 3784, 3892, 3777, 3898, 3774, 3893, 3774, 3898, 3775, 3901, 3798, 3900, 3798, 3901, 3811, 3900, 3797, 3889, 3797, 3900, 3798, 3876, 3791, 3881, 3791, 3876, 3787, 3884, 3783, 3887, 3783, 3884, 3780, 3894, 3792, 3899, 3792, 3894, 3793, 3882, 3811, 3901, 3811, 3882, 3814, 3812, 3902, 3808, 3902, 3812, 3903, 3799, 3904, 3807, 3904, 3799, 3905, 3795, 3905, 3799, 3905, 3795, 3906, 3819, 3907, 3818, 3907, 3819, 3908, 3813, 3903, 3812, 3903, 3813, 3909, 3827, 3910, 3820, 3910, 3827, 3911, 3818, 3912, 3817, 3912, 3818, 3907, 3804, 3895, 3803, 3895, 3804, 3913, 3796, 3906, 3795, 3906, 3796, 3914, 3801, 3915, 3800, 3915, 3801, 3916, 3808, 3917, 3805, 3917, 3808, 3902, 3809, 3916, 3801, 3916, 3809, 3918, 3816, 3919, 3823, 3919, 3816, 3920, 3807, 3921, 3806, 3921, 3807, 3904, 3817, 3920, 3816, 3920, 3817, 3912, 3820, 3918, 3809, 3918, 3820, 3910, 3800, 3922, 3815, 3922, 3800, 3915, 3806, 3909, 3813, 3909, 3806, 3921, 3823, 3911, 3827, 3911, 3823, 3919, 3805, 3913, 3804, 3913, 3805, 3917, 3815, 3914, 3796, 3914, 3815, 3922, 3846, 3924, 3923, 3924, 3846, 3841, 3821, 3908, 3819, 3908, 3821, 3925, 3821, 3926, 3925, 3926, 3821, 3822, 3829, 3928, 3927, 3928, 3829, 3830, 3834, 3930, 3929, 3930, 3834, 3835, 3836, 3932, 3931, 3932, 3836, 3837, 3842, 3934, 3933, 3934, 3842, 3845, 3822, 3935, 3926, 3935, 3822, 3824, 3826, 3937, 3936, 3937, 3826, 3832, 3831, 3939, 3938, 3939, 3831, 3833, 3832, 3940, 3937, 3940, 3832, 3828, 3838, 3923, 3941, 3923, 3838, 3846, 3841, 3933, 3924, 3933, 3841, 3842, 3845, 3942, 3934, 3942, 3845, 3855, 3833, 3929, 3939, 3929, 3833, 3834, 3828, 3927, 3940, 3927, 3828, 3829, 3825, 3936, 3943, 3936, 3825, 3826, 3830, 3938, 3928, 3938, 3830, 3831, 3835, 3931, 3930, 3931, 3835, 3836, 3837, 3941, 3932, 3941, 3837, 3838, 3824, 3943, 3935, 3943, 3824, 3825, 3945, 3878, 3944, 3878, 3945, 3879, 3946, 3879, 3945, 3879, 3946, 3871, 3840, 3948, 3947, 3948, 3840, 3856, 3839, 3947, 3949, 3947, 3839, 3840, 3951, 3853, 3950, 3853, 3951, 3847, 3952, 3847, 3951, 3847, 3952, 3848, 3855, 3953, 3942, 3953, 3855, 3857, 3955, 3843, 3954, 3843, 3955, 3844, 3950, 3851, 3956, 3851, 3950, 3853, 3854, 3949, 3957, 3949, 3854, 3839, 3958, 3773, 3858, 3773, 3958, 3849, 3857, 3957, 3953, 3957, 3857, 3854, 3959, 3848, 3952, 3848, 3959, 3858, 3961, 3850, 3960, 3850, 3961, 3852, 3944, 3868, 3962, 3868, 3944, 3878, 3962, 3867, 3963, 3867, 3962, 3868, 3948, 3852, 3961, 3852, 3948, 3856, 3963, 3870, 3964, 3870, 3963, 3867, 3964, 3869, 3965, 3869, 3964, 3870, 3956, 3844, 3955, 3844, 3956, 3851, 3960, 3849, 3958, 3849, 3960, 3850, 3954, 3871, 3946, 3871, 3954, 3843, 3967, 3888, 3966, 3888, 3967, 3896, 3969, 3859, 3968, 3859, 3969, 3860, 3965, 3864, 3970, 3864, 3965, 3869, 3971, 3860, 3969, 3860, 3971, 3874, 3973, 3873, 3972, 3873, 3973, 3863, 3974, 3874, 3971, 3874, 3974, 3872, 3976, 3875, 3975, 3875, 3976, 3865, 3972, 3872, 3974, 3872, 3972, 3873, 3978, 3881, 3977, 3881, 3978, 3876, 3970, 3863, 3973, 3863, 3970, 3864, 3980, 3897, 3979, 3897, 3980, 3880, 3982, 3862, 3981, 3862, 3982, 3861, 3977, 3880, 3980, 3880, 3977, 3881, 3979, 3896, 3967, 3896, 3979, 3897, 3966, 3885, 3983, 3885, 3966, 3888, 3968, 3861, 3982, 3861, 3968, 3859, 3984, 3865, 3976, 3865, 3984, 3866, 3985, 3876, 3978, 3876, 3985, 3877, 3983, 3884, 3986, 3884, 3983, 3885, 3981, 3866, 3984, 3866, 3981, 3862, 3975, 3877, 3985, 3877, 3975, 3875, 3988, 3883, 3987, 3883, 3988, 3892, 3891, 3989, 3890, 3989, 3891, 3990, 3902, 3991, 3917, 3991, 3902, 3992, 3994, 3894, 3993, 3894, 3994, 3886, 3996, 3901, 3995, 3901, 3996, 3882, 3921, 3997, 3909, 3997, 3921, 3998, 4000, 3889, 3999, 3889, 4000, 3900, 3913, 4001, 3895, 4001, 3913, 4002, 4003, 3892, 3988, 3892, 4003, 3893, 3895, 3990, 3891, 3990, 3895, 4001, 3917, 4002, 3913, 4002, 3917, 3991, 4004, 3893, 4003, 3893, 4004, 3898, 4005, 3886, 3994, 3886, 4005, 3887, 3995, 3900, 4000, 3900, 3995, 3901, 3903, 3992, 3902, 3992, 3903, 4006, 3986, 3887, 4005, 3887, 3986, 3884, 4007, 3898, 4004, 3898, 4007, 3899, 3987, 3882, 3996, 3882, 3987, 3883, 3890, 3999, 3889, 3999, 3890, 3989, 3993, 3899, 4007, 3899, 3993, 3894, 3909, 4006, 3903, 4006, 3909, 3997, 3922, 4008, 3914, 4008, 3922, 4009, 3937, 4011, 4010, 4011, 3937, 3940, 3911, 4012, 3910, 4012, 3911, 4013, 3907, 4014, 3912, 4014, 3907, 4015, 3914, 4016, 3906, 4016, 3914, 4008, 3916, 4017, 3915, 4017, 3916, 4018, 3912, 4019, 3920, 4019, 3912, 4014, 3905, 4020, 3904, 4020, 3905, 4021, 3919, 4013, 3911, 4013, 3919, 4022, 3920, 4022, 3919, 4022, 3920, 4019, 3908, 4015, 3907, 4015, 3908, 4023, 3906, 4021, 3905, 4021, 3906, 4016, 3935, 4025, 4024, 4025, 3935, 3943, 3936, 4010, 4026, 4010, 3936, 3937, 3925, 4028, 4027, 4028, 3925, 3926, 3926, 4024, 4028, 4024, 3926, 3935, 3904, 3998, 3921, 3998, 3904, 4020, 3943, 4026, 4025, 4026, 3943, 3936, 3925, 4023, 3908, 4023, 3925, 4027, 3910, 4029, 3918, 4029, 3910, 4012, 3915, 4009, 3922, 4009, 3915, 4017, 3918, 4018, 3916, 4018, 3918, 4029, 3957, 4031, 4030, 4031, 3957, 3949, 3938, 4033, 4032, 4033, 3938, 3939, 3931, 4035, 4034, 4035, 3931, 3932, 3941, 4037, 4036, 4037, 3941, 3923, 3934, 4039, 4038, 4039, 3934, 3942, 3942, 4040, 4039, 4040, 3942, 3953, 3928, 4032, 4041, 4032, 3928, 3938, 3923, 4042, 4037, 4042, 3923, 3924, 4044, 3960, 4043, 3960, 4044, 3961, 3953, 4030, 4040, 4030, 3953, 3957, 3947, 4046, 4045, 4046, 3947, 3948, 3932, 4036, 4035, 4036, 3932, 3941, 3939, 4047, 4033, 4047, 3939, 3929, 3940, 4048, 4011, 4048, 3940, 3927, 3933, 4038, 4049, 4038, 3933, 3934, 4046, 3961, 4044, 3961, 4046, 3948, 3927, 4041, 4048, 4041, 3927, 3928, 3930, 4034, 4050, 4034, 3930, 3931, 3949, 4045, 4031, 4045, 3949, 3947, 3929, 4050, 4047, 4050, 3929, 3930, 3924, 4049, 4042, 4049, 3924, 3933, 4052, 3972, 4051, 3972, 4052, 3973, 4054, 3946, 4053, 3946, 4054, 3954, 4056, 3970, 4055, 3970, 4056, 3965, 4057, 3858, 3959, 3858, 4057, 3958, 4059, 3955, 4058, 3955, 4059, 3956, 4055, 3973, 4052, 3973, 4055, 3970, 4061, 3969, 4060, 3969, 4061, 3971, 4053, 3945, 4062, 3945, 4053, 3946, 4064, 3963, 4063, 3963, 4064, 3962, 4066, 3950, 4065, 3950, 4066, 3951, 4068, 3952, 4067, 3952, 4068, 3959, 4062, 3944, 4069, 3944, 4062, 3945, 4069, 3962, 4064, 3962, 4069, 3944, 4058, 3954, 4054, 3954, 4058, 3955, 4070, 3965, 4056, 3965, 4070, 3964, 4051, 3974, 4071, 3974, 4051, 3972, 4063, 3964, 4070, 3964, 4063, 3963, 4071, 3971, 4061, 3971, 4071, 3974, 4043, 3958, 4057, 3958, 4043, 3960, 4067, 3951, 4066, 3951, 4067, 3952, 4065, 3956, 4059, 3956, 4065, 3950, 4073, 3979, 4072, 3979, 4073, 3980, 4060, 3968, 4074, 3968, 4060, 3969, 4076, 3975, 4075, 3975, 4076, 3976, 4078, 3983, 4077, 3983, 4078, 3966, 4072, 3967, 4079, 3967, 4072, 3979, 4077, 3986, 4080, 3986, 4077, 3983, 4079, 3966, 4078, 3966, 4079, 3967, 4080, 4005, 4081, 4005, 4080, 3986, 4081, 3994, 4082, 3994, 4081, 4005, 4084, 3981, 4083, 3981, 4084, 3982, 4075, 3985, 4085, 3985, 4075, 3975, 4082, 3993, 4086, 3993, 4082, 3994, 4088, 4004, 4087, 4004, 4088, 4007, 4087, 4003, 4089, 4003, 4087, 4004, 4086, 4007, 4088, 4007, 4086, 3993, 4089, 3988, 4090, 3988, 4089, 4003, 4083, 3984, 4091, 3984, 4083, 3981, 4074, 3982, 4084, 3982, 4074, 3968, 4085, 3978, 4092, 3978, 4085, 3985, 4091, 3976, 4076, 3976, 4091, 3984, 4092, 3977, 4093, 3977, 4092, 3978, 4093, 3980, 4073, 3980, 4093, 3977, 4095, 4000, 4094, 4000, 4095, 3995, 4006, 4096, 3992, 4096, 4006, 4097, 4016, 4098, 4021, 4098, 4016, 4099, 4008, 4099, 4016, 4099, 4008, 4100, 4009, 4100, 4008, 4100, 4009, 4101, 4103, 3996, 4102, 3996, 4103, 3987, 4102, 3995, 4095, 3995, 4102, 3996, 3989, 4104, 3999, 4104, 3989, 4105, 4090, 3987, 4103, 3987, 4090, 3988, 4002, 4106, 4001, 4106, 4002, 4107, 3992, 4108, 3991, 4108, 3992, 4096, 3991, 4107, 4002, 4107, 3991, 4108, 3997, 4097, 4006, 4097, 3997, 4109, 4021, 4110, 4020, 4110, 4021, 4098, 4094, 3999, 4104, 3999, 4094, 4000, 4017, 4101, 4009, 4101, 4017, 4111, 4001, 4112, 3990, 4112, 4001, 4106, 4020, 4113, 3998, 4113, 4020, 4110, 3990, 4105, 3989, 4105, 3990, 4112, 4018, 4111, 4017, 4111, 4018, 4114, 3998, 4109, 3997, 4109, 3998, 4113, 4025, 4116, 4115, 4116, 4025, 4026, 4011, 4118, 4117, 4118, 4011, 4048, 4028, 4120, 4119, 4120, 4028, 4024, 4048, 4121, 4118, 4121, 4048, 4041, 4032, 4123, 4122, 4123, 4032, 4033, 4013, 4124, 4012, 4124, 4013, 4125, 4019, 4126, 4022, 4126, 4019, 4127, 4014, 4127, 4019, 4127, 4014, 4128, 4026, 4129, 4116, 4129, 4026, 4010, 4024, 4115, 4120, 4115, 4024, 4025, 4033, 4130, 4123, 4130, 4033, 4047, 4015, 4128, 4014, 4128, 4015, 4131, 4027, 4132, 4023, 4132, 4027, 4133, 4023, 4131, 4015, 4131, 4023, 4132, 4047, 4134, 4130, 4134, 4047, 4050, 4029, 4114, 4018, 4114, 4029, 4135, 4012, 4135, 4029, 4135, 4012, 4124, 4022, 4125, 4013, 4125, 4022, 4126, 4041, 4122, 4121, 4122, 4041, 4032, 4027, 4119, 4133, 4119, 4027, 4028, 4010, 4117, 4129, 4117, 4010, 4011, 4049, 4137, 4136, 4137, 4049, 4038, 4036, 4139, 4138, 4139, 4036, 4037, 4045, 4141, 4140, 4141, 4045, 4046, 4037, 4142, 4139, 4142, 4037, 4042, 4042, 4136, 4142, 4136, 4042, 4049, 4050, 4143, 4134, 4143, 4050, 4034, 4145, 4043, 4144, 4043, 4145, 4044, 4141, 4044, 4145, 4044, 4141, 4046, 4146, 3959, 4068, 3959, 4146, 4057, 4149, 4148, 4147, 4148, 4149, 4066, 4066, 4149, 4067, 4147, 4152, 4151, 4152, 4147, 4065, 4065, 4147, 4066, 4030, 4154, 4153, 4154, 4030, 4031, 4151, 4156, 4155, 4156, 4151, 4059, 4059, 4151, 4065, 4031, 4140, 4154, 4140, 4031, 4045, 4155, 4158, 4157, 4158, 4155, 4058, 4058, 4155, 4059, 4039, 4160, 4159, 4160, 4039, 4040, 4035, 4138, 4161, 4138, 4035, 4036, 4034, 4161, 4143, 4161, 4034, 4035, 4038, 4159, 4137, 4159, 4038, 4039, 4040, 4153, 4160, 4153, 4040, 4030, 4162, 4150, 4149, 4150, 4162, 4067, 4067, 4162, 4068, 4144, 4057, 4146, 4057, 4144, 4043, 4166, 4165, 4164, 4165, 4166, 4070, 4070, 4166, 4063, 4170, 4169, 4168, 4169, 4170, 4055, 4055, 4170, 4056, 4174, 4173, 4172, 4173, 4174, 4061, 4061, 4174, 4071, 4176, 4167, 4166, 4167, 4176, 4063, 4063, 4176, 4064, 4168, 4179, 4178, 4179, 4168, 4052, 4052, 4168, 4055, 4172, 4181, 4180, 4181, 4172, 4060, 4060, 4172, 4061, 4180, 4183, 4182, 4183, 4180, 4074, 4074, 4180, 4060, 4186, 4185, 4184, 4185, 4186, 4187, 4187, 4186, 4083, 4187, 4083, 4091, 4164, 4171, 4170, 4171, 4164, 4056, 4056, 4164, 4070, 4157, 4189, 4188, 4189, 4157, 4054, 4054, 4157, 4058, 4192, 4191, 4190, 4191, 4192, 4069, 4069, 4192, 4062, 4187, 4194, 4185, 4194, 4187, 4195, 4195, 4187, 4091, 4195, 4091, 4076, 4196, 4175, 4174, 4175, 4196, 4071, 4071, 4196, 4051, 4198, 4193, 4192, 4193, 4198, 4062, 4062, 4198, 4053, 4202, 4201, 4200, 4201, 4202, 4203, 4203, 4202, 4075, 4203, 4075, 4085, 4195, 4200, 4194, 4200, 4195, 4202, 4202, 4195, 4076, 4202, 4076, 4075, 4205, 4184, 4204, 4184, 4205, 4186, 4186, 4205, 4084, 4186, 4084, 4083, 4190, 4177, 4176, 4177, 4190, 4064, 4064, 4190, 4069, 4188, 4199, 4198, 4199, 4188, 4053, 4053, 4188, 4054, 4178, 4197, 4196, 4197, 4178, 4051, 4051, 4178, 4052, 4182, 4205, 4204, 4205, 4182, 4084, 4084, 4182, 4074, 4208, 4207, 4206, 4207, 4208, 4209, 4209, 4208, 4078, 4209, 4078, 4077, 4211, 4206, 4210, 4206, 4211, 4208, 4208, 4211, 4079, 4208, 4079, 4078, 4214, 4213, 4212, 4213, 4214, 4215, 4215, 4214, 4087, 4215, 4087, 4089, 4218, 4217, 4216, 4217, 4218, 4219, 4219, 4218, 4086, 4219, 4086, 4088, 4221, 4216, 4220, 4216, 4221, 4218, 4218, 4221, 4082, 4218, 4082, 4086, 4224, 4223, 4222, 4223, 4224, 4225, 4225, 4224, 4073, 4225, 4073, 4072, 4105, 4226, 4104, 4226, 4105, 4227, 4227, 4105, 4228, 4232, 4231, 4230, 4231, 4232, 4233, 4233, 4232, 4090, 4233, 4090, 4103, 4236, 4235, 4234, 4235, 4236, 4237, 4237, 4236, 4095, 4237, 4095, 4094, 4209, 4238, 4207, 4238, 4209, 4239, 4239, 4209, 4077, 4239, 4240, 4238, 4239, 4077, 4080, 4240, 4239, 4241, 4241, 4239, 4080, 4241, 4080, 4081, 4203, 4242, 4201, 4242, 4203, 4243, 4243, 4203, 4085, 4243, 4085, 4092, 4243, 4244, 4242, 4244, 4243, 4245, 4245, 4243, 4092, 4245, 4092, 4093, 4219, 4212, 4217, 4212, 4219, 4214, 4214, 4219, 4088, 4214, 4088, 4087, 4215, 4230, 4213, 4230, 4215, 4232, 4232, 4215, 4089, 4232, 4089, 4090, 4237, 4227, 4235, 4227, 4237, 4226, 4226, 4237, 4094, 4226, 4094, 4104, 4225, 4210, 4223, 4210, 4225, 4211, 4211, 4225, 4072, 4211, 4072, 4079, 4241, 4220, 4240, 4220, 4241, 4221, 4221, 4241, 4081, 4221, 4081, 4082, 4233, 4246, 4231, 4246, 4233, 4247, 4247, 4233, 4103, 4247, 4103, 4102, 4245, 4222, 4244, 4222, 4245, 4224, 4224, 4245, 4093, 4224, 4093, 4073, 4247, 4234, 4246, 4234, 4247, 4236, 4236, 4247, 4102, 4236, 4102, 4095, 4106, 4248, 4112, 4248, 4106, 4249, 4249, 4106, 4250, 4099, 4252, 4098, 4252, 4099, 4253, 4253, 4099, 4254, 4110, 4256, 4113, 4256, 4110, 4257, 4257, 4110, 4258, 4101, 4260, 4100, 4260, 4101, 4261, 4261, 4101, 4262, 4112, 4229, 4105, 4229, 4112, 4228, 4228, 4112, 4249, 4096, 4264, 4108, 4264, 4096, 4265, 4265, 4096, 4266, 4097, 4267, 4096, 4267, 4097, 4266, 4266, 4097, 4268, 4109, 4269, 4097, 4269, 4109, 4268, 4268, 4109, 4270, 4100, 4255, 4099, 4255, 4100, 4254, 4254, 4100, 4261, 4108, 4272, 4107, 4272, 4108, 4273, 4273, 4108, 4265, 4113, 4271, 4109, 4271, 4113, 4270, 4270, 4113, 4257, 4107, 4251, 4106, 4251, 4107, 4250, 4250, 4107, 4273, 4098, 4259, 4110, 4259, 4098, 4258, 4258, 4098, 4253, 4125, 4274, 4124, 4274, 4125, 4275, 4275, 4125, 4276, 4131, 4278, 4128, 4278, 4131, 4279, 4279, 4131, 4280, 4132, 4281, 4131, 4281, 4132, 4280, 4280, 4132, 4282, 4127, 4284, 4126, 4284, 4127, 4285, 4285, 4127, 4286, 4290, 4289, 4288, 4289, 4290, 4291, 4289, 4291, 4133, 4289, 4133, 4119, 4114, 4292, 4111, 4292, 4114, 4293, 4293, 4114, 4294, 4298, 4297, 4296, 4297, 4298, 4299, 4297, 4299, 4115, 4297, 4115, 4116, 4296, 4301, 4300, 4301, 4296, 4297, 4301, 4297, 4116, 4301, 4116, 4129, 4111, 4263, 4101, 4263, 4111, 4262, 4262, 4111, 4293, 4304, 4303, 4302, 4303, 4304, 4305, 4303, 4305, 4117, 4303, 4117, 4118, 4306, 4299, 4298, 4299, 4306, 4307, 4299, 4307, 4120, 4299, 4120, 4115, 4300, 4305, 4304, 4305, 4300, 4301, 4305, 4301, 4129, 4305, 4129, 4117, 4126, 4277, 4125, 4277, 4126, 4276, 4276, 4126, 4285, 4302, 4309, 4308, 4309, 4302, 4303, 4309, 4303, 4118, 4309, 4118, 4121, 4124, 4310, 4135, 4310, 4124, 4311, 4311, 4124, 4275, 4308, 4313, 4312, 4313, 4308, 4309, 4313, 4309, 4121, 4313, 4121, 4122, 4288, 4307, 4306, 4307, 4288, 4289, 4307, 4289, 4119, 4307, 4119, 4120, 4312, 4315, 4314, 4315, 4312, 4313, 4315, 4313, 4122, 4315, 4122, 4123, 4314, 4317, 4316, 4317, 4314, 4315, 4317, 4315, 4123, 4317, 4123, 4130, 4135, 4295, 4114, 4295, 4135, 4294, 4294, 4135, 4311, 4128, 4287, 4127, 4287, 4128, 4286, 4286, 4128, 4279, 4133, 4283, 4132, 4283, 4133, 4282, 4282, 4133, 4290, 4320, 4319, 4318, 4319, 4320, 4145, 4145, 4320, 4141, 4324, 4323, 4322, 4323, 4324, 4325, 4323, 4325, 4138, 4323, 4138, 4139, 4318, 4327, 4326, 4327, 4318, 4144, 4144, 4318, 4145, 4328, 4163, 4162, 4163, 4328, 4068, 4068, 4328, 4146, 4330, 4321, 4320, 4321, 4330, 4331, 4321, 4331, 4140, 4321, 4140, 4141, 4326, 4329, 4328, 4329, 4326, 4146, 4146, 4326, 4144, 4334, 4333, 4332, 4333, 4334, 4335, 4333, 4335, 4142, 4333, 4142, 4136, 4338, 4337, 4336, 4337, 4338, 4339, 4337, 4339, 4134, 4337, 4134, 4143, 4342, 4341, 4340, 4341, 4342, 4343, 4341, 4343, 4160, 4341, 4160, 4153, 4344, 4343, 4342, 4343, 4344, 4345, 4343, 4345, 4159, 4343, 4159, 4160, 4336, 4347, 4346, 4347, 4336, 4337, 4347, 4337, 4143, 4347, 4143, 4161, 4316, 4339, 4338, 4339, 4316, 4317, 4339, 4317, 4130, 4339, 4130, 4134, 4322, 4335, 4334, 4335, 4322, 4323, 4335, 4323, 4139, 4335, 4139, 4142, 4332, 4349, 4348, 4349, 4332, 4333, 4349, 4333, 4136, 4349, 4136, 4137, 4340, 4351, 4350, 4351, 4340, 4341, 4351, 4341, 4153, 4351, 4153, 4154, 4346, 4325, 4324, 4325, 4346, 4347, 4325, 4347, 4161, 4325, 4161, 4138, 4350, 4331, 4330, 4331, 4350, 4351, 4331, 4351, 4154, 4331, 4154, 4140, 4348, 4345, 4344, 4345, 4348, 4349, 4345, 4349, 4137, 4345, 4137, 4159, 4353, 4190, 4352, 4190, 4353, 4192, 4355, 4151, 4354, 4151, 4355, 4147, 4354, 4155, 4356, 4155, 4354, 4151, 4357, 4192, 4353, 4192, 4357, 4198, 4359, 4188, 4358, 4188, 4359, 4157, 4352, 4176, 4360, 4176, 4352, 4190, 4360, 4166, 4361, 4166, 4360, 4176, 4363, 4168, 4362, 4168, 4363, 4170, 4362, 4178, 4364, 4178, 4362, 4168, 4361, 4164, 4365, 4164, 4361, 4166, 4364, 4196, 4366, 4196, 4364, 4178, 4366, 4174, 4367, 4174, 4366, 4196, 4367, 4172, 4368, 4172, 4367, 4174, 4365, 4170, 4363, 4170, 4365, 4164, 4369, 4147, 4355, 4147, 4369, 4149, 4370, 4149, 4369, 4149, 4370, 4162, 4356, 4157, 4359, 4157, 4356, 4155, 4358, 4198, 4357, 4198, 4358, 4188, 4240, 4372, 4371, 4372, 4240, 4220, 4374, 4204, 4373, 4204, 4374, 4182, 4216, 4376, 4375, 4376, 4216, 4217, 4223, 4378, 4377, 4378, 4223, 4210, 4207, 4380, 4379, 4380, 4207, 4238, 4244, 4382, 4381, 4382, 4244, 4222, 4238, 4371, 4380, 4371, 4238, 4240, 4194, 4384, 4383, 4384, 4194, 4200, 4217, 4385, 4376, 4385, 4217, 4212, 4212, 4386, 4385, 4386, 4212, 4213, 4210, 4387, 4378, 4387, 4210, 4206, 4220, 4375, 4372, 4375, 4220, 4216, 4213, 4388, 4386, 4388, 4213, 4230, 4230, 4389, 4388, 4389, 4230, 4231, 4235, 4391, 4390, 4391, 4235, 4227, 4228, 4391, 4227, 4391, 4228, 4392, 4249, 4392, 4228, 4392, 4249, 4393, 4231, 4394, 4389, 4394, 4231, 4246, 4201, 4396, 4395, 4396, 4201, 4242, 4234, 4390, 4397, 4390, 4234, 4235, 4250, 4393, 4249, 4393, 4250, 4398, 4242, 4381, 4396, 4381, 4242, 4244, 4273, 4398, 4250, 4398, 4273, 4399, 4246, 4397, 4394, 4397, 4246, 4234, 4185, 4383, 4400, 4383, 4185, 4194, 4200, 4395, 4384, 4395, 4200, 4201, 4222, 4377, 4382, 4377, 4222, 4223, 4368, 4180, 4401, 4180, 4368, 4172, 4401, 4182, 4374, 4182, 4401, 4180, 4204, 4402, 4373, 4402, 4204, 4184, 4184, 4400, 4402, 4400, 4184, 4185, 4206, 4379, 4387, 4379, 4206, 4207, 4404, 4288, 4403, 4288, 4404, 4290, 4253, 4405, 4258, 4405, 4253, 4406, 4257, 4407, 4270, 4407, 4257, 4408, 4290, 4409, 4282, 4409, 4290, 4404, 4403, 4306, 4410, 4306, 4403, 4288, 4286, 4411, 4285, 4411, 4286, 4412, 4410, 4298, 4413, 4298, 4410, 4306, 4258, 4408, 4257, 4408, 4258, 4405, 4413, 4296, 4414, 4296, 4413, 4298, 4254, 4406, 4253, 4406, 4254, 4415, 4414, 4300, 4416, 4300, 4414, 4296, 4416, 4304, 4417, 4304, 4416, 4300, 4417, 4302, 4418, 4302, 4417, 4304, 4285, 4419, 4276, 4419, 4285, 4411, 4262, 4420, 4261, 4420, 4262, 4421, 4275, 4422, 4311, 4422, 4275, 4423, 4418, 4308, 4424, 4308, 4418, 4302, 4261, 4415, 4254, 4415, 4261, 4420, 4424, 4312, 4425, 4312, 4424, 4308, 4425, 4314, 4426, 4314, 4425, 4312, 4426, 4316, 4427, 4316, 4426, 4314, 4265, 4399, 4273, 4399, 4265, 4428, 4294, 4429, 4293, 4429, 4294, 4430, 4270, 4431, 4268, 4431, 4270, 4407, 4293, 4421, 4262, 4421, 4293, 4429, 4311, 4430, 4294, 4430, 4311, 4422, 4279, 4412, 4286, 4412, 4279, 4432, 4266, 4428, 4265, 4428, 4266, 4433, 4268, 4433, 4266, 4433, 4268, 4431, 4276, 4423, 4275, 4423, 4276, 4419, 4280, 4432, 4279, 4432, 4280, 4434, 4282, 4434, 4280, 4434, 4282, 4409, 4436, 4348, 4435, 4348, 4436, 4332, 4438, 4326, 4437, 4326, 4438, 4318, 4439, 4162, 4370, 4162, 4439, 4328, 4440, 4318, 4438, 4318, 4440, 4320, 4442, 4357, 4441, 4357, 4442, 4358, 4427, 4338, 4443, 4338, 4427, 4316, 4445, 4322, 4444, 4322, 4445, 4324, 4447, 4354, 4446, 4354, 4447, 4355, 4449, 4342, 4448, 4342, 4449, 4344, 4451, 4330, 4450, 4330, 4451, 4350, 4448, 4340, 4452, 4340, 4448, 4342, 4454, 4359, 4453, 4359, 4454, 4356, 4444, 4334, 4455, 4334, 4444, 4322, 4456, 4324, 4445, 4324, 4456, 4346, 4458, 4369, 4457, 4369, 4458, 4370, 4455, 4332, 4436, 4332, 4455, 4334, 4443, 4336, 4459, 4336, 4443, 4338, 4459, 4346, 4456, 4346, 4459, 4336, 4453, 4358, 4442, 4358, 4453, 4359, 4441, 4353, 4460, 4353, 4441, 4357, 4437, 4328, 4439, 4328, 4437, 4326, 4452, 4350, 4451, 4350, 4452, 4340, 4460, 4352, 4461, 4352, 4460, 4353, 4461, 4360, 4462, 4360, 4461, 4352, 4450, 4320, 4440, 4320, 4450, 4330, 4435, 4344, 4449, 4344, 4435, 4348, 4446, 4356, 4454, 4356, 4446, 4354, 4457, 4355, 4447, 4355, 4457, 4369, 4464, 4374, 4463, 4374, 4464, 4401, 4466, 4366, 4465, 4366, 4466, 4364, 4468, 4363, 4467, 4363, 4468, 4365, 4465, 4367, 4469, 4367, 4465, 4366, 4467, 4362, 4470, 4362, 4467, 4363, 4471, 4401, 4464, 4401, 4471, 4368, 4395, 4473, 4472, 4473, 4395, 4396, 4470, 4364, 4466, 4364, 4470, 4362, 4396, 4474, 4473, 4474, 4396, 4381, 4462, 4361, 4475, 4361, 4462, 4360, 4381, 4476, 4474, 4476, 4381, 4382, 4400, 4478, 4477, 4478, 4400, 4383, 4382, 4479, 4476, 4479, 4382, 4377, 4377, 4480, 4479, 4480, 4377, 4378, 4383, 4481, 4478, 4481, 4383, 4384, 4373, 4483, 4482, 4483, 4373, 4402, 4475, 4365, 4468, 4365, 4475, 4361, 4469, 4368, 4471, 4368, 4469, 4367, 4374, 4482, 4463, 4482, 4374, 4373, 4402, 4477, 4483, 4477, 4402, 4400, 4384, 4472, 4481, 4472, 4384, 4395, 4388, 4485, 4484, 4485, 4388, 4389, 4389, 4486, 4485, 4486, 4389, 4394, 4397, 4488, 4487, 4488, 4397, 4390, 4372, 4490, 4489, 4490, 4372, 4375, 4390, 4491, 4488, 4491, 4390, 4391, 4392, 4491, 4391, 4491, 4392, 4492, 4371, 4489, 4493, 4489, 4371, 4372, 4393, 4492, 4392, 4492, 4393, 4494, 4399, 4495, 4398, 4495, 4399, 4496, 4428, 4496, 4399, 4496, 4428, 4497, 4398, 4494, 4393, 4494, 4398, 4495, 4386, 4484, 4498, 4484, 4386, 4388, 4387, 4500, 4499, 4500, 4387, 4379, 4375, 4501, 4490, 4501, 4375, 4376, 4378, 4499, 4480, 4499, 4378, 4387, 4433, 4497, 4428, 4497, 4433, 4502, 4385, 4498, 4503, 4498, 4385, 4386, 4379, 4504, 4500, 4504, 4379, 4380, 4380, 4493, 4504, 4493, 4380, 4371, 4376, 4503, 4501, 4503, 4376, 4385, 4394, 4487, 4486, 4487, 4394, 4397, 4434, 4505, 4432, 4505, 4434, 4506, 4419, 4507, 4423, 4507, 4419, 4508, 4415, 4509, 4406, 4509, 4415, 4510, 4406, 4511, 4405, 4511, 4406, 4509, 4407, 4512, 4431, 4512, 4407, 4513, 4423, 4514, 4422, 4514, 4423, 4507, 4411, 4508, 4419, 4508, 4411, 4515, 4405, 4516, 4408, 4516, 4405, 4511, 4422, 4517, 4430, 4517, 4422, 4514, 4408, 4513, 4407, 4513, 4408, 4516, 4409, 4506, 4434, 4506, 4409, 4518, 4421, 4519, 4420, 4519, 4421, 4520, 4432, 4521, 4412, 4521, 4432, 4505, 4518, 4404, 4522, 4404, 4518, 4409, 4522, 4403, 4523, 4403, 4522, 4404, 4523, 4410, 4524, 4410, 4523, 4403, 4420, 4510, 4415, 4510, 4420, 4519, 4524, 4413, 4525, 4413, 4524, 4410, 4430, 4526, 4429, 4526, 4430, 4517, 4412, 4515, 4411, 4515, 4412, 4521, 4431, 4502, 4433, 4502, 4431, 4512, 4429, 4520, 4421, 4520, 4429, 4526, 4528, 4418, 4527, 4418, 4528, 4417, 4530, 4449, 4529, 4449, 4530, 4435, 4532, 4459, 4531, 4459, 4532, 4443, 4534, 4445, 4533, 4445, 4534, 4456, 4535, 4417, 4528, 4417, 4535, 4416, 4529, 4448, 4536, 4448, 4529, 4449, 4538, 4455, 4537, 4455, 4538, 4444, 4539, 4435, 4530, 4435, 4539, 4436, 4536, 4452, 4540, 4452, 4536, 4448, 4540, 4451, 4541, 4451, 4540, 4452, 4525, 4414, 4542, 4414, 4525, 4413, 4541, 4450, 4543, 4450, 4541, 4451, 4545, 4427, 4544, 4427, 4545, 4426, 4531, 4456, 4534, 4456, 4531, 4459, 4547, 4425, 4546, 4425, 4547, 4424, 4542, 4416, 4535, 4416, 4542, 4414, 4527, 4424, 4547, 4424, 4527, 4418, 4546, 4426, 4545, 4426, 4546, 4425, 4544, 4443, 4532, 4443, 4544, 4427, 4537, 4436, 4539, 4436, 4537, 4455, 4533, 4444, 4538, 4444, 4533, 4445, 794, 4460, 793, 4460, 794, 4441, 4543, 4440, 4548, 4440, 4543, 4450, 804, 4475, 826, 4475, 804, 4462, 4549, 4370, 4458, 4370, 4549, 4439, 806, 4446, 805, 4446, 806, 4447, 813, 4441, 794, 4441, 813, 4442, 803, 4462, 804, 4462, 803, 4461, 805, 4454, 811, 4454, 805, 4446, 809, 4447, 806, 4447, 809, 4457, 811, 4453, 812, 4453, 811, 4454, 827, 4467, 841, 4467, 827, 4468, 841, 4470, 832, 4470, 841, 4467, 832, 4466, 833, 4466, 832, 4470, 833, 4465, 836, 4465, 833, 4466, 812, 4442, 813, 4442, 812, 4453, 826, 4468, 827, 4468, 826, 4475, 793, 4461, 803, 4461, 793, 4460, 4550, 4439, 4549, 4439, 4550, 4437, 4548, 4438, 4551, 4438, 4548, 4440, 4551, 4437, 4550, 4437, 4551, 4438, 810, 4457, 809, 4457, 810, 4458, 4478, 863, 869, 863, 4478, 4481, 4477, 869, 868, 869, 4477, 4478, 4472, 867, 864, 867, 4472, 4473, 4482, 875, 840, 875, 4482, 4483, 4499, 878, 877, 878, 4499, 4500, 4476, 862, 861, 862, 4476, 4479, 4479, 872, 862, 872, 4479, 4480, 4504, 909, 889, 909, 4504, 4493, 4483, 868, 875, 868, 4483, 4477, 4474, 861, 873, 861, 4474, 4476, 4480, 877, 872, 877, 4480, 4499, 836, 4469, 842, 4469, 836, 4465, 4500, 889, 878, 889, 4500, 4504, 4493, 910, 909, 910, 4493, 4489, 842, 4471, 846, 4471, 842, 4469, 4473, 873, 867, 873, 4473, 4474, 4489, 903, 910, 903, 4489, 4490, 4490, 904, 903, 904, 4490, 4501, 843, 4463, 839, 4463, 843, 4464, 846, 4464, 843, 4464, 846, 4471, 4463, 840, 839, 840, 4463, 4482, 4481, 864, 863, 864, 4481, 4472, 4496, 911, 4495, 911, 4496, 913, 4502, 914, 4497, 914, 4502, 924, 4498, 907, 906, 907, 4498, 4484, 4488, 896, 895, 896, 4488, 4491, 4491, 899, 896, 899, 4491, 4492, 4503, 906, 908, 906, 4503, 4498, 4512, 924, 4502, 924, 4512, 917, 4497, 913, 4496, 913, 4497, 914, 4513, 917, 4512, 917, 4513, 918, 4511, 923, 4516, 923, 4511, 925, 4485, 886, 885, 886, 4485, 4486, 4509, 925, 4511, 925, 4509, 966, 4516, 918, 4513, 918, 4516, 923, 4510, 966, 4509, 966, 4510, 969, 4519, 969, 4510, 969, 4519, 970, 4486, 888, 886, 888, 4486, 4487, 4501, 908, 904, 908, 4501, 4503, 4484, 885, 907, 885, 4484, 4485, 4494, 899, 4492, 899, 4494, 900, 4487, 895, 888, 895, 4487, 4488, 4495, 900, 4494, 900, 4495, 911, 4506, 935, 4505, 935, 4506, 941, 4520, 970, 4519, 970, 4520, 968, 4505, 936, 4521, 936, 4505, 935, 943, 4525, 957, 4525, 943, 4524, 4508, 951, 4507, 951, 4508, 953, 947, 4522, 946, 4522, 947, 4518, 4518, 941, 4506, 941, 4518, 947, 954, 4527, 959, 4527, 954, 4528, 4515, 953, 4508, 953, 4515, 956, 958, 4535, 955, 4535, 958, 4542, 946, 4523, 944, 4523, 946, 4522, 959, 4547, 960, 4547, 959, 4527, 955, 4528, 954, 4528, 955, 4535, 960, 4546, 1002, 4546, 960, 4547, 4521, 956, 4515, 956, 4521, 936, 957, 4542, 958, 4542, 957, 4525, 944, 4524, 943, 4524, 944, 4523, 4514, 963, 4517, 963, 4514, 952, 4507, 952, 4514, 952, 4507, 951, 4526, 968, 4520, 968, 4526, 967, 4517, 967, 4526, 967, 4517, 963, 978, 4539, 994, 4539, 978, 4537, 1009, 4551, 1007, 4551, 1009, 4548, 1007, 4550, 1006, 4550, 1007, 4551, 997, 4543, 1000, 4543, 997, 4541, 1006, 4549, 1008, 4549, 1006, 4550, 975, 4537, 978, 4537, 975, 4538, 994, 4530, 985, 4530, 994, 4539, 990, 4540, 989, 4540, 990, 4536, 976, 4538, 975, 4538, 976, 4533, 1008, 4458, 810, 4458, 1008, 4549, 989, 4541, 997, 4541, 989, 4540, 1001, 4531, 992, 4531, 1001, 4532, 984, 4536, 990, 4536, 984, 4529, 1002, 4545, 999, 4545, 1002, 4546, 998, 4532, 1001, 4532, 998, 4544, 999, 4544, 998, 4544, 999, 4545, 991, 4533, 976, 4533, 991, 4534, 985, 4529, 984, 4529, 985, 4530, 992, 4534, 991, 4534, 992, 4531, 1000, 4548, 1009, 4548, 1000, 4543, 4554, 4553, 4552, 4553, 4554, 4555, 4552, 4557, 4556, 4557, 4552, 4553, 4556, 4559, 4558, 4559, 4556, 4557, 4562, 4561, 4560, 4561, 4562, 4563, 4564, 4555, 4554, 4555, 4564, 4565, 4556, 4566, 4552, 4566, 4556, 4567, 4570, 4569, 4568, 4569, 4570, 4571, 4554, 4572, 4564, 4572, 4554, 4573, 4574, 4565, 4564, 4565, 4574, 4575, 4552, 4573, 4554, 4573, 4552, 4566, 4578, 4577, 4576, 4577, 4578, 4579, 4558, 4581, 4580, 4581, 4558, 4559, 4580, 4582, 4558, 4582, 4580, 4583, 4576, 4585, 4584, 4585, 4576, 4577, 4588, 4587, 4586, 4587, 4588, 4589, 4590, 4588, 4586, 4588, 4590, 4591, 4560, 4571, 4570, 4571, 4560, 4561, 4594, 4593, 4592, 4593, 4594, 4595, 4598, 4597, 4596, 4597, 4598, 4599, 4592, 4589, 4588, 4589, 4592, 4593, 4591, 4592, 4588, 4592, 4591, 4600, 4601, 4595, 4594, 4595, 4601, 4602, 4605, 4604, 4603, 4604, 4605, 4606, 4603, 4596, 4597, 4596, 4603, 4604, 4604, 4607, 4596, 4607, 4604, 4608, 4609, 4570, 4568, 4570, 4609, 4610, 4580, 4563, 4562, 4563, 4580, 4581, 4568, 4579, 4578, 4579, 4568, 4569, 4560, 4611, 4562, 4611, 4560, 4612, 4613, 4568, 4578, 4568, 4613, 4609, 4614, 4578, 4576, 4578, 4614, 4613, 4586, 4599, 4598, 4599, 4586, 4587, 4584, 4602, 4601, 4602, 4584, 4585, 4615, 4601, 4594, 4601, 4615, 4616, 4570, 4612, 4560, 4612, 4570, 4610, 4600, 4594, 4592, 4594, 4600, 4615, 4558, 4567, 4556, 4567, 4558, 4582, 4617, 4576, 4584, 4576, 4617, 4614, 4618, 4586, 4598, 4586, 4618, 4590, 4607, 4598, 4596, 4598, 4607, 4618, 4616, 4584, 4601, 4584, 4616, 4617, 4562, 4583, 4580, 4583, 4562, 4611, 4621, 4620, 4619, 4620, 4621, 4622, 4619, 4624, 4623, 4624, 4619, 4620, 4627, 4626, 4625, 4626, 4627, 4628, 4628, 4629, 4626, 4629, 4628, 4630, 4633, 4632, 4631, 4632, 4633, 4634, 4620, 4635, 4624, 4635, 4620, 4636, 4637, 4628, 4627, 4628, 4637, 4638, 4641, 4640, 4639, 4640, 4641, 4642, 4623, 4642, 4641, 4642, 4623, 4624, 4639, 4638, 4637, 4638, 4639, 4640, 4631, 4644, 4643, 4644, 4631, 4632, 4632, 4645, 4644, 4645, 4632, 4646, 4647, 4634, 4633, 4634, 4647, 4648, 4649, 4648, 4647, 4648, 4649, 4650, 4648, 4651, 4634, 4651, 4648, 4652, 4653, 4650, 4649, 4650, 4653, 4654, 4625, 4606, 4605, 4606, 4625, 4626, 4626, 4655, 4606, 4655, 4626, 4629, 4638, 4630, 4628, 4630, 4638, 4656, 4606, 4608, 4604, 4608, 4606, 4655, 4640, 4656, 4638, 4656, 4640, 4657, 4643, 4622, 4621, 4622, 4643, 4644, 4634, 4646, 4632, 4646, 4634, 4651, 4650, 4652, 4648, 4652, 4650, 3169, 4652, 3169, 0, 0, 3169, 4658, 4659, 4654, 4653, 4654, 4659, 4660, 4654, 3169, 4650, 3169, 4654, 3175, 3169, 3175, 4658, 4658, 3175, 4661, 4662, 4660, 4659, 4660, 4662, 4663, 4660, 3175, 4654, 3175, 4660, 3174, 3175, 3174, 4661, 4661, 3174, 4664, 4642, 4657, 4640, 4657, 4642, 4665, 4624, 4665, 4642, 4665, 4624, 4635, 4622, 4636, 4620, 4636, 4622, 4666, 4644, 4666, 4622, 4666, 4644, 4645, 4669, 4668, 4667, 4668, 4669, 4670, 4667, 4672, 4671, 4672, 4667, 4668, 4671, 4674, 4673, 4674, 4671, 4672, 4675, 4670, 4669, 4670, 4675, 4676, 4677, 4663, 4662, 4663, 4677, 4678, 4672, 3202, 4674, 3202, 4672, 3195, 3202, 3195, 4679, 4679, 3195, 4680, 4668, 3195, 4672, 3195, 4668, 3194, 3195, 3194, 4680, 4680, 3194, 4681, 4684, 4683, 4682, 4683, 4684, 4685, 4685, 3206, 4683, 3206, 4685, 3208, 3206, 3208, 4686, 4686, 3208, 4687, 4682, 4689, 4688, 4689, 4682, 4683, 4683, 3204, 4689, 3204, 4683, 3206, 3204, 3206, 4690, 4690, 3206, 4686, 4673, 4678, 4677, 4678, 4673, 4674, 4674, 3190, 4678, 3190, 4674, 3202, 3190, 3202, 4691, 4691, 3202, 4679, 4692, 4685, 4684, 4685, 4692, 4693, 4663, 3174, 4660, 3174, 4663, 3191, 3174, 3191, 4664, 4664, 3191, 4694, 4695, 4676, 4675, 4676, 4695, 4696, 4697, 4693, 4692, 4693, 4697, 4698, 3201, 4685, 4693, 4685, 3201, 3208, 3208, 3201, 4699, 3208, 4699, 4687, 4696, 3187, 4676, 3187, 4696, 3186, 3187, 3186, 4700, 4700, 3186, 4701, 4688, 4696, 4695, 4696, 4688, 4689, 4689, 3186, 4696, 3186, 4689, 3204, 3186, 3204, 4701, 4701, 3204, 4690, 2740, 4693, 4698, 4693, 2740, 3201, 3201, 2740, 4702, 3201, 4702, 4699, 4703, 4698, 4697, 4698, 4703, 4704, 4676, 3198, 4670, 3198, 4676, 3187, 3198, 3187, 4705, 4705, 3187, 4700, 4706, 4704, 4703, 4704, 4706, 4707, 4678, 3191, 4663, 3191, 4678, 3190, 3191, 3190, 4694, 4694, 3190, 4691, 4708, 4707, 4706, 4707, 4708, 4709, 2726, 4704, 4707, 4704, 2726, 2728, 2728, 2726, 4710, 2728, 4710, 4711, 2728, 4698, 4704, 4698, 2728, 2740, 2740, 2728, 4711, 2740, 4711, 4702, 4670, 3194, 4668, 3194, 4670, 3198, 3194, 3198, 4681, 4681, 3198, 4705, 4712, 4709, 4708, 4709, 4712, 4713, 2730, 4707, 4709, 4707, 2730, 2726, 2726, 2730, 4714, 2726, 4714, 4710, 4717, 4716, 4715, 4716, 4717, 4718, 4719, 4713, 4712, 4713, 4719, 4720, 2712, 4713, 4720, 4713, 2712, 2714, 2714, 2712, 4721, 2714, 4721, 4722, 4725, 4724, 4723, 4724, 4725, 4726, 4727, 4718, 4717, 4718, 4727, 4728, 4729, 4728, 4727, 4728, 4729, 4730, 4726, 2760, 4724, 2760, 4726, 2737, 2760, 2737, 4731, 4731, 2737, 4732, 4733, 4720, 4719, 4720, 4733, 4734, 4715, 4726, 4725, 4726, 4715, 4716, 4728, 2757, 4718, 2757, 4728, 2758, 2757, 2758, 4735, 4735, 2758, 4736, 4723, 4738, 4737, 4738, 4723, 4724, 4724, 2720, 4738, 2720, 4724, 2760, 2720, 2760, 4739, 4739, 2760, 4731, 4742, 4741, 4740, 4741, 4742, 4743, 2742, 4741, 4743, 4741, 2742, 2744, 2744, 2742, 4744, 2744, 4744, 4745, 4748, 4747, 4746, 4747, 4748, 4749, 4750, 4749, 4748, 4749, 4750, 4751, 4749, 2749, 4747, 2749, 4749, 2750, 2749, 2750, 4752, 4752, 2750, 4753, 4756, 4755, 4754, 4755, 4756, 4757, 2710, 4720, 4734, 4720, 2710, 2712, 2712, 2710, 4758, 2712, 4758, 4721, 4740, 4734, 4733, 4734, 4740, 4741, 4746, 4743, 4742, 4743, 4746, 4747, 2749, 4743, 4747, 4743, 2749, 2742, 2742, 2749, 4752, 2742, 4752, 4744, 4751, 2750, 4749, 2750, 4751, 2752, 2750, 2752, 4753, 4753, 2752, 4759, 4737, 4757, 4756, 4757, 4737, 4738, 4754, 4751, 4750, 4751, 4754, 4755, 4757, 2754, 4755, 2754, 4757, 2719, 2754, 2719, 4760, 4760, 2719, 4761, 4738, 2719, 4757, 2719, 4738, 2720, 2719, 2720, 4761, 4761, 2720, 4739, 2714, 4709, 4713, 4709, 2714, 2730, 2730, 2714, 4722, 2730, 4722, 4714, 4755, 2752, 4751, 2752, 4755, 2754, 2752, 2754, 4759, 4759, 2754, 4760, 4716, 2737, 4726, 2737, 4716, 2738, 2737, 2738, 4732, 4732, 2738, 4762, 2744, 4734, 4741, 4734, 2744, 2710, 2710, 2744, 4745, 2710, 4745, 4758, 4718, 2738, 4716, 2738, 4718, 2757, 2738, 2757, 4762, 4762, 2757, 4735, 4765, 4764, 4763, 4764, 4765, 4766, 4769, 4768, 4767, 4768, 4769, 4770, 4772, 4767, 4771, 4767, 4772, 4769, 4775, 4774, 4773, 4774, 4775, 4776, 3238, 4776, 4775, 4776, 3238, 3231, 3231, 3238, 4777, 3231, 4777, 4778, 4776, 4779, 4774, 4779, 4776, 4780, 4780, 4781, 4779, 4781, 4780, 4782, 4784, 4773, 4783, 4773, 4784, 4775, 4766, 4785, 4764, 4785, 4766, 4786, 4730, 2758, 4728, 2758, 4730, 2699, 2758, 2699, 4736, 4736, 2699, 4787, 3214, 4770, 4769, 4770, 3214, 3219, 3219, 3214, 4788, 3219, 4788, 4789, 4782, 4729, 4781, 4729, 4782, 4730, 4791, 4771, 4790, 4771, 4791, 4772, 4770, 4763, 4768, 4763, 4770, 4765, 3215, 4769, 4772, 4769, 3215, 3214, 3214, 3215, 4792, 3214, 4792, 4788, 3231, 4780, 4776, 4780, 3231, 3224, 3224, 3231, 4778, 3224, 4778, 4793, 4786, 4783, 4785, 4783, 4786, 4784, 3240, 4775, 4784, 4775, 3240, 3238, 3238, 3240, 4794, 3238, 4794, 4777, 3235, 4772, 4791, 4772, 3235, 3215, 3215, 3235, 4795, 3215, 4795, 4792, 3224, 4782, 4780, 4782, 3224, 2700, 2700, 3224, 4793, 2700, 4793, 4796, 4798, 4790, 4797, 4790, 4798, 4791, 4800, 4797, 4799, 4797, 4800, 4798, 3219, 4765, 4770, 4765, 3219, 3218, 3218, 3219, 4789, 3218, 4789, 4801, 3210, 4791, 4798, 4791, 3210, 3235, 3235, 3210, 4802, 3235, 4802, 4795, 2700, 4730, 4782, 4730, 2700, 2699, 2699, 2700, 4796, 2699, 4796, 4787, 4804, 4799, 4803, 4799, 4804, 4800, 3211, 4798, 4800, 4798, 3211, 3210, 3210, 3211, 4805, 3210, 4805, 4802, 4807, 4803, 4806, 4803, 4807, 4804, 4808, 4800, 4804, 4800, 4808, 3211, 3211, 4808, 3122, 3211, 3122, 4805, 3222, 4786, 4766, 4786, 3222, 3241, 3241, 3222, 4809, 3241, 4809, 4810, 3218, 4766, 4765, 4766, 3218, 3222, 3222, 3218, 4801, 3222, 4801, 4809, 3241, 4784, 4786, 4784, 3241, 3240, 3240, 3241, 4810, 3240, 4810, 4794, 4813, 4812, 4811, 4812, 4813, 4814, 4815, 4814, 4813, 4814, 4815, 4816, 4819, 4818, 4817, 4818, 4819, 4820, 4823, 4822, 4821, 4822, 4823, 4824, 4824, 4817, 4822, 4817, 4824, 4819, 4826, 4811, 4825, 4811, 4826, 4813, 4827, 4575, 4574, 4575, 4827, 4828, 4574, 4829, 4827, 4829, 4574, 4830, 4832, 4821, 4831, 4821, 4832, 4823, 4814, 4831, 4812, 4831, 4814, 4832, 4833, 4824, 4823, 4824, 4833, 4834, 4827, 4825, 4828, 4825, 4827, 4826, 4827, 4835, 4826, 4835, 4827, 4829, 4837, 4806, 4836, 4806, 4837, 4807, 4839, 4836, 4838, 4836, 4839, 4837, 4842, 4841, 4840, 4841, 4842, 4843, 4820, 4840, 4818, 4840, 4820, 4842, 4844, 4807, 4837, 4807, 4844, 4845, 4816, 4832, 4814, 4832, 4816, 4846, 4847, 4843, 4842, 4843, 4847, 4848, 4835, 4813, 4826, 4813, 4835, 4815, 4564, 4830, 4574, 4830, 4564, 4572, 4846, 4823, 4832, 4823, 4846, 4833, 4843, 4838, 4841, 4838, 4843, 4839, 4834, 4819, 4824, 4819, 4834, 4849, 4848, 4839, 4843, 4839, 4848, 4850, 4845, 4804, 4807, 4804, 4845, 4808, 4851, 4842, 4820, 4842, 4851, 4847, 4849, 4820, 4819, 4820, 4849, 4851, 4850, 4837, 4839, 4837, 4850, 4844, 0, 4651, 4652, 4651, 0, 4658, 4651, 4658, 4661, 4651, 4661, 4646, 4646, 4661, 4664, 4646, 4664, 4645, 4645, 4664, 4694, 4645, 4694, 4666, 4666, 4694, 4691, 4666, 4691, 4636, 4636, 4691, 4679, 4636, 4679, 4635, 4635, 4679, 4680, 4635, 4680, 4665, 4665, 4680, 4681, 4665, 4681, 4657, 4657, 4681, 4705, 4657, 4705, 4656, 4656, 4705, 4700, 4656, 4700, 4630, 4630, 4700, 4701, 4630, 4701, 4629, 4629, 4701, 4690, 4629, 4690, 4655, 4655, 4690, 4686, 4655, 4686, 4608, 4608, 4686, 4687, 4608, 4687, 4607, 4607, 4687, 4699, 4607, 4699, 4618, 4618, 4699, 4702, 4618, 4702, 4590, 4590, 4702, 4711, 4590, 4711, 4591, 4591, 4711, 4710, 4591, 4710, 4600, 4600, 4710, 4714, 4600, 4714, 4615, 4615, 4714, 4722, 4615, 4722, 4616, 4616, 4722, 4721, 4616, 4721, 4617, 4617, 4721, 4758, 4617, 4758, 4614, 4614, 4758, 4745, 4614, 4745, 4613, 4613, 4745, 4744, 4613, 4744, 4609, 4609, 4744, 4752, 4609, 4752, 4610, 4610, 4752, 4753, 4610, 4753, 4612, 4612, 4753, 4759, 4612, 4759, 4611, 4611, 4759, 4760, 4611, 4760, 4583, 4583, 4760, 4761, 4583, 4761, 4582, 4582, 4761, 4739, 4582, 4739, 4567, 4567, 4739, 4731, 4567, 4731, 4566, 4566, 4731, 4732, 4566, 4732, 4573, 4573, 4732, 4762, 4573, 4762, 4572, 4572, 4762, 4735, 4572, 4735, 4830, 4830, 4735, 4736, 4830, 4736, 4829, 4829, 4736, 4787, 4829, 4787, 4835, 4835, 4787, 4796, 4835, 4796, 4815, 4815, 4796, 4793, 4815, 4793, 4816, 4816, 4793, 4778, 4816, 4778, 4846, 4846, 4778, 4777, 4846, 4777, 4833, 4833, 4777, 4794, 4833, 4794, 4834, 4834, 4794, 4810, 4834, 4810, 4849, 4849, 4810, 4809, 4849, 4809, 4851, 4851, 4809, 4801, 4851, 4801, 4847, 4847, 4801, 4789, 4847, 4789, 4848, 4848, 4789, 4788, 4848, 4788, 4850, 4850, 4788, 4792, 4850, 4792, 4844, 4844, 4792, 4795, 4844, 4795, 4845, 4845, 4795, 4802, 4845, 4802, 4808, 4808, 4802, 4805, 4808, 4805, 3122, 4854, 4853, 4852, 4853, 4854, 4855, 4856, 4855, 4854, 4855, 4856, 4857, 4858, 4857, 4856, 4857, 4858, 4859, 4860, 4859, 4858, 4859, 4860, 4861, 4862, 4861, 4860, 4861, 4862, 4863, 4864, 4863, 4862, 4863, 4864, 4865, 4866, 4865, 4864, 4865, 4866, 4867, 4868, 4867, 4866, 4867, 4868, 4869, 4870, 4869, 4868, 4869, 4870, 4871, 4872, 4871, 4870, 4871, 4872, 4873, 4874, 4873, 4872, 4873, 4874, 4875, 4876, 4875, 4874, 4875, 4876, 4877, 4878, 4877, 4876, 4877, 4878, 4879, 4880, 4879, 4878, 4879, 4880, 4881, 4880, 4882, 4881, 4882, 4880, 4883, 4883, 4884, 4882, 4884, 4883, 4885, 4885, 4886, 4884, 4886, 4885, 4887, 4887, 4888, 4886, 4888, 4887, 4889, 4889, 4890, 4888, 4890, 4889, 4891, 4891, 4892, 4890, 4892, 4891, 4893, 4893, 4894, 4892, 4894, 4893, 4895, 4895, 4896, 4894, 4896, 4895, 4897, 4897, 4898, 4896, 4898, 4897, 4899, 4899, 4900, 4898, 4900, 4899, 4901, 4901, 4902, 4900, 4902, 4901, 4903, 4902, 4905, 4904, 4905, 4902, 4903, 4904, 4907, 4906, 4907, 4904, 4905, 4906, 4909, 4908, 4909, 4906, 4907, 4908, 4911, 4910, 4911, 4908, 4909, 4910, 4913, 4912, 4913, 4910, 4911, 4912, 4915, 4914, 4915, 4912, 4913, 4914, 4917, 4916, 4917, 4914, 4915, 4916, 4919, 4918, 4919, 4916, 4917, 4918, 4921, 4920, 4921, 4918, 4919, 4920, 4923, 4922, 4923, 4920, 4921, 4922, 4925, 4924, 4925, 4922, 4923, 4927, 4925, 4926, 4925, 4927, 4924, 4929, 4926, 4928, 4926, 4929, 4927, 4931, 4928, 4930, 4928, 4931, 4929, 4933, 4930, 4932, 4930, 4933, 4931, 4935, 4932, 4934, 4932, 4935, 4933, 4937, 4934, 4936, 4934, 4937, 4935, 4939, 4936, 4938, 4936, 4939, 4937, 4941, 4938, 4940, 4938, 4941, 4939, 4943, 4940, 4942, 4940, 4943, 4941, 4945, 4942, 4944, 4942, 4945, 4943, 4947, 4944, 4946, 4944, 4947, 4945, 4949, 4946, 4948, 4946, 4949, 4947, 4951, 4948, 4950, 4948, 4951, 4949, 4953, 4950, 4952, 4950, 4953, 4951, 4955, 4952, 4954, 4952, 4955, 4953, 4957, 4954, 4956, 4954, 4957, 4955, 4959, 4956, 4958, 4956, 4959, 4957, 4961, 4958, 4960, 4958, 4961, 4959, 4963, 4960, 4962, 4960, 4963, 4961, 4965, 4962, 4964, 4962, 4965, 4963, 4967, 4964, 4966, 4964, 4967, 4965, 4969, 4966, 4968, 4966, 4969, 4967, 4971, 4968, 4970, 4968, 4971, 4969, 4973, 4970, 4972, 4970, 4973, 4971, 4975, 4972, 4974, 4972, 4975, 4973, 4977, 4974, 4976, 4974, 4977, 4975, 4979, 4976, 4978, 4976, 4979, 4977, 4981, 4978, 4980, 4978, 4981, 4979, 4981, 4983, 4982, 4983, 4981, 4980, 4982, 4985, 4984, 4985, 4982, 4983, 4984, 4987, 4986, 4987, 4984, 4985, 4986, 4989, 4988, 4989, 4986, 4987, 4988, 4991, 4990, 4991, 4988, 4989, 4990, 4993, 4992, 4993, 4990, 4991, 4992, 4995, 4994, 4995, 4992, 4993, 4994, 4997, 4996, 4997, 4994, 4995, 4996, 4999, 4998, 4999, 4996, 4997, 4998, 5001, 5000, 5001, 4998, 4999, 5000, 5003, 5002, 5003, 5000, 5001, 5003, 5004, 5002, 5004, 5003, 5005, 5005, 5006, 5004, 5006, 5005, 5007, 5007, 5008, 5006, 5008, 5007, 5009, 5009, 5010, 5008, 5010, 5009, 5011, 5011, 5012, 5010, 5012, 5011, 5013, 5013, 5014, 5012, 5014, 5013, 5015, 5015, 5016, 5014, 5016, 5015, 5017, 5017, 5018, 5016, 5018, 5017, 5019, 5019, 5020, 5018, 5020, 5019, 5021, 5021, 5022, 5020, 5022, 5021, 5023, 5023, 5024, 5022, 5024, 5023, 5025, 5026, 5024, 5025, 5024, 5026, 5027, 5028, 5027, 5026, 5027, 5028, 5029, 5030, 5029, 5028, 5029, 5030, 5031, 5032, 5031, 5030, 5031, 5032, 5033, 5034, 5033, 5032, 5033, 5034, 5035, 5036, 5035, 5034, 5035, 5036, 5037, 5038, 5037, 5036, 5037, 5038, 5039, 5040, 5039, 5038, 5039, 5040, 5041, 5042, 5041, 5040, 5041, 5042, 5043, 5044, 5043, 5042, 5043, 5044, 5045, 5046, 5045, 5044, 5045, 5046, 5047, 5048, 5047, 5046, 5047, 5048, 5049, 5050, 5049, 5048, 5049, 5050, 5051, 4852, 5051, 5050, 5051, 4852, 4853, 4855, 5052, 4853, 5052, 4855, 5053, 4857, 5053, 4855, 5053, 4857, 5054, 4859, 5054, 4857, 5054, 4859, 5055, 4861, 5055, 4859, 5055, 4861, 5056, 4863, 5056, 4861, 5056, 4863, 5057, 4865, 5057, 4863, 5057, 4865, 5058, 4867, 5058, 4865, 5058, 4867, 5059, 4869, 5059, 4867, 5059, 4869, 5060, 4871, 5060, 4869, 5060, 4871, 5061, 4873, 5061, 4871, 5061, 4873, 5062, 4875, 5062, 4873, 5062, 4875, 5063, 4877, 5063, 4875, 5063, 4877, 5064, 4879, 5064, 4877, 5064, 4879, 5065, 4881, 5065, 4879, 5065, 4881, 5066, 5066, 4882, 5067, 4882, 5066, 4881, 5067, 4884, 5068, 4884, 5067, 4882, 5068, 4886, 5069, 4886, 5068, 4884, 5069, 4888, 5070, 4888, 5069, 4886, 5070, 4890, 5071, 4890, 5070, 4888, 5071, 4892, 5072, 4892, 5071, 4890, 5072, 4894, 5073, 4894, 5072, 4892, 5073, 4896, 5074, 4896, 5073, 4894, 5074, 4898, 5075, 4898, 5074, 4896, 5075, 4900, 5076, 4900, 5075, 4898, 5076, 4902, 5077, 4902, 5076, 4900, 5077, 4904, 5078, 4904, 5077, 4902, 5078, 4906, 5079, 4906, 5078, 4904, 5079, 4908, 5080, 4908, 5079, 4906, 5080, 4910, 5081, 4910, 5080, 4908, 5081, 4912, 5082, 4912, 5081, 4910, 5082, 4914, 5083, 4914, 5082, 4912, 5083, 4916, 5084, 4916, 5083, 4914, 5084, 4918, 5085, 4918, 5084, 4916, 5085, 4920, 5086, 4920, 5085, 4918, 5086, 4922, 5087, 4922, 5086, 4920, 5087, 4924, 5088, 4924, 5087, 4922, 5089, 4924, 4927, 4924, 5089, 5088, 5090, 4927, 4929, 4927, 5090, 5089, 5091, 4929, 4931, 4929, 5091, 5090, 5092, 4931, 4933, 4931, 5092, 5091, 5093, 4933, 4935, 4933, 5093, 5092, 5094, 4935, 4937, 4935, 5094, 5093, 5095, 4937, 4939, 4937, 5095, 5094, 5096, 4939, 4941, 4939, 5096, 5095, 5097, 4941, 4943, 4941, 5097, 5096, 5098, 4943, 4945, 4943, 5098, 5097, 5099, 4945, 4947, 4945, 5099, 5098, 5100, 4947, 4949, 4947, 5100, 5099, 5101, 4949, 4951, 4949, 5101, 5100, 5102, 4951, 4953, 4951, 5102, 5101, 5103, 4953, 4955, 4953, 5103, 5102, 5104, 4955, 4957, 4955, 5104, 5103, 5105, 4957, 4959, 4957, 5105, 5104, 5106, 4959, 4961, 4959, 5106, 5105, 5107, 4961, 4963, 4961, 5107, 5106, 5108, 4963, 4965, 4963, 5108, 5107, 5109, 4965, 4967, 4965, 5109, 5108, 5110, 4967, 4969, 4967, 5110, 5109, 5111, 4969, 4971, 4969, 5111, 5110, 5112, 4971, 4973, 4971, 5112, 5111, 5113, 4973, 4975, 4973, 5113, 5112, 5114, 4975, 4977, 4975, 5114, 5113, 5115, 4977, 4979, 4977, 5115, 5114, 5116, 4979, 4981, 4979, 5116, 5115, 4982, 5116, 4981, 5116, 4982, 5117, 4984, 5117, 4982, 5117, 4984, 5118, 4986, 5118, 4984, 5118, 4986, 5119, 4988, 5119, 4986, 5119, 4988, 5120, 4990, 5120, 4988, 5120, 4990, 5121, 4992, 5121, 4990, 5121, 4992, 5122, 4994, 5122, 4992, 5122, 4994, 5123, 4996, 5123, 4994, 5123, 4996, 5124, 4998, 5124, 4996, 5124, 4998, 5125, 5000, 5125, 4998, 5125, 5000, 5126, 5002, 5126, 5000, 5126, 5002, 5127, 5004, 5127, 5002, 5127, 5004, 5128, 5006, 5128, 5004, 5128, 5006, 5129, 5008, 5129, 5006, 5129, 5008, 5130, 5010, 5130, 5008, 5130, 5010, 5131, 5012, 5131, 5010, 5131, 5012, 5132, 5014, 5132, 5012, 5132, 5014, 5133, 5016, 5133, 5014, 5133, 5016, 5134, 5018, 5134, 5016, 5134, 5018, 5135, 5020, 5135, 5018, 5135, 5020, 5136, 5022, 5136, 5020, 5136, 5022, 5137, 5024, 5137, 5022, 5137, 5024, 5138, 5027, 5138, 5024, 5138, 5027, 5139, 5029, 5139, 5027, 5139, 5029, 5140, 5031, 5140, 5029, 5140, 5031, 5141, 5033, 5141, 5031, 5141, 5033, 5142, 5035, 5142, 5033, 5142, 5035, 5143, 5037, 5143, 5035, 5143, 5037, 5144, 5039, 5144, 5037, 5144, 5039, 5145, 5041, 5145, 5039, 5145, 5041, 5146, 5043, 5146, 5041, 5146, 5043, 5147, 5045, 5147, 5043, 5147, 5045, 5148, 5047, 5148, 5045, 5148, 5047, 5149, 5049, 5149, 5047, 5149, 5049, 5150, 5051, 5150, 5049, 5150, 5051, 5151, 4853, 5151, 5051, 5151, 4853, 5052, 5053, 5152, 5052, 5152, 5053, 5153, 5054, 5153, 5053, 5153, 5054, 5154, 5055, 5154, 5054, 5154, 5055, 5155, 5056, 5155, 5055, 5155, 5056, 5156, 5057, 5156, 5056, 5156, 5057, 5157, 5058, 5157, 5057, 5157, 5058, 5158, 5059, 5158, 5058, 5158, 5059, 5159, 5060, 5159, 5059, 5159, 5060, 5160, 5061, 5160, 5060, 5160, 5061, 5161, 5062, 5161, 5061, 5161, 5062, 5162, 5063, 5162, 5062, 5162, 5063, 5163, 5064, 5163, 5063, 5163, 5064, 5164, 5065, 5164, 5064, 5164, 5065, 5165, 5165, 5066, 5166, 5066, 5165, 5065, 5166, 5067, 5167, 5067, 5166, 5066, 5167, 5068, 5168, 5068, 5167, 5067, 5168, 5069, 5169, 5069, 5168, 5068, 5169, 5070, 5170, 5070, 5169, 5069, 5170, 5071, 5171, 5071, 5170, 5070, 5171, 5072, 5172, 5072, 5171, 5071, 5172, 5073, 5173, 5073, 5172, 5072, 5173, 5074, 5174, 5074, 5173, 5073, 5174, 5075, 5175, 5075, 5174, 5074, 5175, 5076, 5176, 5076, 5175, 5075, 5176, 5077, 5177, 5077, 5176, 5076, 5177, 5078, 5178, 5078, 5177, 5077, 5178, 5079, 5179, 5079, 5178, 5078, 5179, 5080, 5180, 5080, 5179, 5079, 5180, 5081, 5181, 5081, 5180, 5080, 5181, 5082, 5182, 5082, 5181, 5081, 5182, 5083, 5183, 5083, 5182, 5082, 5183, 5084, 5184, 5084, 5183, 5083, 5184, 5085, 5185, 5085, 5184, 5084, 5185, 5086, 5186, 5086, 5185, 5085, 5186, 5087, 5187, 5087, 5186, 5086, 5187, 5088, 5188, 5088, 5187, 5087, 5188, 5089, 5189, 5089, 5188, 5088, 5190, 5089, 5090, 5089, 5190, 5189, 5191, 5090, 5091, 5090, 5191, 5190, 5192, 5091, 5092, 5091, 5192, 5191, 5193, 5092, 5093, 5092, 5193, 5192, 5194, 5093, 5094, 5093, 5194, 5193, 5195, 5094, 5095, 5094, 5195, 5194, 5196, 5095, 5096, 5095, 5196, 5195, 5197, 5096, 5097, 5096, 5197, 5196, 5198, 5097, 5098, 5097, 5198, 5197, 5199, 5098, 5099, 5098, 5199, 5198, 5200, 5099, 5100, 5099, 5200, 5199, 5201, 5100, 5101, 5100, 5201, 5200, 5202, 5101, 5102, 5101, 5202, 5201, 5203, 5102, 5103, 5102, 5203, 5202, 5204, 5103, 5104, 5103, 5204, 5203, 5205, 5104, 5105, 5104, 5205, 5204, 5206, 5105, 5106, 5105, 5206, 5205, 5207, 5106, 5107, 5106, 5207, 5206, 5208, 5107, 5108, 5107, 5208, 5207, 5209, 5108, 5109, 5108, 5209, 5208, 5210, 5109, 5110, 5109, 5210, 5209, 5211, 5110, 5111, 5110, 5211, 5210, 5212, 5111, 5112, 5111, 5212, 5211, 5213, 5112, 5113, 5112, 5213, 5212, 5214, 5113, 5114, 5113, 5214, 5213, 5215, 5114, 5115, 5114, 5215, 5214, 5116, 5215, 5115, 5215, 5116, 5216, 5117, 5216, 5116, 5216, 5117, 5217, 5118, 5217, 5117, 5217, 5118, 5218, 5119, 5218, 5118, 5218, 5119, 5219, 5120, 5219, 5119, 5219, 5120, 5220, 5121, 5220, 5120, 5220, 5121, 5221, 5122, 5221, 5121, 5221, 5122, 5222, 5123, 5222, 5122, 5222, 5123, 5223, 5124, 5223, 5123, 5223, 5124, 5224, 5125, 5224, 5124, 5224, 5125, 5225, 5126, 5225, 5125, 5225, 5126, 5226, 5127, 5226, 5126, 5226, 5127, 5227, 5128, 5227, 5127, 5227, 5128, 5228, 5129, 5228, 5128, 5228, 5129, 5229, 5130, 5229, 5129, 5229, 5130, 5230, 5131, 5230, 5130, 5230, 5131, 5231, 5132, 5231, 5131, 5231, 5132, 5232, 5133, 5232, 5132, 5232, 5133, 5233, 5134, 5233, 5133, 5233, 5134, 5234, 5135, 5234, 5134, 5234, 5135, 5235, 5136, 5235, 5135, 5235, 5136, 5236, 5137, 5236, 5136, 5236, 5137, 5237, 5138, 5237, 5137, 5237, 5138, 5238, 5139, 5238, 5138, 5238, 5139, 5239, 5140, 5239, 5139, 5239, 5140, 5240, 5141, 5240, 5140, 5240, 5141, 5241, 5142, 5241, 5141, 5241, 5142, 5242, 5143, 5242, 5142, 5242, 5143, 5243, 5144, 5243, 5143, 5243, 5144, 5244, 5145, 5244, 5144, 5244, 5145, 5245, 5146, 5245, 5145, 5245, 5146, 5246, 5147, 5246, 5146, 5246, 5147, 5247, 5148, 5247, 5147, 5247, 5148, 5248, 5149, 5248, 5148, 5248, 5149, 5249, 5150, 5249, 5149, 5249, 5150, 5250, 5151, 5250, 5150, 5250, 5151, 5251, 5052, 5251, 5151, 5251, 5052, 5152, 5153, 5252, 5152, 5252, 5153, 5253, 5154, 5253, 5153, 5253, 5154, 5254, 5155, 5254, 5154, 5254, 5155, 5255, 5156, 5255, 5155, 5255, 5156, 5256, 5157, 5256, 5156, 5256, 5157, 5257, 5158, 5257, 5157, 5257, 5158, 5258, 5159, 5258, 5158, 5258, 5159, 5259, 5160, 5259, 5159, 5259, 5160, 5260, 5161, 5260, 5160, 5260, 5161, 5261, 5162, 5261, 5161, 5261, 5162, 5262, 5163, 5262, 5162, 5262, 5163, 5263, 5164, 5263, 5163, 5263, 5164, 5264, 5165, 5264, 5164, 5264, 5165, 5265, 5266, 5165, 5166, 5165, 5266, 5265, 5267, 5166, 5167, 5166, 5267, 5266, 5268, 5167, 5168, 5167, 5268, 5267, 5269, 5168, 5169, 5168, 5269, 5268, 5270, 5169, 5170, 5169, 5270, 5269, 5271, 5170, 5171, 5170, 5271, 5270, 5272, 5171, 5172, 5171, 5272, 5271, 5273, 5172, 5173, 5172, 5273, 5272, 5274, 5173, 5174, 5173, 5274, 5273, 5275, 5174, 5175, 5174, 5275, 5274, 5276, 5175, 5176, 5175, 5276, 5275, 5277, 5176, 5177, 5176, 5277, 5276, 5278, 5177, 5178, 5177, 5278, 5277, 5279, 5178, 5179, 5178, 5279, 5278, 5280, 5179, 5180, 5179, 5280, 5279, 5281, 5180, 5181, 5180, 5281, 5280, 5282, 5181, 5182, 5181, 5282, 5281, 5283, 5182, 5183, 5182, 5283, 5282, 5284, 5183, 5184, 5183, 5284, 5283, 5285, 5184, 5185, 5184, 5285, 5284, 5286, 5185, 5186, 5185, 5286, 5285, 5287, 5186, 5187, 5186, 5287, 5286, 5288, 5187, 5188, 5187, 5288, 5287, 5288, 5189, 5289, 5189, 5288, 5188, 5290, 5189, 5190, 5189, 5290, 5289, 5291, 5190, 5191, 5190, 5291, 5290, 5292, 5191, 5192, 5191, 5292, 5291, 5293, 5192, 5193, 5192, 5293, 5292, 5294, 5193, 5194, 5193, 5294, 5293, 5295, 5194, 5195, 5194, 5295, 5294, 5296, 5195, 5196, 5195, 5296, 5295, 5297, 5196, 5197, 5196, 5297, 5296, 5298, 5197, 5198, 5197, 5298, 5297, 5299, 5198, 5199, 5198, 5299, 5298, 5300, 5199, 5200, 5199, 5300, 5299, 5301, 5200, 5201, 5200, 5301, 5300, 5302, 5201, 5202, 5201, 5302, 5301, 5303, 5202, 5203, 5202, 5303, 5302, 5304, 5203, 5204, 5203, 5304, 5303, 5305, 5204, 5205, 5204, 5305, 5304, 5306, 5205, 5206, 5205, 5306, 5305, 5307, 5206, 5207, 5206, 5307, 5306, 5308, 5207, 5208, 5207, 5308, 5307, 5309, 5208, 5209, 5208, 5309, 5308, 5310, 5209, 5210, 5209, 5310, 5309, 5311, 5210, 5211, 5210, 5311, 5310, 5312, 5211, 5212, 5211, 5312, 5311, 5313, 5212, 5213, 5212, 5313, 5312, 5314, 5213, 5214, 5213, 5314, 5313, 5315, 5214, 5215, 5214, 5315, 5314, 5216, 5315, 5215, 5315, 5216, 5316, 5217, 5316, 5216, 5316, 5217, 5317, 5218, 5317, 5217, 5317, 5218, 5318, 5219, 5318, 5218, 5318, 5219, 5319, 5220, 5319, 5219, 5319, 5220, 5320, 5221, 5320, 5220, 5320, 5221, 5321, 5222, 5321, 5221, 5321, 5222, 5322, 5223, 5322, 5222, 5322, 5223, 5323, 5224, 5323, 5223, 5323, 5224, 5324, 5225, 5324, 5224, 5324, 5225, 5325, 5226, 5325, 5225, 5325, 5226, 5326, 5227, 5326, 5226, 5326, 5227, 5327, 5228, 5327, 5227, 5327, 5228, 5328, 5229, 5328, 5228, 5328, 5229, 5329, 5230, 5329, 5229, 5329, 5230, 5330, 5231, 5330, 5230, 5330, 5231, 5331, 5232, 5331, 5231, 5331, 5232, 5332, 5233, 5332, 5232, 5332, 5233, 5333, 5234, 5333, 5233, 5333, 5234, 5334, 5235, 5334, 5234, 5334, 5235, 5335, 5236, 5335, 5235, 5335, 5236, 5336, 5237, 5336, 5236, 5336, 5237, 5337, 5238, 5337, 5237, 5337, 5238, 5338, 5239, 5338, 5238, 5338, 5239, 5339, 5240, 5339, 5239, 5339, 5240, 5340, 5241, 5340, 5240, 5340, 5241, 5341, 5242, 5341, 5241, 5341, 5242, 5342, 5243, 5342, 5242, 5342, 5243, 5343, 5244, 5343, 5243, 5343, 5244, 5344, 5245, 5344, 5244, 5344, 5245, 5345, 5246, 5345, 5245, 5345, 5246, 5346, 5247, 5346, 5246, 5346, 5247, 5347, 5248, 5347, 5247, 5347, 5248, 5348, 5249, 5348, 5248, 5348, 5249, 5349, 5250, 5349, 5249, 5349, 5250, 5350, 5251, 5350, 5250, 5350, 5251, 5351, 5152, 5351, 5251, 5351, 5152, 5252, 5253, 5352, 5252, 5352, 5253, 5353, 5254, 5353, 5253, 5353, 5254, 5354, 5255, 5354, 5254, 5354, 5255, 5355, 5256, 5355, 5255, 5355, 5256, 5356, 5257, 5356, 5256, 5356, 5257, 5357, 5258, 5357, 5257, 5357, 5258, 5358, 5259, 5358, 5258, 5358, 5259, 5359, 5260, 5359, 5259, 5359, 5260, 5360, 5261, 5360, 5260, 5360, 5261, 5361, 5262, 5361, 5261, 5361, 5262, 5362, 5263, 5362, 5262, 5362, 5263, 5363, 5264, 5363, 5263, 5363, 5264, 5364, 5265, 5364, 5264, 5364, 5265, 5365, 5365, 5266, 5366, 5266, 5365, 5265, 5366, 5267, 5367, 5267, 5366, 5266, 5367, 5268, 5368, 5268, 5367, 5267, 5368, 5269, 5369, 5269, 5368, 5268, 5369, 5270, 5370, 5270, 5369, 5269, 5370, 5271, 5371, 5271, 5370, 5270, 5371, 5272, 5372, 5272, 5371, 5271, 5372, 5273, 5373, 5273, 5372, 5272, 5373, 5274, 5374, 5274, 5373, 5273, 5374, 5275, 5375, 5275, 5374, 5274, 5375, 5276, 5376, 5276, 5375, 5275, 5376, 5277, 5377, 5277, 5376, 5276, 5377, 5278, 5378, 5278, 5377, 5277, 5378, 5279, 5379, 5279, 5378, 5278, 5379, 5280, 5380, 5280, 5379, 5279, 5380, 5281, 5381, 5281, 5380, 5280, 5381, 5282, 5382, 5282, 5381, 5281, 5382, 5283, 5383, 5283, 5382, 5282, 5383, 5284, 5384, 5284, 5383, 5283, 5384, 5285, 5385, 5285, 5384, 5284, 5385, 5286, 5386, 5286, 5385, 5285, 5386, 5287, 5387, 5287, 5386, 5286, 5387, 5288, 5388, 5288, 5387, 5287, 5388, 5289, 5389, 5289, 5388, 5288, 5390, 5289, 5290, 5289, 5390, 5389, 5391, 5290, 5291, 5290, 5391, 5390, 5392, 5291, 5292, 5291, 5392, 5391, 5393, 5292, 5293, 5292, 5393, 5392, 5394, 5293, 5294, 5293, 5394, 5393, 5395, 5294, 5295, 5294, 5395, 5394, 5396, 5295, 5296, 5295, 5396, 5395, 5397, 5296, 5297, 5296, 5397, 5396, 5398, 5297, 5298, 5297, 5398, 5397, 5399, 5298, 5299, 5298, 5399, 5398, 5400, 5299, 5300, 5299, 5400, 5399, 5401, 5300, 5301, 5300, 5401, 5400, 5402, 5301, 5302, 5301, 5402, 5401, 5403, 5302, 5303, 5302, 5403, 5402, 5404, 5303, 5304, 5303, 5404, 5403, 5405, 5304, 5305, 5304, 5405, 5404, 5406, 5305, 5306, 5305, 5406, 5405, 5407, 5306, 5307, 5306, 5407, 5406, 5408, 5307, 5308, 5307, 5408, 5407, 5409, 5308, 5309, 5308, 5409, 5408, 5410, 5309, 5310, 5309, 5410, 5409, 5411, 5310, 5311, 5310, 5411, 5410, 5412, 5311, 5312, 5311, 5412, 5411, 5413, 5312, 5313, 5312, 5413, 5412, 5414, 5313, 5314, 5313, 5414, 5413, 5415, 5314, 5315, 5314, 5415, 5414, 5315, 5416, 5415, 5416, 5315, 5316, 5316, 5417, 5416, 5417, 5316, 5317, 5317, 5418, 5417, 5418, 5317, 5318, 5318, 5419, 5418, 5419, 5318, 5319, 5319, 5420, 5419, 5420, 5319, 5320, 5320, 5421, 5420, 5421, 5320, 5321, 5321, 5422, 5421, 5422, 5321, 5322, 5322, 5423, 5422, 5423, 5322, 5323, 5323, 5424, 5423, 5424, 5323, 5324, 5324, 5425, 5424, 5425, 5324, 5325, 5325, 5426, 5425, 5426, 5325, 5326, 5326, 5427, 5426, 5427, 5326, 5327, 5327, 5428, 5427, 5428, 5327, 5328, 5328, 5429, 5428, 5429, 5328, 5329, 5329, 5430, 5429, 5430, 5329, 5330, 5330, 5431, 5430, 5431, 5330, 5331, 5331, 5432, 5431, 5432, 5331, 5332, 5332, 5433, 5432, 5433, 5332, 5333, 5333, 5434, 5433, 5434, 5333, 5334, 5334, 5435, 5434, 5435, 5334, 5335, 5335, 5436, 5435, 5436, 5335, 5336, 5336, 5437, 5436, 5437, 5336, 5337, 5337, 5438, 5437, 5438, 5337, 5338, 5338, 5439, 5438, 5439, 5338, 5339, 5340, 5439, 5339, 5439, 5340, 5440, 5341, 5440, 5340, 5440, 5341, 5441, 5342, 5441, 5341, 5441, 5342, 5442, 5343, 5442, 5342, 5442, 5343, 5443, 5344, 5443, 5343, 5443, 5344, 5444, 5345, 5444, 5344, 5444, 5345, 5445, 5346, 5445, 5345, 5445, 5346, 5446, 5347, 5446, 5346, 5446, 5347, 5447, 5348, 5447, 5347, 5447, 5348, 5448, 5349, 5448, 5348, 5448, 5349, 5449, 5350, 5449, 5349, 5449, 5350, 5450, 5351, 5450, 5350, 5450, 5351, 5451, 5252, 5451, 5351, 5451, 5252, 5352, 5353, 5452, 5352, 5452, 5353, 5453, 5354, 5453, 5353, 5453, 5354, 5454, 5355, 5454, 5354, 5454, 5355, 5455, 5356, 5455, 5355, 5455, 5356, 5456, 5357, 5456, 5356, 5456, 5357, 5457, 5358, 5457, 5357, 5457, 5358, 5458, 5359, 5458, 5358, 5458, 5359, 5459, 5360, 5459, 5359, 5459, 5360, 5460, 5361, 5460, 5360, 5460, 5361, 5461, 5362, 5461, 5361, 5461, 5362, 5462, 5363, 5462, 5362, 5462, 5363, 5463, 5364, 5463, 5363, 5463, 5364, 5464, 5365, 5464, 5364, 5464, 5365, 5465, 5465, 5366, 5466, 5366, 5465, 5365, 5466, 5367, 5467, 5367, 5466, 5366, 5467, 5368, 5468, 5368, 5467, 5367, 5468, 5369, 5469, 5369, 5468, 5368, 5469, 5370, 5470, 5370, 5469, 5369, 5470, 5371, 5471, 5371, 5470, 5370, 5471, 5372, 5472, 5372, 5471, 5371, 5472, 5373, 5473, 5373, 5472, 5372, 5473, 5374, 5474, 5374, 5473, 5373, 5474, 5375, 5475, 5375, 5474, 5374, 5475, 5376, 5476, 5376, 5475, 5375, 5476, 5377, 5477, 5377, 5476, 5376, 5477, 5378, 5478, 5378, 5477, 5377, 5478, 5379, 5479, 5379, 5478, 5378, 5479, 5380, 5480, 5380, 5479, 5379, 5480, 5381, 5481, 5381, 5480, 5380, 5481, 5382, 5482, 5382, 5481, 5381, 5482, 5383, 5483, 5383, 5482, 5382, 5483, 5384, 5484, 5384, 5483, 5383, 5484, 5385, 5485, 5385, 5484, 5384, 5485, 5386, 5486, 5386, 5485, 5385, 5486, 5387, 5487, 5387, 5486, 5386, 5487, 5388, 5488, 5388, 5487, 5387, 5488, 5389, 5489, 5389, 5488, 5388, 5490, 5389, 5390, 5389, 5490, 5489, 5491, 5390, 5391, 5390, 5491, 5490, 5492, 5391, 5392, 5391, 5492, 5491, 5493, 5392, 5393, 5392, 5493, 5492, 5494, 5393, 5394, 5393, 5494, 5493, 5495, 5394, 5395, 5394, 5495, 5494, 5496, 5395, 5396, 5395, 5496, 5495, 5497, 5396, 5397, 5396, 5497, 5496, 5498, 5397, 5398, 5397, 5498, 5497, 5499, 5398, 5399, 5398, 5499, 5498, 5500, 5399, 5400, 5399, 5500, 5499, 5501, 5400, 5401, 5400, 5501, 5500, 5502, 5401, 5402, 5401, 5502, 5501, 5503, 5402, 5403, 5402, 5503, 5502, 5504, 5403, 5404, 5403, 5504, 5503, 5505, 5404, 5405, 5404, 5505, 5504, 5506, 5405, 5406, 5405, 5506, 5505, 5507, 5406, 5407, 5406, 5507, 5506, 5508, 5407, 5408, 5407, 5508, 5507, 5509, 5408, 5409, 5408, 5509, 5508, 5510, 5409, 5410, 5409, 5510, 5509, 5511, 5410, 5411, 5410, 5511, 5510, 5512, 5411, 5412, 5411, 5512, 5511, 5513, 5412, 5413, 5412, 5513, 5512, 5514, 5413, 5414, 5413, 5514, 5513, 5515, 5414, 5415, 5414, 5515, 5514, 5416, 5515, 5415, 5515, 5416, 5516, 5417, 5516, 5416, 5516, 5417, 5517, 5418, 5517, 5417, 5517, 5418, 5518, 5419, 5518, 5418, 5518, 5419, 5519, 5420, 5519, 5419, 5519, 5420, 5520, 5421, 5520, 5420, 5520, 5421, 5521, 5422, 5521, 5421, 5521, 5422, 5522, 5423, 5522, 5422, 5522, 5423, 5523, 5424, 5523, 5423, 5523, 5424, 5524, 5425, 5524, 5424, 5524, 5425, 5525, 5426, 5525, 5425, 5525, 5426, 5526, 5427, 5526, 5426, 5526, 5427, 5527, 5428, 5527, 5427, 5527, 5428, 5528, 5429, 5528, 5428, 5528, 5429, 5529, 5430, 5529, 5429, 5529, 5430, 5530, 5431, 5530, 5430, 5530, 5431, 5531, 5432, 5531, 5431, 5531, 5432, 5532, 5433, 5532, 5432, 5532, 5433, 5533, 5434, 5533, 5433, 5533, 5434, 5534, 5435, 5534, 5434, 5534, 5435, 5535, 5436, 5535, 5435, 5535, 5436, 5536, 5437, 5536, 5436, 5536, 5437, 5537, 5438, 5537, 5437, 5537, 5438, 5538, 5439, 5538, 5438, 5538, 5439, 5539, 5440, 5539, 5439, 5539, 5440, 5540, 5441, 5540, 5440, 5540, 5441, 5541, 5442, 5541, 5441, 5541, 5442, 5542, 5443, 5542, 5442, 5542, 5443, 5543, 5444, 5543, 5443, 5543, 5444, 5544, 5445, 5544, 5444, 5544, 5445, 5545, 5446, 5545, 5445, 5545, 5446, 5546, 5447, 5546, 5446, 5546, 5447, 5547, 5448, 5547, 5447, 5547, 5448, 5548, 5449, 5548, 5448, 5548, 5449, 5549, 5450, 5549, 5449, 5549, 5450, 5550, 5451, 5550, 5450, 5550, 5451, 5551, 5352, 5551, 5451, 5551, 5352, 5452, 5554, 5553, 5552, 5553, 5554, 5555, 5557, 5552, 5556, 5552, 5557, 5554, 5559, 5556, 5558, 5556, 5559, 5557, 5561, 5558, 5560, 5558, 5561, 5559, 5563, 5560, 5562, 5560, 5563, 5561, 5565, 5562, 5564, 5562, 5565, 5563, 5567, 5564, 5566, 5564, 5567, 5565, 5569, 5566, 5568, 5566, 5569, 5567, 5571, 5568, 5570, 5568, 5571, 5569, 5573, 5570, 5572, 5570, 5573, 5571, 5575, 5572, 5574, 5572, 5575, 5573, 5577, 5574, 5576, 5574, 5577, 5575, 5579, 5576, 5578, 5576, 5579, 5577, 5579, 5581, 5580, 5581, 5579, 5578, 5580, 5583, 5582, 5583, 5580, 5581, 5582, 5585, 5584, 5585, 5582, 5583, 5584, 5587, 5586, 5587, 5584, 5585, 5586, 5589, 5588, 5589, 5586, 5587, 5588, 5591, 5590, 5591, 5588, 5589, 5590, 5593, 5592, 5593, 5590, 5591, 5592, 5595, 5594, 5595, 5592, 5593, 5594, 5597, 5596, 5597, 5594, 5595, 5596, 5599, 5598, 5599, 5596, 5597, 5598, 5601, 5600, 5601, 5598, 5599, 5600, 5603, 5602, 5603, 5600, 5601, 5602, 5605, 5604, 5605, 5602, 5603, 5604, 5607, 5606, 5607, 5604, 5605, 5606, 5609, 5608, 5609, 5606, 5607, 5608, 5611, 5610, 5611, 5608, 5609, 5610, 5613, 5612, 5613, 5610, 5611, 5612, 5615, 5614, 5615, 5612, 5613, 5614, 5617, 5616, 5617, 5614, 5615, 5616, 5619, 5618, 5619, 5616, 5617, 5618, 5621, 5620, 5621, 5618, 5619, 5620, 5623, 5622, 5623, 5620, 5621, 5622, 5625, 5624, 5625, 5622, 5623, 5624, 5627, 5626, 5627, 5624, 5625, 5628, 5626, 5627, 5626, 5628, 5629, 5630, 5629, 5628, 5629, 5630, 5631, 5632, 5631, 5630, 5631, 5632, 5633, 5634, 5633, 5632, 5633, 5634, 5635, 5636, 5635, 5634, 5635, 5636, 5637, 5638, 5637, 5636, 5637, 5638, 5639, 5640, 5639, 5638, 5639, 5640, 5641, 5642, 5641, 5640, 5641, 5642, 5643, 5644, 5643, 5642, 5643, 5644, 5645, 5646, 5645, 5644, 5645, 5646, 5647, 5648, 5647, 5646, 5647, 5648, 5649, 5650, 5649, 5648, 5649, 5650, 5651, 5652, 5651, 5650, 5651, 5652, 5653, 5654, 5653, 5652, 5653, 5654, 5655, 5656, 5655, 5654, 5655, 5656, 5657, 5658, 5657, 5656, 5657, 5658, 5659, 5660, 5659, 5658, 5659, 5660, 5661, 5662, 5661, 5660, 5661, 5662, 5663, 5664, 5663, 5662, 5663, 5664, 5665, 5666, 5665, 5664, 5665, 5666, 5667, 5668, 5667, 5666, 5667, 5668, 5669, 5670, 5669, 5668, 5669, 5670, 5671, 5672, 5671, 5670, 5671, 5672, 5673, 5674, 5673, 5672, 5673, 5674, 5675, 5676, 5675, 5674, 5675, 5676, 5677, 5678, 5677, 5676, 5677, 5678, 5679, 5680, 5679, 5678, 5679, 5680, 5681, 5682, 5681, 5680, 5681, 5682, 5683, 5684, 5683, 5682, 5683, 5684, 5685, 5686, 5685, 5684, 5685, 5686, 5687, 5688, 5687, 5686, 5687, 5688, 5689, 5690, 5689, 5688, 5689, 5690, 5691, 5692, 5691, 5690, 5691, 5692, 5693, 5694, 5693, 5692, 5693, 5694, 5695, 5696, 5695, 5694, 5695, 5696, 5697, 5698, 5697, 5696, 5697, 5698, 5699, 5700, 5699, 5698, 5699, 5700, 5701, 5702, 5701, 5700, 5701, 5702, 5703, 5704, 5703, 5702, 5703, 5704, 5705, 5706, 5705, 5704, 5705, 5706, 5707, 5708, 5707, 5706, 5707, 5708, 5709, 5710, 5709, 5708, 5709, 5710, 5711, 5712, 5711, 5710, 5711, 5712, 5713, 5714, 5713, 5712, 5713, 5714, 5715, 5716, 5715, 5714, 5715, 5716, 5717, 5718, 5717, 5716, 5717, 5718, 5719, 5720, 5719, 5718, 5719, 5720, 5721, 5722, 5721, 5720, 5721, 5722, 5723, 5724, 5723, 5722, 5723, 5724, 5725, 5726, 5725, 5724, 5725, 5726, 5727, 5729, 5726, 5728, 5726, 5729, 5727, 5731, 5728, 5730, 5728, 5731, 5729, 5733, 5730, 5732, 5730, 5733, 5731, 5735, 5732, 5734, 5732, 5735, 5733, 5737, 5734, 5736, 5734, 5737, 5735, 5739, 5736, 5738, 5736, 5739, 5737, 5741, 5738, 5740, 5738, 5741, 5739, 5743, 5740, 5742, 5740, 5743, 5741, 5745, 5742, 5744, 5742, 5745, 5743, 5747, 5744, 5746, 5744, 5747, 5745, 5749, 5746, 5748, 5746, 5749, 5747, 5751, 5748, 5750, 5748, 5751, 5749, 5555, 5750, 5553, 5750, 5555, 5751, 5752, 5555, 5554, 5555, 5752, 5753, 5753, 5752, 5754, 5755, 5554, 5557, 5554, 5755, 5752, 5752, 5755, 5756, 5752, 5756, 5754, 5757, 5557, 5559, 5557, 5757, 5755, 5755, 5757, 5758, 5755, 5758, 5756, 5759, 5559, 5561, 5559, 5759, 5757, 5757, 5759, 5760, 5757, 5760, 5758, 5761, 5561, 5563, 5561, 5761, 5759, 5759, 5761, 5762, 5759, 5762, 5760, 5763, 5563, 5565, 5563, 5763, 5761, 5761, 5763, 5764, 5761, 5764, 5762, 5765, 5565, 5567, 5565, 5765, 5763, 5763, 5765, 5766, 5763, 5766, 5764, 5767, 5567, 5569, 5567, 5767, 5765, 5765, 5767, 5768, 5765, 5768, 5766, 5769, 5569, 5571, 5569, 5769, 5767, 5767, 5769, 5770, 5767, 5770, 5768, 5771, 5571, 5573, 5571, 5771, 5769, 5769, 5771, 5772, 5769, 5772, 5770, 5773, 5573, 5575, 5573, 5773, 5771, 5771, 5773, 5774, 5771, 5774, 5772, 5775, 5575, 5577, 5575, 5775, 5773, 5773, 5775, 5776, 5773, 5776, 5774, 5777, 5577, 5579, 5577, 5777, 5775, 5775, 5777, 5778, 5775, 5778, 5776, 5778, 5780, 5779, 5780, 5778, 5580, 5580, 5778, 5579, 5579, 5778, 5777, 5779, 5782, 5781, 5782, 5779, 5582, 5582, 5779, 5580, 5580, 5779, 5780, 5781, 5784, 5783, 5784, 5781, 5584, 5584, 5781, 5582, 5582, 5781, 5782, 5783, 5786, 5785, 5786, 5783, 5586, 5586, 5783, 5584, 5584, 5783, 5784, 5785, 5788, 5787, 5788, 5785, 5588, 5588, 5785, 5586, 5586, 5785, 5786, 5787, 5790, 5789, 5790, 5787, 5590, 5590, 5787, 5588, 5588, 5787, 5788, 5789, 5792, 5791, 5792, 5789, 5592, 5592, 5789, 5590, 5590, 5789, 5790, 5791, 5794, 5793, 5794, 5791, 5594, 5594, 5791, 5592, 5592, 5791, 5792, 5793, 5796, 5795, 5796, 5793, 5596, 5596, 5793, 5594, 5594, 5793, 5794, 5795, 5798, 5797, 5798, 5795, 5598, 5598, 5795, 5596, 5596, 5795, 5796, 5797, 5800, 5799, 5800, 5797, 5600, 5600, 5797, 5598, 5598, 5797, 5798, 5799, 5802, 5801, 5600, 5802, 5799, 5600, 5799, 5800, 5802, 5600, 5602, 5801, 5804, 5803, 5804, 5801, 5604, 5604, 5801, 5602, 5803, 5806, 5805, 5806, 5803, 5606, 5606, 5803, 5604, 5604, 5803, 5804, 5805, 5808, 5807, 5808, 5805, 5608, 5608, 5805, 5606, 5606, 5805, 5806, 5807, 5810, 5809, 5810, 5807, 5610, 5610, 5807, 5608, 5608, 5807, 5808, 5809, 5812, 5811, 5812, 5809, 5612, 5612, 5809, 5610, 5610, 5809, 5810, 5811, 5814, 5813, 5814, 5811, 5614, 5614, 5811, 5612, 5612, 5811, 5812, 5813, 5816, 5815, 5816, 5813, 5616, 5616, 5813, 5614, 5614, 5813, 5814, 5815, 5818, 5817, 5818, 5815, 5618, 5618, 5815, 5616, 5616, 5815, 5816, 5817, 5820, 5819, 5820, 5817, 5620, 5620, 5817, 5618, 5618, 5817, 5818, 5819, 5822, 5821, 5822, 5819, 5622, 5622, 5819, 5620, 5620, 5819, 5820, 5821, 5824, 5823, 5824, 5821, 5624, 5624, 5821, 5622, 5622, 5821, 5822, 5823, 5826, 5825, 5826, 5823, 5626, 5626, 5823, 5624, 5624, 5823, 5824, 5629, 5826, 5626, 5826, 5629, 5827, 5826, 5827, 5825, 5825, 5827, 5828, 5631, 5827, 5629, 5827, 5631, 5829, 5827, 5829, 5828, 5828, 5829, 5830, 5633, 5829, 5631, 5829, 5633, 5831, 5829, 5831, 5830, 5830, 5831, 5832, 5635, 5831, 5633, 5831, 5635, 5833, 5831, 5833, 5832, 5832, 5833, 5834, 5637, 5833, 5635, 5833, 5637, 5835, 5833, 5835, 5834, 5834, 5835, 5836, 5639, 5835, 5637, 5835, 5639, 5837, 5835, 5837, 5836, 5836, 5837, 5838, 5641, 5837, 5639, 5837, 5641, 5839, 5837, 5839, 5838, 5838, 5839, 5840, 5643, 5839, 5641, 5839, 5643, 5841, 5839, 5841, 5840, 5840, 5841, 5842, 5645, 5841, 5643, 5841, 5645, 5843, 5841, 5843, 5842, 5842, 5843, 5844, 5647, 5843, 5645, 5843, 5647, 5845, 5843, 5845, 5844, 5844, 5845, 5846, 5649, 5845, 5647, 5845, 5649, 5847, 5845, 5847, 5846, 5846, 5847, 5848, 5651, 5847, 5649, 5847, 5651, 5849, 5847, 5849, 5848, 5848, 5849, 5850, 5653, 5849, 5651, 5849, 5653, 5851, 5849, 5851, 5850, 5655, 5851, 5653, 5851, 5655, 5852, 5851, 5852, 5853, 5657, 5852, 5655, 5852, 5657, 5854, 5852, 5854, 5855, 5852, 5855, 5853, 5659, 5854, 5657, 5854, 5659, 5856, 5854, 5856, 5857, 5854, 5857, 5855, 5661, 5856, 5659, 5856, 5661, 5858, 5856, 5858, 5859, 5856, 5859, 5857, 5663, 5858, 5661, 5858, 5663, 5860, 5858, 5860, 5861, 5858, 5861, 5859, 5665, 5860, 5663, 5860, 5665, 5862, 5860, 5862, 5863, 5860, 5863, 5861, 5667, 5862, 5665, 5862, 5667, 5864, 5862, 5864, 5865, 5862, 5865, 5863, 5669, 5864, 5667, 5864, 5669, 5866, 5864, 5866, 5867, 5864, 5867, 5865, 5671, 5866, 5669, 5866, 5671, 5868, 5866, 5868, 5869, 5866, 5869, 5867, 5673, 5868, 5671, 5868, 5673, 5870, 5868, 5870, 5871, 5868, 5871, 5869, 5675, 5870, 5673, 5870, 5675, 5872, 5870, 5872, 5873, 5870, 5873, 5871, 5677, 5872, 5675, 5872, 5677, 5874, 5872, 5874, 5875, 5872, 5875, 5873, 5679, 5874, 5677, 5874, 5679, 5876, 5874, 5876, 5877, 5874, 5877, 5875, 5681, 5876, 5679, 5878, 5876, 5681, 5878, 5681, 5879, 5876, 5878, 5877, 5683, 5879, 5681, 5879, 5683, 5880, 5881, 5879, 5880, 5879, 5881, 5878, 5683, 5881, 5880, 5881, 5683, 5685, 5881, 5685, 5882, 5882, 5685, 5883, 5687, 5883, 5685, 5884, 5883, 5687, 5884, 5687, 5885, 5883, 5884, 5882, 5689, 5885, 5687, 5886, 5885, 5689, 5885, 5886, 5884, 5691, 5887, 5689, 5888, 5887, 5691, 5888, 5691, 5889, 5887, 5888, 5886, 5693, 5889, 5691, 5890, 5889, 5693, 5890, 5693, 5891, 5889, 5890, 5888, 5695, 5891, 5693, 5891, 5695, 5890, 5890, 5695, 5892, 5892, 5695, 5893, 5697, 5893, 5695, 5894, 5893, 5697, 5894, 5697, 5895, 5893, 5894, 5892, 5699, 5895, 5697, 5896, 5895, 5699, 5896, 5699, 5897, 5895, 5896, 5894, 5701, 5897, 5699, 5898, 5897, 5701, 5898, 5701, 5899, 5897, 5898, 5896, 5703, 5899, 5701, 5899, 5703, 5900, 5901, 5899, 5900, 5899, 5901, 5898, 5703, 5901, 5900, 5901, 5703, 5705, 5901, 5705, 5902, 5902, 5705, 5903, 5707, 5903, 5705, 5904, 5903, 5707, 5904, 5707, 5905, 5903, 5904, 5902, 5709, 5905, 5707, 5905, 5709, 5904, 5904, 5709, 5906, 5906, 5709, 5907, 5711, 5907, 5709, 5908, 5907, 5711, 5908, 5711, 5909, 5907, 5908, 5906, 5713, 5909, 5711, 5909, 5713, 5910, 5911, 5909, 5910, 5909, 5911, 5908, 5713, 5911, 5910, 5911, 5713, 5715, 5911, 5715, 5912, 5912, 5715, 5913, 5717, 5913, 5715, 5914, 5913, 5717, 5913, 5914, 5912, 5719, 5915, 5717, 5915, 5719, 5914, 5914, 5719, 5916, 5916, 5719, 5917, 5721, 5917, 5719, 5918, 5917, 5721, 5918, 5721, 5919, 5917, 5918, 5916, 5723, 5919, 5721, 5920, 5919, 5723, 5920, 5723, 5921, 5919, 5920, 5918, 5725, 5921, 5723, 5922, 5921, 5725, 5922, 5725, 5923, 5921, 5922, 5920, 5727, 5923, 5725, 5924, 5923, 5727, 5924, 5727, 5925, 5923, 5924, 5922, 5926, 5727, 5729, 5727, 5926, 5925, 5925, 5926, 5924, 5924, 5926, 5927, 5928, 5729, 5731, 5729, 5928, 5926, 5926, 5928, 5927, 5927, 5928, 5929, 5930, 5731, 5733, 5731, 5930, 5928, 5928, 5930, 5929, 5929, 5930, 5931, 5932, 5733, 5735, 5733, 5932, 5930, 5930, 5932, 5931, 5931, 5932, 5933, 5934, 5735, 5737, 5735, 5934, 5932, 5932, 5934, 5933, 5933, 5934, 5935, 5936, 5737, 5739, 5737, 5936, 5934, 5934, 5936, 5935, 5935, 5936, 5937, 5938, 5739, 5741, 5739, 5938, 5936, 5936, 5938, 5937, 5937, 5938, 5939, 5940, 5741, 5743, 5741, 5940, 5938, 5938, 5940, 5939, 5939, 5940, 5941, 5942, 5743, 5745, 5743, 5942, 5940, 5940, 5942, 5941, 5941, 5942, 5943, 5944, 5745, 5747, 5745, 5944, 5942, 5942, 5944, 5943, 5943, 5944, 5945, 5946, 5747, 5749, 5747, 5946, 5944, 5944, 5946, 5945, 5945, 5946, 5947, 5948, 5749, 5751, 5749, 5948, 5946, 5946, 5948, 5947, 5947, 5948, 5949, 5753, 5751, 5555, 5751, 5753, 5948, 5948, 5753, 5949, 5902, 5898, 5901, 5898, 5902, 5904, 5898, 5904, 5896, 5896, 5904, 5906, 5896, 5906, 5894, 5894, 5906, 5908, 5894, 5908, 5892, 5892, 5908, 5911, 5892, 5911, 5890, 5890, 5911, 5912, 5890, 5912, 5888, 5888, 5912, 5914, 5888, 5914, 5886, 5886, 5914, 5916, 5886, 5916, 5884, 5884, 5916, 5918, 5884, 5918, 5882, 5882, 5918, 5920, 5882, 5920, 5881, 5881, 5920, 5922, 5881, 5922, 5878, 5878, 5922, 5924, 5878, 5924, 5877, 5877, 5924, 5927, 5877, 5927, 5875, 5875, 5927, 5929, 5875, 5929, 5873, 5873, 5929, 5931, 5873, 5931, 5871, 5871, 5931, 5869, 5869, 5931, 5933, 5869, 5933, 5935, 5869, 5935, 5867, 5867, 5935, 5937, 5867, 5937, 5865, 5865, 5937, 5939, 5865, 5939, 5863, 5863, 5939, 5941, 5863, 5941, 5861, 5861, 5941, 5943, 5861, 5943, 5859, 5859, 5943, 5945, 5859, 5945, 5857, 5857, 5945, 5947, 5857, 5947, 5855, 5855, 5947, 5949, 5855, 5949, 5853, 5853, 5949, 5753, 5853, 5753, 5851, 5851, 5753, 5754, 5851, 5754, 5850, 5850, 5754, 5848, 5848, 5754, 5756, 5848, 5756, 5758, 5848, 5758, 5846, 5846, 5758, 5760, 5846, 5760, 5844, 5844, 5760, 5762, 5844, 5762, 5842, 5842, 5762, 5764, 5842, 5764, 5840, 5840, 5764, 5766, 5840, 5766, 5838, 5838, 5766, 5768, 5838, 5768, 5836, 5836, 5768, 5770, 5836, 5770, 5834, 5834, 5770, 5772, 5834, 5772, 5832, 5832, 5772, 5774, 5832, 5774, 5830, 5830, 5774, 5776, 5830, 5776, 5828, 5828, 5776, 5778, 5828, 5778, 5825, 5825, 5778, 5779, 5825, 5779, 5823, 5823, 5779, 5781, 5823, 5781, 5821, 5821, 5781, 5783, 5821, 5783, 5819, 5819, 5783, 5785, 5819, 5785, 5817, 5817, 5785, 5787, 5817, 5787, 5815, 5815, 5787, 5789, 5815, 5789, 5813, 5813, 5789, 5791, 5813, 5791, 5811, 5811, 5791, 5809, 5809, 5791, 5793, 5809, 5793, 5795, 5809, 5795, 5807, 5807, 5795, 5797, 5807, 5797, 5805, 5805, 5797, 5799, 5805, 5799, 5803, 5803, 5799, 5801, 5950, 5551, 5452, 5551, 5950, 5951, 5951, 5950, 5553, 5951, 5553, 5750, 5952, 5544, 5545, 5544, 5952, 5953, 5953, 5952, 5738, 5953, 5738, 5736, 5954, 5546, 5547, 5546, 5954, 5955, 5955, 5954, 5742, 5955, 5742, 5740, 5955, 5545, 5546, 5545, 5955, 5952, 5952, 5955, 5740, 5952, 5740, 5738, 5956, 5549, 5550, 5549, 5956, 5957, 5957, 5956, 5748, 5957, 5748, 5746, 5958, 5547, 5548, 5547, 5958, 5954, 5954, 5958, 5744, 5954, 5744, 5742, 5957, 5548, 5549, 5548, 5957, 5958, 5958, 5957, 5746, 5958, 5746, 5744, 5951, 5550, 5551, 5550, 5951, 5956, 5956, 5951, 5750, 5956, 5750, 5748, 5959, 5453, 5454, 5453, 5959, 5960, 5960, 5959, 5556, 5960, 5556, 5552, 5961, 5455, 5456, 5455, 5961, 5962, 5962, 5961, 5560, 5962, 5560, 5558, 5963, 5457, 5458, 5457, 5963, 5964, 5964, 5963, 5564, 5964, 5564, 5562, 5964, 5456, 5457, 5456, 5964, 5961, 5961, 5964, 5562, 5961, 5562, 5560, 5960, 5452, 5453, 5452, 5960, 5950, 5950, 5960, 5552, 5950, 5552, 5553, 5962, 5454, 5455, 5454, 5962, 5959, 5959, 5962, 5558, 5959, 5558, 5556, 5965, 5458, 5459, 5458, 5965, 5963, 5963, 5965, 5566, 5963, 5566, 5564, 5966, 5459, 5460, 5459, 5966, 5965, 5965, 5966, 5568, 5965, 5568, 5566, 5611, 5967, 5613, 5967, 5611, 5482, 5482, 5611, 5481, 5481, 5611, 5968, 5969, 5460, 5461, 5460, 5969, 5966, 5966, 5969, 5570, 5966, 5570, 5568, 5599, 5970, 5601, 5970, 5599, 5476, 5476, 5599, 5475, 5475, 5599, 5971, 5605, 5972, 5607, 5972, 5605, 5479, 5479, 5605, 5478, 5478, 5605, 5973, 5585, 5974, 5587, 5974, 5585, 5469, 5469, 5585, 5468, 5468, 5585, 5975, 5976, 5461, 5462, 5461, 5976, 5969, 5969, 5976, 5572, 5969, 5572, 5570, 5578, 5977, 5581, 5977, 5578, 5466, 5466, 5578, 5465, 5465, 5578, 5978, 5591, 5979, 5593, 5979, 5591, 5472, 5472, 5591, 5471, 5471, 5591, 5980, 5603, 5973, 5605, 5973, 5603, 5478, 5478, 5603, 5477, 5477, 5603, 5981, 5982, 5463, 5464, 5463, 5982, 5983, 5983, 5982, 5576, 5983, 5576, 5574, 5597, 5971, 5599, 5971, 5597, 5475, 5475, 5597, 5474, 5474, 5597, 5984, 5601, 5981, 5603, 5981, 5601, 5477, 5477, 5601, 5476, 5476, 5601, 5970, 5607, 5985, 5609, 5985, 5607, 5480, 5480, 5607, 5479, 5479, 5607, 5972, 5583, 5975, 5585, 5975, 5583, 5468, 5468, 5583, 5467, 5467, 5583, 5986, 5593, 5987, 5595, 5987, 5593, 5473, 5473, 5593, 5472, 5472, 5593, 5979, 5595, 5984, 5597, 5984, 5595, 5474, 5474, 5595, 5473, 5473, 5595, 5987, 5587, 5988, 5589, 5988, 5587, 5470, 5470, 5587, 5469, 5469, 5587, 5974, 5983, 5462, 5463, 5462, 5983, 5976, 5976, 5983, 5574, 5976, 5574, 5572, 5978, 5464, 5465, 5464, 5978, 5982, 5982, 5978, 5578, 5982, 5578, 5576, 5589, 5980, 5591, 5980, 5589, 5471, 5471, 5589, 5470, 5470, 5589, 5988, 5581, 5986, 5583, 5986, 5581, 5467, 5467, 5581, 5466, 5466, 5581, 5977, 5609, 5968, 5611, 5968, 5609, 5481, 5481, 5609, 5480, 5480, 5609, 5985, 5496, 5989, 5495, 5989, 5496, 5990, 5989, 5990, 5638, 5638, 5990, 5640, 5492, 5991, 5491, 5991, 5492, 5992, 5991, 5992, 5630, 5630, 5992, 5632, 5498, 5993, 5497, 5993, 5498, 5994, 5993, 5994, 5642, 5642, 5994, 5644, 5499, 5994, 5498, 5994, 5499, 5995, 5994, 5995, 5644, 5644, 5995, 5646, 5625, 5996, 5627, 5996, 5625, 5489, 5489, 5625, 5488, 5488, 5625, 5997, 5621, 5998, 5623, 5998, 5621, 5487, 5487, 5621, 5486, 5486, 5621, 5999, 5495, 6000, 5494, 6000, 5495, 5989, 6000, 5989, 5636, 5636, 5989, 5638, 5617, 6001, 5619, 6001, 5617, 5485, 5485, 5617, 5484, 5484, 5617, 6002, 5491, 6003, 5490, 6003, 5491, 5991, 6003, 5991, 5628, 5628, 5991, 5630, 5493, 5992, 5492, 5992, 5493, 6004, 5992, 6004, 5632, 5632, 6004, 5634, 5490, 5996, 5489, 5996, 5490, 6003, 5996, 6003, 5627, 5627, 6003, 5628, 5494, 6004, 5493, 6004, 5494, 6000, 6004, 6000, 5634, 5634, 6000, 5636, 5500, 5995, 5499, 5995, 5500, 6005, 5995, 6005, 5646, 5646, 6005, 5648, 5501, 6005, 5500, 6005, 5501, 6006, 6005, 6006, 5648, 5648, 6006, 5650, 5502, 6006, 5501, 6006, 5502, 6007, 6006, 6007, 5650, 5650, 6007, 5652, 5503, 6007, 5502, 6007, 5503, 6008, 6007, 6008, 5652, 5652, 6008, 5654, 5619, 5999, 5621, 5999, 5619, 5486, 5486, 5619, 5485, 5485, 5619, 6001, 5615, 6002, 5617, 6002, 5615, 5484, 5484, 5615, 5483, 5483, 5615, 6009, 5613, 6009, 5615, 6009, 5613, 5483, 5483, 5613, 5482, 5482, 5613, 5967, 5623, 5997, 5625, 5997, 5623, 5488, 5488, 5623, 5487, 5487, 5623, 5998, 5497, 5990, 5496, 5990, 5497, 5993, 5990, 5993, 5640, 5640, 5993, 5642, 5520, 6010, 5519, 6010, 5520, 5686, 5686, 5520, 5688, 5688, 5520, 6011, 5524, 6012, 5523, 6012, 5524, 5694, 5694, 5524, 5696, 5696, 5524, 6013, 5514, 6014, 5513, 6014, 5514, 6015, 6014, 6015, 5674, 5674, 6015, 5676, 5507, 6016, 5506, 6016, 5507, 6017, 6016, 6017, 5660, 5660, 6017, 5662, 5517, 6018, 5516, 6018, 5517, 5680, 5680, 5517, 5682, 5682, 5517, 6019, 5521, 6011, 5520, 6011, 5521, 5688, 5688, 5521, 5690, 5690, 5521, 6020, 5522, 6020, 5521, 6020, 5522, 5690, 5690, 5522, 5692, 5692, 5522, 6021, 5508, 6017, 5507, 6017, 5508, 6022, 6017, 6022, 5662, 5662, 6022, 5664, 5523, 6021, 5522, 6021, 5523, 5692, 5692, 5523, 5694, 5694, 5523, 6012, 5513, 6023, 5512, 6023, 5513, 6014, 6023, 6014, 5672, 5672, 6014, 5674, 5518, 6019, 5517, 6019, 5518, 5682, 5682, 5518, 5684, 5684, 5518, 6024, 5505, 6025, 5504, 6025, 5505, 6026, 6025, 6026, 5656, 5656, 6026, 5658, 5504, 6008, 5503, 6008, 5504, 6025, 6008, 6025, 5654, 5654, 6025, 5656, 5515, 6015, 5514, 6015, 5515, 6027, 6015, 6027, 5676, 5676, 6027, 5678, 5509, 6022, 5508, 6022, 5509, 6028, 6022, 6028, 5664, 5664, 6028, 5666, 5506, 6026, 5505, 6026, 5506, 6016, 6026, 6016, 5658, 5658, 6016, 5660, 5516, 6027, 5515, 6027, 5516, 5678, 5678, 5516, 5680, 5680, 5516, 6018, 5511, 6029, 5510, 6029, 5511, 6030, 6029, 6030, 5668, 5668, 6030, 5670, 5512, 6030, 5511, 6030, 5512, 6023, 6030, 6023, 5670, 5670, 6023, 5672, 5519, 6024, 5518, 6024, 5519, 5684, 5684, 5519, 5686, 5686, 5519, 6010, 5510, 6028, 5509, 6028, 5510, 6029, 6028, 6029, 5666, 5666, 6029, 5668, 5538, 6031, 5537, 6031, 5538, 5722, 5722, 5538, 5724, 5724, 5538, 6032, 5539, 6032, 5538, 6032, 5539, 5724, 5724, 5539, 5726, 5726, 5539, 6033, 5528, 6034, 5527, 6034, 5528, 5702, 5702, 5528, 5704, 5704, 5528, 6035, 6036, 5541, 5542, 5541, 6036, 6037, 6037, 6036, 5732, 6037, 5732, 5730, 5531, 6038, 5530, 6038, 5531, 5708, 5708, 5531, 5710, 5710, 5531, 6039, 5953, 5543, 5544, 5543, 5953, 6040, 6040, 5953, 5736, 6040, 5736, 5734, 5536, 6041, 5535, 6041, 5536, 5718, 5718, 5536, 5720, 5720, 5536, 6042, 5527, 6043, 5526, 6043, 5527, 5700, 5700, 5527, 5702, 5702, 5527, 6034, 5529, 6035, 5528, 6035, 5529, 5704, 5704, 5529, 5706, 5706, 5529, 6044, 5532, 6039, 5531, 6039, 5532, 5710, 5710, 5532, 5712, 5712, 5532, 6045, 5526, 6046, 5525, 6046, 5526, 5698, 5698, 5526, 5700, 5700, 5526, 6043, 5535, 6047, 5534, 6047, 5535, 5716, 5716, 5535, 5718, 5718, 5535, 6041, 5537, 6042, 5536, 6042, 5537, 5720, 5720, 5537, 5722, 5722, 5537, 6031, 6040, 5542, 5543, 5542, 6040, 6036, 6036, 6040, 5734, 6036, 5734, 5732, 6037, 5540, 5541, 5540, 6037, 6048, 6048, 6037, 5730, 6048, 5730, 5728, 6048, 5539, 5540, 5539, 6048, 6033, 6033, 6048, 5728, 6033, 5728, 5726, 5525, 6013, 5524, 6013, 5525, 5696, 5696, 5525, 5698, 5698, 5525, 6046, 5530, 6044, 5529, 6044, 5530, 5706, 5706, 5530, 5708, 5708, 5530, 6038, 5534, 6049, 5533, 6049, 5534, 5714, 5714, 5534, 5716, 5716, 5534, 6047, 5533, 6045, 5532, 6045, 5533, 5712, 5712, 5533, 5714, 5714, 5533, 6049, 6052, 6051, 6050, 6051, 6052, 6053, 6053, 6054, 6051, 6054, 6053, 6055, 6055, 6056, 6054, 6056, 6055, 6057, 6057, 6058, 6056, 6058, 6057, 6059, 6059, 6060, 6058, 6060, 6059, 6061, 6061, 6062, 6060, 6062, 6061, 6063, 6063, 6064, 6062, 6064, 6063, 6065, 6065, 6066, 6064, 6066, 6065, 6067, 6067, 6068, 6066, 6068, 6067, 6069, 6069, 6070, 6068, 6070, 6069, 6071, 6071, 6072, 6070, 6072, 6071, 6073, 6073, 6074, 6072, 6074, 6073, 6075, 6075, 6076, 6074, 6076, 6075, 6077, 6077, 6078, 6076, 6078, 6077, 6079, 6078, 6081, 6080, 6081, 6078, 6079, 6080, 6083, 6082, 6083, 6080, 6081, 6082, 6085, 6084, 6085, 6082, 6083, 6084, 6087, 6086, 6087, 6084, 6085, 6086, 6089, 6088, 6089, 6086, 6087, 6088, 6091, 6090, 6091, 6088, 6089, 6090, 6093, 6092, 6093, 6090, 6091, 6092, 6095, 6094, 6095, 6092, 6093, 6094, 6097, 6096, 6097, 6094, 6095, 6096, 6099, 6098, 6099, 6096, 6097, 6098, 6101, 6100, 6101, 6098, 6099, 6100, 6103, 6102, 6103, 6100, 6101, 6102, 6105, 6104, 6105, 6102, 6103, 6104, 6107, 6106, 6107, 6104, 6105, 6106, 6109, 6108, 6109, 6106, 6107, 6108, 6111, 6110, 6111, 6108, 6109, 6110, 6113, 6112, 6113, 6110, 6111, 6112, 6115, 6114, 6115, 6112, 6113, 6114, 6117, 6116, 6117, 6114, 6115, 6116, 6119, 6118, 6119, 6116, 6117, 6118, 6121, 6120, 6121, 6118, 6119, 6120, 6123, 6122, 6123, 6120, 6121, 6122, 6125, 6124, 6125, 6122, 6123, 6124, 6127, 6126, 6127, 6124, 6125, 6126, 6129, 6128, 6129, 6126, 6127, 6128, 6131, 6130, 6131, 6128, 6129, 6130, 6133, 6132, 6133, 6130, 6131, 6132, 6135, 6134, 6135, 6132, 6133, 6134, 6137, 6136, 6137, 6134, 6135, 6136, 6139, 6138, 6139, 6136, 6137, 6138, 6141, 6140, 6141, 6138, 6139, 6140, 6143, 6142, 6143, 6140, 6141, 6142, 6145, 6144, 6145, 6142, 6143, 6144, 6147, 6146, 6147, 6144, 6145, 6146, 6149, 6148, 6149, 6146, 6147, 6148, 6151, 6150, 6151, 6148, 6149, 6150, 6153, 6152, 6153, 6150, 6151, 6152, 6155, 6154, 6155, 6152, 6153, 6154, 6157, 6156, 6157, 6154, 6155, 6156, 6159, 6158, 6159, 6156, 6157, 6158, 6161, 6160, 6161, 6158, 6159, 6160, 6163, 6162, 6163, 6160, 6161, 6162, 6165, 6164, 6165, 6162, 6163, 6164, 6167, 6166, 6167, 6164, 6165, 6166, 6169, 6168, 6169, 6166, 6167, 6168, 6171, 6170, 6171, 6168, 6169, 6170, 6173, 6172, 6173, 6170, 6171, 6172, 6175, 6174, 6175, 6172, 6173, 6174, 6177, 6176, 6177, 6174, 6175, 6176, 6179, 6178, 6179, 6176, 6177, 6180, 6178, 6179, 6178, 6180, 6181, 6182, 6181, 6180, 6181, 6182, 6183, 6184, 6183, 6182, 6183, 6184, 6185, 6186, 6185, 6184, 6185, 6186, 6187, 6188, 6187, 6186, 6187, 6188, 6189, 6190, 6189, 6188, 6189, 6190, 6191, 6192, 6191, 6190, 6191, 6192, 6193, 6194, 6193, 6192, 6193, 6194, 6195, 6196, 6195, 6194, 6195, 6196, 6197, 6198, 6197, 6196, 6197, 6198, 6199, 6200, 6199, 6198, 6199, 6200, 6201, 6202, 6201, 6200, 6201, 6202, 6203, 6204, 6203, 6202, 6203, 6204, 6205, 6206, 6205, 6204, 6205, 6206, 6207, 6208, 6207, 6206, 6207, 6208, 6209, 6210, 6209, 6208, 6209, 6210, 6211, 6212, 6211, 6210, 6211, 6212, 6213, 6214, 6213, 6212, 6213, 6214, 6215, 6216, 6215, 6214, 6215, 6216, 6217, 6218, 6217, 6216, 6217, 6218, 6219, 6220, 6219, 6218, 6219, 6220, 6221, 6222, 6221, 6220, 6221, 6222, 6223, 6222, 6224, 6223, 6224, 6222, 6225, 6225, 6226, 6224, 6226, 6225, 6227, 6227, 6228, 6226, 6228, 6227, 6229, 6229, 6230, 6228, 6230, 6229, 6231, 6231, 6232, 6230, 6232, 6231, 6233, 6233, 6234, 6232, 6234, 6233, 6235, 6235, 6236, 6234, 6236, 6235, 6237, 6237, 6238, 6236, 6238, 6237, 6239, 6239, 6240, 6238, 6240, 6239, 6241, 6241, 6242, 6240, 6242, 6241, 6243, 6243, 6244, 6242, 6244, 6243, 6245, 6245, 6246, 6244, 6246, 6245, 6247, 6247, 6248, 6246, 6248, 6247, 6249, 6249, 6050, 6248, 6050, 6249, 6052, 6050, 6251, 6250, 6251, 6050, 6051, 6051, 6252, 6251, 6252, 6051, 6054, 6054, 6253, 6252, 6253, 6054, 6056, 6056, 6254, 6253, 6254, 6056, 6058, 6058, 6255, 6254, 6255, 6058, 6060, 6060, 6256, 6255, 6256, 6060, 6062, 6062, 6257, 6256, 6257, 6062, 6064, 6064, 6258, 6257, 6258, 6064, 6066, 6066, 6259, 6258, 6259, 6066, 6068, 6068, 6260, 6259, 6260, 6068, 6070, 6070, 6261, 6260, 6261, 6070, 6072, 6072, 6262, 6261, 6262, 6072, 6074, 6074, 6263, 6262, 6263, 6074, 6076, 6263, 6078, 6264, 6078, 6263, 6076, 6264, 6080, 6265, 6080, 6264, 6078, 6265, 6082, 6266, 6082, 6265, 6080, 6266, 6084, 6267, 6084, 6266, 6082, 6267, 6086, 6268, 6086, 6267, 6084, 6268, 6088, 6269, 6088, 6268, 6086, 6269, 6090, 6270, 6090, 6269, 6088, 6270, 6092, 6271, 6092, 6270, 6090, 6271, 6094, 6272, 6094, 6271, 6092, 6272, 6096, 6273, 6096, 6272, 6094, 6273, 6098, 6274, 6098, 6273, 6096, 6274, 6100, 6275, 6100, 6274, 6098, 6275, 6102, 6276, 6102, 6275, 6100, 6276, 6104, 6277, 6104, 6276, 6102, 6277, 6106, 6278, 6106, 6277, 6104, 6278, 6108, 6279, 6108, 6278, 6106, 6279, 6110, 6280, 6110, 6279, 6108, 6280, 6112, 6281, 6112, 6280, 6110, 6281, 6114, 6282, 6114, 6281, 6112, 6282, 6116, 6283, 6116, 6282, 6114, 6283, 6118, 6284, 6118, 6283, 6116, 6284, 6120, 6285, 6120, 6284, 6118, 6285, 6122, 6286, 6122, 6285, 6120, 6286, 6124, 6287, 6124, 6286, 6122, 6287, 6126, 6288, 6126, 6287, 6124, 6288, 6128, 6289, 6128, 6288, 6126, 6289, 6130, 6290, 6130, 6289, 6128, 6290, 6132, 6291, 6132, 6290, 6130, 6291, 6134, 6292, 6134, 6291, 6132, 6292, 6136, 6293, 6136, 6292, 6134, 6293, 6138, 6294, 6138, 6293, 6136, 6294, 6140, 6295, 6140, 6294, 6138, 6295, 6142, 6296, 6142, 6295, 6140, 6296, 6144, 6297, 6144, 6296, 6142, 6297, 6146, 6298, 6146, 6297, 6144, 6298, 6148, 6299, 6148, 6298, 6146, 6299, 6150, 6300, 6150, 6299, 6148, 6300, 6152, 6301, 6152, 6300, 6150, 6301, 6154, 6302, 6154, 6301, 6152, 6302, 6156, 6303, 6156, 6302, 6154, 6303, 6158, 6304, 6158, 6303, 6156, 6304, 6160, 6305, 6160, 6304, 6158, 6305, 6162, 6306, 6162, 6305, 6160, 6306, 6164, 6307, 6164, 6306, 6162, 6307, 6166, 6308, 6166, 6307, 6164, 6308, 6168, 6309, 6168, 6308, 6166, 6309, 6170, 6310, 6170, 6309, 6168, 6310, 6172, 6311, 6172, 6310, 6170, 6311, 6174, 6312, 6174, 6311, 6172, 6312, 6176, 6313, 6176, 6312, 6174, 6178, 6313, 6176, 6313, 6178, 6314, 6181, 6314, 6178, 6314, 6181, 6315, 6183, 6315, 6181, 6315, 6183, 6316, 6185, 6316, 6183, 6316, 6185, 6317, 6187, 6317, 6185, 6317, 6187, 6318, 6189, 6318, 6187, 6318, 6189, 6319, 6191, 6319, 6189, 6319, 6191, 6320, 6193, 6320, 6191, 6320, 6193, 6321, 6195, 6321, 6193, 6321, 6195, 6322, 6197, 6322, 6195, 6322, 6197, 6323, 6199, 6323, 6197, 6323, 6199, 6324, 6201, 6324, 6199, 6324, 6201, 6325, 6203, 6325, 6201, 6325, 6203, 6326, 6205, 6326, 6203, 6326, 6205, 6327, 6207, 6327, 6205, 6327, 6207, 6328, 6209, 6328, 6207, 6328, 6209, 6329, 6211, 6329, 6209, 6329, 6211, 6330, 6213, 6330, 6211, 6330, 6213, 6331, 6215, 6331, 6213, 6331, 6215, 6332, 6217, 6332, 6215, 6332, 6217, 6333, 6219, 6333, 6217, 6333, 6219, 6334, 6221, 6334, 6219, 6334, 6221, 6335, 6223, 6335, 6221, 6335, 6223, 6336, 6224, 6336, 6223, 6336, 6224, 6337, 6224, 6338, 6337, 6338, 6224, 6226, 6226, 6339, 6338, 6339, 6226, 6228, 6228, 6340, 6339, 6340, 6228, 6230, 6230, 6341, 6340, 6341, 6230, 6232, 6232, 6342, 6341, 6342, 6232, 6234, 6234, 6343, 6342, 6343, 6234, 6236, 6236, 6344, 6343, 6344, 6236, 6238, 6238, 6345, 6344, 6345, 6238, 6240, 6240, 6346, 6345, 6346, 6240, 6242, 6242, 6347, 6346, 6347, 6242, 6244, 6244, 6348, 6347, 6348, 6244, 6246, 6246, 6349, 6348, 6349, 6246, 6248, 6248, 6250, 6349, 6250, 6248, 6050, 6250, 6351, 6350, 6351, 6250, 6251, 6251, 6352, 6351, 6352, 6251, 6252, 6252, 6353, 6352, 6353, 6252, 6253, 6253, 6354, 6353, 6354, 6253, 6254, 6254, 6355, 6354, 6355, 6254, 6255, 6255, 6356, 6355, 6356, 6255, 6256, 6256, 6357, 6356, 6357, 6256, 6257, 6257, 6358, 6357, 6358, 6257, 6258, 6258, 6359, 6358, 6359, 6258, 6259, 6259, 6360, 6359, 6360, 6259, 6260, 6260, 6361, 6360, 6361, 6260, 6261, 6261, 6362, 6361, 6362, 6261, 6262, 6262, 6363, 6362, 6363, 6262, 6263, 6363, 6264, 6364, 6264, 6363, 6263, 6364, 6265, 6365, 6265, 6364, 6264, 6365, 6266, 6366, 6266, 6365, 6265, 6366, 6267, 6367, 6267, 6366, 6266, 6367, 6268, 6368, 6268, 6367, 6267, 6368, 6269, 6369, 6269, 6368, 6268, 6369, 6270, 6370, 6270, 6369, 6269, 6370, 6271, 6371, 6271, 6370, 6270, 6371, 6272, 6372, 6272, 6371, 6271, 6372, 6273, 6373, 6273, 6372, 6272, 6373, 6274, 6374, 6274, 6373, 6273, 6374, 6275, 6375, 6275, 6374, 6274, 6375, 6276, 6376, 6276, 6375, 6275, 6376, 6277, 6377, 6277, 6376, 6276, 6377, 6278, 6378, 6278, 6377, 6277, 6378, 6279, 6379, 6279, 6378, 6278, 6379, 6280, 6380, 6280, 6379, 6279, 6380, 6281, 6381, 6281, 6380, 6280, 6381, 6282, 6382, 6282, 6381, 6281, 6382, 6283, 6383, 6283, 6382, 6282, 6383, 6284, 6384, 6284, 6383, 6283, 6384, 6285, 6385, 6285, 6384, 6284, 6385, 6286, 6386, 6286, 6385, 6285, 6386, 6287, 6387, 6287, 6386, 6286, 6387, 6288, 6388, 6288, 6387, 6287, 6388, 6289, 6389, 6289, 6388, 6288, 6389, 6290, 6390, 6290, 6389, 6289, 6390, 6291, 6391, 6291, 6390, 6290, 6391, 6292, 6392, 6292, 6391, 6291, 6392, 6293, 6393, 6293, 6392, 6292, 6393, 6294, 6394, 6294, 6393, 6293, 6394, 6295, 6395, 6295, 6394, 6294, 6395, 6296, 6396, 6296, 6395, 6295, 6396, 6297, 6397, 6297, 6396, 6296, 6397, 6298, 6398, 6298, 6397, 6297, 6398, 6299, 6399, 6299, 6398, 6298, 6399, 6300, 6400, 6300, 6399, 6299, 6400, 6301, 6401, 6301, 6400, 6300, 6401, 6302, 6402, 6302, 6401, 6301, 6402, 6303, 6403, 6303, 6402, 6302, 6403, 6304, 6404, 6304, 6403, 6303, 6404, 6305, 6405, 6305, 6404, 6304, 6405, 6306, 6406, 6306, 6405, 6305, 6406, 6307, 6407, 6307, 6406, 6306, 6407, 6308, 6408, 6308, 6407, 6307, 6408, 6309, 6409, 6309, 6408, 6308, 6409, 6310, 6410, 6310, 6409, 6309, 6410, 6311, 6411, 6311, 6410, 6310, 6411, 6312, 6412, 6312, 6411, 6311, 6412, 6313, 6413, 6313, 6412, 6312, 6314, 6413, 6313, 6413, 6314, 6414, 6315, 6414, 6314, 6414, 6315, 6415, 6316, 6415, 6315, 6415, 6316, 6416, 6317, 6416, 6316, 6416, 6317, 6417, 6318, 6417, 6317, 6417, 6318, 6418, 6319, 6418, 6318, 6418, 6319, 6419, 6320, 6419, 6319, 6419, 6320, 6420, 6321, 6420, 6320, 6420, 6321, 6421, 6322, 6421, 6321, 6421, 6322, 6422, 6323, 6422, 6322, 6422, 6323, 6423, 6324, 6423, 6323, 6423, 6324, 6424, 6325, 6424, 6324, 6424, 6325, 6425, 6326, 6425, 6325, 6425, 6326, 6426, 6327, 6426, 6326, 6426, 6327, 6427, 6328, 6427, 6327, 6427, 6328, 6428, 6329, 6428, 6328, 6428, 6329, 6429, 6330, 6429, 6329, 6429, 6330, 6430, 6331, 6430, 6330, 6430, 6331, 6431, 6332, 6431, 6331, 6431, 6332, 6432, 6333, 6432, 6332, 6432, 6333, 6433, 6334, 6433, 6333, 6433, 6334, 6434, 6335, 6434, 6334, 6434, 6335, 6435, 6336, 6435, 6335, 6435, 6336, 6436, 6337, 6436, 6336, 6436, 6337, 6437, 6337, 6438, 6437, 6438, 6337, 6338, 6338, 6439, 6438, 6439, 6338, 6339, 6339, 6440, 6439, 6440, 6339, 6340, 6340, 6441, 6440, 6441, 6340, 6341, 6341, 6442, 6441, 6442, 6341, 6342, 6342, 6443, 6442, 6443, 6342, 6343, 6343, 6444, 6443, 6444, 6343, 6344, 6344, 6445, 6444, 6445, 6344, 6345, 6345, 6446, 6445, 6446, 6345, 6346, 6346, 6447, 6446, 6447, 6346, 6347, 6347, 6448, 6447, 6448, 6347, 6348, 6348, 6449, 6448, 6449, 6348, 6349, 6349, 6350, 6449, 6350, 6349, 6250, 6451, 6351, 6450, 6351, 6451, 6350, 6450, 6352, 6452, 6352, 6450, 6351, 6452, 6353, 6453, 6353, 6452, 6352, 6453, 6354, 6454, 6354, 6453, 6353, 6454, 6355, 6455, 6355, 6454, 6354, 6455, 6356, 6456, 6356, 6455, 6355, 6456, 6357, 6457, 6357, 6456, 6356, 6457, 6358, 6458, 6358, 6457, 6357, 6458, 6359, 6459, 6359, 6458, 6358, 6459, 6360, 6460, 6360, 6459, 6359, 6460, 6361, 6461, 6361, 6460, 6360, 6461, 6362, 6462, 6362, 6461, 6361, 6462, 6363, 6463, 6363, 6462, 6362, 6463, 6364, 6464, 6364, 6463, 6363, 6464, 6365, 6465, 6365, 6464, 6364, 6465, 6366, 6466, 6366, 6465, 6365, 6466, 6367, 6467, 6367, 6466, 6366, 6467, 6368, 6468, 6368, 6467, 6367, 6468, 6369, 6469, 6369, 6468, 6368, 6469, 6370, 6470, 6370, 6469, 6369, 6470, 6371, 6471, 6371, 6470, 6370, 6471, 6372, 6472, 6372, 6471, 6371, 6472, 6373, 6473, 6373, 6472, 6372, 6473, 6374, 6474, 6374, 6473, 6373, 6474, 6375, 6475, 6375, 6474, 6374, 6475, 6376, 6476, 6376, 6475, 6375, 6476, 6377, 6477, 6377, 6476, 6376, 6477, 6378, 6478, 6378, 6477, 6377, 6478, 6379, 6479, 6379, 6478, 6378, 6479, 6380, 6480, 6380, 6479, 6379, 6480, 6381, 6481, 6381, 6480, 6380, 6481, 6382, 6482, 6382, 6481, 6381, 6482, 6383, 6483, 6383, 6482, 6382, 6483, 6384, 6484, 6384, 6483, 6383, 6484, 6385, 6485, 6385, 6484, 6384, 6485, 6386, 6486, 6386, 6485, 6385, 6486, 6387, 6487, 6387, 6486, 6386, 6387, 6488, 6487, 6488, 6387, 6388, 6388, 6489, 6488, 6489, 6388, 6389, 6389, 6490, 6489, 6490, 6389, 6390, 6390, 6491, 6490, 6491, 6390, 6391, 6391, 6492, 6491, 6492, 6391, 6392, 6392, 6493, 6492, 6493, 6392, 6393, 6393, 6494, 6493, 6494, 6393, 6394, 6394, 6495, 6494, 6495, 6394, 6395, 6395, 6496, 6495, 6496, 6395, 6396, 6396, 6497, 6496, 6497, 6396, 6397, 6397, 6498, 6497, 6498, 6397, 6398, 6398, 6499, 6498, 6499, 6398, 6399, 6399, 6500, 6499, 6500, 6399, 6400, 6400, 6501, 6500, 6501, 6400, 6401, 6401, 6502, 6501, 6502, 6401, 6402, 6402, 6503, 6502, 6503, 6402, 6403, 6403, 6504, 6503, 6504, 6403, 6404, 6404, 6505, 6504, 6505, 6404, 6405, 6405, 6506, 6505, 6506, 6405, 6406, 6406, 6507, 6506, 6507, 6406, 6407, 6407, 6508, 6507, 6508, 6407, 6408, 6408, 6509, 6508, 6509, 6408, 6409, 6409, 6510, 6509, 6510, 6409, 6410, 6410, 6511, 6510, 6511, 6410, 6411, 6411, 6512, 6511, 6512, 6411, 6412, 6412, 6513, 6512, 6513, 6412, 6413, 6414, 6513, 6413, 6513, 6414, 6514, 6415, 6514, 6414, 6514, 6415, 6515, 6416, 6515, 6415, 6515, 6416, 6516, 6417, 6516, 6416, 6516, 6417, 6517, 6418, 6517, 6417, 6517, 6418, 6518, 6419, 6518, 6418, 6518, 6419, 6519, 6420, 6519, 6419, 6519, 6420, 6520, 6421, 6520, 6420, 6520, 6421, 6521, 6422, 6521, 6421, 6521, 6422, 6522, 6423, 6522, 6422, 6522, 6423, 6523, 6424, 6523, 6423, 6523, 6424, 6524, 6425, 6524, 6424, 6524, 6425, 6525, 6426, 6525, 6425, 6525, 6426, 6526, 6427, 6526, 6426, 6526, 6427, 6527, 6428, 6527, 6427, 6527, 6428, 6528, 6429, 6528, 6428, 6528, 6429, 6529, 6430, 6529, 6429, 6529, 6430, 6530, 6431, 6530, 6430, 6530, 6431, 6531, 6432, 6531, 6431, 6531, 6432, 6532, 6433, 6532, 6432, 6532, 6433, 6533, 6434, 6533, 6433, 6533, 6434, 6534, 6435, 6534, 6434, 6534, 6435, 6535, 6436, 6535, 6435, 6535, 6436, 6536, 6437, 6536, 6436, 6536, 6437, 6537, 6537, 6438, 6538, 6438, 6537, 6437, 6538, 6439, 6539, 6439, 6538, 6438, 6539, 6440, 6540, 6440, 6539, 6439, 6540, 6441, 6541, 6441, 6540, 6440, 6541, 6442, 6542, 6442, 6541, 6441, 6542, 6443, 6543, 6443, 6542, 6442, 6543, 6444, 6544, 6444, 6543, 6443, 6544, 6445, 6545, 6445, 6544, 6444, 6545, 6446, 6546, 6446, 6545, 6445, 6546, 6447, 6547, 6447, 6546, 6446, 6547, 6448, 6548, 6448, 6547, 6447, 6548, 6449, 6549, 6449, 6548, 6448, 6549, 6350, 6451, 6350, 6549, 6449, 6551, 6450, 6550, 6450, 6551, 6451, 6550, 6452, 6552, 6452, 6550, 6450, 6552, 6453, 6553, 6453, 6552, 6452, 6553, 6454, 6554, 6454, 6553, 6453, 6554, 6455, 6555, 6455, 6554, 6454, 6555, 6456, 6556, 6456, 6555, 6455, 6556, 6457, 6557, 6457, 6556, 6456, 6557, 6458, 6558, 6458, 6557, 6457, 6558, 6459, 6559, 6459, 6558, 6458, 6559, 6460, 6560, 6460, 6559, 6459, 6560, 6461, 6561, 6461, 6560, 6460, 6561, 6462, 6562, 6462, 6561, 6461, 6562, 6463, 6563, 6463, 6562, 6462, 6563, 6464, 6564, 6464, 6563, 6463, 6564, 6465, 6565, 6465, 6564, 6464, 6565, 6466, 6566, 6466, 6565, 6465, 6566, 6467, 6567, 6467, 6566, 6466, 6567, 6468, 6568, 6468, 6567, 6467, 6568, 6469, 6569, 6469, 6568, 6468, 6569, 6470, 6570, 6470, 6569, 6469, 6570, 6471, 6571, 6471, 6570, 6470, 6571, 6472, 6572, 6472, 6571, 6471, 6572, 6473, 6573, 6473, 6572, 6472, 6573, 6474, 6574, 6474, 6573, 6473, 6574, 6475, 6575, 6475, 6574, 6474, 6575, 6476, 6576, 6476, 6575, 6475, 6576, 6477, 6577, 6477, 6576, 6476, 6577, 6478, 6578, 6478, 6577, 6477, 6578, 6479, 6579, 6479, 6578, 6478, 6579, 6480, 6580, 6480, 6579, 6479, 6580, 6481, 6581, 6481, 6580, 6480, 6581, 6482, 6582, 6482, 6581, 6481, 6582, 6483, 6583, 6483, 6582, 6482, 6583, 6484, 6584, 6484, 6583, 6483, 6584, 6485, 6585, 6485, 6584, 6484, 6585, 6486, 6586, 6486, 6585, 6485, 6586, 6487, 6587, 6487, 6586, 6486, 6487, 6588, 6587, 6588, 6487, 6488, 6488, 6589, 6588, 6589, 6488, 6489, 6489, 6590, 6589, 6590, 6489, 6490, 6490, 6591, 6590, 6591, 6490, 6491, 6491, 6592, 6591, 6592, 6491, 6492, 6492, 6593, 6592, 6593, 6492, 6493, 6493, 6594, 6593, 6594, 6493, 6494, 6494, 6595, 6594, 6595, 6494, 6495, 6495, 6596, 6595, 6596, 6495, 6496, 6496, 6597, 6596, 6597, 6496, 6497, 6497, 6598, 6597, 6598, 6497, 6498, 6498, 6599, 6598, 6599, 6498, 6499, 6499, 6600, 6599, 6600, 6499, 6500, 6500, 6601, 6600, 6601, 6500, 6501, 6501, 6602, 6601, 6602, 6501, 6502, 6502, 6603, 6602, 6603, 6502, 6503, 6503, 6604, 6603, 6604, 6503, 6504, 6504, 6605, 6604, 6605, 6504, 6505, 6505, 6606, 6605, 6606, 6505, 6506, 6506, 6607, 6606, 6607, 6506, 6507, 6507, 6608, 6607, 6608, 6507, 6508, 6508, 6609, 6608, 6609, 6508, 6509, 6509, 6610, 6609, 6610, 6509, 6510, 6510, 6611, 6610, 6611, 6510, 6511, 6511, 6612, 6611, 6612, 6511, 6512, 6512, 6613, 6612, 6613, 6512, 6513, 6514, 6613, 6513, 6613, 6514, 6614, 6515, 6614, 6514, 6614, 6515, 6615, 6516, 6615, 6515, 6615, 6516, 6616, 6517, 6616, 6516, 6616, 6517, 6617, 6518, 6617, 6517, 6617, 6518, 6618, 6519, 6618, 6518, 6618, 6519, 6619, 6520, 6619, 6519, 6619, 6520, 6620, 6521, 6620, 6520, 6620, 6521, 6621, 6522, 6621, 6521, 6621, 6522, 6622, 6523, 6622, 6522, 6622, 6523, 6623, 6524, 6623, 6523, 6623, 6524, 6624, 6525, 6624, 6524, 6624, 6525, 6625, 6526, 6625, 6525, 6625, 6526, 6626, 6527, 6626, 6526, 6626, 6527, 6627, 6528, 6627, 6527, 6627, 6528, 6628, 6529, 6628, 6528, 6628, 6529, 6629, 6530, 6629, 6529, 6629, 6530, 6630, 6531, 6630, 6530, 6630, 6531, 6631, 6532, 6631, 6531, 6631, 6532, 6632, 6533, 6632, 6532, 6632, 6533, 6633, 6534, 6633, 6533, 6633, 6534, 6634, 6535, 6634, 6534, 6634, 6535, 6635, 6536, 6635, 6535, 6635, 6536, 6636, 6537, 6636, 6536, 6636, 6537, 6637, 6637, 6538, 6638, 6538, 6637, 6537, 6638, 6539, 6639, 6539, 6638, 6538, 6639, 6540, 6640, 6540, 6639, 6539, 6640, 6541, 6641, 6541, 6640, 6540, 6641, 6542, 6642, 6542, 6641, 6541, 6642, 6543, 6643, 6543, 6642, 6542, 6643, 6544, 6644, 6544, 6643, 6543, 6644, 6545, 6645, 6545, 6644, 6544, 6645, 6546, 6646, 6546, 6645, 6545, 6646, 6547, 6647, 6547, 6646, 6546, 6647, 6548, 6648, 6548, 6647, 6547, 6648, 6549, 6649, 6549, 6648, 6548, 6649, 6451, 6551, 6451, 6649, 6549, 6651, 6550, 6650, 6550, 6651, 6551, 6650, 6552, 6652, 6552, 6650, 6550, 6652, 6553, 6653, 6553, 6652, 6552, 6653, 6554, 6654, 6554, 6653, 6553, 6654, 6555, 6655, 6555, 6654, 6554, 6655, 6556, 6656, 6556, 6655, 6555, 6656, 6557, 6657, 6557, 6656, 6556, 6657, 6558, 6658, 6558, 6657, 6557, 6658, 6559, 6659, 6559, 6658, 6558, 6659, 6560, 6660, 6560, 6659, 6559, 6660, 6561, 6661, 6561, 6660, 6560, 6661, 6562, 6662, 6562, 6661, 6561, 6662, 6563, 6663, 6563, 6662, 6562, 6663, 6564, 6664, 6564, 6663, 6563, 6664, 6565, 6665, 6565, 6664, 6564, 6665, 6566, 6666, 6566, 6665, 6565, 6666, 6567, 6667, 6567, 6666, 6566, 6667, 6568, 6668, 6568, 6667, 6567, 6668, 6569, 6669, 6569, 6668, 6568, 6669, 6570, 6670, 6570, 6669, 6569, 6670, 6571, 6671, 6571, 6670, 6570, 6671, 6572, 6672, 6572, 6671, 6571, 6672, 6573, 6673, 6573, 6672, 6572, 6673, 6574, 6674, 6574, 6673, 6573, 6674, 6575, 6675, 6575, 6674, 6574, 6675, 6576, 6676, 6576, 6675, 6575, 6676, 6577, 6677, 6577, 6676, 6576, 6677, 6578, 6678, 6578, 6677, 6577, 6678, 6579, 6679, 6579, 6678, 6578, 6679, 6580, 6680, 6580, 6679, 6579, 6680, 6581, 6681, 6581, 6680, 6580, 6681, 6582, 6682, 6582, 6681, 6581, 6682, 6583, 6683, 6583, 6682, 6582, 6683, 6584, 6684, 6584, 6683, 6583, 6684, 6585, 6685, 6585, 6684, 6584, 6685, 6586, 6686, 6586, 6685, 6585, 6686, 6587, 6687, 6587, 6686, 6586, 6587, 6688, 6687, 6688, 6587, 6588, 6588, 6689, 6688, 6689, 6588, 6589, 6589, 6690, 6689, 6690, 6589, 6590, 6590, 6691, 6690, 6691, 6590, 6591, 6591, 6692, 6691, 6692, 6591, 6592, 6592, 6693, 6692, 6693, 6592, 6593, 6593, 6694, 6693, 6694, 6593, 6594, 6594, 6695, 6694, 6695, 6594, 6595, 6595, 6696, 6695, 6696, 6595, 6596, 6596, 6697, 6696, 6697, 6596, 6597, 6597, 6698, 6697, 6698, 6597, 6598, 6598, 6699, 6698, 6699, 6598, 6599, 6599, 6700, 6699, 6700, 6599, 6600, 6600, 6701, 6700, 6701, 6600, 6601, 6601, 6702, 6701, 6702, 6601, 6602, 6602, 6703, 6702, 6703, 6602, 6603, 6603, 6704, 6703, 6704, 6603, 6604, 6604, 6705, 6704, 6705, 6604, 6605, 6605, 6706, 6705, 6706, 6605, 6606, 6606, 6707, 6706, 6707, 6606, 6607, 6607, 6708, 6707, 6708, 6607, 6608, 6608, 6709, 6708, 6709, 6608, 6609, 6609, 6710, 6709, 6710, 6609, 6610, 6610, 6711, 6710, 6711, 6610, 6611, 6611, 6712, 6711, 6712, 6611, 6612, 6612, 6713, 6712, 6713, 6612, 6613, 6614, 6713, 6613, 6713, 6614, 6714, 6615, 6714, 6614, 6714, 6615, 6715, 6616, 6715, 6615, 6715, 6616, 6716, 6617, 6716, 6616, 6716, 6617, 6717, 6618, 6717, 6617, 6717, 6618, 6718, 6619, 6718, 6618, 6718, 6619, 6719, 6620, 6719, 6619, 6719, 6620, 6720, 6621, 6720, 6620, 6720, 6621, 6721, 6622, 6721, 6621, 6721, 6622, 6722, 6623, 6722, 6622, 6722, 6623, 6723, 6624, 6723, 6623, 6723, 6624, 6724, 6625, 6724, 6624, 6724, 6625, 6725, 6626, 6725, 6625, 6725, 6626, 6726, 6627, 6726, 6626, 6726, 6627, 6727, 6628, 6727, 6627, 6727, 6628, 6728, 6629, 6728, 6628, 6728, 6629, 6729, 6630, 6729, 6629, 6729, 6630, 6730, 6631, 6730, 6630, 6730, 6631, 6731, 6632, 6731, 6631, 6731, 6632, 6732, 6633, 6732, 6632, 6732, 6633, 6733, 6634, 6733, 6633, 6733, 6634, 6734, 6635, 6734, 6634, 6734, 6635, 6735, 6636, 6735, 6635, 6735, 6636, 6736, 6637, 6736, 6636, 6736, 6637, 6737, 6737, 6638, 6738, 6638, 6737, 6637, 6738, 6639, 6739, 6639, 6738, 6638, 6739, 6640, 6740, 6640, 6739, 6639, 6740, 6641, 6741, 6641, 6740, 6640, 6741, 6642, 6742, 6642, 6741, 6641, 6742, 6643, 6743, 6643, 6742, 6642, 6743, 6644, 6744, 6644, 6743, 6643, 6744, 6645, 6745, 6645, 6744, 6644, 6745, 6646, 6746, 6646, 6745, 6645, 6746, 6647, 6747, 6647, 6746, 6646, 6747, 6648, 6748, 6648, 6747, 6647, 6748, 6649, 6749, 6649, 6748, 6648, 6749, 6551, 6651, 6551, 6749, 6649, 6751, 6650, 6750, 6650, 6751, 6651, 6750, 6652, 6752, 6652, 6750, 6650, 6752, 6653, 6753, 6653, 6752, 6652, 6753, 6654, 6754, 6654, 6753, 6653, 6754, 6655, 6755, 6655, 6754, 6654, 6755, 6656, 6756, 6656, 6755, 6655, 6756, 6657, 6757, 6657, 6756, 6656, 6757, 6658, 6758, 6658, 6757, 6657, 6758, 6659, 6759, 6659, 6758, 6658, 6759, 6660, 6760, 6660, 6759, 6659, 6760, 6661, 6761, 6661, 6760, 6660, 6761, 6662, 6762, 6662, 6761, 6661, 6762, 6663, 6763, 6663, 6762, 6662, 6763, 6664, 6764, 6664, 6763, 6663, 6764, 6665, 6765, 6665, 6764, 6664, 6765, 6666, 6766, 6666, 6765, 6665, 6766, 6667, 6767, 6667, 6766, 6666, 6767, 6668, 6768, 6668, 6767, 6667, 6768, 6669, 6769, 6669, 6768, 6668, 6769, 6670, 6770, 6670, 6769, 6669, 6770, 6671, 6771, 6671, 6770, 6670, 6771, 6672, 6772, 6672, 6771, 6671, 6772, 6673, 6773, 6673, 6772, 6672, 6773, 6674, 6774, 6674, 6773, 6673, 6774, 6675, 6775, 6675, 6774, 6674, 6775, 6676, 6776, 6676, 6775, 6675, 6776, 6677, 6777, 6677, 6776, 6676, 6777, 6678, 6778, 6678, 6777, 6677, 6778, 6679, 6779, 6679, 6778, 6678, 6779, 6680, 6780, 6680, 6779, 6679, 6780, 6681, 6781, 6681, 6780, 6680, 6781, 6682, 6782, 6682, 6781, 6681, 6782, 6683, 6783, 6683, 6782, 6682, 6783, 6684, 6784, 6684, 6783, 6683, 6784, 6685, 6785, 6685, 6784, 6684, 6785, 6686, 6786, 6686, 6785, 6685, 6686, 6787, 6786, 6787, 6686, 6687, 6687, 6788, 6787, 6788, 6687, 6688, 6688, 6789, 6788, 6789, 6688, 6689, 6689, 6790, 6789, 6790, 6689, 6690, 6690, 6791, 6790, 6791, 6690, 6691, 6691, 6792, 6791, 6792, 6691, 6692, 6692, 6793, 6792, 6793, 6692, 6693, 6693, 6794, 6793, 6794, 6693, 6694, 6694, 6795, 6794, 6795, 6694, 6695, 6695, 6796, 6795, 6796, 6695, 6696, 6696, 6797, 6796, 6797, 6696, 6697, 6697, 6798, 6797, 6798, 6697, 6698, 6698, 6799, 6798, 6799, 6698, 6699, 6699, 6800, 6799, 6800, 6699, 6700, 6700, 6801, 6800, 6801, 6700, 6701, 6701, 6802, 6801, 6802, 6701, 6702, 6702, 6803, 6802, 6803, 6702, 6703, 6703, 6804, 6803, 6804, 6703, 6704, 6704, 6805, 6804, 6805, 6704, 6705, 6705, 6806, 6805, 6806, 6705, 6706, 6706, 6807, 6806, 6807, 6706, 6707, 6707, 6808, 6807, 6808, 6707, 6708, 6708, 6809, 6808, 6809, 6708, 6709, 6709, 6810, 6809, 6810, 6709, 6710, 6710, 6811, 6810, 6811, 6710, 6711, 6711, 6812, 6811, 6812, 6711, 6712, 6712, 6813, 6812, 6813, 6712, 6713, 6713, 6814, 6813, 6814, 6713, 6714, 6715, 6814, 6714, 6814, 6715, 6815, 6716, 6815, 6715, 6815, 6716, 6816, 6717, 6816, 6716, 6816, 6717, 6817, 6718, 6817, 6717, 6817, 6718, 6818, 6719, 6818, 6718, 6818, 6719, 6819, 6720, 6819, 6719, 6819, 6720, 6820, 6721, 6820, 6720, 6820, 6721, 6821, 6722, 6821, 6721, 6821, 6722, 6822, 6723, 6822, 6722, 6822, 6723, 6823, 6724, 6823, 6723, 6823, 6724, 6824, 6725, 6824, 6724, 6824, 6725, 6825, 6726, 6825, 6725, 6825, 6726, 6826, 6727, 6826, 6726, 6826, 6727, 6827, 6728, 6827, 6727, 6827, 6728, 6828, 6729, 6828, 6728, 6828, 6729, 6829, 6730, 6829, 6729, 6829, 6730, 6830, 6731, 6830, 6730, 6830, 6731, 6831, 6732, 6831, 6731, 6831, 6732, 6832, 6733, 6832, 6732, 6832, 6733, 6833, 6734, 6833, 6733, 6833, 6734, 6834, 6735, 6834, 6734, 6834, 6735, 6835, 6736, 6835, 6735, 6835, 6736, 6836, 6836, 6737, 6837, 6737, 6836, 6736, 6837, 6738, 6838, 6738, 6837, 6737, 6838, 6739, 6839, 6739, 6838, 6738, 6839, 6740, 6840, 6740, 6839, 6739, 6840, 6741, 6841, 6741, 6840, 6740, 6841, 6742, 6842, 6742, 6841, 6741, 6842, 6743, 6843, 6743, 6842, 6742, 6843, 6744, 6844, 6744, 6843, 6743, 6844, 6745, 6845, 6745, 6844, 6744, 6845, 6746, 6846, 6746, 6845, 6745, 6846, 6747, 6847, 6747, 6846, 6746, 6847, 6748, 6848, 6748, 6847, 6747, 6848, 6749, 6849, 6749, 6848, 6748, 6849, 6651, 6751, 6651, 6849, 6749, 6851, 6750, 6850, 6750, 6851, 6751, 6850, 6752, 6852, 6752, 6850, 6750, 6852, 6753, 6853, 6753, 6852, 6752, 6853, 6754, 6854, 6754, 6853, 6753, 6854, 6755, 6855, 6755, 6854, 6754, 6855, 6756, 6856, 6756, 6855, 6755, 6856, 6757, 6857, 6757, 6856, 6756, 6857, 6758, 6858, 6758, 6857, 6757, 6858, 6759, 6859, 6759, 6858, 6758, 6859, 6760, 6860, 6760, 6859, 6759, 6860, 6761, 6861, 6761, 6860, 6760, 6861, 6762, 6862, 6762, 6861, 6761, 6862, 6763, 6863, 6763, 6862, 6762, 6863, 6764, 6864, 6764, 6863, 6763, 6864, 6765, 6865, 6765, 6864, 6764, 6865, 6766, 6866, 6766, 6865, 6765, 6866, 6767, 6867, 6767, 6866, 6766, 6867, 6768, 6868, 6768, 6867, 6767, 6868, 6769, 6869, 6769, 6868, 6768, 6869, 6770, 6870, 6770, 6869, 6769, 6870, 6771, 6871, 6771, 6870, 6770, 6871, 6772, 6872, 6772, 6871, 6771, 6872, 6773, 6873, 6773, 6872, 6772, 6873, 6774, 6874, 6774, 6873, 6773, 6874, 6775, 6875, 6775, 6874, 6774, 6875, 6776, 6876, 6776, 6875, 6775, 6876, 6777, 6877, 6777, 6876, 6776, 6877, 6778, 6878, 6778, 6877, 6777, 6878, 6779, 6879, 6779, 6878, 6778, 6879, 6780, 6880, 6780, 6879, 6779, 6880, 6781, 6881, 6781, 6880, 6780, 6881, 6782, 6882, 6782, 6881, 6781, 6882, 6783, 6883, 6783, 6882, 6782, 6883, 6784, 6884, 6784, 6883, 6783, 6884, 6785, 6885, 6785, 6884, 6784, 6885, 6786, 6886, 6786, 6885, 6785, 6786, 6887, 6886, 6887, 6786, 6787, 6787, 6888, 6887, 6888, 6787, 6788, 6788, 6889, 6888, 6889, 6788, 6789, 6789, 6890, 6889, 6890, 6789, 6790, 6790, 6891, 6890, 6891, 6790, 6791, 6791, 6892, 6891, 6892, 6791, 6792, 6792, 6893, 6892, 6893, 6792, 6793, 6793, 6894, 6893, 6894, 6793, 6794, 6794, 6895, 6894, 6895, 6794, 6795, 6795, 6896, 6895, 6896, 6795, 6796, 6796, 6897, 6896, 6897, 6796, 6797, 6797, 6898, 6897, 6898, 6797, 6798, 6798, 6899, 6898, 6899, 6798, 6799, 6799, 6900, 6899, 6900, 6799, 6800, 6800, 6901, 6900, 6901, 6800, 6801, 6801, 6902, 6901, 6902, 6801, 6802, 6802, 6903, 6902, 6903, 6802, 6803, 6803, 6904, 6903, 6904, 6803, 6804, 6804, 6905, 6904, 6905, 6804, 6805, 6805, 6906, 6905, 6906, 6805, 6806, 6806, 6907, 6906, 6907, 6806, 6807, 6807, 6908, 6907, 6908, 6807, 6808, 6808, 6909, 6908, 6909, 6808, 6809, 6809, 6910, 6909, 6910, 6809, 6810, 6810, 6911, 6910, 6911, 6810, 6811, 6811, 6912, 6911, 6912, 6811, 6812, 6812, 6913, 6912, 6913, 6812, 6813, 6813, 6914, 6913, 6914, 6813, 6814, 6815, 6914, 6814, 6914, 6815, 6915, 6816, 6915, 6815, 6915, 6816, 6916, 6817, 6916, 6816, 6916, 6817, 6917, 6818, 6917, 6817, 6917, 6818, 6918, 6819, 6918, 6818, 6918, 6819, 6919, 6820, 6919, 6819, 6919, 6820, 6920, 6821, 6920, 6820, 6920, 6821, 6921, 6822, 6921, 6821, 6921, 6822, 6922, 6823, 6922, 6822, 6922, 6823, 6923, 6824, 6923, 6823, 6923, 6824, 6924, 6825, 6924, 6824, 6924, 6825, 6925, 6826, 6925, 6825, 6925, 6826, 6926, 6827, 6926, 6826, 6926, 6827, 6927, 6828, 6927, 6827, 6927, 6828, 6928, 6829, 6928, 6828, 6928, 6829, 6929, 6830, 6929, 6829, 6929, 6830, 6930, 6831, 6930, 6830, 6930, 6831, 6931, 6832, 6931, 6831, 6931, 6832, 6932, 6833, 6932, 6832, 6932, 6833, 6933, 6834, 6933, 6833, 6933, 6834, 6934, 6835, 6934, 6834, 6934, 6835, 6935, 6836, 6935, 6835, 6935, 6836, 6936, 6936, 6837, 6937, 6837, 6936, 6836, 6937, 6838, 6938, 6838, 6937, 6837, 6938, 6839, 6939, 6839, 6938, 6838, 6939, 6840, 6940, 6840, 6939, 6839, 6940, 6841, 6941, 6841, 6940, 6840, 6941, 6842, 6942, 6842, 6941, 6841, 6942, 6843, 6943, 6843, 6942, 6842, 6943, 6844, 6944, 6844, 6943, 6843, 6944, 6845, 6945, 6845, 6944, 6844, 6945, 6846, 6946, 6846, 6945, 6845, 6946, 6847, 6947, 6847, 6946, 6846, 6947, 6848, 6948, 6848, 6947, 6847, 6948, 6849, 6949, 6849, 6948, 6848, 6949, 6751, 6851, 6751, 6949, 6849, 5753, 5948, 6950, 5948, 5753, 6850, 6850, 5753, 6851, 6950, 5946, 6951, 5946, 6950, 5948, 5946, 5948, 6852, 6852, 5948, 6850, 6951, 5944, 6952, 5944, 6951, 5946, 5944, 5946, 6853, 6853, 5946, 6852, 6952, 5942, 6953, 5942, 6952, 5944, 5942, 5944, 6854, 6854, 5944, 6853, 6953, 5940, 6954, 5940, 6953, 5942, 5940, 5942, 6855, 6855, 5942, 6854, 6954, 5938, 6955, 5938, 6954, 5940, 5938, 5940, 6856, 6856, 5940, 6855, 6955, 5936, 6956, 5936, 6955, 5938, 5936, 5938, 6857, 6857, 5938, 6856, 6956, 5934, 6957, 5934, 6956, 5936, 5934, 5936, 6858, 6858, 5936, 6857, 6957, 5932, 6958, 5932, 6957, 5934, 5932, 5934, 6859, 6859, 5934, 6858, 6958, 5930, 6959, 5930, 6958, 5932, 5930, 5932, 6860, 6860, 5932, 6859, 6959, 5928, 6960, 5928, 6959, 5930, 5928, 5930, 6861, 6861, 5930, 6860, 6960, 5926, 6961, 5926, 6960, 5928, 5926, 5928, 6862, 6862, 5928, 6861, 6961, 5925, 6962, 5925, 6961, 5926, 5925, 5926, 6863, 6863, 5926, 6862, 6962, 5923, 6963, 5923, 6962, 5925, 5923, 5925, 6864, 6864, 5925, 6863, 5921, 6864, 6865, 6864, 5921, 5923, 5923, 5921, 6964, 5923, 6964, 6963, 5919, 6865, 6866, 6865, 5919, 5921, 5921, 5919, 6965, 5921, 6965, 6964, 5917, 6866, 6867, 6866, 5917, 5919, 5919, 5917, 6966, 5919, 6966, 6965, 5915, 6867, 6868, 6867, 5915, 5917, 5917, 5915, 6967, 5917, 6967, 6966, 5913, 6868, 6869, 6868, 5913, 5915, 5915, 5913, 6968, 5915, 6968, 6967, 5910, 6869, 6870, 6869, 5910, 5913, 5913, 5910, 6969, 5913, 6969, 6968, 5909, 6870, 6871, 6870, 5909, 5910, 5910, 5909, 6970, 5910, 6970, 6969, 5907, 6871, 6872, 6871, 5907, 5909, 5909, 5907, 6971, 5909, 6971, 6970, 5905, 6872, 6873, 6872, 5905, 5907, 5907, 5905, 6972, 5907, 6972, 6971, 5903, 6873, 6874, 6873, 5903, 5905, 5905, 5903, 6973, 5905, 6973, 6972, 5900, 6874, 6875, 6874, 5900, 5903, 5903, 5900, 6974, 5903, 6974, 6973, 6876, 5900, 6875, 5900, 6876, 5899, 5900, 5899, 6974, 6974, 5899, 6975, 6877, 5899, 6876, 5899, 6877, 5897, 5899, 5897, 6975, 6975, 5897, 6976, 6878, 5897, 6877, 5897, 6878, 5895, 5897, 5895, 6976, 6976, 5895, 6977, 6879, 5895, 6878, 5895, 6879, 5893, 5895, 5893, 6977, 6977, 5893, 6978, 6880, 5893, 6879, 5893, 6880, 5891, 5893, 5891, 6978, 6978, 5891, 6979, 6881, 5891, 6880, 5891, 6881, 5889, 5891, 5889, 6979, 6979, 5889, 6980, 6882, 5889, 6881, 5889, 6882, 5887, 5889, 5887, 6980, 6980, 5887, 6981, 6883, 5887, 6882, 5887, 6883, 5885, 5887, 5885, 6981, 6981, 5885, 6982, 6884, 5885, 6883, 5885, 6884, 5883, 5885, 5883, 6982, 6982, 5883, 6983, 6885, 5883, 6884, 5883, 6885, 5880, 5883, 5880, 6983, 6983, 5880, 6984, 6886, 5880, 6885, 5880, 6886, 5879, 5880, 5879, 6984, 6984, 5879, 6985, 5879, 6986, 6985, 6986, 5879, 5876, 5876, 5879, 6886, 5876, 6886, 6887, 5876, 6987, 6986, 6987, 5876, 5874, 5874, 5876, 6887, 5874, 6887, 6888, 5874, 6988, 6987, 6988, 5874, 5872, 5872, 5874, 6888, 5872, 6888, 6889, 5872, 6989, 6988, 6989, 5872, 5870, 5870, 5872, 6889, 5870, 6889, 6890, 5870, 6990, 6989, 6990, 5870, 5868, 5868, 5870, 6890, 5868, 6890, 6891, 5868, 6991, 6990, 6991, 5868, 5866, 5866, 5868, 6891, 5866, 6891, 6892, 5866, 6992, 6991, 6992, 5866, 5864, 5864, 5866, 6892, 5864, 6892, 6893, 5864, 6993, 6992, 6993, 5864, 5862, 5862, 5864, 6893, 5862, 6893, 6894, 5862, 6994, 6993, 6994, 5862, 5860, 5860, 5862, 6894, 5860, 6894, 6895, 5860, 6995, 6994, 6995, 5860, 5858, 5858, 5860, 6895, 5858, 6895, 6896, 5858, 6996, 6995, 6996, 5858, 5856, 5856, 5858, 6896, 5856, 6896, 6897, 5856, 6997, 6996, 6997, 5856, 5854, 5854, 5856, 6897, 5854, 6897, 6898, 5854, 6998, 6997, 6998, 5854, 5852, 5852, 5854, 6898, 5852, 6898, 6899, 5852, 5851, 6998, 5851, 5852, 6899, 5851, 6899, 6900, 6900, 6999, 5851, 6999, 6900, 6901, 6901, 7000, 6999, 7000, 6901, 6902, 6902, 7001, 7000, 7001, 6902, 6903, 6903, 7002, 7001, 7002, 6903, 6904, 6904, 7003, 7002, 7003, 6904, 6905, 6905, 7004, 7003, 7004, 6905, 6906, 6906, 7005, 7004, 7005, 6906, 6907, 6907, 7006, 7005, 7006, 6907, 6908, 6908, 7007, 7006, 7007, 6908, 6909, 6909, 7008, 7007, 7008, 6909, 6910, 6910, 7009, 7008, 7009, 6910, 6911, 6911, 7010, 7009, 7010, 6911, 6912, 6912, 7011, 7010, 7011, 6912, 6913, 6913, 7012, 7011, 7012, 6913, 6914, 6915, 7012, 6914, 7012, 6915, 7013, 6916, 7013, 6915, 7013, 6916, 7014, 6917, 7014, 6916, 7014, 6917, 7015, 6918, 7015, 6917, 7015, 6918, 7016, 6919, 7016, 6918, 7016, 6919, 7017, 6920, 7017, 6919, 7017, 6920, 7018, 6921, 7018, 6920, 7018, 6921, 7019, 6922, 7019, 6921, 7019, 6922, 7020, 6923, 7020, 6922, 7020, 6923, 7021, 6924, 7021, 6923, 7021, 6924, 7022, 6925, 7022, 6924, 7022, 6925, 7023, 7024, 6925, 6926, 6925, 7024, 7023, 7025, 6926, 6927, 6926, 7025, 7024, 7026, 6927, 6928, 6927, 7026, 7025, 7027, 6928, 6929, 6928, 7027, 7026, 7028, 6929, 6930, 6929, 7028, 7027, 7029, 6930, 6931, 6930, 7029, 7028, 7030, 6931, 6932, 6931, 7030, 7029, 7031, 6932, 6933, 6932, 7031, 7030, 7032, 6933, 6934, 6933, 7032, 7031, 7033, 6934, 6935, 6934, 7033, 7032, 7034, 6935, 6936, 6935, 7034, 7033, 7034, 6937, 7035, 6937, 7034, 6936, 7035, 6938, 7036, 6938, 7035, 6937, 7036, 6939, 7037, 6939, 7036, 6938, 7037, 6940, 7038, 6940, 7037, 6939, 7038, 6941, 7039, 6941, 7038, 6940, 7039, 6942, 7040, 6942, 7039, 6941, 7040, 6943, 7041, 6943, 7040, 6942, 7041, 6944, 7042, 6944, 7041, 6943, 7042, 6945, 7043, 6945, 7042, 6944, 7043, 6946, 7044, 6946, 7043, 6945, 7044, 6947, 7045, 6947, 7044, 6946, 7045, 6948, 7046, 6948, 7045, 6947, 7046, 6949, 7047, 6949, 7046, 6948, 7047, 6851, 5753, 6851, 7047, 6949, 7049, 5752, 7048, 5752, 7049, 5753, 5752, 5753, 6950, 7048, 5755, 7050, 5755, 7048, 5752, 5755, 5752, 6951, 6951, 5752, 6950, 7050, 5757, 7051, 5757, 7050, 5755, 5757, 5755, 6952, 6952, 5755, 6951, 7051, 5759, 7052, 5759, 7051, 5757, 5759, 5757, 6953, 6953, 5757, 6952, 7052, 5761, 7053, 5761, 7052, 5759, 5761, 5759, 6954, 6954, 5759, 6953, 7053, 5763, 7054, 5763, 7053, 5761, 5763, 5761, 6955, 6955, 5761, 6954, 7054, 5765, 7055, 5765, 7054, 5763, 5765, 5763, 6956, 6956, 5763, 6955, 7055, 5767, 7056, 5767, 7055, 5765, 5767, 5765, 6957, 6957, 5765, 6956, 7056, 5769, 7057, 5769, 7056, 5767, 5769, 5767, 6958, 6958, 5767, 6957, 7057, 5771, 7058, 5771, 7057, 5769, 5771, 5769, 6959, 6959, 5769, 6958, 7058, 5773, 7059, 5773, 7058, 5771, 5773, 5771, 6960, 6960, 5771, 6959, 7059, 5775, 7060, 5775, 7059, 5773, 5775, 5773, 6961, 6961, 5773, 6960, 7060, 5777, 7061, 5777, 7060, 5775, 5777, 5775, 6962, 6962, 5775, 6961, 5780, 6962, 6963, 6962, 5780, 5777, 5777, 5780, 7061, 7061, 5780, 7062, 5782, 6963, 6964, 6963, 5782, 5780, 5780, 5782, 7062, 7062, 5782, 7063, 5784, 6964, 6965, 6964, 5784, 5782, 5782, 5784, 7063, 7063, 5784, 7064, 5786, 6965, 6966, 6965, 5786, 5784, 5784, 5786, 7064, 7064, 5786, 7065, 5788, 6966, 6967, 6966, 5788, 5786, 5786, 5788, 7065, 7065, 5788, 7066, 5790, 6967, 6968, 6967, 5790, 5788, 5788, 5790, 7066, 7066, 5790, 7067, 5792, 6968, 6969, 6968, 5792, 5790, 5790, 5792, 7067, 7067, 5792, 7068, 5794, 6969, 6970, 6969, 5794, 5792, 5792, 5794, 7068, 7068, 5794, 7069, 5796, 6970, 6971, 6970, 5796, 5794, 5794, 5796, 7069, 7069, 5796, 7070, 5798, 6971, 6972, 6971, 5798, 5796, 5796, 5798, 7070, 7070, 5798, 7071, 5800, 6972, 6973, 6972, 5800, 5798, 5798, 5800, 7071, 7071, 5800, 7072, 7073, 6973, 6974, 6973, 7073, 5800, 5800, 7073, 5802, 5800, 5802, 7072, 7072, 5802, 7074, 6975, 7073, 6974, 7073, 6975, 5804, 7073, 5804, 5802, 5802, 5804, 7075, 5802, 7075, 7074, 6976, 5804, 6975, 5804, 6976, 5806, 5804, 5806, 7076, 5804, 7076, 7075, 6977, 5806, 6976, 5806, 6977, 5808, 5806, 5808, 7077, 5806, 7077, 7076, 6978, 5808, 6977, 5808, 6978, 5810, 5808, 5810, 7078, 5808, 7078, 7077, 6979, 5810, 6978, 5810, 6979, 5812, 5810, 5812, 7079, 5810, 7079, 7078, 6980, 5812, 6979, 5812, 6980, 5814, 5812, 5814, 7080, 5812, 7080, 7079, 6981, 5814, 6980, 5814, 6981, 5816, 5814, 5816, 7081, 5814, 7081, 7080, 6982, 5816, 6981, 5816, 6982, 5818, 5816, 5818, 7082, 5816, 7082, 7081, 6983, 5818, 6982, 5818, 6983, 5820, 5818, 5820, 7083, 5818, 7083, 7082, 6984, 5820, 6983, 5820, 6984, 5822, 5820, 5822, 7084, 5820, 7084, 7083, 6985, 5822, 6984, 5822, 6985, 5824, 5822, 5824, 7085, 5822, 7085, 7084, 6986, 5824, 6985, 5824, 6986, 5826, 5824, 5826, 7086, 5824, 7086, 7085, 5826, 7087, 7086, 7087, 5826, 5827, 5827, 5826, 6986, 5827, 6986, 6987, 5827, 7088, 7087, 7088, 5827, 5829, 5829, 5827, 6987, 5829, 6987, 6988, 5829, 7089, 7088, 7089, 5829, 5831, 5831, 5829, 6988, 5831, 6988, 6989, 5831, 7090, 7089, 7090, 5831, 5833, 5833, 5831, 6989, 5833, 6989, 6990, 5833, 7091, 7090, 7091, 5833, 5835, 5835, 5833, 6990, 5835, 6990, 6991, 5835, 7092, 7091, 7092, 5835, 5837, 5837, 5835, 6991, 5837, 6991, 6992, 5837, 7093, 7092, 7093, 5837, 5839, 5839, 5837, 6992, 5839, 6992, 6993, 5839, 7094, 7093, 7094, 5839, 5841, 5841, 5839, 6993, 5841, 6993, 6994, 5841, 7095, 7094, 7095, 5841, 5843, 5843, 5841, 6994, 5843, 6994, 6995, 5843, 7096, 7095, 7096, 5843, 5845, 5845, 5843, 6995, 5845, 6995, 6996, 5845, 7097, 7096, 7097, 5845, 5847, 5847, 5845, 6996, 5847, 6996, 6997, 5847, 7098, 7097, 7098, 5847, 5849, 5849, 5847, 6997, 5849, 6997, 6998, 5849, 7099, 7098, 7099, 5849, 5851, 5851, 5849, 6998, 5851, 7100, 7099, 7100, 5851, 6999, 6999, 7101, 7100, 7101, 6999, 7000, 7000, 7102, 7101, 7102, 7000, 7001, 7001, 7103, 7102, 7103, 7001, 7002, 7002, 7104, 7103, 7104, 7002, 7003, 7003, 7105, 7104, 7105, 7003, 7004, 7004, 7106, 7105, 7106, 7004, 7005, 7005, 7107, 7106, 7107, 7005, 7006, 7006, 7108, 7107, 7108, 7006, 7007, 7007, 7109, 7108, 7109, 7007, 7008, 7008, 7110, 7109, 7110, 7008, 7009, 7009, 7111, 7110, 7111, 7009, 7010, 7010, 7112, 7111, 7112, 7010, 7011, 7012, 7112, 7011, 7112, 7012, 7113, 7013, 7113, 7012, 7113, 7013, 7114, 7014, 7114, 7013, 7114, 7014, 7115, 7015, 7115, 7014, 7115, 7015, 7116, 7016, 7116, 7015, 7116, 7016, 7117, 7017, 7117, 7016, 7117, 7017, 7118, 7018, 7118, 7017, 7118, 7018, 7119, 7019, 7119, 7018, 7119, 7019, 7120, 7020, 7120, 7019, 7120, 7020, 7121, 7021, 7121, 7020, 7121, 7021, 7122, 7022, 7122, 7021, 7122, 7022, 7123, 7023, 7123, 7022, 7123, 7023, 7124, 7125, 7023, 7024, 7023, 7125, 7124, 7126, 7024, 7025, 7024, 7126, 7125, 7127, 7025, 7026, 7025, 7127, 7126, 7128, 7026, 7027, 7026, 7128, 7127, 7129, 7027, 7028, 7027, 7129, 7128, 7130, 7028, 7029, 7028, 7130, 7129, 7131, 7029, 7030, 7029, 7131, 7130, 7132, 7030, 7031, 7030, 7132, 7131, 7133, 7031, 7032, 7031, 7133, 7132, 7134, 7032, 7033, 7032, 7134, 7133, 7135, 7033, 7034, 7033, 7135, 7134, 7136, 7034, 7035, 7034, 7136, 7135, 7136, 7036, 7137, 7036, 7136, 7035, 7137, 7037, 7138, 7037, 7137, 7036, 7138, 7038, 7139, 7038, 7138, 7037, 7139, 7039, 7140, 7039, 7139, 7038, 7140, 7040, 7141, 7040, 7140, 7039, 7141, 7041, 7142, 7041, 7141, 7040, 7142, 7042, 7143, 7042, 7142, 7041, 7143, 7043, 7144, 7043, 7143, 7042, 7144, 7044, 7145, 7044, 7144, 7043, 7145, 7045, 7146, 7045, 7145, 7044, 7146, 7046, 7147, 7046, 7146, 7045, 7147, 7047, 7148, 7047, 7147, 7046, 7148, 5753, 7049, 5753, 7148, 7047, 7150, 7048, 7149, 7048, 7150, 7049, 7149, 7050, 7151, 7050, 7149, 7048, 7151, 7051, 7152, 7051, 7151, 7050, 7152, 7052, 7153, 7052, 7152, 7051, 7153, 7053, 7154, 7053, 7153, 7052, 7154, 7054, 7155, 7054, 7154, 7053, 7155, 7055, 7156, 7055, 7155, 7054, 7156, 7056, 7157, 7056, 7156, 7055, 7157, 7057, 7158, 7057, 7157, 7056, 7158, 7058, 7159, 7058, 7158, 7057, 7159, 7059, 7160, 7059, 7159, 7058, 7160, 7060, 7161, 7060, 7160, 7059, 7161, 7061, 7162, 7061, 7161, 7060, 7163, 7061, 7062, 7061, 7163, 7162, 7164, 7062, 7063, 7062, 7164, 7163, 7165, 7063, 7064, 7063, 7165, 7164, 7166, 7064, 7065, 7064, 7166, 7165, 7167, 7065, 7066, 7065, 7167, 7166, 7168, 7066, 7067, 7066, 7168, 7167, 7169, 7067, 7068, 7067, 7169, 7168, 7170, 7068, 7069, 7068, 7170, 7169, 7171, 7069, 7070, 7069, 7171, 7170, 7172, 7070, 7071, 7070, 7172, 7171, 7173, 7071, 7072, 7071, 7173, 7172, 7174, 7072, 7074, 7072, 7174, 7173, 7075, 7174, 7074, 7174, 7075, 7175, 7076, 7175, 7075, 7175, 7076, 7176, 7077, 7176, 7076, 7176, 7077, 7177, 7078, 7177, 7077, 7177, 7078, 7178, 7079, 7178, 7078, 7178, 7079, 7179, 7080, 7179, 7079, 7179, 7080, 7180, 7081, 7180, 7080, 7180, 7081, 7181, 7082, 7181, 7081, 7181, 7082, 7182, 7083, 7182, 7082, 7182, 7083, 7183, 7084, 7183, 7083, 7183, 7084, 7184, 7085, 7184, 7084, 7184, 7085, 7185, 7086, 7185, 7085, 7185, 7086, 7186, 7087, 7186, 7086, 7186, 7087, 7187, 7088, 7187, 7087, 7187, 7088, 7188, 7089, 7188, 7088, 7188, 7089, 7189, 7090, 7189, 7089, 7189, 7090, 7190, 7091, 7190, 7090, 7190, 7091, 7191, 7092, 7191, 7091, 7191, 7092, 7192, 7093, 7192, 7092, 7192, 7093, 7193, 7094, 7193, 7093, 7193, 7094, 7194, 7095, 7194, 7094, 7194, 7095, 7195, 7096, 7195, 7095, 7195, 7096, 7196, 7097, 7196, 7096, 7196, 7097, 7197, 7098, 7197, 7097, 7197, 7098, 7198, 7099, 7198, 7098, 7198, 7099, 7199, 7100, 7199, 7099, 7199, 7100, 7200, 7101, 7200, 7100, 7200, 7101, 7201, 7102, 7201, 7101, 7201, 7102, 7202, 7103, 7202, 7102, 7202, 7103, 7203, 7104, 7203, 7103, 7203, 7104, 7204, 7105, 7204, 7104, 7204, 7105, 7205, 7106, 7205, 7105, 7205, 7106, 7206, 7107, 7206, 7106, 7206, 7107, 7207, 7108, 7207, 7107, 7207, 7108, 7208, 7109, 7208, 7108, 7208, 7109, 7209, 7110, 7209, 7109, 7209, 7110, 7210, 7111, 7210, 7110, 7210, 7111, 7211, 7112, 7211, 7111, 7211, 7112, 7212, 7113, 7212, 7112, 7212, 7113, 7213, 7114, 7213, 7113, 7213, 7114, 7214, 7115, 7214, 7114, 7214, 7115, 7215, 7116, 7215, 7115, 7215, 7116, 7216, 7117, 7216, 7116, 7216, 7117, 7217, 7118, 7217, 7117, 7217, 7118, 7218, 7119, 7218, 7118, 7218, 7119, 7219, 7120, 7219, 7119, 7219, 7120, 7220, 7121, 7220, 7120, 7220, 7121, 7221, 7122, 7221, 7121, 7221, 7122, 7222, 7123, 7222, 7122, 7222, 7123, 7223, 7124, 7223, 7123, 7223, 7124, 7224, 7225, 7124, 7125, 7124, 7225, 7224, 7226, 7125, 7126, 7125, 7226, 7225, 7227, 7126, 7127, 7126, 7227, 7226, 7228, 7127, 7128, 7127, 7228, 7227, 7229, 7128, 7129, 7128, 7229, 7228, 7230, 7129, 7130, 7129, 7230, 7229, 7231, 7130, 7131, 7130, 7231, 7230, 7232, 7131, 7132, 7131, 7232, 7231, 7233, 7132, 7133, 7132, 7233, 7232, 7234, 7133, 7134, 7133, 7234, 7233, 7235, 7134, 7135, 7134, 7235, 7234, 7236, 7135, 7136, 7135, 7236, 7235, 7236, 7137, 7237, 7137, 7236, 7136, 7237, 7138, 7238, 7138, 7237, 7137, 7238, 7139, 7239, 7139, 7238, 7138, 7239, 7140, 7240, 7140, 7239, 7139, 7240, 7141, 7241, 7141, 7240, 7140, 7241, 7142, 7242, 7142, 7241, 7141, 7242, 7143, 7243, 7143, 7242, 7142, 7243, 7144, 7244, 7144, 7243, 7143, 7244, 7145, 7245, 7145, 7244, 7144, 7245, 7146, 7246, 7146, 7245, 7145, 7246, 7147, 7247, 7147, 7246, 7146, 7247, 7148, 7248, 7148, 7247, 7147, 7248, 7049, 7150, 7049, 7248, 7148, 7249, 7150, 7149, 7150, 7249, 7250, 7251, 7149, 7151, 7149, 7251, 7249, 7252, 7151, 7152, 7151, 7252, 7251, 7253, 7152, 7153, 7152, 7253, 7252, 7254, 7153, 7154, 7153, 7254, 7253, 7255, 7154, 7155, 7154, 7255, 7254, 7256, 7155, 7156, 7155, 7256, 7255, 7257, 7156, 7157, 7156, 7257, 7256, 7258, 7157, 7158, 7157, 7258, 7257, 7259, 7158, 7159, 7158, 7259, 7258, 7260, 7159, 7160, 7159, 7260, 7259, 7261, 7160, 7161, 7160, 7261, 7260, 7262, 7161, 7162, 7161, 7262, 7261, 7263, 7162, 7163, 7162, 7263, 7262, 7164, 7263, 7163, 7263, 7164, 7264, 7165, 7264, 7164, 7264, 7165, 7265, 7166, 7265, 7165, 7265, 7166, 7266, 7167, 7266, 7166, 7266, 7167, 7267, 7168, 7267, 7167, 7267, 7168, 7268, 7169, 7268, 7168, 7268, 7169, 7269, 7170, 7269, 7169, 7269, 7170, 7270, 7171, 7270, 7170, 7270, 7171, 7271, 7172, 7271, 7171, 7271, 7172, 7272, 7173, 7272, 7172, 7272, 7173, 7273, 7174, 7273, 7173, 7273, 7174, 7274, 7275, 7174, 7175, 7174, 7275, 7274, 7276, 7175, 7176, 7175, 7276, 7275, 7277, 7176, 7177, 7176, 7277, 7276, 7278, 7177, 7178, 7177, 7278, 7277, 7279, 7178, 7179, 7178, 7279, 7278, 7280, 7179, 7180, 7179, 7280, 7279, 7281, 7180, 7181, 7180, 7281, 7280, 7282, 7181, 7182, 7181, 7282, 7281, 7283, 7182, 7183, 7182, 7283, 7282, 7284, 7183, 7184, 7183, 7284, 7283, 7285, 7184, 7185, 7184, 7285, 7284, 7186, 7285, 7185, 7285, 7186, 7286, 7187, 7286, 7186, 7286, 7187, 7287, 7188, 7287, 7187, 7287, 7188, 7288, 7189, 7288, 7188, 7288, 7189, 7289, 7190, 7289, 7189, 7289, 7190, 7290, 7191, 7290, 7190, 7290, 7191, 7291, 7192, 7291, 7191, 7291, 7192, 7292, 7193, 7292, 7192, 7292, 7193, 7293, 7194, 7293, 7193, 7293, 7194, 7294, 7195, 7294, 7194, 7294, 7195, 7295, 7196, 7295, 7195, 7295, 7196, 7296, 7197, 7296, 7196, 7296, 7197, 7297, 7198, 7297, 7197, 7297, 7198, 7298, 7199, 7298, 7198, 7298, 7199, 7299, 7200, 7299, 7199, 7299, 7200, 7300, 7201, 7300, 7200, 7300, 7201, 7301, 7202, 7301, 7201, 7301, 7202, 7302, 7203, 7302, 7202, 7302, 7203, 7303, 7204, 7303, 7203, 7303, 7204, 7304, 7205, 7304, 7204, 7304, 7205, 7305, 7206, 7305, 7205, 7305, 7206, 7306, 7207, 7306, 7206, 7306, 7207, 7307, 7208, 7307, 7207, 7307, 7208, 7308, 7209, 7308, 7208, 7308, 7209, 7309, 7210, 7309, 7209, 7309, 7210, 7310, 7211, 7310, 7210, 7310, 7211, 7311, 7212, 7311, 7211, 7311, 7212, 7312, 7213, 7312, 7212, 7312, 7213, 7313, 7314, 7213, 7214, 7213, 7314, 7313, 7315, 7214, 7215, 7214, 7315, 7314, 7316, 7215, 7216, 7215, 7316, 7315, 7317, 7216, 7217, 7216, 7317, 7316, 7318, 7217, 7218, 7217, 7318, 7317, 7319, 7218, 7219, 7218, 7319, 7318, 7320, 7219, 7220, 7219, 7320, 7319, 7321, 7220, 7221, 7220, 7321, 7320, 7322, 7221, 7222, 7221, 7322, 7321, 7323, 7222, 7223, 7222, 7323, 7322, 7324, 7223, 7224, 7223, 7324, 7323, 7225, 7324, 7224, 7324, 7225, 7325, 7226, 7325, 7225, 7325, 7226, 7326, 7227, 7326, 7226, 7326, 7227, 7327, 7228, 7327, 7227, 7327, 7228, 7328, 7229, 7328, 7228, 7328, 7229, 7329, 7230, 7329, 7229, 7329, 7230, 7330, 7231, 7330, 7230, 7330, 7231, 7331, 7232, 7331, 7231, 7331, 7232, 7332, 7233, 7332, 7232, 7332, 7233, 7333, 7234, 7333, 7233, 7333, 7234, 7334, 7235, 7334, 7234, 7334, 7235, 7335, 7336, 7235, 7236, 7235, 7336, 7335, 7337, 7236, 7237, 7236, 7337, 7336, 7338, 7237, 7238, 7237, 7338, 7337, 7339, 7238, 7239, 7238, 7339, 7338, 7340, 7239, 7240, 7239, 7340, 7339, 7341, 7240, 7241, 7240, 7341, 7340, 7342, 7241, 7242, 7241, 7342, 7341, 7343, 7242, 7243, 7242, 7343, 7342, 7344, 7243, 7244, 7243, 7344, 7343, 7345, 7244, 7245, 7244, 7345, 7344, 7346, 7245, 7246, 7245, 7346, 7345, 7347, 7246, 7247, 7246, 7347, 7346, 7348, 7247, 7248, 7247, 7348, 7347, 7250, 7248, 7150, 7248, 7250, 7348, 7349, 7250, 7249, 7250, 7349, 7350, 7351, 7249, 7251, 7249, 7351, 7349, 7352, 7251, 7252, 7251, 7352, 7351, 7353, 7252, 7253, 7252, 7353, 7352, 7354, 7253, 7254, 7253, 7354, 7353, 7355, 7254, 7255, 7254, 7355, 7354, 7356, 7255, 7256, 7255, 7356, 7355, 7357, 7256, 7257, 7256, 7357, 7356, 7358, 7257, 7258, 7257, 7358, 7357, 7359, 7258, 7259, 7258, 7359, 7358, 7360, 7259, 7260, 7259, 7360, 7359, 7361, 7260, 7261, 7260, 7361, 7360, 7362, 7261, 7262, 7261, 7362, 7361, 7363, 7262, 7263, 7262, 7363, 7362, 7363, 7264, 7364, 7264, 7363, 7263, 7364, 7265, 7365, 7265, 7364, 7264, 7365, 7266, 7366, 7266, 7365, 7265, 7366, 7267, 7367, 7267, 7366, 7266, 7367, 7268, 7368, 7268, 7367, 7267, 7368, 7269, 7369, 7269, 7368, 7268, 7369, 7270, 7370, 7270, 7369, 7269, 7370, 7271, 7371, 7271, 7370, 7270, 7371, 7272, 7372, 7272, 7371, 7271, 7372, 7273, 7373, 7273, 7372, 7272, 7373, 7274, 7374, 7274, 7373, 7273, 7374, 7275, 7375, 7275, 7374, 7274, 7375, 7276, 7376, 7276, 7375, 7275, 7376, 7277, 7377, 7277, 7376, 7276, 7377, 7278, 7378, 7278, 7377, 7277, 7378, 7279, 7379, 7279, 7378, 7278, 7379, 7280, 7380, 7280, 7379, 7279, 7380, 7281, 7381, 7281, 7380, 7280, 7381, 7282, 7382, 7282, 7381, 7281, 7382, 7283, 7383, 7283, 7382, 7282, 7383, 7284, 7384, 7284, 7383, 7283, 7384, 7285, 7385, 7285, 7384, 7284, 7286, 7385, 7285, 7385, 7286, 7386, 7287, 7386, 7286, 7386, 7287, 7387, 7288, 7387, 7287, 7387, 7288, 7388, 7289, 7388, 7288, 7388, 7289, 7389, 7290, 7389, 7289, 7389, 7290, 7390, 7291, 7390, 7290, 7390, 7291, 7391, 7292, 7391, 7291, 7391, 7292, 7392, 7293, 7392, 7292, 7392, 7293, 7393, 7294, 7393, 7293, 7393, 7294, 7394, 7295, 7394, 7294, 7394, 7295, 7395, 7296, 7395, 7295, 7395, 7296, 7396, 7297, 7396, 7296, 7396, 7297, 7397, 7298, 7397, 7297, 7397, 7298, 7398, 7299, 7398, 7298, 7398, 7299, 7399, 7300, 7399, 7299, 7399, 7300, 7400, 7301, 7400, 7300, 7400, 7301, 7401, 7302, 7401, 7301, 7401, 7302, 7402, 7303, 7402, 7302, 7402, 7303, 7403, 7304, 7403, 7303, 7403, 7304, 7404, 7305, 7404, 7304, 7404, 7305, 7405, 7306, 7405, 7305, 7405, 7306, 7406, 7307, 7406, 7306, 7406, 7307, 7407, 7308, 7407, 7307, 7407, 7308, 7408, 7309, 7408, 7308, 7408, 7309, 7409, 7310, 7409, 7309, 7409, 7310, 7410, 7311, 7410, 7310, 7410, 7311, 7411, 7312, 7411, 7311, 7411, 7312, 7412, 7313, 7412, 7312, 7412, 7313, 7413, 7314, 7413, 7313, 7413, 7314, 7414, 7315, 7414, 7314, 7414, 7315, 7415, 7316, 7415, 7315, 7415, 7316, 7416, 7317, 7416, 7316, 7416, 7317, 7417, 7318, 7417, 7317, 7417, 7318, 7418, 7319, 7418, 7318, 7418, 7319, 7419, 7320, 7419, 7319, 7419, 7320, 7420, 7321, 7420, 7320, 7420, 7321, 7421, 7322, 7421, 7321, 7421, 7322, 7422, 7323, 7422, 7322, 7422, 7323, 7423, 7324, 7423, 7323, 7423, 7324, 7424, 7325, 7424, 7324, 7424, 7325, 7425, 7326, 7425, 7325, 7425, 7326, 7426, 7327, 7426, 7326, 7426, 7327, 7427, 7328, 7427, 7327, 7427, 7328, 7428, 7329, 7428, 7328, 7428, 7329, 7429, 7330, 7429, 7329, 7429, 7330, 7430, 7331, 7430, 7330, 7430, 7331, 7431, 7332, 7431, 7331, 7431, 7332, 7432, 7333, 7432, 7332, 7432, 7333, 7433, 7334, 7433, 7333, 7433, 7334, 7434, 7335, 7434, 7334, 7434, 7335, 7435, 7436, 7335, 7336, 7335, 7436, 7435, 7437, 7336, 7337, 7336, 7437, 7436, 7438, 7337, 7338, 7337, 7438, 7437, 7439, 7338, 7339, 7338, 7439, 7438, 7440, 7339, 7340, 7339, 7440, 7439, 7441, 7340, 7341, 7340, 7441, 7440, 7442, 7341, 7342, 7341, 7442, 7441, 7443, 7342, 7343, 7342, 7443, 7442, 7444, 7343, 7344, 7343, 7444, 7443, 7445, 7344, 7345, 7344, 7445, 7444, 7446, 7345, 7346, 7345, 7446, 7445, 7447, 7346, 7347, 7346, 7447, 7446, 7448, 7347, 7348, 7347, 7448, 7447, 7350, 7348, 7250, 7348, 7350, 7448, 7449, 7350, 7349, 7350, 7449, 7450, 7451, 7349, 7351, 7349, 7451, 7449, 7452, 7351, 7352, 7351, 7452, 7451, 7453, 7352, 7353, 7352, 7453, 7452, 7454, 7353, 7354, 7353, 7454, 7453, 7455, 7354, 7355, 7354, 7455, 7454, 7456, 7355, 7356, 7355, 7456, 7455, 7457, 7356, 7357, 7356, 7457, 7456, 7458, 7357, 7358, 7357, 7458, 7457, 7459, 7358, 7359, 7358, 7459, 7458, 7460, 7359, 7360, 7359, 7460, 7459, 7461, 7360, 7361, 7360, 7461, 7460, 7462, 7361, 7362, 7361, 7462, 7461, 7462, 7363, 7463, 7363, 7462, 7362, 7463, 7364, 7464, 7364, 7463, 7363, 7464, 7365, 7465, 7365, 7464, 7364, 7465, 7366, 7466, 7366, 7465, 7365, 7466, 7367, 7467, 7367, 7466, 7366, 7467, 7368, 7468, 7368, 7467, 7367, 7468, 7369, 7469, 7369, 7468, 7368, 7469, 7370, 7470, 7370, 7469, 7369, 7470, 7371, 7471, 7371, 7470, 7370, 7471, 7372, 7472, 7372, 7471, 7371, 7472, 7373, 7473, 7373, 7472, 7372, 7473, 7374, 7474, 7374, 7473, 7373, 7474, 7375, 7475, 7375, 7474, 7374, 7475, 7376, 7476, 7376, 7475, 7375, 7476, 7377, 7477, 7377, 7476, 7376, 7477, 7378, 7478, 7378, 7477, 7377, 7478, 7379, 7479, 7379, 7478, 7378, 7479, 7380, 7480, 7380, 7479, 7379, 7480, 7381, 7481, 7381, 7480, 7380, 7481, 7382, 7482, 7382, 7481, 7381, 7482, 7383, 7483, 7383, 7482, 7382, 7483, 7384, 7484, 7384, 7483, 7383, 7484, 7385, 7485, 7385, 7484, 7384, 7485, 7386, 7486, 7386, 7485, 7385, 7387, 7486, 7386, 7486, 7387, 7487, 7388, 7487, 7387, 7487, 7388, 7488, 7389, 7488, 7388, 7488, 7389, 7489, 7390, 7489, 7389, 7489, 7390, 7490, 7391, 7490, 7390, 7490, 7391, 7491, 7392, 7491, 7391, 7491, 7392, 7492, 7393, 7492, 7392, 7492, 7393, 7493, 7394, 7493, 7393, 7493, 7394, 7494, 7395, 7494, 7394, 7494, 7395, 7495, 7396, 7495, 7395, 7495, 7396, 7496, 7397, 7496, 7396, 7496, 7397, 7497, 7398, 7497, 7397, 7497, 7398, 7498, 7399, 7498, 7398, 7498, 7399, 7499, 7400, 7499, 7399, 7499, 7400, 7500, 7401, 7500, 7400, 7500, 7401, 7501, 7402, 7501, 7401, 7501, 7402, 7502, 7403, 7502, 7402, 7502, 7403, 7503, 7404, 7503, 7403, 7503, 7404, 7504, 7405, 7504, 7404, 7504, 7405, 7505, 7406, 7505, 7405, 7505, 7406, 7506, 7407, 7506, 7406, 7506, 7407, 7507, 7408, 7507, 7407, 7507, 7408, 7508, 7409, 7508, 7408, 7508, 7409, 7509, 7410, 7509, 7409, 7509, 7410, 7510, 7411, 7510, 7410, 7510, 7411, 7511, 7412, 7511, 7411, 7511, 7412, 7512, 7413, 7512, 7412, 7512, 7413, 7513, 7414, 7513, 7413, 7513, 7414, 7514, 7415, 7514, 7414, 7514, 7415, 7515, 7416, 7515, 7415, 7515, 7416, 7516, 7417, 7516, 7416, 7516, 7417, 7517, 7418, 7517, 7417, 7517, 7418, 7518, 7419, 7518, 7418, 7518, 7419, 7519, 7420, 7519, 7419, 7519, 7420, 7520, 7421, 7520, 7420, 7520, 7421, 7521, 7422, 7521, 7421, 7521, 7422, 7522, 7423, 7522, 7422, 7522, 7423, 7523, 7424, 7523, 7423, 7523, 7424, 7524, 7425, 7524, 7424, 7524, 7425, 7525, 7426, 7525, 7425, 7525, 7426, 7526, 7427, 7526, 7426, 7526, 7427, 7527, 7428, 7527, 7427, 7527, 7428, 7528, 7429, 7528, 7428, 7528, 7429, 7529, 7430, 7529, 7429, 7529, 7430, 7530, 7431, 7530, 7430, 7530, 7431, 7531, 7432, 7531, 7431, 7531, 7432, 7532, 7433, 7532, 7432, 7532, 7433, 7533, 7434, 7533, 7433, 7533, 7434, 7534, 7435, 7534, 7434, 7534, 7435, 7535, 7436, 7535, 7435, 7535, 7436, 7536, 7537, 7436, 7437, 7436, 7537, 7536, 7538, 7437, 7438, 7437, 7538, 7537, 7539, 7438, 7439, 7438, 7539, 7538, 7540, 7439, 7440, 7439, 7540, 7539, 7541, 7440, 7441, 7440, 7541, 7540, 7542, 7441, 7442, 7441, 7542, 7541, 7543, 7442, 7443, 7442, 7543, 7542, 7544, 7443, 7444, 7443, 7544, 7543, 7545, 7444, 7445, 7444, 7545, 7544, 7546, 7445, 7446, 7445, 7546, 7545, 7547, 7446, 7447, 7446, 7547, 7546, 7548, 7447, 7448, 7447, 7548, 7547, 7450, 7448, 7350, 7448, 7450, 7548, 7549, 7450, 7449, 7450, 7549, 7550, 7551, 7449, 7451, 7449, 7551, 7549, 7552, 7451, 7452, 7451, 7552, 7551, 7553, 7452, 7453, 7452, 7553, 7552, 7554, 7453, 7454, 7453, 7554, 7553, 7555, 7454, 7455, 7454, 7555, 7554, 7556, 7455, 7456, 7455, 7556, 7555, 7557, 7456, 7457, 7456, 7557, 7556, 7558, 7457, 7458, 7457, 7558, 7557, 7559, 7458, 7459, 7458, 7559, 7558, 7560, 7459, 7460, 7459, 7560, 7559, 7561, 7460, 7461, 7460, 7561, 7560, 7562, 7461, 7462, 7461, 7562, 7561, 7562, 7463, 7563, 7463, 7562, 7462, 7563, 7464, 7564, 7464, 7563, 7463, 7564, 7465, 7565, 7465, 7564, 7464, 7565, 7466, 7566, 7466, 7565, 7465, 7566, 7467, 7567, 7467, 7566, 7466, 7567, 7468, 7568, 7468, 7567, 7467, 7568, 7469, 7569, 7469, 7568, 7468, 7569, 7470, 7570, 7470, 7569, 7469, 7570, 7471, 7571, 7471, 7570, 7470, 7571, 7472, 7572, 7472, 7571, 7471, 7572, 7473, 7573, 7473, 7572, 7472, 7573, 7474, 7574, 7474, 7573, 7473, 7574, 7475, 7575, 7475, 7574, 7474, 7575, 7476, 7576, 7476, 7575, 7475, 7576, 7477, 7577, 7477, 7576, 7476, 7577, 7478, 7578, 7478, 7577, 7477, 7578, 7479, 7579, 7479, 7578, 7478, 7579, 7480, 7580, 7480, 7579, 7479, 7580, 7481, 7581, 7481, 7580, 7480, 7581, 7482, 7582, 7482, 7581, 7481, 7582, 7483, 7583, 7483, 7582, 7482, 7583, 7484, 7584, 7484, 7583, 7483, 7584, 7485, 7585, 7485, 7584, 7484, 7585, 7486, 7586, 7486, 7585, 7485, 7487, 7586, 7486, 7586, 7487, 7587, 7488, 7587, 7487, 7587, 7488, 7588, 7489, 7588, 7488, 7588, 7489, 7589, 7490, 7589, 7489, 7589, 7490, 7590, 7491, 7590, 7490, 7590, 7491, 7591, 7492, 7591, 7491, 7591, 7492, 7592, 7493, 7592, 7492, 7592, 7493, 7593, 7494, 7593, 7493, 7593, 7494, 7594, 7495, 7594, 7494, 7594, 7495, 7595, 7496, 7595, 7495, 7595, 7496, 7596, 7497, 7596, 7496, 7596, 7497, 7597, 7498, 7597, 7497, 7597, 7498, 7598, 7499, 7598, 7498, 7598, 7499, 7599, 7500, 7599, 7499, 7599, 7500, 7600, 7501, 7600, 7500, 7600, 7501, 7601, 7502, 7601, 7501, 7601, 7502, 7602, 7503, 7602, 7502, 7602, 7503, 7603, 7504, 7603, 7503, 7603, 7504, 7604, 7505, 7604, 7504, 7604, 7505, 7605, 7506, 7605, 7505, 7605, 7506, 7606, 7507, 7606, 7506, 7606, 7507, 7607, 7508, 7607, 7507, 7607, 7508, 7608, 7509, 7608, 7508, 7608, 7509, 7609, 7510, 7609, 7509, 7609, 7510, 7610, 7511, 7610, 7510, 7610, 7511, 7611, 7512, 7611, 7511, 7611, 7512, 7612, 7513, 7612, 7512, 7612, 7513, 7613, 7514, 7613, 7513, 7613, 7514, 7614, 7515, 7614, 7514, 7614, 7515, 7615, 7516, 7615, 7515, 7615, 7516, 7616, 7517, 7616, 7516, 7616, 7517, 7617, 7518, 7617, 7517, 7617, 7518, 7618, 7519, 7618, 7518, 7618, 7519, 7619, 7520, 7619, 7519, 7619, 7520, 7620, 7521, 7620, 7520, 7620, 7521, 7621, 7522, 7621, 7521, 7621, 7522, 7622, 7523, 7622, 7522, 7622, 7523, 7623, 7524, 7623, 7523, 7623, 7524, 7624, 7525, 7624, 7524, 7624, 7525, 7625, 7526, 7625, 7525, 7625, 7526, 7626, 7527, 7626, 7526, 7626, 7527, 7627, 7528, 7627, 7527, 7627, 7528, 7628, 7529, 7628, 7528, 7628, 7529, 7629, 7530, 7629, 7529, 7629, 7530, 7630, 7531, 7630, 7530, 7630, 7531, 7631, 7532, 7631, 7531, 7631, 7532, 7632, 7533, 7632, 7532, 7632, 7533, 7633, 7534, 7633, 7533, 7633, 7534, 7634, 7535, 7634, 7534, 7634, 7535, 7635, 7536, 7635, 7535, 7635, 7536, 7636, 7637, 7536, 7537, 7536, 7637, 7636, 7638, 7537, 7538, 7537, 7638, 7637, 7639, 7538, 7539, 7538, 7639, 7638, 7640, 7539, 7540, 7539, 7640, 7639, 7641, 7540, 7541, 7540, 7641, 7640, 7642, 7541, 7542, 7541, 7642, 7641, 7643, 7542, 7543, 7542, 7643, 7642, 7644, 7543, 7544, 7543, 7644, 7643, 7645, 7544, 7545, 7544, 7645, 7644, 7646, 7545, 7546, 7545, 7646, 7645, 7647, 7546, 7547, 7546, 7647, 7646, 7648, 7547, 7548, 7547, 7648, 7647, 7550, 7548, 7450, 7548, 7550, 7648, 7649, 7550, 7549, 7550, 7649, 7650, 7651, 7549, 7551, 7549, 7651, 7649, 7652, 7551, 7552, 7551, 7652, 7651, 7653, 7552, 7553, 7552, 7653, 7652, 7654, 7553, 7554, 7553, 7654, 7653, 7655, 7554, 7555, 7554, 7655, 7654, 7656, 7555, 7556, 7555, 7656, 7655, 7657, 7556, 7557, 7556, 7657, 7656, 7658, 7557, 7558, 7557, 7658, 7657, 7659, 7558, 7559, 7558, 7659, 7658, 7660, 7559, 7560, 7559, 7660, 7659, 7661, 7560, 7561, 7560, 7661, 7660, 7662, 7561, 7562, 7561, 7662, 7661, 7662, 7563, 7663, 7563, 7662, 7562, 7663, 7564, 7664, 7564, 7663, 7563, 7664, 7565, 7665, 7565, 7664, 7564, 7665, 7566, 7666, 7566, 7665, 7565, 7666, 7567, 7667, 7567, 7666, 7566, 7667, 7568, 7668, 7568, 7667, 7567, 7668, 7569, 7669, 7569, 7668, 7568, 7669, 7570, 7670, 7570, 7669, 7569, 7670, 7571, 7671, 7571, 7670, 7570, 7671, 7572, 7672, 7572, 7671, 7571, 7672, 7573, 7673, 7573, 7672, 7572, 7673, 7574, 7674, 7574, 7673, 7573, 7674, 7575, 7675, 7575, 7674, 7574, 7675, 7576, 7676, 7576, 7675, 7575, 7676, 7577, 7677, 7577, 7676, 7576, 7677, 7578, 7678, 7578, 7677, 7577, 7678, 7579, 7679, 7579, 7678, 7578, 7679, 7580, 7680, 7580, 7679, 7579, 7680, 7581, 7681, 7581, 7680, 7580, 7681, 7582, 7682, 7582, 7681, 7581, 7682, 7583, 7683, 7583, 7682, 7582, 7683, 7584, 7684, 7584, 7683, 7583, 7684, 7585, 7685, 7585, 7684, 7584, 7685, 7586, 7686, 7586, 7685, 7585, 7587, 7686, 7586, 7686, 7587, 7687, 7588, 7687, 7587, 7687, 7588, 7688, 7589, 7688, 7588, 7688, 7589, 7689, 7590, 7689, 7589, 7689, 7590, 7690, 7591, 7690, 7590, 7690, 7591, 7691, 7592, 7691, 7591, 7691, 7592, 7692, 7593, 7692, 7592, 7692, 7593, 7693, 7594, 7693, 7593, 7693, 7594, 7694, 7595, 7694, 7594, 7694, 7595, 7695, 7596, 7695, 7595, 7695, 7596, 7696, 7597, 7696, 7596, 7696, 7597, 7697, 7598, 7697, 7597, 7697, 7598, 7698, 7599, 7698, 7598, 7698, 7599, 7699, 7600, 7699, 7599, 7699, 7600, 7700, 7601, 7700, 7600, 7700, 7601, 7701, 7602, 7701, 7601, 7701, 7602, 7702, 7603, 7702, 7602, 7702, 7603, 7703, 7604, 7703, 7603, 7703, 7604, 7704, 7605, 7704, 7604, 7704, 7605, 7705, 7606, 7705, 7605, 7705, 7606, 7706, 7607, 7706, 7606, 7706, 7607, 7707, 7608, 7707, 7607, 7707, 7608, 7708, 7609, 7708, 7608, 7708, 7609, 7709, 7610, 7709, 7609, 7709, 7610, 7710, 7611, 7710, 7610, 7710, 7611, 7711, 7612, 7711, 7611, 7711, 7612, 7712, 7613, 7712, 7612, 7712, 7613, 7713, 7614, 7713, 7613, 7713, 7614, 7714, 7615, 7714, 7614, 7714, 7615, 7715, 7616, 7715, 7615, 7715, 7616, 7716, 7617, 7716, 7616, 7716, 7617, 7717, 7618, 7717, 7617, 7717, 7618, 7718, 7619, 7718, 7618, 7718, 7619, 7719, 7620, 7719, 7619, 7719, 7620, 7720, 7621, 7720, 7620, 7720, 7621, 7721, 7622, 7721, 7621, 7721, 7622, 7722, 7623, 7722, 7622, 7722, 7623, 7723, 7624, 7723, 7623, 7723, 7624, 7724, 7625, 7724, 7624, 7724, 7625, 7725, 7626, 7725, 7625, 7725, 7626, 7726, 7627, 7726, 7626, 7726, 7627, 7727, 7628, 7727, 7627, 7727, 7628, 7728, 7629, 7728, 7628, 7728, 7629, 7729, 7630, 7729, 7629, 7729, 7630, 7730, 7631, 7730, 7630, 7730, 7631, 7731, 7632, 7731, 7631, 7731, 7632, 7732, 7633, 7732, 7632, 7732, 7633, 7733, 7634, 7733, 7633, 7733, 7634, 7734, 7635, 7734, 7634, 7734, 7635, 7735, 7636, 7735, 7635, 7735, 7636, 7736, 7737, 7636, 7637, 7636, 7737, 7736, 7738, 7637, 7638, 7637, 7738, 7737, 7739, 7638, 7639, 7638, 7739, 7738, 7740, 7639, 7640, 7639, 7740, 7739, 7741, 7640, 7641, 7640, 7741, 7740, 7742, 7641, 7642, 7641, 7742, 7741, 7743, 7642, 7643, 7642, 7743, 7742, 7744, 7643, 7644, 7643, 7744, 7743, 7745, 7644, 7645, 7644, 7745, 7744, 7746, 7645, 7646, 7645, 7746, 7745, 7747, 7646, 7647, 7646, 7747, 7746, 7748, 7647, 7648, 7647, 7748, 7747, 7650, 7648, 7550, 7648, 7650, 7748, 0, 1, 2, 3, 4, 5, 6, 5, 4, 7, 8, 3, 4, 3, 8, 9, 10, 11, 12, 11, 10, 13, 9, 14, 11, 14, 9, 15, 16, 17, 18, 17, 16, 19, 15, 20, 17, 20, 15, 21, 22, 23, 24, 23, 22, 17, 18, 21, 22, 21, 18, 25, 26, 27, 28, 27, 26, 29, 30, 31, 32, 31, 30, 33, 29, 34, 31, 34, 29, 35, 3, 36, 5, 36, 3, 37, 7, 35, 3, 35, 7, 38, 39, 40, 41, 40, 39, 42, 38, 43, 40, 43, 38, 44, 45, 38, 39, 38, 45, 46, 44, 42, 38, 42, 44, 47, 48, 44, 45, 44, 48, 49, 48, 50, 47, 50, 48, 23, 24, 51, 52, 51, 24, 27, 28, 15, 16, 15, 28, 53, 27, 19, 15, 19, 27, 54, 25, 53, 27, 53, 25, 55, 47, 46, 44, 46, 47, 56, 49, 57, 50, 57, 49, 58, 59, 25, 26, 25, 59, 50, 47, 60, 55, 60, 47, 61, 21, 62, 23, 62, 21, 31, 32, 63, 64, 63, 32, 65, 66, 58, 59, 58, 66, 5, 6, 65, 66, 65, 6, 36, 5, 67, 65, 67, 5, 40, 41, 7, 8, 7, 41, 43, 40, 37, 7, 37, 40, 63, 64, 9, 10, 9, 64, 11, 12, 68, 69, 68, 12, 20, 17, 61, 21, 61, 17, 70, 63, 13, 9, 13, 63, 51, 52, 29, 30, 29, 52, 71, 58, 54, 25, 54, 58, 67, 65, 71, 58, 71, 65, 72, 51, 33, 29, 33, 51, 62, 23, 72, 51, 72, 23, 34, 31, 70, 63, 70, 31, 68, 69, 73, 74, 73, 69, 75, 76, 77, 78, 77, 76, 76, 79, 78, 80, 78, 79, 81, 82, 83, 84, 83, 82, 85, 81, 86, 83, 86, 81, 78, 80, 87, 88, 87, 80, 89, 90, 91, 92, 91, 90, 90, 93, 92, 94, 92, 93, 77, 78, 95, 87, 95, 78, 96, 97, 98, 99, 98, 97, 100, 96, 101, 98, 101, 96, 82, 102, 84, 103, 84, 102, 91, 92, 104, 105, 104, 92, 106, 107, 108, 109, 108, 107, 110, 106, 111, 108, 111, 106, 112, 113, 114, 115, 114, 113, 114, 115, 116, 117, 116, 115, 118, 89, 119, 91, 119, 89, 102, 118, 103, 119, 103, 118, 113, 120, 115, 121, 115, 120, 120, 110, 121, 111, 121, 110, 101, 98, 122, 123, 122, 98, 124, 75, 125, 77, 125, 75, 126, 124, 127, 125, 127, 124, 128, 129, 127, 126, 127, 129, 107, 130, 109, 131, 109, 130, 125, 77, 132, 95, 132, 77, 98, 99, 123, 133, 123, 99, 115, 121, 117, 134, 117, 121, 130, 100, 131, 101, 131, 100, 131, 101, 135, 122, 135, 101, 111, 108, 136, 137, 136, 108, 103, 119, 138, 139, 138, 119, 83, 84, 140, 141, 140, 84, 79, 85, 80, 86, 80, 85, 121, 111, 134, 136, 134, 111, 93, 112, 94, 114, 94, 112, 94, 114, 142, 116, 142, 114, 92, 94, 105, 142, 105, 94, 109, 131, 143, 135, 143, 131, 86, 83, 144, 140, 144, 83, 84, 103, 141, 138, 141, 103, 119, 91, 139, 104, 139, 91, 108, 109, 137, 143, 137, 109, 80, 86, 88, 144, 88, 86, 145, 146, 147, 148, 147, 146, 147, 148, 149, 150, 149, 148, 151, 152, 153, 154, 153, 152, 153, 154, 155, 156, 155, 154, 18, 153, 22, 155, 22, 153, 157, 158, 151, 152, 151, 158, 16, 151, 18, 153, 18, 151, 159, 160, 161, 162, 161, 160, 163, 164, 159, 160, 159, 164, 155, 156, 165, 166, 165, 156, 28, 157, 16, 151, 16, 157, 149, 150, 167, 168, 167, 150, 32, 149, 64, 167, 64, 149, 169, 170, 157, 158, 157, 170, 171, 172, 169, 170, 169, 172, 173, 174, 171, 172, 171, 174, 167, 168, 175, 176, 175, 168, 64, 167, 10, 175, 10, 167, 165, 166, 145, 146, 145, 166, 66, 173, 59, 171, 59, 173, 175, 176, 177, 178, 177, 176, 177, 178, 179, 163, 179, 178, 180, 181, 173, 174, 173, 181, 6, 180, 66, 173, 66, 180, 22, 155, 24, 165, 24, 155, 182, 183, 180, 181, 180, 183, 161, 162, 128, 129, 128, 162, 179, 163, 184, 159, 184, 163, 52, 145, 30, 147, 30, 145, 4, 182, 6, 180, 6, 182, 185, 186, 182, 183, 182, 186, 187, 188, 185, 186, 185, 188, 8, 185, 4, 182, 4, 185, 189, 161, 190, 128, 190, 161, 26, 169, 28, 157, 28, 169, 30, 147, 32, 149, 32, 147, 59, 171, 26, 169, 26, 171, 12, 177, 69, 179, 69, 177, 127, 125, 191, 132, 191, 125, 190, 128, 191, 127, 191, 128, 184, 159, 189, 161, 189, 159, 10, 175, 12, 177, 12, 175, 24, 165, 52, 145, 52, 165, 192, 193, 194, 195, 194, 193, 193, 196, 195, 197, 195, 196, 198, 199, 200, 201, 200, 199, 200, 201, 202, 203, 202, 201, 204, 205, 206, 207, 206, 205, 205, 208, 207, 209, 207, 208, 206, 207, 210, 211, 210, 207, 207, 209, 211, 212, 211, 209, 41, 187, 8, 185, 8, 187, 194, 195, 213, 214, 213, 195, 213, 214, 215, 216, 215, 214, 217, 218, 219, 220, 219, 218, 218, 221, 220, 222, 220, 221, 214, 223, 216, 224, 216, 223, 225, 226, 227, 228, 227, 226, 202, 203, 217, 218, 217, 203, 229, 230, 225, 226, 225, 230, 219, 220, 229, 230, 229, 220, 231, 232, 187, 188, 187, 232, 233, 234, 235, 236, 235, 234, 235, 236, 237, 238, 237, 236, 234, 239, 236, 240, 236, 239, 237, 238, 241, 242, 241, 238, 236, 240, 238, 243, 238, 240, 210, 211, 192, 193, 192, 211, 227, 228, 204, 205, 204, 228, 211, 212, 193, 196, 193, 212, 39, 231, 41, 187, 41, 231, 199, 198, 244, 245, 244, 198, 244, 245, 231, 232, 231, 245, 228, 246, 205, 208, 205, 246, 215, 216, 233, 234, 233, 216, 216, 224, 234, 239, 234, 224, 203, 56, 218, 221, 218, 56, 195, 197, 214, 223, 214, 197, 201, 49, 203, 56, 203, 49, 230, 247, 226, 248, 226, 247, 199, 48, 201, 49, 201, 48, 226, 248, 228, 246, 228, 248, 45, 244, 39, 231, 39, 244, 48, 199, 45, 244, 45, 199, 220, 222, 230, 247, 230, 222, 249, 250, 251, 252, 251, 250, 253, 254, 255, 256, 255, 254, 257, 258, 253, 254, 253, 258, 255, 256, 259, 260, 259, 256, 251, 252, 261, 262, 261, 252, 261, 262, 263, 264, 263, 262, 241, 242, 265, 266, 265, 242, 242, 267, 266, 268, 266, 267, 269, 270, 271, 272, 271, 270, 273, 274, 275, 276, 275, 274, 271, 272, 273, 274, 273, 272, 277, 278, 257, 258, 257, 278, 278, 279, 258, 280, 258, 279, 259, 260, 269, 270, 269, 260, 281, 282, 283, 284, 283, 282, 283, 284, 285, 286, 285, 284, 282, 287, 284, 288, 284, 287, 265, 266, 289, 290, 289, 266, 291, 292, 281, 282, 281, 292, 292, 293, 282, 287, 282, 293, 254, 294, 256, 295, 256, 294, 296, 297, 249, 250, 249, 297, 298, 299, 300, 301, 300, 299, 284, 288, 286, 302, 286, 288, 299, 303, 301, 304, 301, 303, 289, 290, 298, 299, 298, 290, 300, 301, 291, 292, 291, 301, 285, 286, 277, 278, 277, 286, 286, 302, 278, 279, 278, 302, 272, 305, 274, 306, 274, 305, 275, 276, 296, 297, 296, 276, 250, 307, 252, 308, 252, 307, 290, 309, 299, 303, 299, 309, 256, 295, 260, 310, 260, 295, 238, 243, 242, 267, 242, 243, 260, 310, 270, 311, 270, 310, 270, 311, 272, 305, 272, 311, 274, 306, 276, 312, 276, 306, 276, 312, 297, 313, 297, 312, 258, 280, 254, 294, 254, 280, 266, 268, 290, 309, 290, 268, 301, 304, 292, 293, 292, 304, 297, 313, 250, 307, 250, 313, 99, 314, 133, 315, 133, 314, 133, 315, 316, 317, 316, 315, 318, 319, 320, 321, 320, 319, 322, 323, 318, 319, 318, 323, 123, 133, 324, 316, 324, 133, 320, 321, 325, 326, 325, 321, 327, 328, 329, 330, 329, 328, 328, 331, 330, 332, 330, 331, 252, 308, 262, 333, 262, 308, 334, 335, 336, 337, 336, 335, 336, 337, 327, 328, 327, 337, 323, 338, 319, 339, 319, 338, 135, 122, 340, 341, 340, 122, 342, 343, 334, 335, 334, 343, 137, 143, 344, 345, 344, 143, 136, 137, 346, 344, 346, 137, 347, 348, 322, 323, 322, 348, 348, 349, 323, 338, 323, 349, 337, 350, 328, 331, 328, 350, 329, 330, 347, 348, 347, 330, 330, 332, 348, 349, 348, 332, 263, 264, 342, 343, 342, 264, 314, 351, 315, 352, 315, 351, 315, 352, 317, 353, 317, 352, 122, 123, 341, 324, 341, 123, 262, 333, 264, 354, 264, 333, 134, 136, 355, 346, 355, 136, 351, 325, 352, 326, 352, 325, 335, 356, 337, 350, 337, 356, 319, 339, 321, 357, 321, 339, 143, 135, 345, 340, 345, 135, 343, 358, 335, 356, 335, 358, 352, 326, 353, 359, 353, 326, 264, 354, 343, 358, 343, 354, 321, 357, 326, 359, 326, 357, 117, 134, 360, 355, 360, 134, 139, 104, 361, 362, 361, 104, 142, 116, 363, 364, 363, 116, 95, 87, 365, 366, 365, 87, 87, 88, 366, 367, 366, 88, 74, 184, 368, 189, 368, 184, 69, 179, 74, 184, 74, 179, 140, 141, 369, 370, 369, 141, 141, 138, 370, 371, 370, 138, 144, 140, 372, 369, 372, 140, 105, 142, 373, 363, 373, 142, 191, 132, 374, 375, 374, 132, 132, 95, 375, 365, 375, 95, 138, 139, 371, 361, 371, 139, 116, 117, 364, 360, 364, 117, 88, 144, 367, 372, 367, 144, 104, 105, 362, 373, 362, 105, 376, 190, 374, 191, 374, 190, 368, 189, 376, 190, 376, 189, 212, 209, 377, 378, 377, 209, 222, 221, 379, 380, 379, 221, 197, 196, 381, 382, 381, 196, 209, 208, 378, 383, 378, 208, 239, 224, 384, 385, 384, 224, 303, 309, 386, 387, 386, 309, 304, 303, 388, 386, 388, 303, 293, 304, 389, 388, 389, 304, 287, 293, 390, 389, 390, 293, 247, 222, 391, 379, 391, 222, 267, 243, 392, 393, 392, 243, 268, 267, 394, 392, 394, 267, 223, 197, 395, 381, 395, 197, 246, 248, 396, 397, 396, 248, 221, 56, 380, 57, 380, 56, 248, 247, 397, 391, 397, 247, 196, 212, 382, 377, 382, 212, 240, 239, 398, 384, 398, 239, 243, 240, 393, 398, 393, 240, 224, 223, 385, 395, 385, 223, 309, 268, 387, 394, 387, 268, 208, 246, 383, 396, 383, 246, 288, 399, 302, 400, 302, 399, 302, 400, 279, 401, 279, 400, 312, 402, 313, 403, 313, 402, 295, 404, 310, 405, 310, 404, 308, 406, 333, 407, 333, 406, 313, 403, 307, 408, 307, 403, 279, 401, 280, 409, 280, 401, 333, 407, 354, 410, 354, 407, 354, 410, 358, 411, 358, 410, 307, 408, 308, 406, 308, 408, 288, 287, 399, 390, 399, 287, 310, 405, 311, 412, 311, 405, 350, 413, 331, 414, 331, 413, 280, 409, 294, 415, 294, 409, 356, 416, 350, 413, 350, 416, 331, 414, 332, 417, 332, 414, 358, 411, 356, 416, 356, 411, 294, 415, 295, 404, 295, 415, 311, 412, 305, 418, 305, 412, 305, 418, 306, 419, 306, 418, 306, 419, 312, 402, 312, 419, 373, 420, 362, 421, 362, 420, 332, 417, 349, 422, 349, 417, 359, 423, 353, 424, 353, 423, 341, 425, 340, 426, 340, 425, 338, 427, 339, 428, 339, 427, 360, 429, 364, 430, 364, 429, 340, 426, 345, 431, 345, 426, 345, 431, 344, 432, 344, 431, 364, 430, 363, 433, 363, 430, 362, 421, 361, 434, 361, 421, 316, 435, 324, 436, 324, 435, 355, 437, 360, 429, 360, 437, 363, 433, 373, 420, 373, 433, 324, 436, 341, 425, 341, 436, 339, 428, 357, 438, 357, 428, 344, 432, 346, 439, 346, 432, 346, 439, 355, 437, 355, 439, 353, 424, 317, 440, 317, 424, 349, 422, 338, 427, 338, 422, 317, 440, 316, 435, 316, 440, 357, 438, 359, 423, 359, 438, 375, 441, 374, 442, 374, 441, 443, 376, 442, 374, 442, 376, 444, 368, 443, 376, 443, 368, 365, 445, 375, 441, 375, 445, 371, 446, 370, 447, 370, 446, 73, 74, 444, 368, 444, 74, 366, 448, 365, 445, 365, 448, 372, 449, 367, 450, 367, 449, 14, 11, 451, 68, 451, 11, 370, 447, 369, 452, 369, 447, 369, 452, 372, 449, 372, 452, 367, 450, 366, 448, 366, 450, 361, 434, 371, 446, 371, 434, 453, 454, 455, 456, 455, 454, 457, 458, 453, 454, 453, 458, 459, 460, 461, 462, 461, 460, 463, 464, 459, 460, 459, 464, 465, 466, 467, 468, 467, 466, 466, 469, 468, 470, 468, 469, 458, 471, 454, 472, 454, 471, 473, 474, 475, 476, 475, 474, 477, 478, 479, 480, 479, 478, 481, 482, 483, 484, 483, 482, 455, 456, 485, 486, 485, 456, 456, 487, 486, 488, 486, 487, 489, 465, 490, 467, 490, 465, 491, 489, 492, 490, 492, 489, 493, 494, 491, 489, 491, 494, 469, 473, 470, 475, 470, 473, 460, 491, 462, 492, 462, 491, 495, 496, 477, 478, 477, 496, 497, 498, 499, 500, 499, 498, 484, 482, 497, 498, 497, 482, 501, 481, 502, 483, 502, 481, 503, 504, 501, 481, 501, 504, 505, 506, 465, 466, 465, 506, 507, 459, 508, 461, 508, 459, 509, 463, 507, 459, 507, 463, 485, 486, 510, 511, 510, 486, 506, 512, 466, 469, 466, 512, 474, 477, 476, 479, 476, 477, 478, 501, 480, 502, 480, 501, 499, 500, 513, 514, 513, 500, 513, 514, 457, 458, 457, 514, 454, 472, 456, 487, 456, 472, 515, 495, 474, 477, 474, 495, 514, 516, 458, 471, 458, 516, 512, 517, 469, 473, 469, 517, 464, 493, 460, 491, 460, 493, 494, 505, 489, 465, 489, 505, 517, 515, 473, 474, 473, 515, 496, 503, 478, 501, 478, 503, 504, 518, 481, 482, 481, 518, 498, 519, 500, 520, 500, 519, 521, 507, 522, 508, 522, 507, 518, 519, 482, 498, 482, 519, 500, 520, 514, 516, 514, 520, 523, 524, 525, 526, 525, 524, 524, 527, 526, 528, 526, 527, 525, 526, 529, 530, 529, 526, 531, 532, 533, 534, 533, 532, 533, 534, 535, 536, 535, 534, 537, 538, 539, 540, 539, 538, 527, 537, 528, 539, 528, 537, 541, 542, 543, 544, 543, 542, 543, 544, 545, 546, 545, 544, 547, 548, 549, 550, 549, 548, 510, 511, 551, 552, 551, 511, 511, 553, 552, 554, 552, 553, 555, 556, 557, 558, 557, 556, 559, 557, 560, 558, 560, 557, 560, 558, 561, 562, 561, 558, 563, 541, 564, 543, 564, 541, 532, 523, 534, 525, 534, 523, 565, 531, 566, 533, 566, 531, 567, 568, 547, 548, 547, 568, 569, 570, 567, 568, 567, 570, 571, 572, 564, 563, 564, 572, 573, 569, 574, 567, 574, 569, 551, 552, 555, 556, 555, 552, 538, 559, 540, 560, 540, 559, 539, 540, 575, 576, 575, 540, 552, 554, 556, 577, 556, 554, 549, 550, 571, 572, 571, 550, 528, 539, 578, 575, 578, 539, 579, 564, 545, 543, 545, 564, 580, 571, 579, 564, 579, 571, 581, 547, 582, 549, 582, 547, 583, 584, 569, 570, 569, 584, 585, 586, 583, 584, 583, 586, 542, 565, 544, 566, 544, 565, 574, 567, 581, 547, 581, 567, 486, 488, 511, 553, 511, 488, 556, 577, 558, 562, 558, 577, 526, 528, 530, 578, 530, 528, 534, 525, 536, 529, 536, 525, 566, 533, 587, 535, 587, 533, 582, 549, 580, 571, 580, 549, 544, 566, 546, 587, 546, 566, 540, 560, 576, 561, 576, 560, 588, 589, 590, 591, 590, 589, 590, 591, 592, 593, 592, 591, 594, 595, 585, 586, 585, 595, 596, 594, 597, 585, 597, 594, 598, 599, 600, 601, 600, 599, 602, 598, 603, 600, 603, 598, 604, 605, 606, 607, 606, 605, 606, 607, 608, 609, 608, 607, 610, 611, 588, 589, 588, 611, 612, 610, 613, 588, 613, 610, 614, 615, 616, 617, 616, 615, 618, 614, 619, 616, 619, 614, 620, 621, 604, 605, 604, 621, 622, 604, 623, 606, 623, 604, 624, 625, 620, 621, 620, 625, 626, 627, 624, 625, 624, 627, 628, 624, 629, 620, 629, 624, 630, 631, 626, 627, 626, 631, 632, 633, 630, 631, 630, 633, 634, 630, 635, 626, 635, 630, 592, 593, 614, 615, 614, 593, 608, 609, 598, 599, 598, 609, 636, 608, 602, 598, 602, 608, 637, 590, 638, 592, 638, 590, 635, 626, 628, 624, 628, 626, 639, 640, 632, 633, 632, 640, 616, 617, 594, 595, 594, 617, 619, 616, 596, 594, 596, 616, 597, 585, 641, 583, 641, 585, 600, 601, 642, 643, 642, 601, 642, 643, 610, 611, 610, 643, 644, 642, 612, 610, 612, 642, 638, 592, 618, 614, 618, 592, 629, 620, 622, 604, 622, 620, 613, 588, 637, 590, 637, 588, 603, 600, 644, 642, 644, 600, 623, 606, 636, 608, 636, 606, 641, 583, 573, 569, 573, 583, 645, 646, 494, 505, 494, 646, 647, 648, 504, 518, 504, 648, 520, 649, 516, 650, 516, 649, 488, 651, 553, 652, 553, 651, 471, 653, 472, 654, 472, 653, 487, 655, 488, 651, 488, 655, 553, 652, 554, 656, 554, 652, 657, 645, 493, 494, 493, 645, 658, 659, 512, 517, 512, 659, 518, 648, 519, 660, 519, 648, 661, 657, 464, 493, 464, 657, 662, 647, 503, 504, 503, 647, 659, 663, 517, 515, 517, 663, 664, 658, 506, 512, 506, 658, 665, 666, 495, 496, 495, 666, 519, 660, 520, 649, 520, 660, 516, 650, 471, 653, 471, 650, 663, 665, 515, 495, 515, 665, 472, 654, 487, 655, 487, 654, 646, 664, 505, 506, 505, 664, 666, 662, 496, 503, 496, 662, 667, 668, 669, 670, 669, 668, 671, 669, 672, 670, 672, 669, 673, 674, 675, 676, 675, 674, 677, 675, 678, 676, 678, 675, 679, 639, 680, 632, 680, 639, 681, 682, 683, 684, 683, 682, 682, 685, 684, 686, 684, 685, 680, 632, 634, 630, 634, 632, 687, 688, 689, 690, 689, 688, 691, 687, 668, 689, 668, 687, 692, 683, 693, 684, 693, 683, 694, 695, 696, 697, 696, 695, 681, 683, 698, 699, 698, 683, 700, 701, 702, 703, 702, 701, 702, 703, 704, 705, 704, 703, 698, 699, 694, 695, 694, 699, 696, 697, 706, 707, 706, 697, 708, 707, 709, 697, 709, 707, 674, 710, 676, 711, 676, 710, 710, 667, 711, 669, 711, 667, 704, 705, 712, 713, 712, 705, 714, 705, 715, 703, 715, 705, 706, 707, 700, 701, 700, 707, 693, 684, 716, 686, 716, 684, 685, 717, 686, 718, 686, 717, 716, 686, 719, 718, 719, 686, 720, 695, 721, 699, 721, 695, 722, 711, 671, 669, 671, 711, 688, 723, 690, 724, 690, 723, 678, 676, 722, 711, 722, 676, 689, 690, 725, 726, 725, 690, 727, 701, 708, 707, 708, 701, 715, 703, 727, 701, 727, 703, 712, 713, 728, 729, 728, 713, 730, 713, 714, 705, 714, 713, 668, 689, 670, 725, 670, 689, 721, 699, 692, 683, 692, 699, 717, 673, 718, 675, 718, 673, 709, 697, 720, 695, 720, 697, 724, 723, 639, 640, 639, 723, 719, 718, 677, 675, 677, 718, 731, 724, 679, 639, 679, 724, 726, 690, 731, 724, 731, 690, 732, 733, 734, 735, 734, 733, 736, 737, 738, 739, 738, 737, 740, 741, 732, 733, 732, 741, 733, 742, 735, 521, 735, 742, 743, 744, 509, 463, 509, 744, 745, 746, 747, 748, 747, 746, 749, 748, 750, 746, 750, 748, 751, 752, 753, 754, 753, 752, 752, 755, 754, 756, 754, 755, 744, 661, 463, 464, 463, 661, 742, 509, 521, 507, 521, 509, 737, 751, 739, 753, 739, 751, 728, 729, 745, 746, 745, 729, 757, 758, 737, 751, 737, 758, 748, 759, 747, 760, 747, 759, 761, 762, 763, 764, 763, 762, 765, 757, 736, 737, 736, 757, 762, 736, 764, 738, 764, 736, 766, 729, 730, 713, 730, 729, 758, 767, 751, 752, 751, 767, 768, 732, 769, 734, 769, 732, 759, 761, 760, 763, 760, 761, 755, 770, 756, 771, 756, 770, 770, 768, 771, 769, 771, 768, 767, 772, 752, 755, 752, 772, 772, 773, 755, 770, 755, 773, 774, 775, 759, 761, 759, 775, 750, 746, 766, 729, 766, 746, 774, 759, 749, 748, 749, 759, 775, 776, 761, 762, 761, 776, 773, 777, 770, 768, 770, 777, 777, 740, 768, 732, 768, 740, 741, 778, 733, 742, 733, 778, 778, 743, 742, 509, 742, 743, 776, 765, 762, 736, 762, 765, 779, 780, 781, 782, 781, 780, 781, 782, 783, 784, 783, 782, 785, 786, 787, 788, 787, 786, 789, 785, 790, 787, 790, 785, 779, 791, 780, 792, 780, 791, 793, 794, 779, 791, 779, 794, 780, 681, 782, 698, 782, 681, 791, 789, 792, 790, 792, 789, 795, 796, 797, 691, 797, 796, 796, 798, 691, 687, 691, 798, 799, 795, 800, 797, 800, 795, 801, 799, 802, 800, 802, 799, 802, 800, 674, 710, 674, 800, 787, 788, 717, 673, 717, 788, 797, 691, 667, 668, 667, 691, 793, 779, 803, 781, 803, 779, 803, 781, 804, 783, 804, 781, 805, 806, 801, 799, 801, 806, 786, 801, 788, 802, 788, 801, 788, 802, 673, 674, 673, 802, 783, 784, 807, 808, 807, 784, 800, 797, 710, 667, 710, 797, 809, 810, 795, 796, 795, 810, 811, 805, 786, 801, 786, 805, 806, 809, 799, 795, 799, 809, 790, 787, 685, 717, 685, 787, 792, 790, 682, 685, 682, 790, 812, 811, 785, 786, 785, 811, 813, 812, 789, 785, 789, 812, 794, 813, 791, 789, 791, 813, 780, 792, 681, 682, 681, 792, 814, 815, 816, 817, 816, 815, 815, 745, 817, 747, 817, 745, 816, 817, 818, 819, 818, 817, 817, 747, 819, 760, 819, 747, 819, 820, 818, 821, 818, 820, 760, 763, 819, 820, 819, 763, 822, 823, 824, 825, 824, 823, 807, 808, 822, 823, 822, 808, 826, 807, 827, 822, 827, 807, 828, 829, 830, 831, 830, 829, 832, 828, 833, 830, 833, 828, 830, 831, 834, 835, 834, 831, 833, 830, 836, 834, 836, 830, 834, 835, 837, 838, 837, 835, 835, 712, 838, 728, 838, 712, 818, 821, 839, 840, 839, 821, 827, 822, 841, 824, 841, 822, 836, 834, 842, 837, 842, 834, 808, 696, 823, 706, 823, 696, 824, 825, 828, 829, 828, 825, 804, 783, 826, 807, 826, 783, 829, 702, 831, 704, 831, 702, 837, 838, 814, 815, 814, 838, 838, 728, 815, 745, 815, 728, 841, 824, 832, 828, 832, 824, 816, 818, 843, 839, 843, 818, 782, 698, 784, 694, 784, 698, 784, 694, 808, 696, 808, 694, 820, 844, 821, 845, 821, 844, 823, 706, 825, 700, 825, 706, 831, 704, 835, 712, 835, 704, 842, 837, 846, 814, 846, 837, 825, 700, 829, 702, 829, 700, 846, 814, 843, 816, 843, 814, 847, 848, 849, 850, 849, 848, 738, 739, 847, 848, 847, 739, 851, 852, 853, 854, 853, 852, 855, 851, 856, 853, 856, 851, 857, 858, 859, 860, 859, 858, 859, 860, 861, 862, 861, 860, 754, 756, 851, 852, 851, 756, 856, 853, 863, 864, 863, 853, 865, 857, 866, 859, 866, 857, 769, 734, 857, 858, 857, 734, 853, 854, 864, 867, 864, 854, 849, 850, 868, 869, 868, 850, 848, 855, 850, 856, 850, 855, 739, 753, 848, 855, 848, 753, 858, 870, 860, 871, 860, 870, 860, 871, 862, 872, 862, 871, 753, 754, 855, 851, 855, 754, 866, 859, 873, 861, 873, 859, 870, 522, 871, 874, 871, 522, 734, 735, 858, 870, 858, 735, 852, 865, 854, 866, 854, 865, 821, 845, 840, 875, 840, 845, 844, 847, 845, 849, 845, 847, 845, 849, 875, 868, 875, 849, 850, 856, 869, 863, 869, 856, 522, 508, 874, 876, 874, 508, 764, 738, 844, 847, 844, 738, 756, 771, 852, 865, 852, 771, 854, 866, 867, 873, 867, 866, 771, 769, 865, 857, 865, 769, 735, 521, 870, 522, 870, 521, 874, 876, 877, 878, 877, 876, 508, 461, 876, 879, 876, 461, 763, 764, 820, 844, 820, 764, 871, 874, 872, 877, 872, 874, 468, 470, 880, 881, 880, 470, 470, 475, 881, 882, 881, 475, 475, 476, 882, 883, 882, 476, 476, 479, 883, 884, 883, 479, 883, 884, 885, 886, 885, 884, 479, 480, 884, 887, 884, 480, 884, 887, 886, 888, 886, 887, 876, 879, 878, 889, 878, 879, 490, 467, 890, 891, 890, 467, 492, 490, 892, 890, 892, 490, 480, 502, 887, 893, 887, 502, 502, 483, 893, 894, 893, 483, 893, 894, 895, 896, 895, 894, 897, 484, 898, 497, 898, 484, 899, 897, 900, 898, 900, 897, 901, 499, 902, 513, 902, 499, 898, 497, 901, 499, 901, 497, 890, 891, 903, 904, 903, 891, 483, 484, 894, 897, 894, 484, 462, 492, 905, 892, 905, 492, 461, 462, 879, 905, 879, 462, 467, 468, 891, 880, 891, 468, 881, 882, 906, 907, 906, 882, 891, 880, 904, 908, 904, 880, 905, 892, 909, 910, 909, 892, 892, 890, 910, 903, 910, 890, 882, 883, 907, 885, 907, 883, 879, 905, 889, 909, 889, 905, 880, 881, 908, 906, 908, 881, 894, 897, 896, 899, 896, 897, 887, 893, 888, 895, 888, 893, 900, 898, 911, 901, 911, 898, 902, 513, 912, 457, 912, 513, 913, 902, 914, 912, 914, 902, 915, 455, 916, 485, 916, 455, 917, 915, 918, 916, 918, 915, 919, 510, 920, 551, 920, 510, 920, 551, 921, 555, 921, 551, 922, 453, 915, 455, 915, 453, 911, 901, 913, 902, 913, 901, 912, 457, 922, 453, 922, 457, 916, 485, 919, 510, 919, 485, 918, 916, 923, 919, 923, 916, 914, 912, 924, 922, 924, 912, 923, 919, 925, 920, 925, 919, 924, 922, 917, 915, 917, 922, 572, 926, 563, 927, 563, 926, 928, 929, 523, 524, 523, 929, 930, 931, 531, 532, 531, 931, 932, 930, 565, 531, 565, 930, 933, 934, 541, 542, 541, 934, 934, 932, 542, 565, 542, 932, 935, 936, 934, 932, 934, 936, 550, 937, 572, 926, 572, 937, 584, 938, 570, 939, 570, 938, 570, 939, 568, 940, 568, 939, 941, 935, 933, 934, 933, 935, 548, 942, 550, 937, 550, 942, 942, 943, 937, 944, 937, 943, 586, 945, 584, 938, 584, 945, 568, 940, 548, 942, 548, 940, 926, 946, 927, 947, 927, 946, 595, 948, 586, 945, 586, 948, 617, 949, 595, 948, 595, 949, 929, 950, 524, 527, 524, 950, 927, 933, 563, 541, 563, 933, 951, 952, 928, 929, 928, 952, 931, 928, 532, 523, 532, 928, 953, 951, 931, 928, 931, 951, 945, 954, 938, 955, 938, 954, 936, 956, 932, 930, 932, 956, 927, 947, 933, 941, 933, 947, 937, 944, 926, 946, 926, 944, 940, 957, 942, 943, 942, 957, 939, 958, 940, 957, 940, 958, 956, 953, 930, 931, 930, 953, 938, 955, 939, 958, 939, 955, 948, 959, 945, 954, 945, 959, 949, 960, 948, 959, 948, 960, 961, 962, 537, 538, 537, 962, 950, 961, 527, 537, 527, 961, 952, 963, 929, 950, 929, 963, 921, 555, 964, 557, 964, 555, 962, 965, 538, 559, 538, 965, 925, 920, 966, 921, 966, 920, 965, 964, 559, 557, 559, 964, 967, 968, 961, 962, 961, 968, 966, 921, 969, 964, 969, 921, 968, 970, 962, 965, 962, 970, 963, 967, 950, 961, 950, 967, 970, 969, 965, 964, 965, 969, 589, 971, 591, 972, 591, 971, 599, 973, 601, 974, 601, 973, 973, 975, 974, 976, 974, 975, 609, 977, 599, 973, 599, 977, 977, 978, 973, 975, 973, 978, 601, 974, 643, 979, 643, 974, 605, 980, 607, 981, 607, 980, 621, 982, 605, 980, 605, 982, 615, 983, 617, 949, 617, 983, 982, 984, 980, 985, 980, 984, 625, 986, 621, 982, 621, 986, 627, 987, 625, 986, 625, 987, 611, 988, 589, 971, 589, 988, 987, 989, 986, 990, 986, 989, 643, 979, 611, 988, 611, 979, 979, 991, 988, 992, 988, 991, 974, 976, 979, 991, 979, 976, 593, 993, 615, 983, 615, 993, 607, 981, 609, 977, 609, 981, 981, 994, 977, 978, 977, 994, 631, 995, 627, 987, 627, 995, 633, 996, 631, 995, 631, 996, 986, 990, 982, 984, 982, 990, 995, 997, 987, 989, 987, 997, 980, 985, 981, 994, 981, 985, 591, 972, 593, 993, 593, 972, 972, 998, 993, 999, 993, 998, 996, 1000, 995, 997, 995, 1000, 988, 992, 971, 1001, 971, 992, 983, 1002, 949, 960, 949, 1002, 971, 1001, 972, 998, 972, 1001, 993, 999, 983, 1002, 983, 999, 798, 1003, 687, 688, 687, 1003, 1003, 1004, 688, 723, 688, 1004, 723, 1004, 640, 1005, 640, 1004, 1006, 1007, 1003, 1004, 1003, 1007, 640, 1005, 633, 996, 633, 1005, 1008, 1006, 798, 1003, 798, 1006, 1005, 1009, 996, 1000, 996, 1009, 810, 1008, 796, 798, 796, 1008, 1004, 1007, 1005, 1009, 1005, 1007, 1010, 296, 1011, 249, 1011, 296, 1011, 249, 1012, 251, 1012, 249, 1013, 269, 1014, 271, 1014, 269, 1015, 275, 1010, 296, 1010, 275, 1016, 261, 1017, 263, 1017, 261, 1018, 342, 1019, 334, 1019, 342, 1020, 336, 1021, 327, 1021, 336, 1022, 322, 1023, 318, 1023, 322, 1023, 318, 1024, 320, 1024, 318, 1025, 1024, 325, 320, 325, 1024, 1026, 1025, 351, 325, 351, 1025, 1027, 1026, 314, 351, 314, 1026, 1017, 263, 1018, 342, 1018, 263, 1028, 329, 1029, 347, 1029, 329, 1029, 347, 1022, 322, 1022, 347, 1014, 271, 1030, 273, 1030, 271, 97, 1027, 99, 314, 99, 1027, 1030, 273, 1015, 275, 1015, 273, 1012, 251, 1016, 261, 1016, 251, 1019, 334, 1020, 336, 1020, 334, 1021, 327, 1028, 329, 1028, 327, 1031, 259, 1013, 269, 1013, 259, 1032, 1018, 1033, 1019, 1033, 1018, 1034, 1017, 1032, 1018, 1032, 1017, 1033, 1019, 1035, 1020, 1035, 1019, 1036, 1031, 1037, 1013, 1037, 1031, 1038, 1030, 1039, 1015, 1039, 1030, 1039, 1015, 1040, 1010, 1040, 1015, 1041, 1042, 1036, 1031, 1036, 1042, 1042, 255, 1031, 259, 1031, 255, 1040, 1010, 1043, 1011, 1043, 1010, 1035, 1020, 1044, 1021, 1044, 1020, 1043, 1011, 1045, 1012, 1045, 1011, 1046, 1022, 1047, 1023, 1047, 1022, 1044, 1021, 1048, 1028, 1048, 1021, 1049, 1014, 1038, 1030, 1038, 1014, 1037, 1013, 1049, 1014, 1049, 1013, 1048, 1028, 1050, 1029, 1050, 1028, 1050, 1029, 1046, 1022, 1046, 1029, 1045, 1012, 1051, 1016, 1051, 1012, 1047, 1023, 1052, 1024, 1052, 1023, 1053, 1054, 1041, 1042, 1041, 1054, 1054, 253, 1042, 255, 1042, 253, 1051, 1016, 1034, 1017, 1034, 1016, 1055, 1052, 1025, 1024, 1025, 1052, 1056, 1055, 1026, 1025, 1026, 1055, 1057, 1056, 1027, 1026, 1027, 1056, 1058, 1059, 130, 100, 130, 1059, 1060, 1061, 106, 107, 106, 1061, 1061, 1058, 107, 130, 107, 1058, 1062, 1057, 97, 1027, 97, 1057, 1063, 1064, 93, 112, 93, 1064, 1064, 1065, 112, 113, 112, 1065, 1066, 1067, 82, 102, 82, 1067, 1067, 1068, 102, 118, 102, 1068, 1069, 1062, 96, 97, 96, 1062, 1070, 1063, 90, 93, 90, 1063, 1071, 1072, 120, 110, 120, 1072, 1073, 1066, 81, 82, 81, 1066, 1074, 1073, 85, 81, 85, 1073, 1075, 1074, 79, 85, 79, 1074, 1065, 1071, 113, 120, 113, 1071, 1076, 1075, 76, 79, 76, 1075, 1077, 1076, 75, 76, 75, 1076, 1068, 1078, 118, 89, 118, 1078, 1059, 1069, 100, 96, 100, 1069, 1078, 1070, 89, 90, 89, 1070, 1072, 1060, 110, 106, 110, 1060, 1079, 1077, 124, 75, 124, 1077, 1080, 1079, 126, 124, 126, 1079, 174, 1081, 172, 1082, 172, 1081, 181, 1083, 174, 1081, 174, 1083, 162, 1084, 129, 1085, 129, 1084, 158, 1086, 152, 1087, 152, 1086, 170, 1088, 158, 1086, 158, 1088, 1085, 1080, 129, 126, 129, 1080, 160, 1089, 162, 1084, 162, 1089, 148, 1090, 150, 1091, 150, 1090, 146, 1092, 148, 1090, 148, 1092, 154, 1093, 156, 1094, 156, 1093, 156, 1094, 166, 1095, 166, 1094, 166, 1095, 146, 1092, 146, 1095, 176, 1096, 178, 1097, 178, 1096, 172, 1082, 170, 1088, 170, 1082, 150, 1091, 168, 1098, 168, 1091, 178, 1097, 163, 164, 163, 1097, 183, 1099, 181, 1083, 181, 1099, 164, 1100, 160, 1089, 160, 1100, 168, 1098, 176, 1096, 176, 1098, 152, 1087, 154, 1093, 154, 1087, 1101, 192, 1102, 194, 1102, 192, 1102, 194, 1103, 213, 1103, 194, 1104, 200, 1105, 202, 1105, 200, 1106, 198, 1104, 200, 1104, 198, 1107, 225, 1108, 227, 1108, 225, 1105, 202, 1109, 217, 1109, 202, 232, 1110, 188, 1111, 188, 1110, 1112, 229, 1107, 225, 1107, 229, 1113, 206, 1114, 210, 1114, 206, 186, 1115, 183, 1099, 183, 1115, 188, 1111, 186, 1115, 186, 1111, 1114, 210, 1101, 192, 1101, 210, 1103, 213, 1116, 215, 1116, 213, 1108, 227, 1117, 204, 1117, 227, 1118, 245, 1106, 198, 1106, 245, 1116, 215, 1119, 233, 1119, 215, 245, 1118, 232, 1110, 232, 1118, 1120, 219, 1112, 229, 1112, 219, 1117, 204, 1113, 206, 1113, 204, 1119, 233, 1121, 235, 1121, 233, 1109, 217, 1120, 219, 1120, 217, 1122, 241, 1123, 265, 1123, 241, 1124, 237, 1122, 241, 1122, 237, 1123, 265, 1125, 289, 1125, 265, 1125, 289, 1126, 298, 1126, 289, 1127, 300, 1128, 291, 1128, 300, 1128, 291, 1129, 281, 1129, 291, 1126, 298, 1127, 300, 1127, 298, 1129, 281, 1130, 283, 1130, 281, 1121, 235, 1124, 237, 1124, 235, 1130, 283, 1131, 285, 1131, 283, 1131, 285, 1132, 277, 1132, 285, 1132, 277, 1133, 257, 1133, 277, 1133, 257, 1054, 253, 1054, 257, 1134, 678, 1135, 722, 1135, 678, 1136, 716, 1137, 719, 1137, 716, 1138, 731, 1139, 679, 1139, 731, 1140, 714, 1141, 715, 1141, 714, 1142, 677, 1134, 678, 1134, 677, 1143, 726, 1138, 731, 1138, 726, 1137, 719, 1142, 677, 1142, 719, 1144, 730, 1140, 714, 1140, 730, 1145, 766, 1144, 730, 1144, 766, 672, 670, 1146, 725, 1146, 670, 1147, 750, 1145, 766, 1145, 750, 1148, 671, 1149, 672, 1149, 671, 1150, 720, 1151, 721, 1151, 720, 1152, 693, 1136, 716, 1136, 693, 1151, 721, 1153, 692, 1153, 721, 1146, 725, 1143, 726, 1143, 725, 1153, 692, 1152, 693, 1152, 692, 1154, 708, 1155, 709, 1155, 708, 1156, 727, 1154, 708, 1154, 727, 1155, 709, 1150, 720, 1150, 709, 1141, 715, 1156, 727, 1156, 715, 1135, 722, 1148, 671, 1148, 722, 546, 1157, 545, 1158, 545, 1157, 575, 1159, 578, 1160, 578, 1159, 561, 1161, 576, 1162, 576, 1161, 530, 1163, 529, 1164, 529, 1163, 1165, 597, 1166, 641, 1166, 597, 562, 1167, 561, 1161, 561, 1167, 554, 656, 577, 1168, 577, 656, 529, 1164, 536, 1169, 536, 1164, 1170, 581, 1171, 582, 1171, 581, 587, 1172, 546, 1157, 546, 1172, 1171, 582, 1173, 580, 1173, 582, 1166, 641, 1174, 573, 1174, 641, 576, 1162, 575, 1159, 575, 1162, 578, 1160, 530, 1163, 530, 1160, 535, 1175, 587, 1172, 587, 1175, 1173, 580, 1176, 579, 1176, 580, 1174, 573, 1177, 574, 1177, 573, 1177, 574, 1170, 581, 1170, 574, 577, 1168, 562, 1167, 562, 1168, 545, 1158, 579, 1176, 579, 1158, 536, 1169, 535, 1175, 535, 1169, 1178, 635, 1179, 628, 1179, 635, 1139, 679, 1180, 680, 1180, 679, 1181, 629, 1182, 622, 1182, 629, 1183, 634, 1178, 635, 1178, 634, 1184, 619, 1185, 596, 1185, 619, 1186, 636, 1187, 602, 1187, 636, 1188, 618, 1184, 619, 1184, 618, 1189, 613, 1190, 637, 1190, 613, 1191, 603, 1192, 644, 1192, 603, 1179, 628, 1181, 629, 1181, 628, 1193, 612, 1189, 613, 1189, 612, 1194, 638, 1188, 618, 1188, 638, 1185, 596, 1165, 597, 1165, 596, 1190, 637, 1194, 638, 1194, 637, 1192, 644, 1193, 612, 1193, 644, 1195, 623, 1186, 636, 1186, 623, 1182, 622, 1195, 623, 1195, 622, 1180, 680, 1183, 634, 1183, 680, 1187, 602, 1191, 603, 1191, 602, 1196, 1197, 776, 765, 776, 1197, 1198, 1199, 758, 767, 758, 1199, 1200, 1201, 743, 744, 743, 1201, 1197, 1202, 765, 757, 765, 1202, 1201, 1203, 744, 661, 744, 1203, 1203, 1204, 661, 657, 661, 1204, 1202, 1198, 757, 758, 757, 1198, 1204, 1205, 657, 645, 657, 1205, 1206, 1207, 749, 774, 749, 1207, 1207, 1208, 774, 775, 774, 1208, 1205, 1209, 645, 646, 645, 1209, 1209, 1210, 646, 664, 646, 1210, 1211, 1212, 777, 740, 777, 1212, 1206, 749, 1147, 750, 1147, 749, 1199, 1213, 767, 772, 767, 1213, 1214, 1211, 773, 777, 773, 1211, 1213, 1214, 772, 773, 772, 1214, 1212, 1215, 740, 741, 740, 1215, 1215, 1216, 741, 778, 741, 1216, 1216, 1200, 778, 743, 778, 1200, 1208, 1196, 775, 776, 775, 1196, 651, 1217, 652, 1218, 652, 1217, 1219, 1220, 658, 659, 658, 1220, 656, 1221, 1168, 1222, 1168, 1221, 1223, 1224, 662, 647, 662, 1224, 660, 1225, 649, 1226, 649, 1225, 1168, 1222, 1167, 1227, 1167, 1222, 1161, 1228, 1162, 1229, 1162, 1228, 1167, 1227, 1161, 1228, 1161, 1227, 650, 1230, 653, 1231, 653, 1230, 1232, 1233, 663, 665, 663, 1233, 1234, 1223, 666, 662, 666, 1223, 655, 1235, 651, 1217, 651, 1235, 649, 1226, 650, 1230, 650, 1226, 1224, 1236, 647, 648, 647, 1236, 652, 1218, 656, 1221, 656, 1218, 653, 1231, 654, 1237, 654, 1231, 1233, 1234, 665, 666, 665, 1234, 1236, 1225, 648, 660, 648, 1225, 1220, 1232, 659, 663, 659, 1232, 1210, 1219, 664, 658, 664, 1219, 654, 1237, 655, 1235, 655, 1237, 1238, 1185, 1239, 1165, 1239, 1185, 1160, 1240, 1163, 1241, 1163, 1240, 1239, 1165, 1242, 1166, 1242, 1165, 1243, 1176, 1244, 1158, 1244, 1176, 1164, 1245, 1169, 1246, 1169, 1245, 1247, 1171, 1248, 1173, 1248, 1171, 1249, 1184, 1238, 1185, 1238, 1184, 1162, 1229, 1159, 1250, 1159, 1229, 1169, 1246, 1175, 1251, 1175, 1246, 1159, 1250, 1160, 1240, 1160, 1250, 1157, 1252, 1158, 1244, 1158, 1252, 1175, 1251, 1172, 1253, 1172, 1251, 1163, 1241, 1164, 1245, 1164, 1241, 1248, 1173, 1243, 1176, 1243, 1173, 1254, 1170, 1247, 1171, 1247, 1170, 1172, 1253, 1157, 1252, 1157, 1253, 1255, 1177, 1254, 1170, 1254, 1177, 1256, 1174, 1255, 1177, 1255, 1174, 1242, 1166, 1256, 1174, 1256, 1166, 1257, 1143, 1258, 1138, 1258, 1143, 1259, 1146, 1257, 1143, 1257, 1146, 1260, 1192, 1261, 1193, 1261, 1192, 1261, 1193, 1262, 1189, 1262, 1193, 1263, 1182, 1264, 1195, 1264, 1182, 1265, 1181, 1263, 1182, 1263, 1181, 1266, 1191, 1260, 1192, 1260, 1191, 1264, 1195, 1267, 1186, 1267, 1195, 1268, 1264, 1269, 1267, 1269, 1264, 1270, 1178, 1271, 1179, 1271, 1178, 1272, 1183, 1270, 1178, 1270, 1183, 1273, 1180, 1272, 1183, 1272, 1180, 1274, 1261, 1275, 1262, 1275, 1261, 1258, 1138, 1276, 1139, 1276, 1138, 1271, 1179, 1265, 1181, 1265, 1179, 1277, 1271, 1278, 1265, 1278, 1271, 1279, 1270, 1277, 1271, 1277, 1270, 1276, 1139, 1273, 1180, 1273, 1139, 1280, 1276, 1281, 1273, 1281, 1276, 1278, 1265, 1282, 1263, 1282, 1265, 1259, 1257, 1283, 1284, 1283, 1257, 1262, 1189, 1285, 1190, 1285, 1189, 1275, 1262, 1286, 1285, 1286, 1262, 1148, 1149, 1287, 1288, 1287, 1149, 1287, 1288, 1289, 1100, 1289, 1288, 1135, 1148, 1290, 1287, 1290, 1148, 1282, 1263, 1268, 1264, 1268, 1263, 1291, 1258, 1280, 1276, 1280, 1258, 1292, 1272, 1279, 1270, 1279, 1272, 1149, 672, 1259, 1146, 1259, 672, 1149, 1259, 1288, 1283, 1288, 1259, 1134, 1135, 1293, 1290, 1293, 1135, 1290, 1287, 1294, 1289, 1294, 1287, 1142, 1134, 1295, 1293, 1295, 1134, 1293, 1290, 1296, 1294, 1296, 1290, 1297, 1187, 1266, 1191, 1266, 1187, 1267, 1186, 1297, 1187, 1297, 1186, 1298, 1260, 1274, 1261, 1274, 1260, 1257, 1258, 1284, 1291, 1284, 1258, 1281, 1273, 1292, 1272, 1292, 1273, 1299, 1297, 1300, 1266, 1300, 1297, 1285, 1190, 1301, 1194, 1301, 1190, 1300, 1266, 1298, 1260, 1298, 1266, 1269, 1267, 1299, 1297, 1299, 1267, 1302, 1188, 1249, 1184, 1249, 1188, 1301, 1194, 1302, 1188, 1302, 1194, 1153, 1303, 1151, 1304, 1151, 1303, 1156, 1305, 1141, 1306, 1141, 1305, 1155, 1307, 1154, 1308, 1154, 1307, 1144, 1309, 1145, 1310, 1145, 1309, 1147, 1311, 1206, 1312, 1206, 1311, 1136, 1137, 1313, 1314, 1313, 1137, 1153, 1152, 1303, 1315, 1303, 1152, 1150, 1316, 1155, 1307, 1155, 1316, 1140, 1317, 1144, 1309, 1144, 1317, 1206, 1312, 1207, 1318, 1207, 1312, 1151, 1304, 1150, 1316, 1150, 1304, 1154, 1308, 1156, 1305, 1156, 1308, 1152, 1136, 1315, 1313, 1315, 1136, 1137, 1142, 1314, 1295, 1314, 1142, 1141, 1306, 1140, 1317, 1140, 1306, 1145, 1310, 1147, 1311, 1147, 1310, 1318, 1319, 1207, 1208, 1207, 1319, 1319, 1320, 1208, 1196, 1208, 1320, 1321, 1322, 1203, 1204, 1203, 1322, 1323, 1324, 1215, 1216, 1215, 1324, 1322, 1325, 1204, 1205, 1204, 1325, 1326, 1327, 1232, 1233, 1232, 1327, 1328, 1329, 1219, 1220, 1219, 1329, 1330, 1331, 1202, 1198, 1202, 1331, 1332, 1333, 1214, 1211, 1214, 1333, 1334, 1330, 1197, 1202, 1197, 1330, 1331, 1335, 1198, 1199, 1198, 1335, 1320, 1334, 1196, 1197, 1196, 1334, 1336, 1323, 1212, 1215, 1212, 1323, 1329, 1326, 1220, 1232, 1220, 1326, 1337, 1332, 1213, 1214, 1213, 1332, 1338, 1339, 1209, 1210, 1209, 1339, 1335, 1337, 1199, 1213, 1199, 1337, 1325, 1338, 1205, 1209, 1205, 1338, 1340, 1321, 1201, 1203, 1201, 1321, 1341, 1340, 1200, 1201, 1200, 1340, 1324, 1341, 1216, 1200, 1216, 1341, 1333, 1336, 1211, 1212, 1211, 1336, 1339, 1328, 1210, 1219, 1210, 1328, 1342, 1343, 1223, 1224, 1223, 1343, 1229, 1228, 1344, 1345, 1344, 1228, 1241, 1240, 1346, 1347, 1346, 1240, 1327, 1348, 1233, 1234, 1233, 1348, 1230, 1349, 1231, 1350, 1231, 1349, 1222, 1351, 1227, 1352, 1227, 1351, 1221, 1353, 1222, 1351, 1222, 1353, 1240, 1250, 1347, 1354, 1347, 1250, 1246, 1245, 1355, 1356, 1355, 1245, 1225, 1357, 1226, 1358, 1226, 1357, 1217, 1359, 1218, 1360, 1218, 1359, 1343, 1361, 1224, 1236, 1224, 1361, 1218, 1360, 1221, 1353, 1221, 1360, 1228, 1227, 1345, 1352, 1345, 1227, 1250, 1229, 1354, 1344, 1354, 1229, 1237, 1362, 1235, 1363, 1235, 1362, 1236, 1361, 1225, 1357, 1225, 1361, 1231, 1350, 1237, 1362, 1237, 1350, 1245, 1241, 1356, 1346, 1356, 1241, 1348, 1342, 1234, 1223, 1234, 1342, 1226, 1358, 1230, 1349, 1230, 1358, 1235, 1363, 1217, 1359, 1217, 1363, 1252, 1253, 1364, 1365, 1364, 1253, 1244, 1252, 1366, 1364, 1366, 1252, 1367, 1242, 1368, 1256, 1368, 1242, 1369, 1255, 1370, 1254, 1370, 1255, 1371, 1238, 1372, 1239, 1372, 1238, 1372, 1239, 1367, 1242, 1367, 1239, 1373, 1249, 1371, 1238, 1371, 1249, 1253, 1251, 1365, 1374, 1365, 1251, 1375, 1302, 1373, 1249, 1373, 1302, 1376, 1301, 1375, 1302, 1375, 1301, 1377, 1248, 1378, 1243, 1378, 1248, 1379, 1247, 1377, 1248, 1377, 1247, 1243, 1244, 1378, 1366, 1378, 1244, 1370, 1254, 1379, 1247, 1379, 1254, 1368, 1256, 1369, 1255, 1369, 1256, 1286, 1285, 1376, 1301, 1376, 1285, 1251, 1246, 1374, 1355, 1374, 1246, 1306, 1380, 1317, 1381, 1317, 1380, 1318, 1382, 1319, 1383, 1319, 1382, 1316, 1384, 1307, 1385, 1307, 1384, 1305, 1386, 1306, 1380, 1306, 1386, 1334, 1387, 1330, 1388, 1330, 1387, 1320, 1389, 1334, 1387, 1334, 1389, 1312, 1390, 1318, 1382, 1318, 1390, 1319, 1383, 1320, 1389, 1320, 1383, 1307, 1385, 1308, 1391, 1308, 1385, 1317, 1381, 1309, 1392, 1309, 1381, 1313, 1314, 1393, 1394, 1393, 1314, 1315, 1313, 1395, 1393, 1395, 1313, 1309, 1392, 1310, 1396, 1310, 1392, 1314, 1295, 1394, 1397, 1394, 1295, 1303, 1315, 1398, 1395, 1398, 1315, 1308, 1391, 1305, 1386, 1305, 1391, 1310, 1396, 1311, 1399, 1311, 1396, 1303, 1398, 1304, 1400, 1304, 1398, 1311, 1399, 1312, 1390, 1312, 1399, 1295, 1293, 1397, 1296, 1397, 1293, 1304, 1400, 1316, 1384, 1316, 1400, 1325, 1401, 1338, 1402, 1338, 1401, 1332, 1403, 1333, 1404, 1333, 1403, 1339, 1405, 1328, 1406, 1328, 1405, 1323, 1407, 1324, 1408, 1324, 1407, 1324, 1408, 1341, 1409, 1341, 1408, 1321, 1410, 1322, 1411, 1322, 1410, 1336, 1412, 1323, 1407, 1323, 1412, 1326, 1413, 1327, 1414, 1327, 1413, 1333, 1404, 1336, 1412, 1336, 1404, 1322, 1411, 1325, 1401, 1325, 1411, 1341, 1409, 1340, 1415, 1340, 1409, 1348, 1416, 1342, 1417, 1342, 1416, 1342, 1417, 1343, 1418, 1343, 1417, 1330, 1388, 1331, 1419, 1331, 1388, 1338, 1402, 1339, 1405, 1339, 1402, 1340, 1415, 1321, 1410, 1321, 1415, 1328, 1406, 1329, 1420, 1329, 1406, 1335, 1421, 1337, 1422, 1337, 1421, 1329, 1420, 1326, 1413, 1326, 1420, 1327, 1414, 1348, 1416, 1348, 1414, 1331, 1419, 1335, 1421, 1335, 1419, 1337, 1422, 1332, 1403, 1332, 1422, 1361, 1423, 1357, 1424, 1357, 1423, 1355, 1356, 1044, 1035, 1044, 1356, 1349, 1053, 1350, 1041, 1350, 1053, 1351, 1040, 1352, 1043, 1352, 1040, 1362, 1036, 1363, 1037, 1363, 1036, 1360, 1038, 1353, 1039, 1353, 1038, 1350, 1041, 1362, 1036, 1362, 1041, 1344, 1345, 1051, 1045, 1051, 1345, 1345, 1352, 1045, 1043, 1045, 1352, 1346, 1347, 1033, 1032, 1033, 1347, 1365, 1374, 1050, 1048, 1050, 1374, 1354, 1344, 1034, 1051, 1034, 1344, 1357, 1424, 1358, 1425, 1358, 1424, 1363, 1037, 1359, 1049, 1359, 1037, 1358, 1425, 1349, 1053, 1349, 1425, 1343, 1418, 1361, 1423, 1361, 1418, 1356, 1346, 1035, 1033, 1035, 1346, 1374, 1355, 1048, 1044, 1048, 1355, 1359, 1049, 1360, 1038, 1360, 1049, 1347, 1354, 1032, 1034, 1032, 1354, 1353, 1039, 1351, 1040, 1351, 1039, 1375, 1373, 1072, 1060, 1072, 1373, 1300, 1298, 1078, 1070, 1078, 1298, 1299, 1300, 1068, 1078, 1068, 1300, 1369, 1370, 1062, 1057, 1062, 1370, 1377, 1378, 1055, 1052, 1055, 1378, 1368, 1369, 1069, 1062, 1069, 1369, 1378, 1366, 1052, 1047, 1052, 1366, 1372, 1367, 1058, 1059, 1058, 1367, 1379, 1377, 1056, 1055, 1056, 1377, 1364, 1365, 1046, 1050, 1046, 1365, 1269, 1299, 1067, 1068, 1067, 1299, 1370, 1379, 1057, 1056, 1057, 1379, 1286, 1376, 1065, 1071, 1065, 1376, 1376, 1375, 1071, 1072, 1071, 1375, 1275, 1286, 1064, 1065, 1064, 1286, 1367, 1368, 1059, 1069, 1059, 1368, 1371, 1372, 1061, 1058, 1061, 1372, 1274, 1275, 1063, 1064, 1063, 1275, 1298, 1274, 1070, 1063, 1070, 1274, 1373, 1371, 1060, 1061, 1060, 1371, 1366, 1364, 1047, 1046, 1047, 1364, 1096, 1294, 1097, 1289, 1097, 1294, 1292, 1279, 1077, 1076, 1077, 1279, 1278, 1282, 1074, 1073, 1074, 1282, 1288, 1283, 1100, 1089, 1100, 1283, 1282, 1268, 1073, 1066, 1073, 1268, 1283, 1284, 1089, 1084, 1089, 1284, 1094, 1398, 1095, 1395, 1095, 1398, 1093, 1400, 1094, 1398, 1094, 1400, 1087, 1384, 1093, 1400, 1093, 1384, 1090, 1394, 1091, 1397, 1091, 1394, 1277, 1278, 1075, 1074, 1075, 1278, 1280, 1281, 1080, 1079, 1080, 1281, 1097, 1289, 164, 1100, 164, 1289, 1091, 1397, 1098, 1296, 1098, 1397, 1098, 1296, 1096, 1294, 1096, 1296, 1279, 1277, 1076, 1075, 1076, 1277, 1268, 1269, 1066, 1067, 1066, 1269, 1281, 1292, 1079, 1077, 1079, 1292, 1284, 1291, 1084, 1085, 1084, 1291, 1092, 1393, 1090, 1394, 1090, 1393, 1095, 1395, 1092, 1393, 1092, 1395, 1291, 1280, 1085, 1080, 1085, 1280, 1388, 1109, 1419, 1120, 1419, 1109, 1383, 1106, 1389, 1104, 1389, 1106, 1111, 1399, 1115, 1396, 1115, 1399, 1382, 1118, 1383, 1106, 1383, 1118, 1419, 1120, 1421, 1112, 1421, 1120, 1421, 1112, 1422, 1107, 1422, 1112, 1110, 1390, 1111, 1399, 1111, 1390, 1082, 1386, 1088, 1391, 1088, 1386, 1081, 1380, 1082, 1386, 1082, 1380, 1088, 1391, 1086, 1385, 1086, 1391, 1083, 1381, 1081, 1380, 1081, 1381, 1118, 1382, 1110, 1390, 1110, 1382, 1099, 1392, 1083, 1381, 1083, 1392, 1389, 1104, 1387, 1105, 1387, 1104, 1387, 1105, 1388, 1109, 1388, 1105, 1086, 1385, 1087, 1384, 1087, 1385, 1115, 1396, 1099, 1392, 1099, 1396, 1422, 1107, 1403, 1108, 1403, 1107, 1410, 1116, 1411, 1119, 1411, 1116, 1415, 1103, 1410, 1116, 1410, 1103, 1409, 1102, 1415, 1103, 1415, 1102, 1411, 1119, 1401, 1121, 1401, 1119, 1403, 1108, 1404, 1117, 1404, 1108, 1407, 1114, 1408, 1101, 1408, 1114, 1402, 1124, 1405, 1122, 1405, 1124, 1405, 1122, 1406, 1123, 1406, 1122, 1420, 1125, 1413, 1126, 1413, 1125, 1413, 1126, 1414, 1127, 1414, 1126, 1406, 1123, 1420, 1125, 1420, 1123, 1404, 1117, 1412, 1113, 1412, 1117, 1401, 1121, 1402, 1124, 1402, 1121, 1414, 1127, 1416, 1128, 1416, 1127, 1416, 1128, 1417, 1129, 1417, 1128, 1417, 1129, 1418, 1130, 1418, 1129, 1418, 1130, 1423, 1131, 1423, 1130, 1412, 1113, 1407, 1114, 1407, 1113, 1423, 1131, 1424, 1132, 1424, 1131, 1408, 1101, 1409, 1102, 1409, 1101, 1424, 1132, 1425, 1133, 1425, 1132, 1425, 1133, 1053, 1054, 1053, 1133, 1426, 1427, 1428, 1429, 1428, 1427, 1430, 1431, 1426, 1427, 1426, 1431, 1432, 1433, 1434, 1435, 1434, 1433, 1434, 1435, 1436, 1437, 1436, 1435, 1438, 1439, 1440, 1441, 1440, 1439, 1442, 1443, 1435, 1437, 1435, 1443, 1428, 1429, 1432, 1433, 1432, 1429, 1444, 1445, 1446, 1447, 1446, 1445, 1436, 1437, 1444, 1445, 1444, 1437, 1446, 1447, 1448, 1449, 1448, 1447, 1448, 1449, 1450, 1451, 1450, 1449, 1450, 1451, 1452, 1453, 1452, 1451, 1454, 1455, 1451, 1453, 1451, 1455, 1452, 1453, 1456, 1457, 1456, 1453, 1458, 1459, 1438, 1439, 1438, 1459, 1456, 1457, 1460, 1461, 1460, 1457, 1460, 1461, 1462, 1463, 1462, 1461, 1464, 1465, 1457, 1461, 1457, 1465, 1462, 1463, 1466, 1467, 1466, 1463, 1468, 1469, 1470, 1471, 1470, 1469, 1466, 1467, 1472, 1473, 1472, 1467, 1465, 1474, 1461, 1463, 1461, 1474, 1470, 1471, 1475, 1476, 1475, 1471, 1475, 1476, 1430, 1431, 1430, 1476, 1477, 1442, 1433, 1435, 1433, 1442, 1478, 1429, 1479, 1427, 1479, 1429, 1480, 1481, 1445, 1447, 1445, 1481, 1440, 1441, 1482, 1483, 1482, 1441, 1484, 1485, 1468, 1469, 1468, 1485, 1486, 1469, 1487, 1485, 1487, 1469, 1481, 1488, 1447, 1449, 1447, 1488, 1482, 1483, 1484, 1485, 1484, 1483, 1487, 1485, 1489, 1483, 1489, 1485, 1489, 1483, 1490, 1441, 1490, 1483, 1455, 1464, 1453, 1457, 1453, 1464, 1491, 1471, 1486, 1469, 1486, 1471, 1443, 1480, 1437, 1445, 1437, 1480, 1492, 1476, 1491, 1471, 1491, 1476, 1478, 1477, 1429, 1433, 1429, 1477, 1488, 1454, 1449, 1451, 1449, 1454, 1490, 1441, 1493, 1439, 1493, 1441, 1493, 1439, 1494, 1459, 1494, 1439, 1495, 1431, 1492, 1476, 1492, 1431, 1479, 1427, 1495, 1431, 1495, 1427, 383, 396, 1496, 1497, 1496, 396, 380, 57, 1498, 1499, 1498, 57, 394, 392, 1500, 1501, 1500, 392, 393, 398, 1502, 1503, 1502, 398, 377, 378, 1504, 1505, 1504, 378, 382, 377, 1506, 1504, 1506, 377, 387, 394, 1507, 1500, 1507, 394, 386, 387, 1508, 1507, 1508, 387, 396, 397, 1497, 1509, 1497, 397, 392, 393, 1501, 1502, 1501, 393, 381, 382, 1510, 1506, 1510, 382, 379, 380, 1511, 1498, 1511, 380, 384, 385, 1512, 1513, 1512, 385, 391, 379, 1514, 1511, 1514, 379, 57, 50, 1499, 60, 1499, 50, 378, 383, 1505, 1496, 1505, 383, 385, 395, 1513, 1515, 1513, 395, 388, 386, 1516, 1508, 1516, 386, 395, 381, 1515, 1510, 1515, 381, 397, 391, 1509, 1514, 1509, 391, 398, 384, 1503, 1512, 1503, 384, 411, 1444, 416, 1446, 416, 1444, 399, 390, 1517, 1518, 1517, 390, 401, 1458, 409, 1438, 409, 1458, 389, 388, 1519, 1516, 1519, 388, 405, 1484, 412, 1468, 412, 1484, 399, 1517, 400, 1520, 400, 1517, 407, 1434, 410, 1436, 410, 1434, 416, 1446, 413, 1448, 413, 1446, 415, 1440, 404, 1482, 404, 1440, 403, 1426, 408, 1428, 408, 1426, 410, 1436, 411, 1444, 411, 1436, 402, 1430, 403, 1426, 403, 1430, 418, 1470, 419, 1475, 419, 1470, 400, 1520, 401, 1458, 401, 1520, 390, 389, 1518, 1519, 1518, 389, 409, 1438, 415, 1440, 415, 1438, 404, 1482, 405, 1484, 405, 1482, 419, 1475, 402, 1430, 402, 1475, 408, 1428, 406, 1432, 406, 1428, 406, 1432, 407, 1434, 407, 1432, 412, 1468, 418, 1470, 418, 1468, 414, 1450, 417, 1452, 417, 1450, 438, 1466, 423, 1472, 423, 1466, 440, 1521, 435, 1522, 435, 1521, 427, 1460, 428, 1462, 428, 1460, 430, 1523, 433, 1524, 433, 1523, 423, 1472, 424, 1525, 424, 1472, 433, 1524, 420, 1526, 420, 1524, 417, 1452, 422, 1456, 422, 1452, 426, 1527, 431, 1528, 431, 1527, 420, 1526, 421, 1529, 421, 1526, 422, 1456, 427, 1460, 427, 1456, 436, 1530, 425, 1531, 425, 1530, 424, 1525, 440, 1521, 440, 1525, 429, 1532, 430, 1523, 430, 1532, 428, 1462, 438, 1466, 438, 1462, 435, 1522, 436, 1530, 436, 1522, 425, 1531, 426, 1527, 426, 1531, 431, 1528, 432, 1533, 432, 1528, 437, 1534, 429, 1532, 429, 1534, 413, 1448, 414, 1450, 414, 1448, 432, 1533, 439, 1535, 439, 1533, 439, 1535, 437, 1534, 437, 1535, 449, 1536, 450, 1537, 450, 1536, 434, 1538, 446, 1539, 446, 1538, 452, 1540, 449, 1536, 449, 1540, 441, 1541, 442, 1542, 442, 1541, 451, 68, 1543, 73, 1543, 68, 1544, 443, 1542, 442, 1542, 443, 1545, 444, 1544, 443, 1544, 444, 1546, 14, 1547, 451, 1547, 14, 1548, 33, 1549, 34, 1549, 33, 1550, 62, 1551, 72, 1551, 62, 450, 1537, 448, 1552, 448, 1537, 446, 1539, 447, 1553, 447, 1539, 445, 1554, 441, 1541, 441, 1554, 1555, 13, 1546, 14, 1546, 13, 1543, 73, 1545, 444, 1545, 73, 1549, 34, 1556, 70, 1556, 34, 448, 1552, 445, 1554, 445, 1552, 447, 1553, 452, 1540, 452, 1553, 1556, 70, 1555, 13, 1555, 70, 1551, 72, 1548, 33, 1548, 72, 421, 1529, 434, 1538, 434, 1529, 1557, 53, 1558, 19, 1558, 53, 1559, 54, 1557, 53, 1557, 54, 55, 46, 1560, 1561, 1560, 46, 1511, 1498, 1562, 1563, 1562, 1498, 1514, 1511, 1564, 1562, 1564, 1511, 1509, 1514, 1565, 1564, 1565, 1514, 1566, 36, 1567, 67, 1567, 36, 1568, 43, 1569, 37, 1569, 43, 1570, 61, 1550, 62, 1550, 61, 1497, 1509, 1571, 1565, 1571, 1509, 1498, 1499, 1563, 1572, 1563, 1499, 1499, 60, 1572, 1573, 1572, 60, 1574, 71, 1559, 54, 1559, 71, 1575, 35, 1566, 36, 1566, 35, 1576, 42, 1568, 43, 1568, 42, 60, 55, 1573, 1560, 1573, 55, 1569, 37, 1575, 35, 1575, 37, 1567, 67, 1574, 71, 1574, 67, 1561, 46, 1576, 42, 1576, 46, 1577, 20, 1570, 61, 1570, 20, 1558, 19, 1577, 20, 1577, 19, 1513, 1515, 1578, 1579, 1578, 1515, 1506, 1504, 1580, 1581, 1580, 1504, 1512, 1513, 1582, 1578, 1582, 1513, 1503, 1512, 1583, 1582, 1583, 1512, 1519, 1516, 1584, 1585, 1584, 1516, 1510, 1506, 1586, 1580, 1586, 1506, 1515, 1510, 1579, 1586, 1579, 1510, 1518, 1519, 1587, 1584, 1587, 1519, 1507, 1500, 1588, 1589, 1588, 1500, 1504, 1505, 1581, 1590, 1581, 1505, 1496, 1497, 1591, 1571, 1591, 1497, 1505, 1496, 1590, 1591, 1590, 1496, 1501, 1502, 1592, 1593, 1592, 1502, 1502, 1503, 1593, 1583, 1593, 1503, 1516, 1508, 1585, 1594, 1585, 1508, 1500, 1501, 1589, 1592, 1589, 1501, 1508, 1507, 1594, 1588, 1594, 1507, 1520, 1595, 1458, 1459, 1458, 1595, 1520, 1517, 1595, 1596, 1595, 1517, 1517, 1518, 1596, 1587, 1596, 1518, 1539, 1597, 1553, 1598, 1553, 1597, 1524, 1599, 1526, 1600, 1526, 1599, 1521, 1601, 1522, 1602, 1522, 1601, 1526, 1600, 1529, 1603, 1529, 1600, 1528, 1604, 1533, 1605, 1533, 1604, 1527, 1606, 1528, 1604, 1528, 1606, 1553, 1598, 1540, 1607, 1540, 1598, 1540, 1607, 1536, 1608, 1536, 1607, 1533, 1605, 1535, 1609, 1535, 1605, 1536, 1608, 1537, 1610, 1537, 1608, 1538, 1611, 1539, 1597, 1539, 1611, 1523, 1612, 1524, 1599, 1524, 1612, 1534, 1613, 1532, 1614, 1532, 1613, 1532, 1614, 1523, 1612, 1523, 1614, 1531, 1615, 1527, 1606, 1527, 1615, 1530, 1616, 1531, 1615, 1531, 1616, 1535, 1609, 1534, 1613, 1534, 1609, 1522, 1602, 1530, 1616, 1530, 1602, 1529, 1603, 1538, 1611, 1538, 1603, 1472, 1473, 1525, 1617, 1525, 1473, 1525, 1617, 1521, 1601, 1521, 1617, 1618, 1558, 1619, 1577, 1619, 1558, 1620, 1557, 1618, 1558, 1618, 1557, 1547, 451, 1621, 1543, 1621, 451, 1622, 1623, 1556, 1549, 1556, 1623, 1624, 1559, 1620, 1557, 1620, 1559, 1625, 1626, 1550, 1570, 1550, 1626, 1627, 1574, 1624, 1559, 1624, 1574, 1628, 1567, 1627, 1574, 1627, 1567, 1629, 1630, 1546, 1555, 1546, 1630, 1542, 1631, 1544, 1632, 1544, 1631, 1541, 1633, 1542, 1631, 1542, 1633, 1554, 1634, 1541, 1633, 1541, 1634, 1635, 1629, 1547, 1546, 1547, 1629, 1636, 1545, 1632, 1544, 1632, 1545, 1623, 1637, 1549, 1548, 1549, 1637, 1637, 1638, 1548, 1551, 1548, 1638, 1638, 1625, 1551, 1550, 1551, 1625, 1621, 1543, 1636, 1545, 1636, 1543, 1630, 1622, 1555, 1556, 1555, 1622, 1619, 1577, 1626, 1570, 1626, 1577, 1552, 1639, 1554, 1634, 1554, 1639, 1537, 1610, 1552, 1639, 1552, 1610, 1565, 1564, 1640, 1641, 1640, 1564, 1571, 1565, 1642, 1640, 1642, 1565, 1579, 1586, 1643, 1644, 1643, 1586, 1645, 1575, 1646, 1566, 1646, 1575, 1591, 1571, 1647, 1642, 1647, 1571, 1560, 1561, 1648, 1649, 1648, 1561, 1573, 1560, 1650, 1648, 1650, 1560, 1563, 1572, 1651, 1652, 1651, 1572, 1590, 1591, 1653, 1647, 1653, 1591, 1654, 1576, 1655, 1568, 1655, 1576, 1646, 1566, 1628, 1567, 1628, 1566, 1581, 1590, 1656, 1653, 1656, 1590, 1657, 1569, 1645, 1575, 1645, 1569, 1655, 1568, 1657, 1569, 1657, 1568, 1562, 1563, 1658, 1651, 1658, 1563, 1564, 1562, 1641, 1658, 1641, 1562, 1580, 1581, 1659, 1656, 1659, 1581, 1586, 1580, 1644, 1659, 1644, 1580, 1578, 1579, 1660, 1643, 1660, 1579, 1649, 1561, 1654, 1576, 1654, 1561, 1572, 1573, 1652, 1650, 1652, 1573, 1596, 1587, 1661, 1662, 1661, 1587, 1584, 1585, 1663, 1664, 1663, 1585, 1595, 1596, 1665, 1661, 1665, 1596, 1593, 1583, 1666, 1667, 1666, 1583, 1494, 1459, 1665, 1595, 1665, 1459, 1588, 1589, 1668, 1669, 1668, 1589, 1594, 1588, 1670, 1668, 1670, 1588, 1582, 1578, 1671, 1660, 1671, 1578, 1585, 1594, 1664, 1670, 1664, 1594, 1592, 1593, 1672, 1666, 1672, 1593, 1583, 1582, 1667, 1671, 1667, 1582, 1587, 1584, 1662, 1663, 1662, 1584, 1589, 1592, 1669, 1672, 1669, 1592, 1612, 1673, 1599, 1674, 1599, 1673, 1598, 1675, 1607, 1676, 1607, 1675, 1609, 1677, 1613, 1678, 1613, 1677, 1606, 1679, 1604, 1680, 1604, 1679, 1602, 1681, 1616, 1682, 1616, 1681, 1616, 1682, 1615, 1683, 1615, 1682, 1599, 1674, 1600, 1684, 1600, 1674, 1600, 1684, 1603, 1685, 1603, 1684, 1603, 1685, 1611, 1686, 1611, 1685, 1597, 1687, 1598, 1675, 1598, 1687, 1611, 1686, 1597, 1687, 1597, 1686, 1613, 1678, 1614, 1688, 1614, 1678, 1607, 1676, 1608, 1689, 1608, 1676, 1467, 1690, 1473, 1691, 1473, 1690, 1617, 1692, 1601, 1693, 1601, 1692, 1601, 1693, 1602, 1681, 1602, 1693, 1473, 1691, 1617, 1692, 1617, 1691, 1474, 1690, 1463, 1467, 1463, 1690, 1615, 1683, 1606, 1679, 1606, 1683, 1605, 1694, 1609, 1677, 1609, 1694, 1604, 1680, 1605, 1694, 1605, 1680, 1614, 1688, 1612, 1673, 1612, 1688, 1695, 1629, 1696, 1635, 1696, 1629, 1697, 1630, 1695, 1629, 1695, 1630, 1631, 1698, 1632, 1699, 1632, 1698, 1700, 1626, 1701, 1625, 1701, 1626, 1702, 1637, 1703, 1623, 1703, 1637, 1703, 1623, 1704, 1622, 1704, 1623, 1700, 1705, 1626, 1619, 1626, 1705, 1704, 1622, 1697, 1630, 1697, 1622, 1705, 1706, 1619, 1618, 1619, 1706, 1701, 1625, 1707, 1638, 1707, 1625, 1639, 1708, 1634, 1709, 1634, 1708, 1710, 1711, 1620, 1624, 1620, 1711, 1706, 1710, 1618, 1620, 1618, 1710, 1712, 1635, 1621, 1547, 1621, 1635, 1633, 1713, 1631, 1698, 1631, 1713, 1699, 1714, 1632, 1636, 1632, 1714, 1608, 1689, 1610, 1715, 1610, 1689, 1634, 1709, 1633, 1713, 1633, 1709, 1714, 1712, 1636, 1621, 1636, 1712, 1610, 1715, 1639, 1708, 1639, 1715, 1707, 1638, 1702, 1637, 1702, 1638, 1716, 1717, 1654, 1649, 1654, 1717, 1717, 1718, 1649, 1648, 1649, 1718, 1719, 1651, 1720, 1652, 1720, 1651, 1721, 1647, 1722, 1642, 1722, 1647, 1723, 1724, 1628, 1646, 1628, 1724, 1725, 1726, 1657, 1655, 1657, 1726, 1720, 1652, 1727, 1650, 1727, 1652, 1728, 1641, 1729, 1658, 1729, 1641, 1730, 1653, 1721, 1647, 1721, 1653, 1731, 1640, 1728, 1641, 1728, 1640, 1732, 1659, 1733, 1656, 1733, 1659, 1724, 1734, 1646, 1645, 1646, 1734, 1734, 1725, 1645, 1657, 1645, 1725, 1727, 1650, 1718, 1648, 1718, 1650, 1735, 1644, 1732, 1659, 1732, 1644, 1736, 1723, 1627, 1628, 1627, 1723, 1726, 1716, 1655, 1654, 1655, 1716, 1729, 1658, 1719, 1651, 1719, 1658, 1722, 1642, 1731, 1640, 1731, 1642, 1733, 1656, 1730, 1653, 1730, 1656, 1711, 1736, 1624, 1627, 1624, 1736, 1737, 1660, 1738, 1643, 1738, 1660, 1739, 1668, 1740, 1669, 1740, 1668, 1741, 1670, 1739, 1668, 1739, 1670, 1742, 1663, 1743, 1664, 1743, 1663, 1744, 1661, 1745, 1662, 1745, 1661, 1746, 1666, 1747, 1667, 1747, 1666, 1748, 1749, 1489, 1487, 1489, 1749, 1750, 1671, 1737, 1660, 1737, 1671, 1747, 1667, 1750, 1671, 1750, 1667, 1751, 1752, 1493, 1490, 1493, 1752, 1749, 1753, 1487, 1486, 1487, 1753, 1743, 1664, 1741, 1670, 1741, 1664, 1740, 1669, 1754, 1672, 1754, 1669, 1744, 1755, 1661, 1665, 1661, 1755, 1753, 1756, 1486, 1491, 1486, 1756, 1756, 1757, 1491, 1492, 1491, 1757, 1754, 1672, 1746, 1666, 1746, 1672, 1755, 1758, 1665, 1494, 1665, 1758, 1738, 1643, 1735, 1644, 1735, 1643, 1758, 1751, 1494, 1493, 1494, 1751, 1745, 1662, 1742, 1663, 1742, 1662, 1752, 1748, 1490, 1489, 1490, 1748, 1759, 1465, 1760, 1464, 1760, 1465, 1691, 1761, 1692, 1762, 1692, 1761, 1693, 1763, 1681, 1764, 1681, 1763, 1765, 1690, 1766, 1474, 1766, 1690, 1681, 1764, 1682, 1767, 1682, 1764, 1682, 1767, 1683, 1768, 1683, 1767, 1766, 1474, 1759, 1465, 1759, 1474, 1769, 1488, 1770, 1481, 1770, 1488, 1771, 1454, 1769, 1488, 1769, 1454, 1772, 1477, 1773, 1478, 1773, 1477, 1774, 1773, 1479, 1478, 1479, 1773, 1775, 1774, 1495, 1479, 1495, 1774, 1776, 1442, 1772, 1477, 1772, 1442, 1777, 1455, 1771, 1454, 1771, 1455, 1761, 1691, 1765, 1690, 1765, 1691, 1778, 1443, 1776, 1442, 1776, 1443, 1692, 1762, 1693, 1763, 1693, 1762, 1760, 1464, 1777, 1455, 1777, 1464, 1757, 1775, 1492, 1495, 1492, 1775, 1770, 1481, 1779, 1480, 1779, 1481, 1779, 1480, 1778, 1443, 1778, 1480, 1676, 1780, 1689, 1781, 1689, 1780, 1715, 1782, 1708, 1783, 1708, 1782, 1709, 1784, 1713, 1785, 1713, 1784, 1708, 1783, 1709, 1784, 1709, 1783, 1786, 1699, 1787, 1698, 1787, 1699, 1677, 1788, 1678, 1789, 1678, 1788, 1688, 1790, 1673, 1791, 1673, 1790, 1694, 1792, 1677, 1788, 1677, 1792, 1689, 1781, 1715, 1782, 1715, 1781, 1678, 1789, 1688, 1790, 1688, 1789, 1674, 1793, 1684, 1794, 1684, 1793, 1713, 1785, 1698, 1787, 1698, 1785, 1686, 1795, 1687, 1796, 1687, 1795, 1684, 1794, 1685, 1797, 1685, 1794, 1687, 1796, 1675, 1798, 1675, 1796, 1680, 1799, 1694, 1792, 1694, 1799, 1685, 1797, 1686, 1795, 1686, 1797, 1683, 1768, 1679, 1800, 1679, 1768, 1673, 1791, 1674, 1793, 1674, 1791, 1679, 1800, 1680, 1799, 1680, 1800, 1675, 1798, 1676, 1780, 1676, 1798, 1801, 1706, 1802, 1705, 1802, 1706, 1696, 1635, 1803, 1712, 1803, 1635, 1804, 1734, 1805, 1724, 1805, 1734, 1806, 1725, 1804, 1734, 1804, 1725, 1807, 1726, 1806, 1725, 1806, 1726, 1808, 1703, 1809, 1704, 1809, 1703, 1810, 1700, 1811, 1701, 1811, 1700, 1812, 1716, 1807, 1726, 1807, 1716, 1813, 1695, 1814, 1696, 1814, 1695, 1815, 1697, 1813, 1695, 1813, 1697, 1803, 1712, 1816, 1714, 1816, 1712, 1811, 1701, 1817, 1707, 1817, 1701, 1818, 1702, 1808, 1703, 1808, 1702, 1819, 1736, 1820, 1711, 1820, 1736, 1809, 1704, 1815, 1697, 1815, 1704, 1816, 1714, 1786, 1699, 1786, 1714, 1820, 1711, 1821, 1710, 1821, 1711, 1822, 1723, 1819, 1736, 1819, 1723, 1817, 1707, 1818, 1702, 1818, 1707, 1821, 1710, 1801, 1706, 1801, 1710, 1802, 1705, 1810, 1700, 1810, 1705, 1805, 1724, 1822, 1723, 1822, 1724, 1823, 1732, 1824, 1733, 1824, 1732, 1825, 1717, 1812, 1716, 1812, 1717, 1826, 1731, 1827, 1728, 1827, 1731, 1828, 1746, 1829, 1747, 1829, 1746, 1830, 1750, 1831, 1737, 1831, 1750, 1832, 1727, 1833, 1718, 1833, 1727, 1834, 1719, 1835, 1720, 1835, 1719, 1836, 1729, 1834, 1719, 1834, 1729, 1837, 1721, 1838, 1722, 1838, 1721, 1839, 1754, 1828, 1746, 1828, 1754, 1831, 1737, 1840, 1738, 1840, 1737, 1841, 1735, 1823, 1732, 1823, 1735, 1840, 1738, 1841, 1735, 1841, 1738, 1842, 1740, 1839, 1754, 1839, 1740, 1829, 1747, 1830, 1750, 1830, 1747, 1833, 1718, 1825, 1717, 1825, 1718, 1838, 1722, 1826, 1731, 1826, 1722, 1835, 1720, 1832, 1727, 1832, 1720, 1843, 1730, 1837, 1721, 1837, 1730, 1827, 1728, 1836, 1729, 1836, 1728, 1824, 1733, 1843, 1730, 1843, 1733, 1844, 1742, 1845, 1743, 1845, 1742, 1846, 1758, 1847, 1755, 1847, 1758, 1848, 1739, 1842, 1740, 1842, 1739, 1849, 1745, 1844, 1742, 1844, 1745, 1749, 1850, 1753, 1851, 1753, 1850, 1774, 1852, 1773, 1853, 1773, 1852, 1773, 1853, 1772, 1854, 1772, 1853, 1772, 1854, 1776, 1855, 1776, 1854, 1757, 1856, 1775, 1857, 1775, 1856, 1858, 1741, 1848, 1739, 1848, 1741, 1847, 1755, 1859, 1744, 1859, 1755, 1751, 1860, 1752, 1861, 1752, 1860, 1753, 1851, 1756, 1862, 1756, 1851, 1752, 1861, 1748, 1863, 1748, 1861, 1776, 1855, 1778, 1864, 1778, 1855, 1859, 1744, 1849, 1745, 1849, 1744, 1845, 1743, 1858, 1741, 1858, 1743, 1758, 1846, 1751, 1860, 1751, 1846, 1748, 1863, 1749, 1850, 1749, 1863, 1756, 1862, 1757, 1856, 1757, 1862, 1775, 1857, 1774, 1852, 1774, 1857, 1865, 1866, 1765, 1761, 1765, 1866, 1866, 1867, 1761, 1762, 1761, 1867, 1778, 1864, 1779, 1868, 1779, 1864, 1777, 1869, 1760, 1870, 1760, 1869, 1871, 1872, 1764, 1767, 1764, 1872, 1867, 1873, 1762, 1763, 1762, 1873, 1874, 1875, 1768, 1800, 1768, 1875, 1875, 1876, 1800, 1799, 1800, 1876, 1877, 1878, 1792, 1788, 1792, 1878, 1878, 1879, 1788, 1789, 1788, 1879, 1873, 1871, 1763, 1764, 1763, 1871, 1879, 1880, 1789, 1790, 1789, 1880, 1770, 1881, 1769, 1882, 1769, 1881, 1760, 1870, 1759, 1883, 1759, 1870, 1880, 1884, 1790, 1791, 1790, 1884, 1872, 1874, 1767, 1768, 1767, 1874, 1769, 1882, 1771, 1885, 1771, 1882, 1779, 1868, 1770, 1881, 1770, 1868, 1876, 1877, 1799, 1792, 1799, 1877, 1771, 1885, 1777, 1869, 1777, 1885, 1759, 1883, 1766, 1886, 1766, 1883, 1886, 1865, 1766, 1765, 1766, 1865, 1887, 1888, 1783, 1784, 1783, 1888, 1888, 1889, 1784, 1785, 1784, 1889, 1889, 1890, 1785, 1787, 1785, 1890, 1891, 1892, 1793, 1794, 1793, 1892, 1893, 1894, 1796, 1798, 1796, 1894, 1884, 1891, 1791, 1793, 1791, 1891, 1895, 1803, 1896, 1816, 1896, 1803, 1814, 1696, 1895, 1803, 1895, 1696, 1897, 1898, 1813, 1815, 1813, 1898, 1899, 1900, 1797, 1795, 1797, 1900, 1901, 1896, 1786, 1816, 1786, 1896, 1898, 1902, 1815, 1809, 1815, 1902, 1903, 1904, 1781, 1782, 1781, 1904, 1902, 1905, 1809, 1808, 1809, 1905, 1906, 1897, 1814, 1813, 1814, 1897, 1907, 1903, 1780, 1781, 1780, 1903, 1890, 1901, 1787, 1786, 1787, 1901, 1892, 1899, 1794, 1797, 1794, 1899, 1900, 1893, 1795, 1796, 1795, 1893, 1894, 1907, 1798, 1780, 1798, 1907, 1904, 1887, 1782, 1783, 1782, 1887, 1908, 1820, 1909, 1821, 1909, 1820, 1910, 1802, 1911, 1810, 1911, 1802, 1912, 1804, 1913, 1805, 1913, 1804, 1914, 1911, 1811, 1810, 1811, 1911, 1915, 1806, 1912, 1804, 1912, 1806, 1905, 1916, 1808, 1818, 1808, 1916, 1917, 1819, 1908, 1820, 1908, 1819, 1918, 1801, 1910, 1802, 1910, 1801, 1909, 1821, 1918, 1801, 1918, 1821, 1919, 1822, 1917, 1819, 1917, 1822, 1916, 1920, 1818, 1817, 1818, 1920, 1920, 1914, 1817, 1811, 1817, 1914, 1913, 1805, 1919, 1822, 1919, 1805, 1826, 1827, 1921, 1922, 1921, 1827, 1923, 1812, 1924, 1807, 1924, 1812, 1823, 1824, 1925, 1926, 1925, 1824, 1830, 1831, 1927, 1928, 1927, 1831, 1824, 1843, 1926, 1929, 1926, 1843, 1838, 1826, 1930, 1921, 1930, 1826, 1835, 1832, 1931, 1932, 1931, 1832, 1933, 1825, 1923, 1812, 1923, 1825, 1934, 1833, 1933, 1825, 1933, 1833, 1924, 1807, 1915, 1806, 1915, 1807, 1834, 1835, 1935, 1931, 1935, 1835, 1827, 1836, 1922, 1936, 1922, 1836, 1837, 1838, 1937, 1930, 1937, 1838, 1836, 1834, 1936, 1935, 1936, 1834, 1841, 1823, 1938, 1925, 1938, 1823, 1828, 1829, 1939, 1940, 1939, 1829, 1843, 1837, 1929, 1937, 1929, 1837, 1840, 1841, 1941, 1938, 1941, 1841, 1829, 1830, 1940, 1927, 1940, 1830, 1831, 1840, 1928, 1941, 1928, 1840, 1832, 1833, 1932, 1934, 1932, 1833, 1942, 1847, 1943, 1859, 1943, 1847, 1944, 1846, 1942, 1847, 1942, 1846, 1945, 1857, 1946, 1856, 1946, 1857, 1947, 1852, 1945, 1857, 1945, 1852, 1848, 1842, 1948, 1949, 1948, 1842, 1950, 1860, 1944, 1846, 1944, 1860, 1951, 1853, 1947, 1852, 1947, 1853, 1951, 1952, 1853, 1854, 1853, 1952, 1953, 1861, 1950, 1860, 1950, 1861, 1954, 1850, 1955, 1863, 1955, 1850, 1858, 1848, 1956, 1948, 1956, 1848, 1952, 1957, 1854, 1855, 1854, 1957, 1859, 1849, 1943, 1958, 1943, 1849, 1844, 1845, 1959, 1960, 1959, 1845, 1849, 1844, 1958, 1959, 1958, 1844, 1946, 1856, 1961, 1862, 1961, 1856, 1839, 1828, 1962, 1939, 1962, 1828, 1842, 1839, 1949, 1962, 1949, 1839, 1845, 1858, 1960, 1956, 1960, 1858, 1955, 1863, 1953, 1861, 1953, 1863, 1963, 1851, 1954, 1850, 1954, 1851, 1961, 1862, 1963, 1851, 1963, 1862, 1875, 1964, 1876, 1965, 1876, 1964, 1966, 1967, 1882, 1885, 1882, 1967, 1866, 1968, 1867, 1969, 1867, 1968, 1970, 1971, 1870, 1883, 1870, 1971, 1972, 1970, 1869, 1870, 1869, 1970, 1873, 1973, 1871, 1974, 1871, 1973, 1871, 1974, 1872, 1975, 1872, 1974, 1967, 1972, 1885, 1869, 1885, 1972, 1867, 1969, 1873, 1973, 1873, 1969, 1874, 1976, 1875, 1964, 1875, 1976, 1977, 1978, 1864, 1868, 1864, 1978, 1876, 1965, 1877, 1979, 1877, 1965, 1877, 1979, 1878, 1980, 1878, 1979, 1878, 1980, 1879, 1981, 1879, 1980, 1957, 1977, 1855, 1864, 1855, 1977, 1971, 1982, 1883, 1886, 1883, 1982, 1978, 1983, 1868, 1881, 1868, 1983, 1982, 1984, 1886, 1865, 1886, 1984, 1983, 1966, 1881, 1882, 1881, 1966, 1984, 1968, 1865, 1866, 1865, 1968, 1872, 1975, 1874, 1976, 1874, 1975, 1985, 1897, 1986, 1906, 1986, 1897, 1891, 1987, 1892, 1988, 1892, 1987, 1989, 1898, 1985, 1897, 1985, 1898, 1892, 1988, 1899, 1990, 1899, 1988, 1894, 1991, 1907, 1992, 1907, 1991, 1900, 1993, 1893, 1994, 1893, 1993, 1904, 1995, 1887, 1996, 1887, 1995, 1997, 1998, 1901, 1896, 1901, 1998, 1998, 1999, 1896, 1895, 1896, 1999, 1999, 1906, 1895, 1814, 1895, 1906, 1887, 1996, 1888, 2000, 1888, 1996, 1879, 1981, 1880, 2001, 1880, 1981, 1893, 1994, 1894, 1991, 1894, 1994, 1899, 1990, 1900, 1993, 1900, 1990, 1903, 2002, 1904, 1995, 1904, 2002, 1907, 1992, 1903, 2002, 1903, 1992, 2003, 1997, 1890, 1901, 1890, 1997, 1888, 2000, 1889, 2004, 1889, 2000, 1889, 2004, 1890, 2003, 1890, 2004, 1880, 2001, 1884, 2005, 1884, 2001, 1884, 2005, 1891, 1987, 1891, 2005, 2006, 1916, 2007, 1905, 2007, 1916, 2008, 1911, 2009, 1914, 2009, 1911, 2010, 1910, 2008, 1911, 2008, 1910, 2011, 1912, 2012, 1913, 2012, 1912, 2013, 1924, 2014, 1915, 2014, 1924, 1932, 1934, 2015, 2016, 2015, 1934, 1935, 1931, 2017, 2018, 2017, 1931, 2019, 1918, 2010, 1910, 2010, 1918, 2020, 1908, 2021, 1909, 2021, 1908, 2022, 1902, 1989, 1898, 1989, 1902, 2023, 1920, 2006, 1916, 2006, 1920, 2024, 1919, 2025, 1917, 2025, 1919, 2009, 1914, 2023, 1920, 2023, 1914, 2025, 1917, 2020, 1908, 2020, 1917, 2012, 1913, 2024, 1919, 2024, 1913, 2014, 1915, 2011, 1912, 2011, 1915, 2007, 1905, 2022, 1902, 2022, 1905, 1923, 1924, 2026, 2013, 2026, 1924, 1934, 1933, 2016, 2027, 2016, 1933, 1931, 1932, 2018, 2015, 2018, 1932, 2021, 1909, 2019, 1918, 2019, 1909, 1933, 1923, 2027, 2026, 2027, 1923, 1926, 1929, 2028, 2029, 2028, 1929, 1956, 1948, 2030, 2031, 2030, 1948, 1921, 1922, 2032, 2033, 2032, 1922, 1930, 1921, 2034, 2032, 2034, 1921, 1925, 1926, 2035, 2028, 2035, 1926, 1938, 1925, 2036, 2035, 2036, 1925, 1940, 1927, 2037, 2038, 2037, 1927, 1949, 1962, 2039, 2040, 2039, 1962, 1937, 1930, 2041, 2034, 2041, 1930, 1936, 1935, 2042, 2017, 2042, 1935, 1929, 1937, 2029, 2041, 2029, 1937, 1960, 1956, 2043, 2030, 2043, 1956, 1958, 1959, 2044, 2045, 2044, 1959, 1928, 1941, 2046, 2047, 2046, 1941, 1962, 1939, 2040, 2048, 2040, 1939, 1959, 1960, 2045, 2043, 2045, 1960, 1927, 1928, 2038, 2046, 2038, 1928, 1939, 1940, 2048, 2037, 2048, 1940, 1941, 1938, 2047, 2036, 2047, 1938, 1948, 1949, 2031, 2039, 2031, 1949, 1922, 1936, 2033, 2042, 2033, 1936, 1950, 2049, 1953, 2050, 1953, 2049, 1951, 2051, 1952, 2052, 1952, 2051, 1954, 2053, 1963, 2054, 1963, 2053, 1955, 2055, 1954, 2053, 1954, 2055, 1978, 2056, 1983, 2057, 1983, 2056, 1953, 2050, 1955, 2055, 1955, 2050, 1957, 2058, 1977, 2059, 1977, 2058, 1961, 2060, 1946, 2061, 1946, 2060, 1942, 1943, 2062, 2063, 2062, 1943, 1952, 2052, 1957, 2058, 1957, 2052, 1983, 2057, 1966, 2064, 1966, 2057, 1966, 2064, 1967, 2065, 1967, 2064, 1943, 1958, 2063, 2044, 2063, 1958, 1963, 2054, 1961, 2060, 1961, 2054, 1945, 2066, 1947, 2067, 1947, 2066, 1946, 2061, 1945, 2066, 1945, 2061, 1944, 1942, 2068, 2062, 2068, 1942, 1947, 2067, 1951, 2051, 1951, 2067, 1944, 2068, 1950, 2049, 1950, 2068, 1977, 2059, 1978, 2056, 1978, 2059, 1967, 2065, 1972, 2069, 1972, 2065, 1964, 2070, 1965, 2071, 1965, 2070, 1972, 2069, 1970, 2072, 1970, 2069, 1980, 2073, 1981, 2074, 1981, 2073, 1969, 2075, 1973, 2076, 1973, 2075, 1987, 2077, 1988, 2078, 1988, 2077, 1970, 2072, 1971, 2079, 1971, 2072, 1971, 2079, 1982, 2080, 1982, 2079, 1990, 2081, 1993, 2082, 1993, 2081, 1976, 2083, 1964, 2070, 1964, 2083, 1988, 2078, 1990, 2081, 1990, 2078, 2001, 2084, 2005, 2085, 2005, 2084, 1984, 2086, 1968, 2087, 1968, 2086, 1974, 2088, 1975, 2089, 1975, 2088, 1979, 2090, 1980, 2073, 1980, 2090, 1968, 2087, 1969, 2075, 1969, 2087, 1973, 2076, 1974, 2088, 1974, 2076, 1982, 2080, 1984, 2086, 1984, 2080, 1993, 2082, 1994, 2091, 1994, 2082, 2005, 2085, 1987, 2077, 1987, 2085, 1975, 2089, 1976, 2083, 1976, 2089, 1965, 2071, 1979, 2090, 1979, 2071, 1981, 2074, 2001, 2084, 2001, 2074, 1996, 2092, 2000, 2093, 2000, 2092, 2000, 2093, 2004, 2094, 2004, 2093, 1997, 2095, 1998, 2096, 1998, 2095, 2004, 2094, 2003, 2097, 2003, 2094, 1986, 1906, 2098, 1999, 2098, 1906, 2098, 1999, 2096, 1998, 2096, 1999, 2099, 1989, 2100, 1985, 2100, 1989, 2101, 2022, 2099, 1989, 2099, 2022, 2102, 2006, 2103, 2007, 2103, 2006, 2104, 2023, 2102, 2006, 2102, 2023, 2105, 2008, 2106, 2009, 2106, 2008, 1992, 2107, 2002, 2108, 2002, 2107, 1995, 2109, 1996, 2092, 1996, 2109, 2106, 2009, 2104, 2023, 2104, 2009, 2110, 2010, 2105, 2008, 2105, 2010, 2002, 2108, 1995, 2109, 1995, 2108, 1991, 2111, 1992, 2107, 1992, 2111, 2003, 2097, 1997, 2095, 1997, 2097, 2103, 2007, 2101, 2022, 2101, 2007, 1994, 2091, 1991, 2111, 1991, 2091, 2100, 1985, 2112, 1986, 2112, 1985, 2032, 2033, 2113, 2114, 2113, 2033, 2115, 2011, 2116, 2012, 2116, 2011, 2034, 2032, 2117, 2113, 2117, 2032, 2118, 2020, 2119, 2021, 2119, 2020, 2042, 2017, 2120, 2121, 2120, 2017, 2122, 2013, 2123, 2014, 2123, 2013, 2124, 2026, 2122, 2013, 2122, 2026, 2123, 2014, 2115, 2011, 2115, 2014, 2125, 2016, 2126, 2027, 2126, 2016, 2127, 2025, 2118, 2020, 2118, 2025, 2033, 2042, 2114, 2120, 2114, 2042, 2126, 2027, 2124, 2026, 2124, 2027, 2041, 2034, 2128, 2117, 2128, 2034, 2129, 2019, 2110, 2010, 2110, 2019, 2018, 2015, 2130, 2131, 2130, 2015, 2119, 2021, 2129, 2019, 2129, 2021, 2015, 2016, 2131, 2125, 2131, 2016, 2017, 2018, 2121, 2130, 2121, 2018, 2029, 2041, 2132, 2128, 2132, 2041, 2133, 2024, 2127, 2025, 2127, 2024, 2116, 2012, 2133, 2024, 2133, 2012, 2038, 2046, 2134, 2135, 2134, 2046, 2048, 2037, 2136, 2137, 2136, 2037, 2050, 2138, 2055, 2139, 2055, 2138, 2036, 2035, 2140, 2141, 2140, 2035, 2030, 2031, 2142, 2143, 2142, 2031, 2062, 2144, 2068, 2145, 2068, 2144, 2055, 2139, 2053, 2146, 2053, 2139, 2063, 2147, 2062, 2144, 2062, 2147, 2040, 2048, 2148, 2136, 2148, 2048, 2043, 2030, 2149, 2142, 2149, 2030, 2044, 2045, 2150, 2151, 2150, 2045, 2068, 2145, 2049, 2152, 2049, 2145, 2035, 2028, 2141, 2153, 2141, 2028, 2046, 2047, 2135, 2154, 2135, 2047, 2037, 2038, 2137, 2134, 2137, 2038, 2047, 2036, 2154, 2140, 2154, 2036, 2028, 2029, 2153, 2132, 2153, 2029, 2031, 2039, 2143, 2155, 2143, 2039, 2045, 2043, 2151, 2149, 2151, 2043, 2063, 2044, 2147, 2150, 2147, 2044, 2049, 2152, 2050, 2138, 2050, 2152, 2039, 2040, 2155, 2148, 2155, 2040, 2054, 2156, 2060, 2157, 2060, 2156, 2051, 2158, 2052, 2159, 2052, 2158, 2057, 2160, 2064, 2161, 2064, 2160, 2053, 2146, 2054, 2156, 2054, 2146, 2061, 2162, 2066, 2163, 2066, 2162, 2064, 2161, 2065, 2164, 2065, 2161, 2067, 2165, 2051, 2158, 2051, 2165, 2066, 2163, 2067, 2165, 2067, 2163, 2052, 2159, 2058, 2166, 2058, 2159, 2058, 2166, 2059, 2167, 2059, 2166, 2059, 2167, 2056, 2168, 2056, 2167, 2060, 2157, 2061, 2162, 2061, 2157, 2056, 2168, 2057, 2160, 2057, 2168, 2169, 2170, 2171, 2172, 2171, 2170, 2173, 2169, 2174, 2171, 2174, 2169, 2175, 2176, 2177, 2178, 2177, 2176, 2179, 2175, 2180, 2177, 2180, 2175, 2181, 2179, 2182, 2180, 2182, 2179, 2170, 2181, 2172, 2182, 2172, 2181, 2183, 2184, 2185, 2186, 2185, 2184, 2183, 2185, 2187, 2188, 2187, 2185, 2189, 2190, 2191, 2192, 2191, 2190, 2187, 2188, 2193, 2194, 2193, 2188, 2195, 2196, 2197, 2198, 2197, 2196, 2196, 2199, 2198, 2200, 2198, 2199, 2193, 2194, 2201, 2202, 2201, 2194, 2197, 2198, 2203, 2204, 2203, 2198, 2203, 2204, 2205, 2206, 2205, 2204, 2205, 2206, 2207, 2208, 2207, 2206, 2171, 2209, 2174, 2210, 2174, 2209, 2204, 2211, 2206, 2212, 2206, 2211, 2198, 2200, 2204, 2211, 2204, 2200, 2186, 2213, 2185, 2214, 2185, 2213, 2206, 2212, 2208, 2215, 2208, 2212, 2207, 2208, 2216, 2217, 2216, 2208, 2216, 2217, 2218, 2219, 2218, 2217, 2220, 2221, 2189, 2190, 2189, 2221, 2221, 2222, 2190, 2223, 2190, 2222, 2208, 2215, 2217, 2224, 2217, 2215, 2184, 2173, 2186, 2174, 2186, 2173, 2191, 2192, 2225, 2226, 2225, 2192, 2176, 2227, 2178, 2228, 2178, 2227, 2227, 2225, 2228, 2226, 2228, 2225, 2226, 2229, 2228, 2230, 2228, 2229, 2177, 2231, 2180, 2232, 2180, 2231, 2174, 2210, 2186, 2213, 2186, 2210, 2182, 2233, 2172, 2234, 2172, 2233, 2228, 2230, 2178, 2235, 2178, 2230, 2188, 2236, 2194, 2237, 2194, 2236, 2172, 2234, 2171, 2209, 2171, 2234, 2201, 2202, 2195, 2196, 2195, 2202, 2190, 2223, 2192, 2238, 2192, 2223, 2194, 2237, 2202, 2239, 2202, 2237, 2180, 2232, 2182, 2233, 2182, 2232, 2202, 2239, 2196, 2199, 2196, 2239, 2192, 2238, 2226, 2229, 2226, 2238, 2185, 2214, 2188, 2236, 2188, 2214, 2178, 2235, 2177, 2231, 2177, 2235, 2073, 2240, 2074, 2241, 2074, 2240, 2078, 2242, 2081, 2243, 2081, 2242, 2070, 2244, 2071, 2245, 2071, 2244, 2086, 2246, 2087, 2247, 2087, 2246, 2075, 2248, 2076, 2249, 2076, 2248, 2069, 2250, 2072, 2251, 2072, 2250, 2083, 2252, 2070, 2244, 2070, 2252, 2072, 2251, 2079, 2253, 2079, 2251, 2079, 2253, 2080, 2254, 2080, 2253, 2076, 2249, 2088, 2255, 2088, 2249, 2088, 2255, 2089, 2256, 2089, 2255, 2071, 2245, 2090, 2257, 2090, 2245, 2090, 2257, 2073, 2240, 2073, 2257, 2065, 2164, 2069, 2250, 2069, 2164, 2084, 2258, 2085, 2259, 2085, 2258, 2089, 2256, 2083, 2252, 2083, 2256, 2085, 2259, 2077, 2260, 2077, 2259, 2077, 2260, 2078, 2242, 2078, 2260, 2080, 2254, 2086, 2246, 2086, 2254, 2074, 2241, 2084, 2258, 2084, 2241, 2087, 2247, 2075, 2248, 2075, 2247, 2091, 2261, 2111, 2262, 2111, 2261, 2263, 2095, 2264, 2097, 2264, 2095, 2265, 2100, 2266, 2112, 2266, 2100, 2267, 2096, 2263, 2095, 2263, 2096, 2107, 2268, 2108, 2269, 2108, 2268, 2112, 1986, 2270, 2098, 2270, 1986, 2081, 2243, 2082, 2271, 2082, 2243, 2272, 2103, 2273, 2101, 2273, 2103, 2270, 2098, 2267, 2096, 2267, 2098, 2274, 2102, 2272, 2103, 2272, 2102, 2082, 2271, 2091, 2261, 2091, 2271, 2273, 2101, 2275, 2099, 2275, 2101, 2276, 2104, 2274, 2102, 2274, 2104, 2109, 2277, 2092, 2278, 2092, 2277, 2279, 2106, 2276, 2104, 2276, 2106, 2094, 2280, 2097, 2264, 2097, 2280, 2108, 2269, 2109, 2277, 2109, 2269, 2275, 2099, 2265, 2100, 2265, 2099, 2111, 2262, 2107, 2268, 2107, 2262, 2092, 2278, 2093, 2281, 2093, 2278, 2093, 2281, 2094, 2280, 2094, 2281, 2282, 2116, 2283, 2133, 2283, 2116, 2284, 2123, 2285, 2115, 2285, 2123, 2283, 2133, 2286, 2127, 2286, 2133, 2287, 2126, 2288, 2124, 2288, 2126, 2289, 2125, 2287, 2126, 2287, 2125, 2120, 2121, 2290, 2291, 2290, 2121, 2131, 2125, 2292, 2289, 2292, 2125, 2113, 2114, 2293, 2294, 2293, 2114, 2130, 2131, 2295, 2292, 2295, 2131, 2117, 2113, 2296, 2293, 2296, 2113, 2297, 2129, 2298, 2110, 2298, 2129, 2299, 2118, 2300, 2119, 2300, 2118, 2301, 2105, 2279, 2106, 2279, 2105, 2302, 2122, 2284, 2123, 2284, 2122, 2288, 2124, 2302, 2122, 2302, 2124, 2114, 2120, 2294, 2290, 2294, 2120, 2121, 2130, 2291, 2295, 2291, 2130, 2285, 2115, 2282, 2116, 2282, 2115, 2128, 2117, 2303, 2296, 2303, 2117, 2300, 2119, 2297, 2129, 2297, 2119, 2286, 2127, 2299, 2118, 2299, 2127, 2298, 2110, 2301, 2105, 2301, 2110, 2147, 2304, 2144, 2305, 2144, 2304, 2140, 2141, 2306, 2307, 2306, 2141, 2155, 2148, 2308, 2309, 2308, 2148, 2134, 2135, 2310, 2311, 2310, 2135, 2153, 2132, 2312, 2313, 2312, 2132, 2150, 2151, 2314, 2315, 2314, 2151, 2142, 2143, 2316, 2317, 2316, 2143, 2141, 2153, 2307, 2312, 2307, 2153, 2147, 2150, 2304, 2314, 2304, 2150, 2132, 2128, 2313, 2303, 2313, 2128, 2145, 2318, 2152, 2319, 2152, 2318, 2144, 2305, 2145, 2318, 2145, 2305, 2137, 2134, 2320, 2310, 2320, 2134, 2154, 2140, 2321, 2306, 2321, 2140, 2136, 2137, 2322, 2320, 2322, 2137, 2148, 2136, 2309, 2322, 2309, 2136, 2143, 2155, 2317, 2308, 2317, 2155, 2151, 2149, 2315, 2323, 2315, 2149, 2152, 2319, 2138, 2324, 2138, 2319, 2135, 2154, 2311, 2321, 2311, 2154, 2149, 2142, 2323, 2316, 2323, 2142, 2165, 2325, 2158, 2326, 2158, 2325, 2158, 2326, 2159, 2327, 2159, 2326, 2156, 2328, 2157, 2329, 2157, 2328, 2157, 2329, 2162, 2330, 2162, 2329, 2162, 2330, 2163, 2331, 2163, 2330, 2159, 2327, 2166, 2332, 2166, 2327, 2167, 2333, 2168, 2334, 2168, 2333, 2164, 2335, 2250, 2336, 2250, 2335, 2250, 2336, 2251, 2337, 2251, 2336, 2253, 2338, 2254, 2339, 2254, 2338, 2254, 2339, 2246, 2340, 2246, 2339, 2246, 2340, 2247, 2341, 2247, 2340, 2138, 2324, 2139, 2342, 2139, 2324, 2146, 2343, 2156, 2328, 2156, 2343, 2160, 2344, 2161, 2345, 2161, 2344, 2251, 2337, 2253, 2338, 2253, 2337, 2161, 2345, 2164, 2335, 2164, 2345, 2139, 2342, 2146, 2343, 2146, 2342, 2166, 2332, 2167, 2333, 2167, 2332, 2168, 2334, 2160, 2344, 2160, 2334, 2163, 2331, 2165, 2325, 2165, 2331, 2243, 2346, 2271, 2347, 2271, 2346, 2261, 2348, 2262, 2349, 2262, 2348, 2262, 2349, 2268, 2350, 2268, 2349, 2241, 2351, 2258, 2352, 2258, 2351, 2260, 2353, 2242, 2354, 2242, 2353, 2269, 2355, 2277, 2356, 2277, 2355, 2242, 2354, 2243, 2346, 2243, 2354, 2257, 2357, 2240, 2358, 2240, 2357, 2259, 2359, 2260, 2353, 2260, 2359, 2277, 2356, 2278, 2360, 2278, 2356, 2255, 2361, 2256, 2362, 2256, 2361, 2249, 2363, 2255, 2361, 2255, 2363, 2256, 2362, 2252, 2364, 2252, 2362, 2248, 2365, 2249, 2363, 2249, 2365, 2271, 2347, 2261, 2348, 2261, 2347, 2268, 2350, 2269, 2355, 2269, 2350, 2252, 2364, 2244, 2366, 2244, 2364, 2258, 2352, 2259, 2359, 2259, 2352, 2247, 2341, 2248, 2365, 2248, 2341, 2245, 2367, 2257, 2357, 2257, 2367, 2240, 2358, 2241, 2351, 2241, 2358, 2244, 2366, 2245, 2367, 2245, 2366, 2368, 2301, 2369, 2279, 2369, 2301, 2370, 2274, 2371, 2272, 2371, 2274, 2278, 2360, 2281, 2372, 2281, 2360, 2373, 2298, 2368, 2301, 2368, 2298, 2369, 2279, 2374, 2276, 2374, 2279, 2280, 2375, 2264, 2376, 2264, 2375, 2377, 2273, 2378, 2275, 2378, 2273, 2379, 2270, 2380, 2267, 2380, 2270, 2374, 2276, 2370, 2274, 2370, 2276, 2266, 2112, 2379, 2270, 2379, 2112, 2381, 2265, 2382, 2266, 2382, 2265, 2380, 2267, 2383, 2263, 2383, 2267, 2371, 2272, 2377, 2273, 2377, 2272, 2384, 2297, 2373, 2298, 2373, 2297, 2385, 2300, 2384, 2297, 2384, 2300, 2281, 2372, 2280, 2375, 2280, 2372, 2378, 2275, 2381, 2265, 2381, 2275, 2386, 2299, 2385, 2300, 2385, 2299, 2383, 2263, 2376, 2264, 2376, 2263, 2387, 2286, 2386, 2299, 2386, 2286, 2388, 2283, 2387, 2286, 2387, 2283, 2313, 2389, 2312, 2390, 2312, 2389, 2391, 2287, 2392, 2288, 2392, 2287, 2295, 2393, 2291, 2394, 2291, 2393, 2296, 2395, 2303, 2396, 2303, 2395, 2312, 2390, 2307, 2397, 2307, 2390, 2307, 2397, 2306, 2398, 2306, 2397, 2399, 2285, 2400, 2282, 2400, 2285, 2306, 2398, 2321, 2401, 2321, 2398, 2321, 2401, 2311, 2402, 2311, 2401, 2290, 2403, 2294, 2404, 2294, 2403, 2405, 2284, 2399, 2285, 2399, 2284, 2400, 2282, 2388, 2283, 2388, 2282, 2294, 2404, 2293, 2406, 2293, 2404, 2292, 2407, 2295, 2393, 2295, 2407, 2303, 2396, 2313, 2389, 2313, 2396, 2287, 2391, 2289, 2408, 2289, 2391, 2291, 2394, 2290, 2403, 2290, 2394, 2289, 2408, 2292, 2407, 2292, 2408, 2293, 2406, 2296, 2395, 2296, 2406, 2409, 2302, 2405, 2284, 2405, 2302, 2392, 2288, 2409, 2302, 2409, 2288, 2310, 2410, 2320, 2411, 2320, 2410, 2320, 2411, 2322, 2412, 2322, 2411, 2314, 2413, 2304, 2414, 2304, 2413, 2324, 2415, 2342, 2416, 2342, 2415, 2342, 2416, 2343, 2417, 2343, 2416, 2343, 2417, 2328, 2418, 2328, 2417, 2311, 2402, 2310, 2410, 2310, 2402, 2329, 2419, 2330, 2420, 2330, 2419, 2318, 2421, 2319, 2422, 2319, 2421, 2315, 2423, 2314, 2413, 2314, 2423, 2309, 2424, 2308, 2425, 2308, 2424, 2316, 2426, 2323, 2427, 2323, 2426, 2304, 2414, 2305, 2428, 2305, 2414, 2305, 2428, 2318, 2421, 2318, 2428, 2323, 2427, 2315, 2423, 2315, 2427, 2328, 2418, 2329, 2419, 2329, 2418, 2322, 2412, 2309, 2424, 2309, 2412, 2317, 2429, 2316, 2426, 2316, 2429, 2319, 2422, 2324, 2415, 2324, 2422, 2308, 2425, 2317, 2429, 2317, 2425, 2330, 2420, 2331, 2430, 2331, 2420, 2331, 2430, 2325, 2431, 2325, 2430, 2326, 2432, 2327, 2433, 2327, 2432, 2336, 2434, 2337, 2435, 2337, 2434, 2337, 2435, 2338, 2436, 2338, 2435, 2332, 2437, 2333, 2438, 2333, 2437, 2327, 2433, 2332, 2437, 2332, 2433, 2341, 2340, 2439, 2440, 2439, 2340, 2362, 2361, 2441, 2442, 2441, 2361, 2338, 2436, 2339, 2443, 2339, 2436, 2364, 2362, 2444, 2441, 2444, 2362, 2325, 2431, 2326, 2432, 2326, 2431, 2366, 2364, 2445, 2444, 2445, 2364, 2334, 2446, 2344, 2447, 2344, 2446, 2365, 2341, 2448, 2439, 2448, 2341, 2367, 2366, 2449, 2445, 2449, 2366, 2335, 2450, 2336, 2434, 2336, 2450, 2361, 2363, 2442, 2451, 2442, 2363, 2333, 2438, 2334, 2446, 2334, 2438, 2339, 2443, 2340, 2440, 2340, 2443, 2345, 2452, 2335, 2450, 2335, 2452, 2344, 2447, 2345, 2452, 2345, 2447, 2363, 2365, 2451, 2448, 2451, 2365, 2347, 2346, 2453, 2454, 2453, 2346, 2455, 2383, 2456, 2376, 2456, 2383, 2382, 2266, 2457, 2379, 2457, 2266, 2352, 2351, 2458, 2459, 2458, 2351, 2355, 2350, 2460, 2461, 2460, 2350, 2349, 2348, 2462, 2463, 2462, 2348, 2353, 2359, 2464, 2465, 2464, 2359, 2372, 2360, 2466, 2467, 2466, 2360, 2354, 2353, 2468, 2464, 2468, 2353, 2375, 2372, 2469, 2466, 2469, 2372, 2457, 2379, 2470, 2380, 2470, 2379, 2348, 2347, 2463, 2453, 2463, 2347, 2351, 2358, 2459, 2471, 2459, 2358, 2358, 2357, 2471, 2472, 2471, 2357, 2350, 2349, 2461, 2462, 2461, 2349, 2346, 2354, 2454, 2468, 2454, 2354, 2360, 2356, 2467, 2473, 2467, 2356, 2356, 2355, 2473, 2460, 2473, 2355, 2470, 2380, 2455, 2383, 2455, 2380, 2359, 2352, 2465, 2458, 2465, 2352, 2376, 2375, 2456, 2469, 2456, 2375, 2357, 2367, 2472, 2449, 2472, 2367, 2474, 2374, 2475, 2370, 2475, 2374, 2476, 2399, 2477, 2400, 2477, 2399, 2478, 2405, 2476, 2399, 2476, 2405, 2479, 2388, 2480, 2387, 2480, 2388, 2481, 2378, 2482, 2381, 2482, 2378, 2483, 2371, 2484, 2377, 2484, 2371, 2485, 2409, 2478, 2405, 2478, 2409, 2486, 2384, 2487, 2373, 2487, 2384, 2488, 2369, 2474, 2374, 2474, 2369, 2477, 2400, 2479, 2388, 2479, 2400, 2489, 2391, 2490, 2392, 2490, 2391, 2482, 2381, 2491, 2382, 2491, 2381, 2487, 2373, 2492, 2368, 2492, 2373, 2490, 2392, 2485, 2409, 2485, 2392, 2391, 2489, 2408, 2493, 2408, 2489, 2494, 2386, 2495, 2385, 2495, 2386, 2475, 2370, 2483, 2371, 2483, 2370, 2492, 2368, 2488, 2369, 2488, 2368, 2495, 2385, 2486, 2384, 2486, 2385, 2480, 2387, 2494, 2386, 2494, 2387, 2484, 2377, 2481, 2378, 2481, 2377, 2389, 2496, 2390, 2497, 2390, 2496, 2411, 2498, 2412, 2499, 2412, 2498, 2424, 2500, 2425, 2501, 2425, 2500, 2408, 2493, 2407, 2502, 2407, 2493, 2397, 2503, 2398, 2504, 2398, 2503, 2406, 2505, 2395, 2506, 2395, 2505, 2402, 2507, 2410, 2508, 2410, 2507, 2395, 2506, 2396, 2509, 2396, 2506, 2412, 2499, 2424, 2500, 2424, 2499, 2401, 2510, 2402, 2507, 2402, 2510, 2393, 2511, 2394, 2512, 2394, 2511, 2425, 2501, 2429, 2513, 2429, 2501, 2390, 2497, 2397, 2503, 2397, 2497, 2429, 2513, 2426, 2514, 2426, 2513, 2394, 2512, 2403, 2515, 2403, 2512, 2396, 2509, 2389, 2496, 2389, 2509, 2407, 2502, 2393, 2511, 2393, 2502, 2398, 2504, 2401, 2510, 2401, 2504, 2403, 2515, 2404, 2516, 2404, 2515, 2404, 2516, 2406, 2505, 2406, 2516, 2410, 2508, 2411, 2498, 2411, 2508, 2414, 2189, 2428, 2191, 2428, 2189, 2428, 2191, 2421, 2225, 2421, 2191, 2420, 2169, 2430, 2173, 2430, 2169, 2415, 2176, 2416, 2175, 2416, 2176, 2431, 2184, 2432, 2183, 2432, 2184, 2432, 2183, 2433, 2187, 2433, 2183, 2421, 2225, 2422, 2227, 2422, 2225, 2438, 2201, 2446, 2195, 2446, 2201, 2430, 2173, 2431, 2184, 2431, 2173, 2417, 2179, 2418, 2181, 2418, 2179, 2437, 2193, 2438, 2201, 2438, 2193, 2427, 2517, 2423, 2518, 2423, 2517, 2446, 2195, 2447, 2197, 2447, 2195, 2413, 2220, 2414, 2189, 2414, 2220, 2426, 2514, 2427, 2517, 2427, 2514, 2422, 2227, 2415, 2176, 2415, 2227, 2416, 2175, 2417, 2179, 2417, 2175, 2423, 2518, 2413, 2220, 2413, 2518, 2418, 2181, 2419, 2170, 2419, 2181, 2419, 2170, 2420, 2169, 2420, 2170, 2433, 2187, 2437, 2193, 2437, 2187, 2444, 2441, 2519, 2520, 2519, 2441, 2435, 2216, 2436, 2218, 2436, 2216, 2459, 2471, 2521, 2522, 2521, 2471, 2434, 2207, 2435, 2216, 2435, 2207, 2464, 2465, 2523, 2524, 2523, 2465, 2471, 2472, 2522, 2525, 2522, 2472, 2445, 2444, 2526, 2519, 2526, 2444, 2447, 2197, 2452, 2203, 2452, 2197, 2449, 2445, 2527, 2526, 2527, 2445, 2465, 2458, 2524, 2528, 2524, 2458, 2452, 2203, 2450, 2205, 2450, 2203, 2436, 2218, 2443, 2529, 2443, 2218, 2443, 2529, 2440, 2530, 2440, 2529, 2451, 2448, 2531, 2532, 2531, 2448, 2441, 2442, 2520, 2533, 2520, 2442, 2442, 2451, 2533, 2531, 2533, 2451, 2450, 2205, 2434, 2207, 2434, 2205, 2448, 2439, 2532, 2534, 2532, 2439, 2472, 2449, 2525, 2527, 2525, 2449, 2458, 2459, 2528, 2521, 2528, 2459, 2468, 2464, 2535, 2523, 2535, 2464, 2439, 2440, 2534, 2530, 2534, 2440, 2483, 2536, 2475, 2537, 2475, 2536, 2473, 2460, 2538, 2539, 2538, 2460, 2467, 2473, 2540, 2538, 2540, 2473, 2491, 2382, 2541, 2457, 2541, 2382, 2454, 2468, 2542, 2535, 2542, 2468, 2456, 2469, 2543, 2544, 2543, 2469, 2466, 2467, 2545, 2540, 2545, 2467, 2475, 2537, 2474, 2546, 2474, 2537, 2484, 2547, 2483, 2536, 2483, 2547, 2548, 2470, 2549, 2455, 2549, 2470, 2482, 2550, 2481, 2551, 2481, 2550, 2481, 2551, 2484, 2547, 2484, 2551, 2463, 2453, 2552, 2553, 2552, 2453, 2491, 2554, 2482, 2550, 2482, 2554, 2460, 2461, 2539, 2555, 2539, 2461, 2453, 2454, 2553, 2542, 2553, 2454, 2469, 2466, 2544, 2545, 2544, 2466, 2455, 2456, 2549, 2543, 2549, 2456, 2461, 2462, 2555, 2556, 2555, 2462, 2462, 2463, 2556, 2552, 2556, 2463, 2541, 2457, 2548, 2470, 2548, 2457, 2494, 2495, 2557, 2558, 2557, 2495, 2480, 2494, 2559, 2557, 2559, 2494, 2477, 2479, 2560, 2561, 2560, 2479, 2478, 2476, 2562, 2563, 2562, 2476, 2490, 2564, 2489, 2565, 2489, 2564, 2474, 2546, 2488, 2566, 2488, 2546, 2488, 2566, 2492, 2567, 2492, 2566, 2489, 2565, 2493, 2568, 2493, 2565, 2493, 2568, 2502, 2569, 2502, 2568, 2515, 2570, 2516, 2571, 2516, 2570, 2485, 2478, 2572, 2562, 2572, 2478, 2495, 2486, 2558, 2573, 2558, 2486, 2512, 2574, 2515, 2570, 2515, 2574, 2487, 2492, 2575, 2567, 2575, 2492, 2502, 2569, 2511, 2576, 2511, 2569, 2486, 2487, 2573, 2575, 2573, 2487, 2511, 2576, 2512, 2574, 2512, 2576, 2479, 2480, 2561, 2559, 2561, 2480, 2485, 2572, 2490, 2564, 2490, 2572, 2476, 2477, 2563, 2560, 2563, 2477, 2516, 2571, 2505, 2577, 2505, 2571, 2508, 2578, 2498, 2579, 2498, 2578, 2507, 2580, 2508, 2578, 2508, 2580, 2506, 2581, 2509, 2582, 2509, 2581, 2496, 2583, 2497, 2584, 2497, 2583, 2510, 2585, 2507, 2580, 2507, 2585, 2499, 2586, 2500, 2587, 2500, 2586, 2514, 2588, 2517, 2589, 2517, 2588, 2497, 2584, 2503, 2590, 2503, 2584, 2503, 2590, 2504, 2591, 2504, 2590, 2500, 2587, 2501, 2592, 2501, 2587, 2517, 2589, 2518, 2593, 2518, 2589, 2518, 2593, 2220, 2221, 2220, 2593, 2498, 2579, 2499, 2586, 2499, 2579, 2504, 2591, 2510, 2585, 2510, 2591, 2505, 2577, 2506, 2581, 2506, 2577, 2513, 2594, 2514, 2588, 2514, 2594, 2509, 2582, 2496, 2583, 2496, 2582, 2501, 2592, 2513, 2594, 2513, 2592, 2530, 2529, 2595, 2596, 2595, 2529, 2529, 2218, 2596, 2219, 2596, 2218, 2526, 2519, 2597, 2598, 2597, 2519, 2533, 2531, 2599, 2600, 2599, 2531, 2556, 2552, 2601, 2602, 2601, 2552, 2521, 2522, 2603, 2604, 2603, 2522, 2531, 2532, 2600, 2605, 2600, 2532, 2520, 2533, 2606, 2599, 2606, 2533, 2532, 2534, 2605, 2607, 2605, 2534, 2542, 2535, 2608, 2609, 2608, 2535, 2552, 2553, 2602, 2610, 2602, 2553, 2539, 2555, 2611, 2612, 2611, 2555, 2553, 2542, 2610, 2608, 2610, 2542, 2527, 2526, 2613, 2597, 2613, 2526, 2528, 2521, 2614, 2603, 2614, 2521, 2555, 2556, 2612, 2601, 2612, 2556, 2523, 2524, 2615, 2616, 2615, 2524, 2524, 2528, 2616, 2614, 2616, 2528, 2534, 2530, 2607, 2595, 2607, 2530, 2519, 2520, 2598, 2606, 2598, 2520, 2525, 2527, 2617, 2613, 2617, 2527, 2535, 2523, 2609, 2615, 2609, 2523, 2522, 2525, 2604, 2617, 2604, 2525, 2543, 2544, 2618, 2619, 2618, 2544, 2548, 2549, 2620, 2621, 2620, 2549, 2622, 2557, 2623, 2558, 2623, 2557, 2541, 2624, 2491, 2554, 2491, 2624, 2625, 2551, 2626, 2550, 2626, 2551, 2627, 2559, 2622, 2557, 2622, 2559, 2626, 2550, 2628, 2554, 2628, 2550, 2629, 2567, 2630, 2566, 2630, 2567, 2538, 2539, 2631, 2611, 2631, 2539, 2545, 2540, 2632, 2633, 2632, 2540, 2548, 2620, 2541, 2624, 2541, 2620, 2634, 2547, 2625, 2551, 2625, 2547, 2635, 2536, 2634, 2547, 2634, 2536, 2630, 2566, 2636, 2546, 2636, 2566, 2637, 2537, 2635, 2536, 2635, 2537, 2540, 2538, 2633, 2631, 2633, 2538, 2544, 2545, 2619, 2632, 2619, 2545, 2549, 2543, 2621, 2618, 2621, 2543, 2636, 2546, 2637, 2537, 2637, 2546, 2638, 2575, 2629, 2567, 2629, 2575, 2639, 2573, 2638, 2575, 2638, 2573, 2623, 2558, 2639, 2573, 2639, 2558, 2582, 2640, 2583, 2641, 2583, 2640, 2642, 2561, 2627, 2559, 2627, 2561, 2590, 2643, 2591, 2644, 2591, 2643, 2565, 2645, 2568, 2646, 2568, 2645, 2647, 2562, 2648, 2563, 2648, 2562, 2649, 2572, 2647, 2562, 2647, 2572, 2568, 2646, 2569, 2650, 2569, 2646, 2569, 2650, 2576, 2651, 2576, 2650, 2571, 2652, 2577, 2653, 2577, 2652, 2654, 2564, 2649, 2572, 2649, 2564, 2655, 2560, 2642, 2561, 2642, 2560, 2564, 2654, 2565, 2645, 2565, 2654, 2583, 2641, 2584, 2656, 2584, 2641, 2584, 2656, 2590, 2643, 2590, 2656, 2581, 2657, 2582, 2640, 2582, 2657, 2574, 2658, 2570, 2659, 2570, 2658, 2577, 2653, 2581, 2657, 2581, 2653, 2591, 2644, 2585, 2660, 2585, 2644, 2570, 2659, 2571, 2652, 2571, 2659, 2576, 2651, 2574, 2658, 2574, 2651, 2648, 2563, 2655, 2560, 2655, 2563, 2587, 2661, 2592, 2662, 2592, 2661, 2588, 2663, 2589, 2664, 2589, 2663, 2578, 2665, 2579, 2666, 2579, 2665, 2589, 2664, 2593, 2667, 2593, 2664, 2579, 2666, 2586, 2668, 2586, 2666, 2580, 2669, 2578, 2665, 2578, 2669, 2593, 2667, 2221, 2222, 2221, 2667, 2592, 2662, 2594, 2670, 2594, 2662, 2586, 2668, 2587, 2661, 2587, 2668, 2594, 2670, 2588, 2663, 2588, 2670, 2585, 2660, 2580, 2669, 2580, 2660, 2671, 2672, 2673, 2674, 2673, 2672, 2673, 2674, 2675, 2676, 2675, 2674, 2675, 2676, 2677, 2678, 2677, 2676, 2679, 2680, 2681, 2682, 2681, 2680, 2677, 2678, 2679, 2680, 2679, 2678, 2683, 2684, 2685, 2686, 2685, 2684, 2687, 2688, 2683, 2684, 2683, 2688, 2685, 2686, 2689, 2690, 2689, 2686, 2691, 2692, 2693, 2694, 2693, 2692, 2693, 2694, 2695, 2696, 2695, 2694, 2689, 2690, 2697, 2698, 2697, 2690, 2690, 2699, 2698, 2700, 2698, 2699, 2701, 2700, 2699, 2702, 2701, 2699, 2681, 2682, 2703, 2704, 2703, 2682, 2705, 2706, 2707, 2708, 2707, 2706, 2709, 2710, 2711, 2712, 2711, 2710, 2708, 2712, 2710, 2706, 2712, 2708, 2695, 2696, 2705, 2706, 2705, 2696, 2711, 2712, 2713, 2714, 2713, 2712, 2706, 2714, 2712, 2696, 2714, 2706, 2707, 2708, 2715, 2716, 2715, 2708, 2717, 2718, 2719, 2720, 2719, 2718, 2678, 2719, 2720, 2680, 2678, 2720, 2715, 2716, 2721, 2722, 2721, 2716, 2723, 2724, 2691, 2692, 2691, 2724, 2725, 2726, 2727, 2728, 2727, 2726, 2692, 2728, 2726, 2724, 2728, 2692, 2713, 2714, 2729, 2730, 2729, 2714, 2696, 2730, 2714, 2694, 2730, 2696, 2731, 2732, 2723, 2724, 2723, 2732, 2721, 2722, 2733, 2734, 2733, 2722, 2703, 2704, 2687, 2688, 2687, 2704, 2735, 2736, 2737, 2738, 2737, 2736, 2704, 2737, 2738, 2688, 2704, 2738, 2729, 2730, 2725, 2726, 2725, 2730, 2694, 2726, 2730, 2692, 2726, 2694, 2733, 2734, 2671, 2672, 2671, 2734, 2727, 2728, 2739, 2740, 2739, 2728, 2724, 2740, 2728, 2732, 2740, 2724, 2741, 2742, 2743, 2744, 2743, 2742, 2722, 2744, 2742, 2716, 2744, 2722, 2745, 2746, 2731, 2732, 2731, 2746, 2747, 2748, 2749, 2750, 2749, 2748, 2734, 2749, 2750, 2672, 2734, 2750, 2748, 2751, 2750, 2752, 2750, 2751, 2672, 2750, 2752, 2674, 2672, 2752, 2751, 2753, 2752, 2754, 2752, 2753, 2674, 2752, 2754, 2676, 2674, 2754, 2755, 2756, 2757, 2758, 2757, 2756, 2684, 2757, 2758, 2686, 2684, 2758, 2743, 2744, 2709, 2710, 2709, 2744, 2716, 2710, 2744, 2708, 2710, 2716, 2756, 2702, 2758, 2699, 2758, 2702, 2686, 2758, 2699, 2690, 2686, 2699, 2759, 2735, 2760, 2737, 2760, 2735, 2682, 2760, 2737, 2704, 2682, 2737, 2747, 2749, 2741, 2742, 2741, 2749, 2734, 2742, 2749, 2722, 2742, 2734, 2753, 2717, 2754, 2719, 2754, 2717, 2676, 2754, 2719, 2678, 2676, 2719, 2718, 2759, 2720, 2760, 2720, 2759, 2680, 2720, 2760, 2682, 2680, 2760, 2736, 2755, 2738, 2757, 2738, 2755, 2688, 2738, 2757, 2684, 2688, 2757, 2697, 2698, 2761, 2762, 2761, 2698, 2217, 2224, 2219, 2763, 2219, 2224, 2600, 2605, 2764, 2765, 2764, 2605, 2603, 2604, 2766, 2767, 2766, 2604, 2609, 2615, 2768, 2769, 2768, 2615, 2608, 2609, 2770, 2768, 2770, 2609, 2598, 2606, 2771, 2772, 2771, 2606, 2617, 2613, 2773, 2774, 2773, 2613, 2610, 2608, 2775, 2770, 2775, 2608, 2604, 2617, 2767, 2773, 2767, 2617, 2613, 2597, 2774, 2776, 2774, 2597, 2595, 2596, 2777, 2778, 2777, 2596, 2599, 2600, 2779, 2764, 2779, 2600, 2607, 2595, 2780, 2777, 2780, 2595, 2614, 2603, 2781, 2766, 2781, 2603, 2615, 2616, 2769, 2782, 2769, 2616, 2602, 2610, 2783, 2775, 2783, 2610, 2219, 2763, 2596, 2778, 2596, 2763, 2606, 2599, 2772, 2779, 2772, 2599, 2616, 2614, 2782, 2781, 2782, 2614, 2605, 2607, 2765, 2780, 2765, 2607, 2597, 2598, 2776, 2771, 2776, 2598, 2632, 2633, 2784, 2785, 2784, 2633, 2601, 2602, 2786, 2783, 2786, 2602, 2612, 2601, 2787, 2786, 2787, 2601, 2788, 2620, 2789, 2621, 2789, 2620, 2611, 2612, 2790, 2787, 2790, 2612, 2619, 2632, 2791, 2784, 2791, 2632, 2621, 2618, 2789, 2792, 2789, 2618, 2793, 2626, 2794, 2628, 2794, 2626, 2628, 2554, 2795, 2624, 2795, 2554, 2796, 2635, 2797, 2634, 2797, 2635, 2798, 2637, 2796, 2635, 2796, 2637, 2799, 2630, 2800, 2636, 2800, 2630, 2618, 2619, 2792, 2791, 2792, 2619, 2797, 2634, 2801, 2625, 2801, 2634, 2795, 2624, 2788, 2620, 2788, 2624, 2801, 2625, 2793, 2626, 2793, 2625, 2802, 2629, 2799, 2630, 2799, 2629, 2631, 2611, 2803, 2790, 2803, 2611, 2804, 2638, 2802, 2629, 2802, 2638, 2800, 2636, 2798, 2637, 2798, 2636, 2633, 2631, 2785, 2803, 2785, 2631, 2805, 2623, 2806, 2639, 2806, 2623, 2646, 2807, 2650, 2808, 2650, 2807, 2807, 2646, 2809, 2645, 2809, 2646, 2658, 2810, 2659, 2811, 2659, 2810, 2659, 2811, 2652, 2812, 2652, 2811, 2813, 2647, 2814, 2648, 2814, 2647, 2815, 2622, 2805, 2623, 2805, 2622, 2816, 2627, 2815, 2622, 2815, 2627, 2806, 2639, 2804, 2638, 2804, 2639, 2650, 2808, 2651, 2817, 2651, 2808, 2651, 2817, 2658, 2810, 2658, 2817, 2652, 2812, 2653, 2818, 2653, 2812, 2653, 2818, 2657, 2819, 2657, 2818, 2657, 2819, 2640, 2820, 2640, 2819, 2821, 2655, 2822, 2642, 2822, 2655, 2640, 2820, 2641, 2823, 2641, 2820, 2641, 2823, 2656, 2824, 2656, 2823, 2814, 2648, 2821, 2655, 2821, 2648, 2825, 2649, 2813, 2647, 2813, 2649, 2822, 2642, 2816, 2627, 2816, 2642, 2826, 2654, 2825, 2649, 2825, 2654, 2809, 2645, 2826, 2654, 2826, 2645, 2663, 2827, 2664, 2828, 2664, 2827, 2669, 2829, 2665, 2830, 2665, 2829, 2661, 2831, 2662, 2832, 2662, 2831, 2668, 2833, 2661, 2831, 2661, 2833, 2238, 2834, 2229, 2835, 2229, 2834, 2643, 2836, 2644, 2837, 2644, 2836, 2660, 2838, 2669, 2829, 2669, 2838, 2229, 2835, 2230, 2839, 2230, 2835, 2230, 2839, 2235, 2840, 2235, 2839, 2666, 2841, 2668, 2833, 2668, 2841, 2644, 2837, 2660, 2838, 2660, 2837, 2665, 2830, 2666, 2841, 2666, 2830, 2656, 2824, 2643, 2836, 2643, 2824, 2662, 2832, 2670, 2842, 2670, 2832, 2670, 2842, 2663, 2827, 2663, 2842, 2667, 2843, 2222, 2844, 2222, 2843, 2222, 2844, 2223, 2845, 2223, 2844, 2223, 2845, 2238, 2834, 2238, 2845, 2235, 2840, 2231, 2846, 2231, 2840, 2664, 2828, 2667, 2843, 2667, 2828, 2231, 2846, 2232, 2847, 2232, 2846, 2212, 2848, 2215, 2849, 2215, 2848, 2237, 2850, 2239, 2851, 2239, 2850, 2213, 2852, 2214, 2853, 2214, 2852, 2199, 2854, 2200, 2855, 2200, 2854, 2211, 2856, 2212, 2848, 2212, 2856, 2234, 2857, 2209, 2858, 2209, 2857, 2777, 2859, 2780, 2860, 2780, 2859, 2765, 2780, 2861, 2860, 2861, 2780, 2200, 2855, 2211, 2856, 2211, 2855, 2233, 2862, 2234, 2857, 2234, 2862, 2214, 2853, 2236, 2863, 2236, 2853, 2224, 2864, 2763, 2865, 2763, 2864, 2215, 2849, 2224, 2864, 2224, 2849, 2763, 2865, 2778, 2866, 2778, 2865, 2764, 2765, 2867, 2861, 2867, 2765, 2236, 2863, 2237, 2850, 2237, 2863, 2239, 2851, 2199, 2854, 2199, 2851, 2209, 2858, 2210, 2868, 2210, 2858, 2210, 2868, 2213, 2852, 2213, 2868, 2778, 2866, 2777, 2859, 2777, 2866, 2232, 2847, 2233, 2862, 2233, 2847, 2768, 2769, 2869, 2870, 2869, 2769, 2770, 2768, 2871, 2869, 2871, 2768, 2773, 2774, 2872, 2873, 2872, 2774, 2781, 2766, 2874, 2875, 2874, 2766, 2779, 2764, 2876, 2867, 2876, 2764, 2772, 2779, 2877, 2876, 2877, 2779, 2771, 2772, 2878, 2877, 2878, 2772, 2790, 2787, 2879, 2880, 2879, 2787, 2774, 2776, 2873, 2881, 2873, 2776, 2766, 2767, 2875, 2882, 2875, 2767, 2782, 2781, 2883, 2874, 2883, 2781, 2786, 2783, 2884, 2885, 2884, 2783, 2783, 2775, 2885, 2886, 2885, 2775, 2776, 2771, 2881, 2878, 2881, 2771, 2787, 2786, 2880, 2884, 2880, 2786, 2803, 2790, 2887, 2879, 2887, 2790, 2767, 2773, 2882, 2872, 2882, 2773, 2775, 2770, 2886, 2871, 2886, 2770, 2784, 2785, 2888, 2889, 2888, 2785, 2785, 2803, 2889, 2887, 2889, 2803, 2791, 2784, 2890, 2888, 2890, 2784, 2769, 2782, 2870, 2883, 2870, 2782, 2891, 2802, 2892, 2799, 2892, 2802, 2893, 2805, 2894, 2806, 2894, 2805, 2895, 2793, 2896, 2794, 2896, 2793, 2897, 2822, 2898, 2816, 2898, 2822, 2899, 2821, 2897, 2822, 2897, 2821, 2792, 2791, 2900, 2890, 2900, 2791, 2901, 2814, 2899, 2821, 2899, 2814, 2902, 2795, 2903, 2788, 2903, 2795, 2794, 2628, 2902, 2795, 2902, 2628, 2904, 2798, 2905, 2796, 2905, 2798, 2906, 2804, 2891, 2802, 2891, 2804, 2907, 2789, 2900, 2792, 2900, 2789, 2894, 2806, 2906, 2804, 2906, 2806, 2908, 2815, 2893, 2805, 2893, 2815, 2898, 2816, 2908, 2815, 2908, 2816, 2909, 2800, 2904, 2798, 2904, 2800, 2903, 2788, 2907, 2789, 2907, 2788, 2905, 2796, 2910, 2797, 2910, 2796, 2892, 2799, 2909, 2800, 2909, 2799, 2910, 2797, 2911, 2801, 2911, 2797, 2911, 2801, 2895, 2793, 2895, 2801, 2810, 2912, 2811, 2913, 2811, 2912, 2818, 2914, 2819, 2915, 2819, 2914, 2819, 2915, 2820, 2916, 2820, 2915, 2807, 2917, 2808, 2918, 2808, 2917, 2817, 2919, 2810, 2912, 2810, 2919, 2811, 2913, 2812, 2920, 2812, 2913, 2820, 2916, 2823, 2921, 2823, 2916, 2824, 2922, 2836, 2923, 2836, 2922, 2808, 2918, 2817, 2919, 2817, 2918, 2917, 2807, 2924, 2809, 2924, 2807, 2837, 2925, 2838, 2926, 2838, 2925, 2927, 2813, 2901, 2814, 2901, 2813, 2928, 2825, 2927, 2813, 2927, 2825, 2836, 2923, 2837, 2925, 2837, 2923, 2838, 2926, 2829, 2929, 2829, 2926, 2812, 2920, 2818, 2914, 2818, 2920, 2829, 2929, 2830, 2930, 2830, 2929, 2830, 2930, 2841, 2931, 2841, 2930, 2924, 2809, 2932, 2826, 2932, 2809, 2823, 2921, 2824, 2922, 2824, 2921, 2932, 2826, 2928, 2825, 2928, 2826, 2841, 2931, 2833, 2933, 2833, 2931, 2839, 2934, 2840, 2935, 2840, 2934, 2858, 2936, 2868, 2937, 2868, 2936, 2831, 2938, 2832, 2939, 2832, 2938, 2842, 2940, 2827, 2941, 2827, 2940, 2845, 2942, 2834, 2943, 2834, 2942, 2840, 2935, 2846, 2944, 2846, 2935, 2847, 2945, 2862, 2946, 2862, 2945, 2862, 2946, 2857, 2947, 2857, 2946, 2833, 2933, 2831, 2938, 2831, 2933, 2828, 2948, 2843, 2949, 2843, 2948, 2857, 2947, 2858, 2936, 2858, 2947, 2843, 2949, 2844, 2950, 2844, 2949, 2853, 2951, 2863, 2952, 2863, 2951, 2844, 2950, 2845, 2942, 2845, 2950, 2827, 2941, 2828, 2948, 2828, 2941, 2834, 2943, 2835, 2953, 2835, 2943, 2832, 2939, 2842, 2940, 2842, 2939, 2846, 2944, 2847, 2945, 2847, 2944, 2868, 2937, 2852, 2954, 2852, 2937, 2852, 2954, 2853, 2951, 2853, 2954, 2835, 2953, 2839, 2934, 2839, 2953, 2859, 2955, 2860, 2956, 2860, 2955, 2864, 2957, 2865, 2958, 2865, 2957, 2849, 2959, 2864, 2957, 2864, 2959, 2882, 2872, 2960, 2961, 2960, 2872, 2881, 2878, 2962, 2963, 2962, 2878, 2873, 2881, 2964, 2962, 2964, 2881, 2863, 2952, 2850, 2965, 2850, 2952, 2848, 2966, 2849, 2959, 2849, 2966, 2856, 2967, 2848, 2966, 2848, 2967, 2855, 2968, 2856, 2967, 2856, 2968, 2865, 2958, 2866, 2969, 2866, 2958, 2866, 2969, 2859, 2955, 2859, 2969, 2867, 2861, 2970, 2971, 2970, 2861, 2876, 2867, 2972, 2970, 2972, 2867, 2877, 2876, 2973, 2972, 2973, 2876, 2872, 2873, 2961, 2964, 2961, 2873, 2878, 2877, 2963, 2973, 2963, 2877, 2861, 2860, 2971, 2956, 2971, 2860, 2854, 2974, 2855, 2968, 2855, 2974, 2850, 2965, 2851, 2975, 2851, 2965, 2851, 2975, 2854, 2974, 2854, 2975, 2886, 2871, 2976, 2977, 2976, 2871, 2900, 2890, 2978, 2979, 2978, 2890, 2871, 2869, 2977, 2980, 2977, 2869, 2884, 2885, 2981, 2982, 2981, 2885, 2889, 2887, 2983, 2984, 2983, 2887, 2870, 2883, 2985, 2986, 2985, 2883, 2883, 2874, 2986, 2987, 2986, 2874, 2890, 2888, 2979, 2988, 2979, 2888, 2989, 2903, 2990, 2907, 2990, 2903, 2869, 2870, 2980, 2985, 2980, 2870, 2991, 2902, 2989, 2903, 2989, 2902, 2896, 2794, 2991, 2902, 2991, 2794, 2992, 2895, 2993, 2896, 2993, 2895, 2874, 2875, 2987, 2994, 2987, 2875, 2880, 2884, 2995, 2981, 2995, 2884, 2990, 2907, 2978, 2900, 2978, 2907, 2879, 2880, 2996, 2995, 2996, 2880, 2887, 2879, 2984, 2996, 2984, 2879, 2885, 2886, 2982, 2976, 2982, 2886, 2875, 2882, 2994, 2960, 2994, 2882, 2888, 2889, 2988, 2983, 2988, 2889, 2997, 2894, 2998, 2906, 2998, 2894, 2999, 2904, 3000, 2905, 3000, 2904, 2918, 2917, 3001, 3002, 3001, 2917, 2919, 2918, 3003, 3001, 3003, 2918, 3004, 2924, 3005, 2932, 3005, 2924, 3006, 2891, 3007, 2892, 3007, 2891, 2998, 2906, 3006, 2891, 3006, 2906, 3008, 2897, 3009, 2898, 3009, 2897, 3000, 2905, 3010, 2910, 3010, 2905, 3011, 2909, 2999, 2904, 2999, 2909, 3010, 2910, 3012, 2911, 3012, 2910, 3013, 2928, 3014, 2927, 3014, 2928, 3005, 2932, 3013, 2928, 3013, 2932, 3002, 2917, 3004, 2924, 3004, 2917, 3007, 2892, 3011, 2909, 3011, 2892, 3009, 2898, 3015, 2908, 3015, 2898, 3016, 2899, 3008, 2897, 3008, 2899, 3017, 2901, 3016, 2899, 3016, 2901, 3012, 2911, 2992, 2895, 2992, 2911, 3015, 2908, 3018, 2893, 3018, 2908, 3018, 2893, 2997, 2894, 2997, 2893, 3014, 2927, 3017, 2901, 3017, 2927, 2921, 2916, 3019, 3020, 3019, 2916, 2923, 2922, 3021, 3022, 3021, 2922, 2930, 2929, 3023, 3024, 3023, 2929, 2931, 2930, 3025, 3023, 3025, 2930, 2939, 2938, 3026, 3027, 3026, 2938, 2925, 2923, 3028, 3021, 3028, 2923, 2948, 2941, 3029, 3030, 3029, 2941, 2949, 2948, 3031, 3029, 3031, 2948, 2922, 2921, 3022, 3019, 3022, 2921, 2940, 2939, 3032, 3026, 3032, 2939, 2912, 2919, 3033, 3003, 3033, 2919, 2914, 2920, 3034, 3035, 3034, 2920, 2916, 2915, 3020, 3036, 3020, 2915, 2929, 2926, 3024, 3037, 3024, 2926, 2913, 2912, 3038, 3033, 3038, 2912, 2920, 2913, 3035, 3038, 3035, 2913, 2938, 2933, 3027, 3039, 3027, 2933, 2915, 2914, 3036, 3034, 3036, 2914, 2926, 2925, 3037, 3028, 3037, 2925, 2933, 2931, 3039, 3025, 3039, 2931, 2941, 2940, 3030, 3032, 3030, 2940, 2944, 2691, 2945, 2693, 2945, 2691, 2953, 2745, 2934, 2731, 2934, 2745, 2937, 2715, 2954, 2721, 2954, 2715, 2942, 2950, 3040, 3041, 3040, 2950, 2943, 3042, 2953, 2745, 2953, 3042, 2934, 2731, 2935, 2723, 2935, 2731, 2951, 2733, 2952, 2671, 2952, 2733, 2975, 2675, 2974, 2677, 2974, 2675, 2942, 3040, 2943, 3042, 2943, 3040, 2945, 2693, 2946, 2695, 2946, 2693, 2950, 2949, 3041, 3031, 3041, 2949, 2974, 2677, 2968, 2679, 2968, 2677, 2954, 2721, 2951, 2733, 2951, 2721, 2968, 2679, 2967, 2681, 2967, 2679, 2935, 2723, 2944, 2691, 2944, 2723, 2965, 2673, 2975, 2675, 2975, 2673, 2967, 2681, 2966, 2703, 2966, 2681, 2946, 2695, 2947, 2705, 2947, 2695, 2936, 2707, 2937, 2715, 2937, 2707, 2952, 2671, 2965, 2673, 2965, 2671, 2947, 2705, 2936, 2707, 2936, 2705, 2969, 2689, 2955, 2697, 2955, 2689, 2963, 3043, 2962, 3044, 2962, 3043, 2964, 3045, 2961, 3046, 2961, 3045, 2961, 3046, 2960, 3047, 2960, 3046, 2955, 2697, 2956, 2761, 2956, 2697, 2956, 2761, 2971, 3048, 2971, 2761, 2987, 3049, 2986, 3050, 2986, 3049, 2986, 3050, 2985, 3051, 2985, 3050, 2985, 3051, 2980, 3052, 2980, 3051, 2980, 3052, 2977, 3053, 2977, 3052, 2962, 3044, 2964, 3045, 2964, 3044, 2957, 2683, 2958, 2685, 2958, 2683, 2971, 3048, 2970, 3054, 2970, 3048, 2959, 2687, 2957, 2683, 2957, 2687, 2973, 3055, 2963, 3043, 2963, 3055, 2994, 3056, 2987, 3049, 2987, 3056, 2977, 3053, 2976, 3057, 2976, 3053, 2958, 2685, 2969, 2689, 2969, 2685, 2970, 3054, 2972, 3058, 2972, 3054, 2972, 3058, 2973, 3055, 2973, 3058, 2960, 3047, 2994, 3056, 2994, 3047, 2966, 2703, 2959, 2687, 2959, 2703, 2988, 3059, 2979, 3060, 2979, 3059, 3061, 2989, 3062, 2990, 3062, 2989, 3063, 3000, 3064, 3010, 3064, 3000, 2995, 3065, 2996, 3066, 2996, 3065, 3067, 2999, 3063, 3000, 3063, 2999, 3068, 3006, 3069, 3007, 3069, 3006, 2993, 2896, 3070, 2991, 3070, 2896, 2983, 3071, 2988, 3059, 2988, 3071, 2982, 3072, 2981, 3073, 2981, 3072, 3074, 3012, 3075, 2992, 3075, 3012, 3064, 3010, 3074, 3012, 3074, 3010, 2979, 3060, 2978, 3076, 2978, 3060, 3075, 2992, 3077, 2993, 3077, 2992, 2976, 3057, 2982, 3072, 2982, 3057, 3078, 3011, 3067, 2999, 3067, 3011, 2981, 3073, 2995, 3065, 2995, 3073, 2996, 3066, 2984, 3079, 2984, 3066, 3062, 2990, 3076, 2978, 3076, 2990, 2984, 3079, 2983, 3071, 2983, 3079, 3070, 2991, 3061, 2989, 3061, 2991, 3069, 3007, 3078, 3011, 3078, 3007, 3080, 3009, 3081, 3015, 3081, 3009, 3036, 3034, 3082, 3083, 3082, 3034, 3003, 3001, 3084, 3085, 3084, 3001, 3086, 3017, 3087, 3016, 3087, 3017, 3088, 3013, 3089, 3014, 3089, 3013, 3001, 3002, 3085, 3090, 3085, 3002, 3020, 3036, 3091, 3082, 3091, 3036, 3092, 3005, 3088, 3013, 3088, 3005, 3081, 3015, 3093, 3018, 3093, 3015, 3002, 3004, 3090, 3094, 3090, 3004, 3094, 3004, 3092, 3005, 3092, 3004, 3095, 3008, 3080, 3009, 3080, 3008, 3093, 3018, 3096, 2997, 3096, 3018, 3096, 2997, 3097, 2998, 3097, 2997, 3033, 3003, 3098, 3084, 3098, 3003, 3038, 3033, 3099, 3098, 3099, 3033, 3087, 3016, 3095, 3008, 3095, 3016, 3097, 2998, 3068, 3006, 3068, 2998, 3089, 3014, 3086, 3017, 3086, 3014, 3034, 3035, 3083, 3100, 3083, 3035, 3035, 3038, 3100, 3099, 3100, 3038, 3019, 3020, 3101, 3091, 3101, 3020, 3037, 3028, 1, 2, 1, 3028, 3030, 3032, 3102, 3103, 3102, 3032, 3042, 3040, 3104, 3105, 3104, 3040, 3021, 3022, 3106, 3107, 3106, 3022, 3042, 3104, 2745, 2746, 2745, 3104, 3023, 3024, 3108, 3109, 3108, 3024, 3028, 3021, 2, 3106, 2, 3021, 3032, 3026, 3103, 3110, 3103, 3026, 3022, 3019, 3107, 3101, 3107, 3019, 3027, 3039, 3111, 3112, 3111, 3039, 3026, 3027, 3110, 3111, 3110, 3027, 3031, 3029, 3113, 3114, 3113, 3029, 3041, 3031, 3115, 3113, 3115, 3031, 3024, 3037, 3109, 1, 3109, 3037, 3039, 3025, 3112, 3116, 3112, 3025, 3040, 3041, 3105, 3115, 3105, 3041, 3025, 3023, 3116, 3108, 3116, 3023, 3029, 3030, 3114, 3102, 3114, 3030, 2761, 2762, 3048, 3117, 3048, 2762, 3054, 3118, 3058, 3119, 3058, 3118, 3050, 3120, 3051, 3121, 3051, 3120, 3122, 3121, 3120, 3047, 3123, 3056, 3124, 3056, 3123, 3052, 3125, 3053, 3126, 3053, 3125, 3049, 3127, 3050, 3120, 3050, 3127, 3045, 3128, 3046, 3129, 3046, 3128, 3056, 3124, 3049, 3127, 3049, 3124, 3044, 3130, 3045, 3128, 3045, 3130, 3046, 3129, 3047, 3123, 3047, 3129, 3051, 3121, 3052, 3125, 3052, 3121, 3057, 3131, 3072, 3132, 3072, 3131, 3058, 3119, 3055, 3133, 3055, 3119, 3055, 3133, 3043, 3134, 3043, 3133, 3073, 3135, 3065, 3136, 3065, 3135, 3065, 3136, 3066, 3137, 3066, 3136, 3048, 3117, 3054, 3118, 3054, 3117, 3072, 3132, 3073, 3135, 3073, 3132, 3053, 3126, 3057, 3131, 3057, 3126, 3043, 3134, 3044, 3130, 3044, 3134, 3066, 3137, 3079, 3138, 3079, 3137, 3079, 3138, 3071, 3139, 3071, 3138, 3140, 3141, 3064, 3063, 3064, 3141, 3076, 3142, 3062, 3143, 3062, 3142, 3144, 3093, 3145, 3096, 3145, 3093, 3146, 3140, 3074, 3064, 3074, 3140, 3147, 3148, 3067, 3078, 3067, 3148, 3149, 3150, 3077, 3075, 3077, 3150, 3145, 3096, 3151, 3097, 3151, 3096, 3077, 2993, 3152, 3070, 3152, 2993, 3071, 3139, 3059, 3153, 3059, 3139, 3154, 3081, 3144, 3093, 3144, 3081, 3155, 3095, 3156, 3080, 3156, 3095, 3157, 3061, 3143, 3062, 3143, 3061, 3150, 3146, 3075, 3074, 3075, 3146, 3158, 3087, 3155, 3095, 3155, 3087, 3148, 3159, 3078, 3069, 3078, 3159, 3059, 3153, 3060, 3160, 3060, 3153, 3159, 3161, 3069, 3068, 3069, 3161, 3156, 3080, 3154, 3081, 3154, 3080, 3060, 3160, 3076, 3142, 3076, 3160, 3151, 3097, 3161, 3068, 3161, 3097, 3152, 3070, 3157, 3061, 3157, 3070, 3141, 3147, 3063, 3067, 3063, 3147, 3101, 3091, 3162, 3163, 3162, 3091, 3107, 3101, 3164, 3162, 3164, 3101, 3098, 3084, 3165, 3166, 3165, 3084, 3084, 3085, 3166, 3167, 3166, 3085, 3168, 3086, 3158, 3087, 3158, 3086, 1, 0, 3169, 2, 3169, 0, 3170, 3169, 2, 3171, 3170, 2, 3106, 3107, 3172, 3164, 3172, 3107, 3085, 3090, 3167, 3173, 3167, 3090, 3108, 3109, 3174, 3175, 3174, 3109, 3176, 3174, 3175, 3177, 3174, 3176, 3091, 3082, 3163, 3178, 3163, 3082, 3179, 3088, 3180, 3089, 3180, 3088, 3090, 3094, 3173, 3181, 3173, 3094, 3094, 3092, 3181, 3182, 3181, 3092, 3100, 3099, 3183, 3184, 3183, 3099, 3109, 1, 3175, 3169, 3175, 1, 3170, 3175, 3169, 3176, 3175, 3170, 3182, 3092, 3179, 3088, 3179, 3092, 3099, 3098, 3184, 3165, 3184, 3098, 2, 3106, 3171, 3172, 3171, 3106, 3082, 3083, 3178, 3185, 3178, 3083, 3083, 3100, 3185, 3183, 3185, 3100, 3180, 3089, 3168, 3086, 3168, 3089, 3113, 3114, 3186, 3187, 3186, 3114, 3188, 3186, 3187, 3189, 3186, 3188, 3112, 3116, 3190, 3191, 3190, 3116, 3192, 3190, 3191, 3193, 3190, 3192, 3103, 3110, 3194, 3195, 3194, 3110, 3196, 3194, 3195, 3197, 3194, 3196, 3102, 3103, 3198, 3194, 3198, 3103, 3197, 3198, 3194, 3199, 3198, 3197, 3116, 3108, 3191, 3174, 3191, 3108, 3177, 3191, 3174, 3192, 3191, 3177, 2739, 2740, 3200, 3201, 3200, 2740, 2732, 3201, 2740, 2746, 3201, 2732, 3111, 3112, 3202, 3190, 3202, 3112, 3193, 3202, 3190, 3203, 3202, 3193, 3115, 3113, 3204, 3186, 3204, 3113, 3189, 3204, 3186, 3205, 3204, 3189, 3105, 3115, 3206, 3204, 3206, 3115, 3205, 3206, 3204, 3207, 3206, 3205, 3114, 3102, 3187, 3198, 3187, 3102, 3199, 3187, 3198, 3188, 3187, 3199, 2746, 3104, 3201, 3208, 3201, 3104, 3209, 3201, 3208, 3200, 3201, 3209, 3110, 3111, 3195, 3202, 3195, 3111, 3203, 3195, 3202, 3196, 3195, 3203, 3104, 3105, 3208, 3206, 3208, 3105, 3207, 3208, 3206, 3209, 3208, 3207, 3127, 3210, 3120, 3211, 3120, 3210, 3212, 3211, 3210, 3213, 3212, 3210, 3129, 3214, 3123, 3215, 3123, 3214, 3216, 3215, 3214, 3217, 3216, 3214, 3130, 3218, 3128, 3219, 3128, 3218, 3220, 3219, 3218, 3221, 3220, 3218, 3134, 3222, 3130, 3218, 3130, 3222, 3221, 3218, 3222, 3223, 3221, 3222, 2698, 2700, 2762, 3224, 2762, 2700, 3225, 3224, 2700, 2701, 3225, 2700, 3121, 3226, 3125, 3227, 3125, 3226, 3131, 3228, 3132, 3229, 3132, 3228, 3120, 3211, 3122, 3121, 3122, 3211, 3212, 3121, 3211, 3226, 3121, 3212, 3132, 3229, 3135, 3230, 3135, 3229, 2762, 3224, 3117, 3231, 3117, 3224, 3232, 3231, 3224, 3225, 3232, 3224, 3135, 3230, 3136, 3233, 3136, 3230, 3128, 3219, 3129, 3214, 3129, 3219, 3217, 3214, 3219, 3220, 3217, 3219, 3136, 3233, 3137, 3234, 3137, 3233, 3124, 3235, 3127, 3210, 3127, 3235, 3213, 3210, 3235, 3236, 3213, 3235, 3126, 3237, 3131, 3228, 3131, 3237, 3125, 3227, 3126, 3237, 3126, 3227, 3117, 3231, 3118, 3238, 3118, 3231, 3239, 3238, 3231, 3232, 3239, 3231, 3119, 3240, 3133, 3241, 3133, 3240, 3242, 3241, 3240, 3243, 3242, 3240, 3123, 3215, 3124, 3235, 3124, 3215, 3236, 3235, 3215, 3216, 3236, 3215, 3118, 3238, 3119, 3240, 3119, 3238, 3243, 3240, 3238, 3239, 3243, 3238, 3133, 3241, 3134, 3222, 3134, 3241, 3223, 3222, 3241, 3242, 3223, 3241, 3137, 3234, 3138, 3244, 3138, 3234, 3245, 3150, 3246, 3149, 3246, 3150, 3247, 3140, 3248, 3146, 3248, 3140, 3249, 3149, 3152, 3077, 3152, 3149, 3250, 3147, 3251, 3141, 3251, 3147, 3153, 3252, 3160, 3253, 3160, 3252, 3254, 3148, 3250, 3147, 3250, 3148, 3138, 3244, 3139, 3255, 3139, 3244, 3142, 3256, 3143, 3257, 3143, 3256, 3258, 3159, 3254, 3148, 3254, 3159, 3248, 3146, 3245, 3150, 3245, 3146, 3259, 3260, 3151, 3145, 3151, 3260, 3260, 3261, 3145, 3144, 3145, 3261, 3262, 3249, 3157, 3152, 3157, 3249, 3251, 3141, 3247, 3140, 3247, 3141, 3263, 3259, 3161, 3151, 3161, 3259, 3261, 3264, 3144, 3154, 3144, 3264, 3263, 3161, 3258, 3159, 3258, 3161, 3139, 3255, 3153, 3252, 3153, 3255, 3160, 3253, 3142, 3256, 3142, 3253, 3143, 3257, 3157, 3262, 3157, 3257, 3172, 3164, 3265, 3266, 3265, 3164, 3184, 3165, 3267, 3268, 3267, 3165, 3170, 3171, 3269, 3270, 3269, 3171, 3271, 3272, 3158, 3168, 3158, 3272, 3273, 3274, 3180, 3179, 3180, 3274, 3164, 3162, 3266, 3275, 3266, 3162, 3171, 3172, 3270, 3265, 3270, 3172, 3178, 3185, 3276, 3277, 3276, 3185, 3278, 3279, 3182, 3181, 3182, 3279, 3165, 3166, 3268, 3280, 3268, 3166, 3279, 3281, 3181, 3173, 3181, 3281, 3183, 3184, 3282, 3267, 3282, 3184, 3166, 3167, 3280, 3283, 3280, 3167, 3163, 3178, 3284, 3276, 3284, 3178, 3162, 3163, 3275, 3284, 3275, 3163, 3285, 3286, 3156, 3155, 3156, 3286, 3286, 3271, 3155, 3158, 3155, 3271, 3272, 3273, 3168, 3180, 3168, 3273, 3264, 3285, 3154, 3156, 3154, 3285, 3274, 3278, 3179, 3182, 3179, 3278, 3167, 3173, 3283, 3281, 3283, 3173, 3185, 3183, 3277, 3282, 3277, 3183, 3188, 3199, 3287, 3288, 3287, 3199, 3289, 3290, 3209, 3200, 3209, 3290, 3203, 3193, 3291, 3292, 3291, 3193, 3189, 3188, 3293, 3287, 3293, 3188, 3290, 3294, 3200, 2739, 3200, 3294, 3294, 3295, 2739, 2727, 2739, 3295, 3192, 3177, 3296, 3297, 3296, 3177, 3176, 3170, 3298, 3269, 3298, 3170, 3177, 3176, 3297, 3298, 3297, 3176, 3197, 3196, 3299, 3300, 3299, 3196, 3207, 3205, 3301, 3302, 3301, 3205, 3301, 3289, 3207, 3209, 3207, 3289, 3199, 3197, 3288, 3299, 3288, 3197, 3205, 3189, 3302, 3293, 3302, 3189, 3193, 3192, 3292, 3296, 3292, 3192, 3196, 3203, 3300, 3291, 3300, 3203, 3303, 3304, 2743, 2741, 2743, 3304, 3305, 3306, 2713, 2711, 2713, 3306, 3307, 3305, 2729, 2713, 2729, 3305, 3308, 3303, 2709, 2743, 2709, 3303, 3309, 2751, 3310, 2748, 3310, 2751, 3311, 2718, 3312, 2717, 3312, 2718, 3313, 2735, 3314, 2759, 3314, 2735, 3315, 2736, 3313, 2735, 3313, 2736, 3312, 2717, 3316, 2753, 3316, 2717, 3304, 3317, 2741, 2747, 2741, 3317, 3310, 2748, 3317, 2747, 3317, 2748, 3306, 3308, 2711, 2709, 2711, 3308, 3314, 2759, 3311, 2718, 3311, 2759, 3295, 3318, 2727, 2725, 2727, 3318, 3316, 2753, 3309, 2751, 3309, 2753, 3318, 3307, 2725, 2729, 2725, 3307, 3242, 3319, 3223, 3320, 3223, 3319, 3223, 3320, 3221, 3321, 3221, 3320, 3220, 3322, 3217, 3323, 3217, 3322, 3232, 3324, 3239, 3325, 3239, 3324, 3326, 3225, 3327, 2701, 3327, 3225, 3243, 3328, 3242, 3319, 3242, 3328, 3217, 3323, 3216, 3329, 3216, 3323, 3327, 2701, 3330, 2702, 3330, 2701, 3331, 2755, 3315, 2736, 3315, 2755, 3225, 3326, 3232, 3324, 3232, 3326, 3330, 2702, 3332, 2756, 3332, 2702, 3221, 3321, 3220, 3322, 3220, 3321, 3216, 3329, 3236, 3333, 3236, 3329, 3236, 3333, 3213, 3334, 3213, 3333, 3332, 2756, 3331, 2755, 3331, 2756, 3239, 3325, 3243, 3328, 3243, 3325, 3234, 3335, 3244, 3336, 3244, 3335, 3253, 3337, 3256, 3338, 3256, 3337, 3226, 3339, 3227, 3340, 3227, 3339, 3228, 3341, 3229, 3342, 3229, 3341, 3246, 3149, 3343, 3249, 3343, 3149, 3212, 3344, 3226, 3339, 3226, 3344, 3237, 3345, 3228, 3341, 3228, 3345, 3346, 3262, 3347, 3257, 3347, 3262, 3229, 3342, 3230, 3348, 3230, 3342, 3349, 3245, 3350, 3246, 3350, 3245, 3351, 3248, 3349, 3245, 3349, 3248, 3252, 3352, 3253, 3337, 3253, 3352, 3213, 3334, 3212, 3344, 3212, 3334, 3244, 3336, 3255, 3353, 3255, 3336, 3227, 3340, 3237, 3345, 3237, 3340, 3255, 3353, 3252, 3352, 3252, 3353, 3347, 3257, 3338, 3256, 3338, 3257, 3343, 3249, 3346, 3262, 3346, 3249, 3230, 3348, 3233, 3354, 3233, 3348, 3233, 3354, 3234, 3335, 3234, 3354, 3355, 3356, 3278, 3279, 3278, 3356, 3357, 3281, 3356, 3279, 3356, 3281, 3358, 3359, 3286, 3271, 3286, 3359, 3360, 3283, 3357, 3281, 3357, 3283, 3361, 3362, 3259, 3260, 3259, 3362, 3363, 3280, 3360, 3283, 3360, 3280, 3364, 3268, 3363, 3280, 3363, 3268, 3365, 3366, 3272, 3273, 3272, 3366, 3367, 3368, 3264, 3285, 3264, 3368, 3368, 3358, 3285, 3286, 3285, 3358, 3369, 3250, 3370, 3251, 3370, 3250, 3371, 3355, 3274, 3278, 3274, 3355, 3372, 3361, 3263, 3259, 3263, 3361, 3373, 3254, 3369, 3250, 3369, 3254, 3362, 3374, 3260, 3261, 3260, 3374, 3372, 3263, 3375, 3258, 3375, 3263, 3376, 3247, 3351, 3248, 3351, 3247, 3374, 3367, 3261, 3264, 3261, 3367, 3366, 3371, 3273, 3274, 3273, 3371, 3370, 3251, 3376, 3247, 3376, 3251, 3375, 3258, 3373, 3254, 3373, 3258, 3359, 3365, 3271, 3272, 3271, 3365, 3377, 3297, 3378, 3298, 3378, 3297, 3379, 3270, 3380, 3265, 3380, 3270, 3381, 3300, 3382, 3291, 3382, 3300, 3383, 3288, 3384, 3299, 3384, 3288, 3385, 3287, 3383, 3288, 3383, 3287, 3386, 3293, 3385, 3287, 3385, 3293, 3387, 3282, 3388, 3267, 3388, 3282, 3384, 3299, 3381, 3300, 3381, 3299, 3389, 3296, 3377, 3297, 3377, 3296, 3390, 3275, 3391, 3284, 3391, 3275, 3392, 3266, 3390, 3275, 3390, 3266, 3391, 3284, 3393, 3276, 3393, 3284, 3394, 3292, 3389, 3296, 3389, 3292, 3395, 3302, 3386, 3293, 3386, 3302, 3378, 3298, 3396, 3269, 3396, 3298, 3396, 3269, 3379, 3270, 3379, 3269, 3382, 3291, 3394, 3292, 3394, 3291, 3397, 3277, 3387, 3282, 3387, 3277, 3388, 3267, 3364, 3268, 3364, 3267, 3380, 3265, 3392, 3266, 3392, 3265, 3393, 3276, 3397, 3277, 3397, 3276, 3398, 3311, 3399, 3312, 3399, 3311, 3400, 3401, 3318, 3307, 3318, 3401, 3401, 3402, 3307, 3305, 3307, 3402, 3403, 3301, 3395, 3302, 3395, 3301, 3404, 3405, 3308, 3303, 3308, 3405, 3406, 3310, 3407, 3317, 3407, 3310, 3408, 3316, 3409, 3309, 3409, 3316, 3402, 3410, 3305, 3306, 3305, 3410, 3411, 3315, 3412, 3313, 3412, 3315, 3413, 3400, 3295, 3318, 3295, 3400, 3414, 3407, 3304, 3317, 3304, 3407, 3409, 3309, 3406, 3310, 3406, 3309, 3415, 3416, 3289, 3290, 3289, 3416, 3399, 3312, 3408, 3316, 3408, 3312, 3415, 3289, 3403, 3301, 3403, 3289, 3410, 3404, 3306, 3308, 3306, 3404, 3417, 3413, 3294, 3295, 3294, 3413, 3416, 3417, 3290, 3294, 3290, 3417, 3418, 3314, 3398, 3311, 3398, 3314, 3412, 3313, 3418, 3314, 3418, 3313, 3405, 3414, 3303, 3304, 3303, 3414, 3419, 3420, 3340, 3345, 3340, 3420, 3421, 3330, 3422, 3332, 3422, 3330, 3423, 3424, 3344, 3339, 3344, 3424, 3425, 3426, 3324, 3325, 3324, 3426, 3422, 3332, 3427, 3331, 3427, 3332, 3427, 3331, 3411, 3315, 3411, 3331, 3428, 3429, 3333, 3334, 3333, 3429, 3426, 3430, 3325, 3328, 3325, 3430, 3431, 3327, 3421, 3330, 3421, 3327, 3432, 3433, 3321, 3322, 3321, 3433, 3429, 3423, 3334, 3344, 3334, 3423, 3434, 3432, 3320, 3321, 3320, 3432, 3424, 3419, 3339, 3340, 3339, 3419, 3420, 3435, 3345, 3341, 3345, 3435, 3436, 3428, 3329, 3333, 3329, 3428, 3435, 3437, 3341, 3342, 3341, 3437, 3438, 3425, 3326, 3324, 3326, 3425, 3430, 3439, 3328, 3319, 3328, 3439, 3431, 3438, 3327, 3326, 3327, 3438, 3433, 3440, 3322, 3323, 3322, 3440, 3440, 3436, 3323, 3329, 3323, 3436, 3439, 3434, 3319, 3320, 3319, 3434, 3441, 3442, 3335, 3336, 3335, 3442, 3443, 3351, 3444, 3349, 3444, 3351, 3445, 3446, 3352, 3337, 3352, 3446, 3437, 3447, 3342, 3348, 3342, 3447, 3442, 3448, 3336, 3353, 3336, 3448, 3449, 3343, 3450, 3346, 3450, 3343, 3451, 3376, 3443, 3351, 3443, 3376, 3452, 3370, 3451, 3376, 3451, 3370, 3446, 3453, 3337, 3338, 3337, 3453, 3350, 3246, 3449, 3343, 3449, 3246, 3454, 3372, 3455, 3375, 3455, 3372, 3454, 3456, 3372, 3361, 3372, 3456, 3457, 3373, 3458, 3369, 3458, 3373, 3455, 3375, 3457, 3373, 3457, 3375, 3447, 3459, 3348, 3354, 3348, 3459, 3444, 3349, 3460, 3350, 3460, 3349, 3450, 3346, 3461, 3347, 3461, 3346, 3448, 3445, 3353, 3352, 3353, 3445, 3453, 3461, 3338, 3347, 3338, 3461, 3458, 3369, 3452, 3370, 3452, 3369, 3459, 3441, 3354, 3335, 3354, 3441, 3462, 3463, 3359, 3365, 3359, 3463, 3464, 3391, 3465, 3393, 3465, 3391, 3466, 3356, 3467, 3355, 3467, 3356, 3468, 3390, 3464, 3391, 3464, 3390, 3469, 3364, 3470, 3363, 3470, 3364, 3471, 3387, 3472, 3388, 3472, 3387, 3456, 3473, 3361, 3362, 3361, 3473, 3463, 3474, 3365, 3366, 3365, 3474, 3475, 3476, 3368, 3358, 3368, 3476, 3476, 3462, 3358, 3359, 3358, 3462, 3474, 3477, 3366, 3371, 3366, 3477, 3478, 3479, 3374, 3367, 3374, 3479, 3479, 3475, 3367, 3368, 3367, 3475, 3480, 3360, 3481, 3357, 3481, 3360, 3470, 3363, 3480, 3360, 3480, 3363, 3477, 3467, 3371, 3355, 3371, 3467, 3481, 3357, 3466, 3356, 3466, 3357, 3482, 3397, 3471, 3387, 3471, 3397, 3465, 3393, 3482, 3397, 3482, 3393, 3472, 3388, 3469, 3364, 3469, 3388, 3473, 3478, 3362, 3374, 3362, 3478, 3483, 3384, 3484, 3381, 3484, 3384, 3485, 3395, 3486, 3386, 3486, 3395, 3487, 3488, 3417, 3413, 3417, 3488, 3488, 3489, 3413, 3400, 3413, 3489, 3490, 3385, 3491, 3383, 3491, 3385, 3489, 3492, 3400, 3401, 3400, 3492, 3493, 3392, 3468, 3390, 3468, 3392, 3494, 3378, 3495, 3396, 3495, 3378, 3496, 3382, 3497, 3394, 3497, 3382, 3498, 3389, 3499, 3377, 3499, 3389, 3491, 3383, 3483, 3384, 3483, 3383, 3486, 3386, 3490, 3385, 3490, 3386, 3500, 3403, 3485, 3395, 3485, 3403, 3501, 3415, 3500, 3403, 3500, 3415, 3497, 3394, 3498, 3389, 3498, 3394, 3502, 3487, 3416, 3417, 3416, 3487, 3503, 3380, 3493, 3392, 3493, 3380, 3499, 3377, 3494, 3378, 3494, 3377, 3504, 3379, 3503, 3380, 3503, 3379, 3484, 3381, 3496, 3382, 3496, 3381, 3495, 3396, 3504, 3379, 3504, 3396, 3502, 3416, 3501, 3415, 3501, 3416, 3505, 3506, 3414, 3407, 3414, 3506, 3507, 3508, 3421, 3431, 3421, 3508, 3509, 3510, 3410, 3404, 3410, 3510, 3511, 3418, 3512, 3398, 3512, 3418, 3513, 3406, 3506, 3407, 3506, 3406, 3514, 3409, 3513, 3406, 3513, 3409, 3515, 3411, 3516, 3412, 3516, 3411, 3510, 3517, 3404, 3405, 3404, 3517, 3517, 3505, 3405, 3414, 3405, 3505, 3518, 3427, 3515, 3411, 3515, 3427, 3519, 3422, 3518, 3427, 3518, 3422, 3507, 3421, 3519, 3422, 3519, 3421, 3520, 3521, 3425, 3426, 3425, 3521, 3522, 3399, 3523, 3408, 3523, 3399, 3508, 3524, 3431, 3438, 3431, 3524, 3512, 3398, 3522, 3399, 3522, 3398, 3516, 3412, 3511, 3418, 3511, 3412, 3524, 3520, 3438, 3425, 3438, 3520, 3523, 3408, 3514, 3409, 3514, 3408, 3525, 3509, 3402, 3410, 3402, 3509, 3492, 3525, 3401, 3402, 3401, 3525, 3526, 3527, 3435, 3437, 3435, 3527, 3528, 3529, 3447, 3459, 3447, 3529, 3529, 3530, 3459, 3441, 3459, 3530, 3530, 3531, 3441, 3442, 3441, 3531, 3532, 3533, 3428, 3429, 3428, 3533, 3534, 3535, 3430, 3439, 3430, 3535, 3536, 3537, 3448, 3445, 3448, 3537, 3538, 3526, 3420, 3435, 3420, 3526, 3535, 3539, 3439, 3434, 3439, 3539, 3540, 3541, 3424, 3419, 3424, 3541, 3527, 3528, 3437, 3447, 3437, 3528, 3539, 3542, 3434, 3432, 3434, 3542, 3542, 3543, 3432, 3433, 3432, 3543, 3533, 3544, 3429, 3423, 3429, 3544, 3545, 3546, 3440, 3436, 3440, 3546, 3531, 3536, 3442, 3448, 3442, 3536, 3521, 3534, 3426, 3430, 3426, 3534, 3544, 3540, 3423, 3424, 3423, 3540, 3543, 3545, 3433, 3440, 3433, 3545, 3546, 3532, 3436, 3428, 3436, 3532, 3541, 3538, 3419, 3420, 3419, 3538, 3547, 3449, 3548, 3450, 3548, 3449, 3549, 3476, 3550, 3475, 3550, 3476, 3551, 3456, 3552, 3454, 3552, 3456, 3553, 3451, 3554, 3443, 3554, 3451, 3550, 3475, 3555, 3479, 3555, 3475, 3556, 3462, 3549, 3476, 3549, 3462, 3557, 3463, 3556, 3462, 3556, 3463, 3558, 3457, 3559, 3458, 3559, 3457, 3460, 3350, 3547, 3449, 3547, 3350, 3560, 3561, 3453, 3461, 3453, 3561, 3554, 3443, 3562, 3444, 3562, 3443, 3562, 3444, 3563, 3460, 3563, 3444, 3537, 3564, 3445, 3446, 3445, 3564, 3565, 3455, 3558, 3457, 3558, 3455, 3566, 3478, 3567, 3473, 3567, 3478, 3568, 3452, 3553, 3451, 3553, 3452, 3564, 3560, 3446, 3453, 3446, 3560, 3559, 3458, 3568, 3452, 3568, 3458, 3552, 3454, 3565, 3455, 3565, 3454, 3567, 3473, 3551, 3456, 3551, 3473, 3561, 3548, 3461, 3450, 3461, 3548, 3555, 3479, 3566, 3478, 3566, 3479, 3569, 3471, 3570, 3472, 3570, 3471, 3571, 3498, 3572, 3499, 3572, 3498, 3572, 3499, 3573, 3494, 3573, 3499, 3574, 3470, 3575, 3480, 3575, 3470, 3570, 3472, 3576, 3469, 3576, 3472, 3577, 3481, 3578, 3466, 3578, 3481, 3579, 3464, 3580, 3465, 3580, 3464, 3578, 3466, 3581, 3467, 3581, 3466, 3576, 3469, 3574, 3470, 3574, 3469, 3582, 3474, 3557, 3463, 3557, 3474, 3583, 3468, 3579, 3464, 3579, 3468, 3584, 3482, 3569, 3471, 3569, 3482, 3585, 3495, 3586, 3504, 3586, 3495, 3587, 3477, 3582, 3474, 3582, 3477, 3575, 3480, 3577, 3481, 3577, 3480, 3581, 3467, 3587, 3477, 3587, 3467, 3580, 3465, 3584, 3482, 3584, 3465, 3588, 3503, 3589, 3493, 3589, 3503, 3589, 3493, 3583, 3468, 3583, 3493, 3586, 3504, 3588, 3503, 3588, 3504, 3573, 3494, 3585, 3495, 3585, 3494, 3492, 3590, 3525, 3591, 3525, 3590, 3592, 3485, 3593, 3486, 3593, 3485, 3502, 3594, 3487, 3595, 3487, 3594, 3488, 3596, 3489, 3597, 3489, 3596, 3509, 3598, 3510, 3599, 3510, 3598, 3593, 3486, 3600, 3490, 3600, 3486, 3601, 3501, 3602, 3500, 3602, 3501, 3603, 3491, 3604, 3483, 3604, 3491, 3489, 3597, 3492, 3590, 3492, 3597, 3487, 3595, 3488, 3596, 3488, 3595, 3600, 3490, 3603, 3491, 3603, 3490, 3605, 3496, 3606, 3497, 3606, 3496, 3510, 3599, 3517, 3607, 3517, 3599, 3525, 3591, 3509, 3598, 3509, 3591, 3501, 3601, 3502, 3594, 3502, 3601, 3517, 3607, 3505, 3608, 3505, 3607, 3505, 3608, 3506, 3609, 3506, 3608, 3610, 3484, 3605, 3496, 3605, 3484, 3606, 3497, 3571, 3498, 3571, 3497, 3604, 3483, 3610, 3484, 3610, 3483, 3602, 3500, 3592, 3485, 3592, 3500, 3516, 3611, 3515, 3612, 3515, 3611, 3613, 3614, 3539, 3542, 3539, 3614, 3614, 3615, 3542, 3543, 3542, 3615, 3506, 3609, 3513, 3616, 3513, 3609, 3617, 3613, 3535, 3539, 3535, 3613, 3615, 3618, 3543, 3545, 3543, 3618, 3519, 3619, 3507, 3620, 3507, 3619, 3513, 3616, 3514, 3621, 3514, 3616, 3512, 3622, 3511, 3623, 3511, 3622, 3624, 3625, 3520, 3521, 3520, 3625, 3626, 3624, 3524, 3520, 3524, 3624, 3625, 3627, 3521, 3534, 3521, 3627, 3618, 3628, 3545, 3546, 3545, 3628, 3511, 3623, 3516, 3611, 3516, 3623, 3515, 3612, 3518, 3629, 3518, 3612, 3523, 3630, 3522, 3631, 3522, 3630, 3514, 3621, 3523, 3630, 3523, 3621, 3522, 3631, 3512, 3622, 3512, 3631, 3518, 3629, 3519, 3619, 3519, 3629, 3507, 3620, 3508, 3632, 3508, 3620, 3627, 3617, 3534, 3535, 3534, 3617, 3632, 3626, 3508, 3524, 3508, 3626, 3633, 3634, 3532, 3533, 3532, 3634, 3635, 3636, 3531, 3536, 3531, 3636, 3628, 3633, 3546, 3532, 3546, 3633, 3637, 3638, 3544, 3540, 3544, 3638, 3639, 3640, 3526, 3527, 3526, 3640, 3636, 3641, 3536, 3537, 3536, 3641, 3642, 3643, 3528, 3529, 3528, 3643, 3644, 3548, 3645, 3561, 3645, 3548, 3646, 3645, 3560, 3561, 3560, 3645, 3641, 3647, 3537, 3564, 3537, 3647, 3648, 3547, 3644, 3548, 3644, 3547, 3563, 3460, 3648, 3547, 3648, 3460, 3649, 3635, 3530, 3531, 3530, 3635, 3638, 3650, 3540, 3541, 3540, 3650, 3651, 3562, 3652, 3563, 3652, 3562, 3650, 3653, 3541, 3538, 3541, 3653, 3647, 3646, 3564, 3560, 3564, 3646, 3653, 3639, 3538, 3526, 3538, 3639, 3634, 3637, 3533, 3544, 3533, 3637, 3640, 3642, 3527, 3528, 3527, 3642, 3643, 3649, 3529, 3530, 3529, 3649, 3654, 3553, 3655, 3554, 3655, 3553, 3656, 3559, 3657, 3568, 3657, 3559, 3658, 3565, 3659, 3558, 3659, 3565, 3655, 3554, 3651, 3562, 3651, 3554, 3660, 3552, 3658, 3565, 3658, 3552, 3661, 3567, 3662, 3551, 3662, 3567, 3663, 3550, 3664, 3555, 3664, 3550, 3665, 3582, 3666, 3557, 3666, 3582, 3667, 3587, 3665, 3582, 3665, 3587, 3668, 3581, 3667, 3587, 3667, 3581, 3664, 3555, 3669, 3566, 3669, 3555, 3657, 3568, 3654, 3553, 3654, 3568, 3666, 3557, 3670, 3556, 3670, 3557, 3671, 3578, 3668, 3581, 3668, 3578, 3672, 3577, 3671, 3578, 3671, 3577, 3669, 3566, 3661, 3567, 3661, 3566, 3673, 3575, 3672, 3577, 3672, 3575, 3659, 3558, 3656, 3559, 3656, 3558, 3670, 3556, 3674, 3549, 3674, 3556, 3674, 3549, 3663, 3550, 3663, 3549, 3662, 3551, 3660, 3552, 3660, 3551, 3675, 3569, 3676, 3570, 3676, 3569, 3677, 3600, 3678, 3603, 3678, 3600, 3679, 3593, 3677, 3600, 3677, 3593, 3680, 3574, 3673, 3575, 3673, 3574, 3676, 3570, 3681, 3576, 3681, 3570, 3682, 3579, 3683, 3580, 3683, 3579, 3684, 3573, 3685, 3585, 3685, 3573, 3686, 3571, 3687, 3572, 3687, 3571, 3688, 3606, 3686, 3571, 3686, 3606, 3681, 3576, 3680, 3574, 3680, 3576, 3689, 3583, 3682, 3579, 3682, 3583, 3690, 3584, 3675, 3569, 3675, 3584, 3691, 3605, 3688, 3606, 3688, 3605, 3692, 3610, 3691, 3605, 3691, 3610, 3693, 3586, 3694, 3588, 3694, 3586, 3685, 3585, 3693, 3586, 3693, 3585, 3694, 3588, 3695, 3589, 3695, 3588, 3683, 3580, 3690, 3584, 3690, 3580, 3695, 3589, 3689, 3583, 3689, 3589, 3687, 3572, 3684, 3573, 3684, 3572, 3696, 3604, 3692, 3610, 3692, 3604, 3678, 3603, 3696, 3604, 3696, 3603, 3597, 3697, 3590, 3698, 3590, 3697, 3594, 3699, 3595, 3700, 3595, 3699, 3602, 3701, 3601, 3702, 3601, 3701, 3596, 3703, 3597, 3697, 3597, 3703, 3601, 3702, 3594, 3699, 3594, 3702, 3590, 3698, 3591, 3704, 3591, 3698, 3598, 3705, 3599, 3706, 3599, 3705, 3599, 3706, 3607, 3707, 3607, 3706, 3708, 3592, 3679, 3593, 3679, 3592, 3607, 3707, 3608, 3709, 3608, 3707, 3591, 3704, 3598, 3705, 3598, 3704, 3701, 3602, 3708, 3592, 3708, 3602, 3595, 3700, 3596, 3703, 3596, 3700, 3616, 3710, 3621, 3711, 3621, 3710, 3631, 3712, 3622, 3713, 3622, 3712, 3623, 3714, 3611, 3715, 3611, 3714, 3620, 3716, 3632, 3717, 3632, 3716, 3611, 3715, 3612, 3718, 3612, 3715, 3630, 3719, 3631, 3712, 3631, 3719, 3609, 3720, 3616, 3710, 3616, 3720, 3629, 3721, 3619, 3722, 3619, 3721, 3619, 3722, 3620, 3716, 3620, 3722, 3723, 3724, 3626, 3624, 3626, 3724, 3608, 3709, 3609, 3720, 3609, 3709, 3621, 3711, 3630, 3719, 3630, 3711, 3717, 3723, 3632, 3626, 3632, 3723, 3725, 3726, 3627, 3617, 3627, 3726, 3726, 3727, 3617, 3613, 3617, 3727, 3728, 3725, 3625, 3627, 3625, 3725, 3724, 3728, 3624, 3625, 3624, 3728, 3727, 3729, 3613, 3614, 3613, 3729, 3622, 3713, 3623, 3714, 3623, 3713, 3612, 3718, 3629, 3721, 3629, 3718, 3729, 3730, 3614, 3615, 3614, 3730, 3731, 3732, 3643, 3649, 3643, 3732, 3733, 3734, 3653, 3639, 3653, 3734, 3735, 3736, 3635, 3636, 3635, 3736, 3737, 3738, 3638, 3650, 3638, 3738, 3739, 3731, 3642, 3643, 3642, 3731, 3740, 3741, 3618, 3628, 3618, 3741, 3734, 3742, 3639, 3640, 3639, 3742, 3736, 3743, 3636, 3641, 3636, 3743, 3743, 3744, 3641, 3647, 3641, 3744, 3744, 3745, 3647, 3646, 3647, 3745, 3746, 3645, 3745, 3646, 3745, 3645, 3732, 3735, 3649, 3635, 3649, 3735, 3747, 3644, 3746, 3645, 3746, 3644, 3748, 3648, 3747, 3644, 3747, 3648, 3652, 3563, 3748, 3648, 3748, 3563, 3749, 3737, 3637, 3638, 3637, 3737, 3738, 3733, 3650, 3653, 3650, 3733, 3750, 3749, 3634, 3637, 3634, 3749, 3751, 3750, 3633, 3634, 3633, 3750, 3742, 3739, 3640, 3642, 3640, 3739, 3730, 3740, 3615, 3618, 3615, 3740, 3741, 3751, 3628, 3633, 3628, 3751, 3752, 3657, 3753, 3654, 3753, 3657, 3754, 3660, 3755, 3658, 3755, 3660, 3756, 3662, 3754, 3660, 3754, 3662, 3755, 3658, 3757, 3659, 3757, 3658, 3758, 3655, 3759, 3651, 3759, 3655, 3760, 3674, 3761, 3663, 3761, 3674, 3757, 3659, 3762, 3656, 3762, 3659, 3753, 3654, 3758, 3655, 3758, 3654, 3762, 3656, 3752, 3657, 3752, 3656, 3763, 3670, 3760, 3674, 3760, 3670, 3764, 3669, 3765, 3661, 3765, 3669, 3766, 3666, 3763, 3670, 3763, 3666, 3767, 3665, 3766, 3666, 3766, 3665, 3768, 3668, 3769, 3667, 3769, 3668, 3770, 3671, 3768, 3668, 3768, 3671, 3765, 3661, 3756, 3662, 3756, 3661, 3771, 3672, 3770, 3671, 3770, 3672, 3761, 3663, 3772, 3664, 3772, 3663, 3759, 3651, 3773, 3652, 3773, 3651, 3769, 3667, 3767, 3665, 3767, 3667, 3772, 3664, 3764, 3669, 3764, 3664, 3774, 3692, 3775, 3691, 3775, 3692, 3776, 3673, 3771, 3672, 3771, 3673, 3777, 3696, 3774, 3692, 3774, 3696, 3778, 3689, 3779, 3682, 3779, 3689, 3780, 3685, 3781, 3693, 3781, 3685, 3782, 3687, 3783, 3684, 3783, 3687, 3784, 3678, 3777, 3696, 3777, 3678, 3785, 3681, 3786, 3680, 3786, 3681, 3787, 3690, 3788, 3675, 3788, 3690, 3789, 3694, 3790, 3695, 3790, 3694, 3791, 3683, 3787, 3690, 3787, 3683, 3792, 3688, 3793, 3686, 3793, 3688, 3775, 3691, 3792, 3688, 3792, 3691, 3781, 3693, 3789, 3694, 3789, 3693, 3779, 3682, 3791, 3683, 3791, 3682, 3790, 3695, 3778, 3689, 3778, 3695, 3788, 3675, 3794, 3676, 3794, 3675, 3793, 3686, 3782, 3687, 3782, 3686, 3783, 3684, 3780, 3685, 3780, 3684, 3786, 3680, 3776, 3673, 3776, 3680, 3794, 3676, 3785, 3681, 3785, 3676, 3720, 3795, 3710, 3796, 3710, 3795, 3797, 3701, 3798, 3708, 3798, 3701, 3709, 3799, 3720, 3795, 3720, 3799, 3719, 3800, 3712, 3801, 3712, 3800, 3699, 3802, 3700, 3803, 3700, 3802, 3703, 3804, 3697, 3805, 3697, 3804, 3706, 3806, 3707, 3807, 3707, 3806, 3697, 3805, 3698, 3808, 3698, 3805, 3712, 3801, 3713, 3809, 3713, 3801, 3702, 3810, 3699, 3802, 3699, 3810, 3798, 3708, 3811, 3679, 3811, 3708, 3704, 3812, 3705, 3813, 3705, 3812, 3707, 3807, 3709, 3799, 3709, 3807, 3811, 3679, 3814, 3677, 3814, 3679, 3701, 3797, 3702, 3810, 3702, 3797, 3705, 3813, 3706, 3806, 3706, 3813, 3710, 3796, 3711, 3815, 3711, 3796, 3711, 3815, 3719, 3800, 3719, 3815, 3814, 3677, 3784, 3678, 3784, 3677, 3700, 3803, 3703, 3804, 3703, 3803, 3698, 3808, 3704, 3812, 3704, 3808, 3721, 3816, 3722, 3817, 3722, 3816, 3716, 3818, 3717, 3819, 3717, 3818, 3713, 3809, 3714, 3820, 3714, 3809, 3821, 3822, 3723, 3724, 3723, 3822, 3718, 3823, 3721, 3816, 3721, 3823, 3822, 3824, 3724, 3728, 3724, 3824, 3825, 3826, 3725, 3726, 3725, 3826, 3714, 3820, 3715, 3827, 3715, 3820, 3828, 3829, 3729, 3730, 3729, 3829, 3829, 3830, 3730, 3740, 3730, 3830, 3830, 3831, 3740, 3741, 3740, 3831, 3832, 3828, 3727, 3729, 3727, 3828, 3831, 3833, 3741, 3751, 3741, 3833, 3833, 3834, 3751, 3750, 3751, 3834, 3722, 3817, 3716, 3818, 3716, 3817, 3834, 3835, 3750, 3749, 3750, 3835, 3826, 3832, 3726, 3727, 3726, 3832, 3835, 3836, 3749, 3737, 3749, 3836, 3836, 3837, 3737, 3738, 3737, 3837, 3715, 3827, 3718, 3823, 3718, 3827, 3819, 3821, 3717, 3723, 3717, 3821, 3824, 3825, 3728, 3725, 3728, 3825, 3837, 3838, 3738, 3733, 3738, 3838, 3839, 3840, 3743, 3744, 3743, 3840, 3841, 3842, 3742, 3739, 3742, 3842, 3843, 3757, 3844, 3762, 3844, 3757, 3842, 3845, 3739, 3731, 3739, 3845, 3838, 3846, 3733, 3734, 3733, 3846, 3847, 3758, 3848, 3759, 3848, 3758, 3849, 3748, 3850, 3747, 3850, 3748, 3844, 3762, 3851, 3752, 3851, 3762, 3850, 3747, 3852, 3746, 3852, 3747, 3853, 3753, 3847, 3758, 3847, 3753, 3851, 3752, 3853, 3753, 3853, 3752, 3854, 3839, 3736, 3743, 3736, 3839, 3845, 3855, 3731, 3732, 3731, 3855, 3773, 3652, 3849, 3748, 3849, 3652, 3852, 3746, 3856, 3745, 3856, 3746, 3857, 3854, 3735, 3736, 3735, 3854, 3848, 3759, 3858, 3773, 3858, 3759, 3846, 3841, 3734, 3742, 3734, 3841, 3855, 3857, 3732, 3735, 3732, 3857, 3840, 3856, 3744, 3745, 3744, 3856, 3859, 3770, 3860, 3768, 3860, 3770, 3861, 3771, 3859, 3770, 3859, 3771, 3862, 3776, 3861, 3771, 3861, 3776, 3863, 3763, 3864, 3760, 3864, 3763, 3865, 3785, 3866, 3786, 3866, 3785, 3867, 3764, 3868, 3765, 3868, 3764, 3869, 3761, 3870, 3772, 3870, 3761, 3871, 3755, 3843, 3757, 3843, 3755, 3864, 3760, 3869, 3761, 3869, 3760, 3872, 3767, 3873, 3766, 3873, 3767, 3860, 3768, 3874, 3769, 3874, 3768, 3866, 3786, 3862, 3776, 3862, 3786, 3875, 3794, 3865, 3785, 3865, 3794, 3876, 3787, 3877, 3788, 3877, 3787, 3878, 3756, 3879, 3754, 3879, 3756, 3877, 3788, 3875, 3794, 3875, 3788, 3868, 3765, 3878, 3756, 3878, 3765, 3870, 3772, 3867, 3764, 3867, 3772, 3879, 3754, 3871, 3755, 3871, 3754, 3874, 3769, 3872, 3767, 3872, 3769, 3873, 3766, 3863, 3763, 3863, 3766, 3880, 3779, 3881, 3791, 3881, 3779, 3882, 3814, 3883, 3784, 3883, 3814, 3884, 3780, 3885, 3781, 3885, 3780, 3886, 3782, 3887, 3783, 3887, 3782, 3885, 3781, 3888, 3789, 3888, 3781, 3797, 3889, 3810, 3890, 3810, 3889, 3810, 3890, 3802, 3891, 3802, 3890, 3892, 3777, 3893, 3774, 3893, 3777, 3894, 3793, 3886, 3782, 3886, 3793, 3802, 3891, 3803, 3895, 3803, 3891, 3896, 3790, 3897, 3778, 3897, 3790, 3888, 3789, 3896, 3790, 3896, 3789, 3897, 3778, 3880, 3779, 3880, 3778, 3898, 3775, 3899, 3792, 3899, 3775, 3883, 3784, 3892, 3777, 3892, 3784, 3893, 3774, 3898, 3775, 3898, 3774, 3900, 3798, 3901, 3811, 3901, 3798, 3889, 3797, 3900, 3798, 3900, 3797, 3881, 3791, 3876, 3787, 3876, 3791, 3887, 3783, 3884, 3780, 3884, 3783, 3899, 3792, 3894, 3793, 3894, 3792, 3901, 3811, 3882, 3814, 3882, 3811, 3808, 3902, 3812, 3903, 3812, 3902, 3807, 3904, 3799, 3905, 3799, 3904, 3799, 3905, 3795, 3906, 3795, 3905, 3818, 3907, 3819, 3908, 3819, 3907, 3812, 3903, 3813, 3909, 3813, 3903, 3820, 3910, 3827, 3911, 3827, 3910, 3817, 3912, 3818, 3907, 3818, 3912, 3803, 3895, 3804, 3913, 3804, 3895, 3795, 3906, 3796, 3914, 3796, 3906, 3800, 3915, 3801, 3916, 3801, 3915, 3805, 3917, 3808, 3902, 3808, 3917, 3801, 3916, 3809, 3918, 3809, 3916, 3823, 3919, 3816, 3920, 3816, 3919, 3806, 3921, 3807, 3904, 3807, 3921, 3816, 3920, 3817, 3912, 3817, 3920, 3809, 3918, 3820, 3910, 3820, 3918, 3815, 3922, 3800, 3915, 3800, 3922, 3813, 3909, 3806, 3921, 3806, 3909, 3827, 3911, 3823, 3919, 3823, 3911, 3804, 3913, 3805, 3917, 3805, 3913, 3796, 3914, 3815, 3922, 3815, 3914, 3923, 3924, 3846, 3841, 3846, 3924, 3819, 3908, 3821, 3925, 3821, 3908, 3925, 3926, 3821, 3822, 3821, 3926, 3927, 3928, 3829, 3830, 3829, 3928, 3929, 3930, 3834, 3835, 3834, 3930, 3931, 3932, 3836, 3837, 3836, 3932, 3933, 3934, 3842, 3845, 3842, 3934, 3926, 3935, 3822, 3824, 3822, 3935, 3936, 3937, 3826, 3832, 3826, 3937, 3938, 3939, 3831, 3833, 3831, 3939, 3937, 3940, 3832, 3828, 3832, 3940, 3941, 3923, 3838, 3846, 3838, 3923, 3924, 3933, 3841, 3842, 3841, 3933, 3934, 3942, 3845, 3855, 3845, 3942, 3939, 3929, 3833, 3834, 3833, 3929, 3940, 3927, 3828, 3829, 3828, 3927, 3943, 3936, 3825, 3826, 3825, 3936, 3928, 3938, 3830, 3831, 3830, 3938, 3930, 3931, 3835, 3836, 3835, 3931, 3932, 3941, 3837, 3838, 3837, 3941, 3935, 3943, 3824, 3825, 3824, 3943, 3944, 3878, 3945, 3879, 3945, 3878, 3945, 3879, 3946, 3871, 3946, 3879, 3947, 3948, 3840, 3856, 3840, 3948, 3949, 3947, 3839, 3840, 3839, 3947, 3950, 3853, 3951, 3847, 3951, 3853, 3951, 3847, 3952, 3848, 3952, 3847, 3942, 3953, 3855, 3857, 3855, 3953, 3954, 3843, 3955, 3844, 3955, 3843, 3956, 3851, 3950, 3853, 3950, 3851, 3957, 3949, 3854, 3839, 3854, 3949, 3858, 3773, 3958, 3849, 3958, 3773, 3953, 3957, 3857, 3854, 3857, 3957, 3952, 3848, 3959, 3858, 3959, 3848, 3960, 3850, 3961, 3852, 3961, 3850, 3962, 3868, 3944, 3878, 3944, 3868, 3963, 3867, 3962, 3868, 3962, 3867, 3961, 3852, 3948, 3856, 3948, 3852, 3964, 3870, 3963, 3867, 3963, 3870, 3965, 3869, 3964, 3870, 3964, 3869, 3955, 3844, 3956, 3851, 3956, 3844, 3958, 3849, 3960, 3850, 3960, 3849, 3946, 3871, 3954, 3843, 3954, 3871, 3966, 3888, 3967, 3896, 3967, 3888, 3968, 3859, 3969, 3860, 3969, 3859, 3970, 3864, 3965, 3869, 3965, 3864, 3969, 3860, 3971, 3874, 3971, 3860, 3972, 3873, 3973, 3863, 3973, 3873, 3971, 3874, 3974, 3872, 3974, 3874, 3975, 3875, 3976, 3865, 3976, 3875, 3974, 3872, 3972, 3873, 3972, 3872, 3977, 3881, 3978, 3876, 3978, 3881, 3973, 3863, 3970, 3864, 3970, 3863, 3979, 3897, 3980, 3880, 3980, 3897, 3981, 3862, 3982, 3861, 3982, 3862, 3980, 3880, 3977, 3881, 3977, 3880, 3967, 3896, 3979, 3897, 3979, 3896, 3983, 3885, 3966, 3888, 3966, 3885, 3982, 3861, 3968, 3859, 3968, 3861, 3976, 3865, 3984, 3866, 3984, 3865, 3978, 3876, 3985, 3877, 3985, 3876, 3986, 3884, 3983, 3885, 3983, 3884, 3984, 3866, 3981, 3862, 3981, 3866, 3985, 3877, 3975, 3875, 3975, 3877, 3987, 3883, 3988, 3892, 3988, 3883, 3890, 3989, 3891, 3990, 3891, 3989, 3917, 3991, 3902, 3992, 3902, 3991, 3993, 3894, 3994, 3886, 3994, 3894, 3995, 3901, 3996, 3882, 3996, 3901, 3909, 3997, 3921, 3998, 3921, 3997, 3999, 3889, 4000, 3900, 4000, 3889, 3895, 4001, 3913, 4002, 3913, 4001, 3988, 3892, 4003, 3893, 4003, 3892, 3891, 3990, 3895, 4001, 3895, 3990, 3913, 4002, 3917, 3991, 3917, 4002, 4003, 3893, 4004, 3898, 4004, 3893, 3994, 3886, 4005, 3887, 4005, 3886, 4000, 3900, 3995, 3901, 3995, 3900, 3902, 3992, 3903, 4006, 3903, 3992, 4005, 3887, 3986, 3884, 3986, 3887, 4004, 3898, 4007, 3899, 4007, 3898, 3996, 3882, 3987, 3883, 3987, 3882, 3889, 3999, 3890, 3989, 3890, 3999, 4007, 3899, 3993, 3894, 3993, 3899, 3903, 4006, 3909, 3997, 3909, 4006, 3914, 4008, 3922, 4009, 3922, 4008, 4010, 4011, 3937, 3940, 3937, 4011, 3910, 4012, 3911, 4013, 3911, 4012, 3912, 4014, 3907, 4015, 3907, 4014, 3906, 4016, 3914, 4008, 3914, 4016, 3915, 4017, 3916, 4018, 3916, 4017, 3920, 4019, 3912, 4014, 3912, 4019, 3904, 4020, 3905, 4021, 3905, 4020, 3911, 4013, 3919, 4022, 3919, 4013, 3919, 4022, 3920, 4019, 3920, 4022, 3907, 4015, 3908, 4023, 3908, 4015, 3905, 4021, 3906, 4016, 3906, 4021, 4024, 4025, 3935, 3943, 3935, 4025, 4026, 4010, 3936, 3937, 3936, 4010, 4027, 4028, 3925, 3926, 3925, 4028, 4028, 4024, 3926, 3935, 3926, 4024, 3921, 3998, 3904, 4020, 3904, 3998, 4025, 4026, 3943, 3936, 3943, 4026, 3908, 4023, 3925, 4027, 3925, 4023, 3918, 4029, 3910, 4012, 3910, 4029, 3922, 4009, 3915, 4017, 3915, 4009, 3916, 4018, 3918, 4029, 3918, 4018, 4030, 4031, 3957, 3949, 3957, 4031, 4032, 4033, 3938, 3939, 3938, 4033, 4034, 4035, 3931, 3932, 3931, 4035, 4036, 4037, 3941, 3923, 3941, 4037, 4038, 4039, 3934, 3942, 3934, 4039, 4039, 4040, 3942, 3953, 3942, 4040, 4041, 4032, 3928, 3938, 3928, 4032, 4037, 4042, 3923, 3924, 3923, 4042, 4043, 3960, 4044, 3961, 4044, 3960, 4040, 4030, 3953, 3957, 3953, 4030, 4045, 4046, 3947, 3948, 3947, 4046, 4035, 4036, 3932, 3941, 3932, 4036, 4033, 4047, 3939, 3929, 3939, 4047, 4011, 4048, 3940, 3927, 3940, 4048, 4049, 4038, 3933, 3934, 3933, 4038, 4044, 3961, 4046, 3948, 4046, 3961, 4048, 4041, 3927, 3928, 3927, 4041, 4050, 4034, 3930, 3931, 3930, 4034, 4031, 4045, 3949, 3947, 3949, 4045, 4047, 4050, 3929, 3930, 3929, 4050, 4042, 4049, 3924, 3933, 3924, 4049, 4051, 3972, 4052, 3973, 4052, 3972, 4053, 3946, 4054, 3954, 4054, 3946, 4055, 3970, 4056, 3965, 4056, 3970, 3959, 3858, 4057, 3958, 4057, 3858, 4058, 3955, 4059, 3956, 4059, 3955, 4052, 3973, 4055, 3970, 4055, 3973, 4060, 3969, 4061, 3971, 4061, 3969, 4062, 3945, 4053, 3946, 4053, 3945, 4063, 3963, 4064, 3962, 4064, 3963, 4065, 3950, 4066, 3951, 4066, 3950, 4067, 3952, 4068, 3959, 4068, 3952, 4069, 3944, 4062, 3945, 4062, 3944, 4064, 3962, 4069, 3944, 4069, 3962, 4054, 3954, 4058, 3955, 4058, 3954, 4056, 3965, 4070, 3964, 4070, 3965, 4071, 3974, 4051, 3972, 4051, 3974, 4070, 3964, 4063, 3963, 4063, 3964, 4061, 3971, 4071, 3974, 4071, 3971, 4057, 3958, 4043, 3960, 4043, 3958, 4066, 3951, 4067, 3952, 4067, 3951, 4059, 3956, 4065, 3950, 4065, 3956, 4072, 3979, 4073, 3980, 4073, 3979, 4074, 3968, 4060, 3969, 4060, 3968, 4075, 3975, 4076, 3976, 4076, 3975, 4077, 3983, 4078, 3966, 4078, 3983, 4079, 3967, 4072, 3979, 4072, 3967, 4080, 3986, 4077, 3983, 4077, 3986, 4078, 3966, 4079, 3967, 4079, 3966, 4081, 4005, 4080, 3986, 4080, 4005, 4082, 3994, 4081, 4005, 4081, 3994, 4083, 3981, 4084, 3982, 4084, 3981, 4085, 3985, 4075, 3975, 4075, 3985, 4086, 3993, 4082, 3994, 4082, 3993, 4087, 4004, 4088, 4007, 4088, 4004, 4089, 4003, 4087, 4004, 4087, 4003, 4088, 4007, 4086, 3993, 4086, 4007, 4090, 3988, 4089, 4003, 4089, 3988, 4091, 3984, 4083, 3981, 4083, 3984, 4084, 3982, 4074, 3968, 4074, 3982, 4092, 3978, 4085, 3985, 4085, 3978, 4076, 3976, 4091, 3984, 4091, 3976, 4093, 3977, 4092, 3978, 4092, 3977, 4073, 3980, 4093, 3977, 4093, 3980, 4094, 4000, 4095, 3995, 4095, 4000, 3992, 4096, 4006, 4097, 4006, 4096, 4021, 4098, 4016, 4099, 4016, 4098, 4016, 4099, 4008, 4100, 4008, 4099, 4008, 4100, 4009, 4101, 4009, 4100, 4102, 3996, 4103, 3987, 4103, 3996, 4095, 3995, 4102, 3996, 4102, 3995, 3999, 4104, 3989, 4105, 3989, 4104, 4103, 3987, 4090, 3988, 4090, 3987, 4001, 4106, 4002, 4107, 4002, 4106, 3991, 4108, 3992, 4096, 3992, 4108, 4002, 4107, 3991, 4108, 3991, 4107, 4006, 4097, 3997, 4109, 3997, 4097, 4020, 4110, 4021, 4098, 4021, 4110, 4104, 3999, 4094, 4000, 4094, 3999, 4009, 4101, 4017, 4111, 4017, 4101, 3990, 4112, 4001, 4106, 4001, 4112, 3998, 4113, 4020, 4110, 4020, 4113, 3989, 4105, 3990, 4112, 3990, 4105, 4017, 4111, 4018, 4114, 4018, 4111, 3997, 4109, 3998, 4113, 3998, 4109, 4115, 4116, 4025, 4026, 4025, 4116, 4117, 4118, 4011, 4048, 4011, 4118, 4119, 4120, 4028, 4024, 4028, 4120, 4118, 4121, 4048, 4041, 4048, 4121, 4122, 4123, 4032, 4033, 4032, 4123, 4012, 4124, 4013, 4125, 4013, 4124, 4022, 4126, 4019, 4127, 4019, 4126, 4019, 4127, 4014, 4128, 4014, 4127, 4116, 4129, 4026, 4010, 4026, 4129, 4120, 4115, 4024, 4025, 4024, 4115, 4123, 4130, 4033, 4047, 4033, 4130, 4014, 4128, 4015, 4131, 4015, 4128, 4023, 4132, 4027, 4133, 4027, 4132, 4015, 4131, 4023, 4132, 4023, 4131, 4130, 4134, 4047, 4050, 4047, 4134, 4018, 4114, 4029, 4135, 4029, 4114, 4029, 4135, 4012, 4124, 4012, 4135, 4013, 4125, 4022, 4126, 4022, 4125, 4121, 4122, 4041, 4032, 4041, 4122, 4133, 4119, 4027, 4028, 4027, 4119, 4129, 4117, 4010, 4011, 4010, 4117, 4136, 4137, 4049, 4038, 4049, 4137, 4138, 4139, 4036, 4037, 4036, 4139, 4140, 4141, 4045, 4046, 4045, 4141, 4139, 4142, 4037, 4042, 4037, 4142, 4142, 4136, 4042, 4049, 4042, 4136, 4134, 4143, 4050, 4034, 4050, 4143, 4144, 4043, 4145, 4044, 4145, 4043, 4145, 4044, 4141, 4046, 4141, 4044, 4068, 3959, 4146, 4057, 4146, 3959, 4147, 4148, 4149, 4066, 4149, 4148, 4067, 4149, 4066, 4151, 4152, 4147, 4065, 4147, 4152, 4066, 4147, 4065, 4153, 4154, 4030, 4031, 4030, 4154, 4155, 4156, 4151, 4059, 4151, 4156, 4065, 4151, 4059, 4154, 4140, 4031, 4045, 4031, 4140, 4157, 4158, 4155, 4058, 4155, 4158, 4059, 4155, 4058, 4159, 4160, 4039, 4040, 4039, 4160, 4161, 4138, 4035, 4036, 4035, 4138, 4143, 4161, 4034, 4035, 4034, 4161, 4137, 4159, 4038, 4039, 4038, 4159, 4160, 4153, 4040, 4030, 4040, 4153, 4149, 4150, 4162, 4067, 4162, 4150, 4068, 4162, 4067, 4146, 4057, 4144, 4043, 4144, 4057, 4164, 4165, 4166, 4070, 4166, 4165, 4063, 4166, 4070, 4168, 4169, 4170, 4055, 4170, 4169, 4056, 4170, 4055, 4172, 4173, 4174, 4061, 4174, 4173, 4071, 4174, 4061, 4166, 4167, 4176, 4063, 4176, 4167, 4064, 4176, 4063, 4178, 4179, 4168, 4052, 4168, 4179, 4055, 4168, 4052, 4180, 4181, 4172, 4060, 4172, 4181, 4061, 4172, 4060, 4182, 4183, 4180, 4074, 4180, 4183, 4060, 4180, 4074, 4184, 4185, 4186, 4187, 4186, 4185, 4083, 4186, 4187, 4091, 4083, 4187, 4170, 4171, 4164, 4056, 4164, 4171, 4070, 4164, 4056, 4188, 4189, 4157, 4054, 4157, 4189, 4058, 4157, 4054, 4190, 4191, 4192, 4069, 4192, 4191, 4062, 4192, 4069, 4185, 4194, 4187, 4195, 4187, 4194, 4091, 4187, 4195, 4076, 4091, 4195, 4174, 4175, 4196, 4071, 4196, 4175, 4051, 4196, 4071, 4192, 4193, 4198, 4062, 4198, 4193, 4053, 4198, 4062, 4200, 4201, 4202, 4203, 4202, 4201, 4075, 4202, 4203, 4085, 4075, 4203, 4194, 4200, 4195, 4202, 4195, 4200, 4076, 4195, 4202, 4075, 4076, 4202, 4204, 4184, 4205, 4186, 4205, 4184, 4084, 4205, 4186, 4083, 4084, 4186, 4176, 4177, 4190, 4064, 4190, 4177, 4069, 4190, 4064, 4198, 4199, 4188, 4053, 4188, 4199, 4054, 4188, 4053, 4196, 4197, 4178, 4051, 4178, 4197, 4052, 4178, 4051, 4204, 4205, 4182, 4084, 4182, 4205, 4074, 4182, 4084, 4206, 4207, 4208, 4209, 4208, 4207, 4078, 4208, 4209, 4077, 4078, 4209, 4210, 4206, 4211, 4208, 4211, 4206, 4079, 4211, 4208, 4078, 4079, 4208, 4212, 4213, 4214, 4215, 4214, 4213, 4087, 4214, 4215, 4089, 4087, 4215, 4216, 4217, 4218, 4219, 4218, 4217, 4086, 4218, 4219, 4088, 4086, 4219, 4220, 4216, 4221, 4218, 4221, 4216, 4082, 4221, 4218, 4086, 4082, 4218, 4222, 4223, 4224, 4225, 4224, 4223, 4073, 4224, 4225, 4072, 4073, 4225, 4104, 4226, 4105, 4227, 4105, 4226, 4228, 4105, 4227, 4230, 4231, 4232, 4233, 4232, 4231, 4090, 4232, 4233, 4103, 4090, 4233, 4234, 4235, 4236, 4237, 4236, 4235, 4095, 4236, 4237, 4094, 4095, 4237, 4207, 4238, 4209, 4239, 4209, 4238, 4238, 4240, 4239, 4077, 4209, 4239, 4241, 4239, 4240, 4080, 4077, 4239, 4080, 4239, 4241, 4081, 4080, 4241, 4201, 4242, 4203, 4243, 4203, 4242, 4085, 4203, 4243, 4092, 4085, 4243, 4242, 4244, 4243, 4245, 4243, 4244, 4092, 4243, 4245, 4093, 4092, 4245, 4217, 4212, 4219, 4214, 4219, 4212, 4088, 4219, 4214, 4087, 4088, 4214, 4213, 4230, 4215, 4232, 4215, 4230, 4089, 4215, 4232, 4090, 4089, 4232, 4235, 4227, 4237, 4226, 4237, 4227, 4094, 4237, 4226, 4104, 4094, 4226, 4223, 4210, 4225, 4211, 4225, 4210, 4072, 4225, 4211, 4079, 4072, 4211, 4240, 4220, 4241, 4221, 4241, 4220, 4081, 4241, 4221, 4082, 4081, 4221, 4231, 4246, 4233, 4247, 4233, 4246, 4103, 4233, 4247, 4102, 4103, 4247, 4244, 4222, 4245, 4224, 4245, 4222, 4093, 4245, 4224, 4073, 4093, 4224, 4246, 4234, 4247, 4236, 4247, 4234, 4102, 4247, 4236, 4095, 4102, 4236, 4112, 4248, 4106, 4249, 4106, 4248, 4250, 4106, 4249, 4098, 4252, 4099, 4253, 4099, 4252, 4254, 4099, 4253, 4113, 4256, 4110, 4257, 4110, 4256, 4258, 4110, 4257, 4100, 4260, 4101, 4261, 4101, 4260, 4262, 4101, 4261, 4105, 4229, 4112, 4228, 4112, 4229, 4249, 4112, 4228, 4108, 4264, 4096, 4265, 4096, 4264, 4266, 4096, 4265, 4096, 4267, 4097, 4266, 4097, 4267, 4268, 4097, 4266, 4097, 4269, 4109, 4268, 4109, 4269, 4270, 4109, 4268, 4099, 4255, 4100, 4254, 4100, 4255, 4261, 4100, 4254, 4107, 4272, 4108, 4273, 4108, 4272, 4265, 4108, 4273, 4109, 4271, 4113, 4270, 4113, 4271, 4257, 4113, 4270, 4106, 4251, 4107, 4250, 4107, 4251, 4273, 4107, 4250, 4110, 4259, 4098, 4258, 4098, 4259, 4253, 4098, 4258, 4124, 4274, 4125, 4275, 4125, 4274, 4276, 4125, 4275, 4128, 4278, 4131, 4279, 4131, 4278, 4280, 4131, 4279, 4131, 4281, 4132, 4280, 4132, 4281, 4282, 4132, 4280, 4126, 4284, 4127, 4285, 4127, 4284, 4286, 4127, 4285, 4288, 4289, 4290, 4291, 4290, 4289, 4133, 4291, 4289, 4119, 4133, 4289, 4111, 4292, 4114, 4293, 4114, 4292, 4294, 4114, 4293, 4296, 4297, 4298, 4299, 4298, 4297, 4115, 4299, 4297, 4116, 4115, 4297, 4300, 4301, 4296, 4297, 4296, 4301, 4116, 4297, 4301, 4129, 4116, 4301, 4101, 4263, 4111, 4262, 4111, 4263, 4293, 4111, 4262, 4302, 4303, 4304, 4305, 4304, 4303, 4117, 4305, 4303, 4118, 4117, 4303, 4298, 4299, 4306, 4307, 4306, 4299, 4120, 4307, 4299, 4115, 4120, 4299, 4304, 4305, 4300, 4301, 4300, 4305, 4129, 4301, 4305, 4117, 4129, 4305, 4125, 4277, 4126, 4276, 4126, 4277, 4285, 4126, 4276, 4308, 4309, 4302, 4303, 4302, 4309, 4118, 4303, 4309, 4121, 4118, 4309, 4135, 4310, 4124, 4311, 4124, 4310, 4275, 4124, 4311, 4312, 4313, 4308, 4309, 4308, 4313, 4121, 4309, 4313, 4122, 4121, 4313, 4306, 4307, 4288, 4289, 4288, 4307, 4119, 4289, 4307, 4120, 4119, 4307, 4314, 4315, 4312, 4313, 4312, 4315, 4122, 4313, 4315, 4123, 4122, 4315, 4316, 4317, 4314, 4315, 4314, 4317, 4123, 4315, 4317, 4130, 4123, 4317, 4114, 4295, 4135, 4294, 4135, 4295, 4311, 4135, 4294, 4127, 4287, 4128, 4286, 4128, 4287, 4279, 4128, 4286, 4132, 4283, 4133, 4282, 4133, 4283, 4290, 4133, 4282, 4318, 4319, 4320, 4145, 4320, 4319, 4141, 4320, 4145, 4322, 4323, 4324, 4325, 4324, 4323, 4138, 4325, 4323, 4139, 4138, 4323, 4326, 4327, 4318, 4144, 4318, 4327, 4145, 4318, 4144, 4162, 4163, 4328, 4068, 4328, 4163, 4146, 4328, 4068, 4320, 4321, 4330, 4331, 4330, 4321, 4140, 4331, 4321, 4141, 4140, 4321, 4328, 4329, 4326, 4146, 4326, 4329, 4144, 4326, 4146, 4332, 4333, 4334, 4335, 4334, 4333, 4142, 4335, 4333, 4136, 4142, 4333, 4336, 4337, 4338, 4339, 4338, 4337, 4134, 4339, 4337, 4143, 4134, 4337, 4340, 4341, 4342, 4343, 4342, 4341, 4160, 4343, 4341, 4153, 4160, 4341, 4342, 4343, 4344, 4345, 4344, 4343, 4159, 4345, 4343, 4160, 4159, 4343, 4346, 4347, 4336, 4337, 4336, 4347, 4143, 4337, 4347, 4161, 4143, 4347, 4338, 4339, 4316, 4317, 4316, 4339, 4130, 4317, 4339, 4134, 4130, 4339, 4334, 4335, 4322, 4323, 4322, 4335, 4139, 4323, 4335, 4142, 4139, 4335, 4348, 4349, 4332, 4333, 4332, 4349, 4136, 4333, 4349, 4137, 4136, 4349, 4350, 4351, 4340, 4341, 4340, 4351, 4153, 4341, 4351, 4154, 4153, 4351, 4324, 4325, 4346, 4347, 4346, 4325, 4161, 4347, 4325, 4138, 4161, 4325, 4330, 4331, 4350, 4351, 4350, 4331, 4154, 4351, 4331, 4140, 4154, 4331, 4344, 4345, 4348, 4349, 4348, 4345, 4137, 4349, 4345, 4159, 4137, 4345, 4352, 4190, 4353, 4192, 4353, 4190, 4354, 4151, 4355, 4147, 4355, 4151, 4356, 4155, 4354, 4151, 4354, 4155, 4353, 4192, 4357, 4198, 4357, 4192, 4358, 4188, 4359, 4157, 4359, 4188, 4360, 4176, 4352, 4190, 4352, 4176, 4361, 4166, 4360, 4176, 4360, 4166, 4362, 4168, 4363, 4170, 4363, 4168, 4364, 4178, 4362, 4168, 4362, 4178, 4365, 4164, 4361, 4166, 4361, 4164, 4366, 4196, 4364, 4178, 4364, 4196, 4367, 4174, 4366, 4196, 4366, 4174, 4368, 4172, 4367, 4174, 4367, 4172, 4363, 4170, 4365, 4164, 4365, 4170, 4355, 4147, 4369, 4149, 4369, 4147, 4369, 4149, 4370, 4162, 4370, 4149, 4359, 4157, 4356, 4155, 4356, 4157, 4357, 4198, 4358, 4188, 4358, 4198, 4371, 4372, 4240, 4220, 4240, 4372, 4373, 4204, 4374, 4182, 4374, 4204, 4375, 4376, 4216, 4217, 4216, 4376, 4377, 4378, 4223, 4210, 4223, 4378, 4379, 4380, 4207, 4238, 4207, 4380, 4381, 4382, 4244, 4222, 4244, 4382, 4380, 4371, 4238, 4240, 4238, 4371, 4383, 4384, 4194, 4200, 4194, 4384, 4376, 4385, 4217, 4212, 4217, 4385, 4385, 4386, 4212, 4213, 4212, 4386, 4378, 4387, 4210, 4206, 4210, 4387, 4372, 4375, 4220, 4216, 4220, 4375, 4386, 4388, 4213, 4230, 4213, 4388, 4388, 4389, 4230, 4231, 4230, 4389, 4390, 4391, 4235, 4227, 4235, 4391, 4227, 4391, 4228, 4392, 4228, 4391, 4228, 4392, 4249, 4393, 4249, 4392, 4389, 4394, 4231, 4246, 4231, 4394, 4395, 4396, 4201, 4242, 4201, 4396, 4397, 4390, 4234, 4235, 4234, 4390, 4249, 4393, 4250, 4398, 4250, 4393, 4396, 4381, 4242, 4244, 4242, 4381, 4250, 4398, 4273, 4399, 4273, 4398, 4394, 4397, 4246, 4234, 4246, 4397, 4400, 4383, 4185, 4194, 4185, 4383, 4384, 4395, 4200, 4201, 4200, 4395, 4382, 4377, 4222, 4223, 4222, 4377, 4401, 4180, 4368, 4172, 4368, 4180, 4374, 4182, 4401, 4180, 4401, 4182, 4373, 4402, 4204, 4184, 4204, 4402, 4402, 4400, 4184, 4185, 4184, 4400, 4387, 4379, 4206, 4207, 4206, 4379, 4403, 4288, 4404, 4290, 4404, 4288, 4258, 4405, 4253, 4406, 4253, 4405, 4270, 4407, 4257, 4408, 4257, 4407, 4282, 4409, 4290, 4404, 4290, 4409, 4410, 4306, 4403, 4288, 4403, 4306, 4285, 4411, 4286, 4412, 4286, 4411, 4413, 4298, 4410, 4306, 4410, 4298, 4257, 4408, 4258, 4405, 4258, 4408, 4414, 4296, 4413, 4298, 4413, 4296, 4253, 4406, 4254, 4415, 4254, 4406, 4416, 4300, 4414, 4296, 4414, 4300, 4417, 4304, 4416, 4300, 4416, 4304, 4418, 4302, 4417, 4304, 4417, 4302, 4276, 4419, 4285, 4411, 4285, 4419, 4261, 4420, 4262, 4421, 4262, 4420, 4311, 4422, 4275, 4423, 4275, 4422, 4424, 4308, 4418, 4302, 4418, 4308, 4254, 4415, 4261, 4420, 4261, 4415, 4425, 4312, 4424, 4308, 4424, 4312, 4426, 4314, 4425, 4312, 4425, 4314, 4427, 4316, 4426, 4314, 4426, 4316, 4273, 4399, 4265, 4428, 4265, 4399, 4293, 4429, 4294, 4430, 4294, 4429, 4268, 4431, 4270, 4407, 4270, 4431, 4262, 4421, 4293, 4429, 4293, 4421, 4294, 4430, 4311, 4422, 4311, 4430, 4286, 4412, 4279, 4432, 4279, 4412, 4265, 4428, 4266, 4433, 4266, 4428, 4266, 4433, 4268, 4431, 4268, 4433, 4275, 4423, 4276, 4419, 4276, 4423, 4279, 4432, 4280, 4434, 4280, 4432, 4280, 4434, 4282, 4409, 4282, 4434, 4435, 4348, 4436, 4332, 4436, 4348, 4437, 4326, 4438, 4318, 4438, 4326, 4370, 4162, 4439, 4328, 4439, 4162, 4438, 4318, 4440, 4320, 4440, 4318, 4441, 4357, 4442, 4358, 4442, 4357, 4443, 4338, 4427, 4316, 4427, 4338, 4444, 4322, 4445, 4324, 4445, 4322, 4446, 4354, 4447, 4355, 4447, 4354, 4448, 4342, 4449, 4344, 4449, 4342, 4450, 4330, 4451, 4350, 4451, 4330, 4452, 4340, 4448, 4342, 4448, 4340, 4453, 4359, 4454, 4356, 4454, 4359, 4455, 4334, 4444, 4322, 4444, 4334, 4445, 4324, 4456, 4346, 4456, 4324, 4457, 4369, 4458, 4370, 4458, 4369, 4436, 4332, 4455, 4334, 4455, 4332, 4459, 4336, 4443, 4338, 4443, 4336, 4456, 4346, 4459, 4336, 4459, 4346, 4442, 4358, 4453, 4359, 4453, 4358, 4460, 4353, 4441, 4357, 4441, 4353, 4439, 4328, 4437, 4326, 4437, 4328, 4451, 4350, 4452, 4340, 4452, 4350, 4461, 4352, 4460, 4353, 4460, 4352, 4462, 4360, 4461, 4352, 4461, 4360, 4440, 4320, 4450, 4330, 4450, 4320, 4449, 4344, 4435, 4348, 4435, 4344, 4454, 4356, 4446, 4354, 4446, 4356, 4447, 4355, 4457, 4369, 4457, 4355, 4463, 4374, 4464, 4401, 4464, 4374, 4465, 4366, 4466, 4364, 4466, 4366, 4467, 4363, 4468, 4365, 4468, 4363, 4469, 4367, 4465, 4366, 4465, 4367, 4470, 4362, 4467, 4363, 4467, 4362, 4464, 4401, 4471, 4368, 4471, 4401, 4472, 4473, 4395, 4396, 4395, 4473, 4466, 4364, 4470, 4362, 4470, 4364, 4473, 4474, 4396, 4381, 4396, 4474, 4475, 4361, 4462, 4360, 4462, 4361, 4474, 4476, 4381, 4382, 4381, 4476, 4477, 4478, 4400, 4383, 4400, 4478, 4476, 4479, 4382, 4377, 4382, 4479, 4479, 4480, 4377, 4378, 4377, 4480, 4478, 4481, 4383, 4384, 4383, 4481, 4482, 4483, 4373, 4402, 4373, 4483, 4468, 4365, 4475, 4361, 4475, 4365, 4471, 4368, 4469, 4367, 4469, 4368, 4463, 4482, 4374, 4373, 4374, 4482, 4483, 4477, 4402, 4400, 4402, 4477, 4481, 4472, 4384, 4395, 4384, 4472, 4484, 4485, 4388, 4389, 4388, 4485, 4485, 4486, 4389, 4394, 4389, 4486, 4487, 4488, 4397, 4390, 4397, 4488, 4489, 4490, 4372, 4375, 4372, 4490, 4488, 4491, 4390, 4391, 4390, 4491, 4391, 4491, 4392, 4492, 4392, 4491, 4493, 4489, 4371, 4372, 4371, 4489, 4392, 4492, 4393, 4494, 4393, 4492, 4398, 4495, 4399, 4496, 4399, 4495, 4399, 4496, 4428, 4497, 4428, 4496, 4393, 4494, 4398, 4495, 4398, 4494, 4498, 4484, 4386, 4388, 4386, 4484, 4499, 4500, 4387, 4379, 4387, 4500, 4490, 4501, 4375, 4376, 4375, 4501, 4480, 4499, 4378, 4387, 4378, 4499, 4428, 4497, 4433, 4502, 4433, 4497, 4503, 4498, 4385, 4386, 4385, 4498, 4500, 4504, 4379, 4380, 4379, 4504, 4504, 4493, 4380, 4371, 4380, 4493, 4501, 4503, 4376, 4385, 4376, 4503, 4486, 4487, 4394, 4397, 4394, 4487, 4432, 4505, 4434, 4506, 4434, 4505, 4423, 4507, 4419, 4508, 4419, 4507, 4406, 4509, 4415, 4510, 4415, 4509, 4405, 4511, 4406, 4509, 4406, 4511, 4431, 4512, 4407, 4513, 4407, 4512, 4422, 4514, 4423, 4507, 4423, 4514, 4419, 4508, 4411, 4515, 4411, 4508, 4408, 4516, 4405, 4511, 4405, 4516, 4430, 4517, 4422, 4514, 4422, 4517, 4407, 4513, 4408, 4516, 4408, 4513, 4434, 4506, 4409, 4518, 4409, 4506, 4420, 4519, 4421, 4520, 4421, 4519, 4412, 4521, 4432, 4505, 4432, 4521, 4522, 4404, 4518, 4409, 4518, 4404, 4523, 4403, 4522, 4404, 4522, 4403, 4524, 4410, 4523, 4403, 4523, 4410, 4415, 4510, 4420, 4519, 4420, 4510, 4525, 4413, 4524, 4410, 4524, 4413, 4429, 4526, 4430, 4517, 4430, 4526, 4411, 4515, 4412, 4521, 4412, 4515, 4433, 4502, 4431, 4512, 4431, 4502, 4421, 4520, 4429, 4526, 4429, 4520, 4527, 4418, 4528, 4417, 4528, 4418, 4529, 4449, 4530, 4435, 4530, 4449, 4531, 4459, 4532, 4443, 4532, 4459, 4533, 4445, 4534, 4456, 4534, 4445, 4528, 4417, 4535, 4416, 4535, 4417, 4536, 4448, 4529, 4449, 4529, 4448, 4537, 4455, 4538, 4444, 4538, 4455, 4530, 4435, 4539, 4436, 4539, 4435, 4540, 4452, 4536, 4448, 4536, 4452, 4541, 4451, 4540, 4452, 4540, 4451, 4542, 4414, 4525, 4413, 4525, 4414, 4543, 4450, 4541, 4451, 4541, 4450, 4544, 4427, 4545, 4426, 4545, 4427, 4534, 4456, 4531, 4459, 4531, 4456, 4546, 4425, 4547, 4424, 4547, 4425, 4535, 4416, 4542, 4414, 4542, 4416, 4547, 4424, 4527, 4418, 4527, 4424, 4545, 4426, 4546, 4425, 4546, 4426, 4532, 4443, 4544, 4427, 4544, 4443, 4539, 4436, 4537, 4455, 4537, 4436, 4538, 4444, 4533, 4445, 4533, 4444, 793, 4460, 794, 4441, 794, 4460, 4548, 4440, 4543, 4450, 4543, 4440, 826, 4475, 804, 4462, 804, 4475, 4458, 4370, 4549, 4439, 4549, 4370, 805, 4446, 806, 4447, 806, 4446, 794, 4441, 813, 4442, 813, 4441, 804, 4462, 803, 4461, 803, 4462, 811, 4454, 805, 4446, 805, 4454, 806, 4447, 809, 4457, 809, 4447, 812, 4453, 811, 4454, 811, 4453, 841, 4467, 827, 4468, 827, 4467, 832, 4470, 841, 4467, 841, 4470, 833, 4466, 832, 4470, 832, 4466, 836, 4465, 833, 4466, 833, 4465, 813, 4442, 812, 4453, 812, 4442, 827, 4468, 826, 4475, 826, 4468, 803, 4461, 793, 4460, 793, 4461, 4549, 4439, 4550, 4437, 4550, 4439, 4551, 4438, 4548, 4440, 4548, 4438, 4550, 4437, 4551, 4438, 4551, 4437, 809, 4457, 810, 4458, 810, 4457, 869, 863, 4478, 4481, 4478, 863, 868, 869, 4477, 4478, 4477, 869, 864, 867, 4472, 4473, 4472, 867, 840, 875, 4482, 4483, 4482, 875, 877, 878, 4499, 4500, 4499, 878, 861, 862, 4476, 4479, 4476, 862, 862, 872, 4479, 4480, 4479, 872, 889, 909, 4504, 4493, 4504, 909, 875, 868, 4483, 4477, 4483, 868, 873, 861, 4474, 4476, 4474, 861, 872, 877, 4480, 4499, 4480, 877, 842, 4469, 836, 4465, 836, 4469, 878, 889, 4500, 4504, 4500, 889, 909, 910, 4493, 4489, 4493, 910, 846, 4471, 842, 4469, 842, 4471, 867, 873, 4473, 4474, 4473, 873, 910, 903, 4489, 4490, 4489, 903, 903, 904, 4490, 4501, 4490, 904, 839, 4463, 843, 4464, 843, 4463, 843, 4464, 846, 4471, 846, 4464, 839, 840, 4463, 4482, 4463, 840, 863, 864, 4481, 4472, 4481, 864, 4495, 911, 4496, 913, 4496, 911, 4497, 914, 4502, 924, 4502, 914, 906, 907, 4498, 4484, 4498, 907, 895, 896, 4488, 4491, 4488, 896, 896, 899, 4491, 4492, 4491, 899, 908, 906, 4503, 4498, 4503, 906, 4502, 924, 4512, 917, 4512, 924, 4496, 913, 4497, 914, 4497, 913, 4512, 917, 4513, 918, 4513, 917, 4516, 923, 4511, 925, 4511, 923, 885, 886, 4485, 4486, 4485, 886, 4511, 925, 4509, 966, 4509, 925, 4513, 918, 4516, 923, 4516, 918, 4509, 966, 4510, 969, 4510, 966, 4510, 969, 4519, 970, 4519, 969, 886, 888, 4486, 4487, 4486, 888, 904, 908, 4501, 4503, 4501, 908, 907, 885, 4484, 4485, 4484, 885, 4492, 899, 4494, 900, 4494, 899, 888, 895, 4487, 4488, 4487, 895, 4494, 900, 4495, 911, 4495, 900, 4505, 935, 4506, 941, 4506, 935, 4519, 970, 4520, 968, 4520, 970, 4521, 936, 4505, 935, 4505, 936, 957, 4525, 943, 4524, 943, 4525, 4507, 951, 4508, 953, 4508, 951, 946, 4522, 947, 4518, 947, 4522, 4506, 941, 4518, 947, 4518, 941, 959, 4527, 954, 4528, 954, 4527, 4508, 953, 4515, 956, 4515, 953, 955, 4535, 958, 4542, 958, 4535, 944, 4523, 946, 4522, 946, 4523, 960, 4547, 959, 4527, 959, 4547, 954, 4528, 955, 4535, 955, 4528, 1002, 4546, 960, 4547, 960, 4546, 4515, 956, 4521, 936, 4521, 956, 958, 4542, 957, 4525, 957, 4542, 943, 4524, 944, 4523, 944, 4524, 4517, 963, 4514, 952, 4514, 963, 4514, 952, 4507, 951, 4507, 952, 4520, 968, 4526, 967, 4526, 968, 4526, 967, 4517, 963, 4517, 967, 994, 4539, 978, 4537, 978, 4539, 1007, 4551, 1009, 4548, 1009, 4551, 1006, 4550, 1007, 4551, 1007, 4550, 1000, 4543, 997, 4541, 997, 4543, 1008, 4549, 1006, 4550, 1006, 4549, 978, 4537, 975, 4538, 975, 4537, 985, 4530, 994, 4539, 994, 4530, 989, 4540, 990, 4536, 990, 4540, 975, 4538, 976, 4533, 976, 4538, 810, 4458, 1008, 4549, 1008, 4458, 997, 4541, 989, 4540, 989, 4541, 992, 4531, 1001, 4532, 1001, 4531, 990, 4536, 984, 4529, 984, 4536, 999, 4545, 1002, 4546, 1002, 4545, 1001, 4532, 998, 4544, 998, 4532, 998, 4544, 999, 4545, 999, 4544, 976, 4533, 991, 4534, 991, 4533, 984, 4529, 985, 4530, 985, 4529, 991, 4534, 992, 4531, 992, 4534, 1009, 4548, 1000, 4543, 1000, 4548, 4552, 4553, 4554, 4555, 4554, 4553, 4556, 4557, 4552, 4553, 4552, 4557, 4558, 4559, 4556, 4557, 4556, 4559, 4560, 4561, 4562, 4563, 4562, 4561, 4554, 4555, 4564, 4565, 4564, 4555, 4552, 4566, 4556, 4567, 4556, 4566, 4568, 4569, 4570, 4571, 4570, 4569, 4564, 4572, 4554, 4573, 4554, 4572, 4564, 4565, 4574, 4575, 4574, 4565, 4554, 4573, 4552, 4566, 4552, 4573, 4576, 4577, 4578, 4579, 4578, 4577, 4580, 4581, 4558, 4559, 4558, 4581, 4558, 4582, 4580, 4583, 4580, 4582, 4584, 4585, 4576, 4577, 4576, 4585, 4586, 4587, 4588, 4589, 4588, 4587, 4586, 4588, 4590, 4591, 4590, 4588, 4570, 4571, 4560, 4561, 4560, 4571, 4592, 4593, 4594, 4595, 4594, 4593, 4596, 4597, 4598, 4599, 4598, 4597, 4588, 4589, 4592, 4593, 4592, 4589, 4588, 4592, 4591, 4600, 4591, 4592, 4594, 4595, 4601, 4602, 4601, 4595, 4603, 4604, 4605, 4606, 4605, 4604, 4597, 4596, 4603, 4604, 4603, 4596, 4596, 4607, 4604, 4608, 4604, 4607, 4568, 4570, 4609, 4610, 4609, 4570, 4562, 4563, 4580, 4581, 4580, 4563, 4578, 4579, 4568, 4569, 4568, 4579, 4562, 4611, 4560, 4612, 4560, 4611, 4578, 4568, 4613, 4609, 4613, 4568, 4576, 4578, 4614, 4613, 4614, 4578, 4598, 4599, 4586, 4587, 4586, 4599, 4601, 4602, 4584, 4585, 4584, 4602, 4594, 4601, 4615, 4616, 4615, 4601, 4560, 4612, 4570, 4610, 4570, 4612, 4592, 4594, 4600, 4615, 4600, 4594, 4556, 4567, 4558, 4582, 4558, 4567, 4584, 4576, 4617, 4614, 4617, 4576, 4598, 4586, 4618, 4590, 4618, 4586, 4596, 4598, 4607, 4618, 4607, 4598, 4601, 4584, 4616, 4617, 4616, 4584, 4580, 4583, 4562, 4611, 4562, 4583, 4619, 4620, 4621, 4622, 4621, 4620, 4623, 4624, 4619, 4620, 4619, 4624, 4625, 4626, 4627, 4628, 4627, 4626, 4626, 4629, 4628, 4630, 4628, 4629, 4631, 4632, 4633, 4634, 4633, 4632, 4624, 4635, 4620, 4636, 4620, 4635, 4627, 4628, 4637, 4638, 4637, 4628, 4639, 4640, 4641, 4642, 4641, 4640, 4641, 4642, 4623, 4624, 4623, 4642, 4637, 4638, 4639, 4640, 4639, 4638, 4643, 4644, 4631, 4632, 4631, 4644, 4644, 4645, 4632, 4646, 4632, 4645, 4633, 4634, 4647, 4648, 4647, 4634, 4647, 4648, 4649, 4650, 4649, 4648, 4634, 4651, 4648, 4652, 4648, 4651, 4649, 4650, 4653, 4654, 4653, 4650, 4605, 4606, 4625, 4626, 4625, 4606, 4606, 4655, 4626, 4629, 4626, 4655, 4628, 4630, 4638, 4656, 4638, 4630, 4604, 4608, 4606, 4655, 4606, 4608, 4638, 4656, 4640, 4657, 4640, 4656, 4621, 4622, 4643, 4644, 4643, 4622, 4632, 4646, 4634, 4651, 4634, 4646, 4648, 4652, 4650, 3169, 4650, 4652, 0, 3169, 4652, 4658, 3169, 0, 4653, 4654, 4659, 4660, 4659, 4654, 4650, 3169, 4654, 3175, 4654, 3169, 4658, 3175, 3169, 4661, 3175, 4658, 4659, 4660, 4662, 4663, 4662, 4660, 4654, 3175, 4660, 3174, 4660, 3175, 4661, 3174, 3175, 4664, 3174, 4661, 4640, 4657, 4642, 4665, 4642, 4657, 4642, 4665, 4624, 4635, 4624, 4665, 4620, 4636, 4622, 4666, 4622, 4636, 4622, 4666, 4644, 4645, 4644, 4666, 4667, 4668, 4669, 4670, 4669, 4668, 4671, 4672, 4667, 4668, 4667, 4672, 4673, 4674, 4671, 4672, 4671, 4674, 4669, 4670, 4675, 4676, 4675, 4670, 4662, 4663, 4677, 4678, 4677, 4663, 4674, 3202, 4672, 3195, 4672, 3202, 4679, 3195, 3202, 4680, 3195, 4679, 4672, 3195, 4668, 3194, 4668, 3195, 4680, 3194, 3195, 4681, 3194, 4680, 4682, 4683, 4684, 4685, 4684, 4683, 4683, 3206, 4685, 3208, 4685, 3206, 4686, 3208, 3206, 4687, 3208, 4686, 4688, 4689, 4682, 4683, 4682, 4689, 4689, 3204, 4683, 3206, 4683, 3204, 4690, 3206, 3204, 4686, 3206, 4690, 4677, 4678, 4673, 4674, 4673, 4678, 4678, 3190, 4674, 3202, 4674, 3190, 4691, 3202, 3190, 4679, 3202, 4691, 4684, 4685, 4692, 4693, 4692, 4685, 4660, 3174, 4663, 3191, 4663, 3174, 4664, 3191, 3174, 4694, 3191, 4664, 4675, 4676, 4695, 4696, 4695, 4676, 4692, 4693, 4697, 4698, 4697, 4693, 4693, 4685, 3201, 3208, 3201, 4685, 4699, 3201, 3208, 4687, 4699, 3208, 4676, 3187, 4696, 3186, 4696, 3187, 4700, 3186, 3187, 4701, 3186, 4700, 4695, 4696, 4688, 4689, 4688, 4696, 4696, 3186, 4689, 3204, 4689, 3186, 4701, 3204, 3186, 4690, 3204, 4701, 4698, 4693, 2740, 3201, 2740, 4693, 4702, 2740, 3201, 4699, 4702, 3201, 4697, 4698, 4703, 4704, 4703, 4698, 4670, 3198, 4676, 3187, 4676, 3198, 4705, 3187, 3198, 4700, 3187, 4705, 4703, 4704, 4706, 4707, 4706, 4704, 4663, 3191, 4678, 3190, 4678, 3191, 4694, 3190, 3191, 4691, 3190, 4694, 4706, 4707, 4708, 4709, 4708, 4707, 4707, 4704, 2726, 2728, 2726, 4704, 4710, 2726, 2728, 4711, 4710, 2728, 4704, 4698, 2728, 2740, 2728, 4698, 4711, 2728, 2740, 4702, 4711, 2740, 4668, 3194, 4670, 3198, 4670, 3194, 4681, 3198, 3194, 4705, 3198, 4681, 4708, 4709, 4712, 4713, 4712, 4709, 4709, 4707, 2730, 2726, 2730, 4707, 4714, 2730, 2726, 4710, 4714, 2726, 4715, 4716, 4717, 4718, 4717, 4716, 4712, 4713, 4719, 4720, 4719, 4713, 4720, 4713, 2712, 2714, 2712, 4713, 4721, 2712, 2714, 4722, 4721, 2714, 4723, 4724, 4725, 4726, 4725, 4724, 4717, 4718, 4727, 4728, 4727, 4718, 4727, 4728, 4729, 4730, 4729, 4728, 4724, 2760, 4726, 2737, 4726, 2760, 4731, 2737, 2760, 4732, 2737, 4731, 4719, 4720, 4733, 4734, 4733, 4720, 4725, 4726, 4715, 4716, 4715, 4726, 4718, 2757, 4728, 2758, 4728, 2757, 4735, 2758, 2757, 4736, 2758, 4735, 4737, 4738, 4723, 4724, 4723, 4738, 4738, 2720, 4724, 2760, 4724, 2720, 4739, 2760, 2720, 4731, 2760, 4739, 4740, 4741, 4742, 4743, 4742, 4741, 4743, 4741, 2742, 2744, 2742, 4741, 4744, 2742, 2744, 4745, 4744, 2744, 4746, 4747, 4748, 4749, 4748, 4747, 4748, 4749, 4750, 4751, 4750, 4749, 4747, 2749, 4749, 2750, 4749, 2749, 4752, 2750, 2749, 4753, 2750, 4752, 4754, 4755, 4756, 4757, 4756, 4755, 4734, 4720, 2710, 2712, 2710, 4720, 4758, 2710, 2712, 4721, 4758, 2712, 4733, 4734, 4740, 4741, 4740, 4734, 4742, 4743, 4746, 4747, 4746, 4743, 4747, 4743, 2749, 2742, 2749, 4743, 4752, 2749, 2742, 4744, 4752, 2742, 4749, 2750, 4751, 2752, 4751, 2750, 4753, 2752, 2750, 4759, 2752, 4753, 4756, 4757, 4737, 4738, 4737, 4757, 4750, 4751, 4754, 4755, 4754, 4751, 4755, 2754, 4757, 2719, 4757, 2754, 4760, 2719, 2754, 4761, 2719, 4760, 4757, 2719, 4738, 2720, 4738, 2719, 4761, 2720, 2719, 4739, 2720, 4761, 4713, 4709, 2714, 2730, 2714, 4709, 4722, 2714, 2730, 4714, 4722, 2730, 4751, 2752, 4755, 2754, 4755, 2752, 4759, 2754, 2752, 4760, 2754, 4759, 4726, 2737, 4716, 2738, 4716, 2737, 4732, 2738, 2737, 4762, 2738, 4732, 4741, 4734, 2744, 2710, 2744, 4734, 4745, 2744, 2710, 4758, 4745, 2710, 4716, 2738, 4718, 2757, 4718, 2738, 4762, 2757, 2738, 4735, 2757, 4762, 4763, 4764, 4765, 4766, 4765, 4764, 4767, 4768, 4769, 4770, 4769, 4768, 4771, 4767, 4772, 4769, 4772, 4767, 4773, 4774, 4775, 4776, 4775, 4774, 4775, 4776, 3238, 3231, 3238, 4776, 4777, 3238, 3231, 4778, 4777, 3231, 4774, 4779, 4776, 4780, 4776, 4779, 4779, 4781, 4780, 4782, 4780, 4781, 4783, 4773, 4784, 4775, 4784, 4773, 4764, 4785, 4766, 4786, 4766, 4785, 4728, 2758, 4730, 2699, 4730, 2758, 4736, 2699, 2758, 4787, 2699, 4736, 4769, 4770, 3214, 3219, 3214, 4770, 4788, 3214, 3219, 4789, 4788, 3219, 4781, 4729, 4782, 4730, 4782, 4729, 4790, 4771, 4791, 4772, 4791, 4771, 4768, 4763, 4770, 4765, 4770, 4763, 4772, 4769, 3215, 3214, 3215, 4769, 4792, 3215, 3214, 4788, 4792, 3214, 4776, 4780, 3231, 3224, 3231, 4780, 4778, 3231, 3224, 4793, 4778, 3224, 4785, 4783, 4786, 4784, 4786, 4783, 4784, 4775, 3240, 3238, 3240, 4775, 4794, 3240, 3238, 4777, 4794, 3238, 4791, 4772, 3235, 3215, 3235, 4772, 4795, 3235, 3215, 4792, 4795, 3215, 4780, 4782, 3224, 2700, 3224, 4782, 4793, 3224, 2700, 4796, 4793, 2700, 4797, 4790, 4798, 4791, 4798, 4790, 4799, 4797, 4800, 4798, 4800, 4797, 4770, 4765, 3219, 3218, 3219, 4765, 4789, 3219, 3218, 4801, 4789, 3218, 4798, 4791, 3210, 3235, 3210, 4791, 4802, 3210, 3235, 4795, 4802, 3235, 4782, 4730, 2700, 2699, 2700, 4730, 4796, 2700, 2699, 4787, 4796, 2699, 4803, 4799, 4804, 4800, 4804, 4799, 4800, 4798, 3211, 3210, 3211, 4798, 4805, 3211, 3210, 4802, 4805, 3210, 4806, 4803, 4807, 4804, 4807, 4803, 4804, 4800, 4808, 3211, 4808, 4800, 3122, 4808, 3211, 4805, 3122, 3211, 4766, 4786, 3222, 3241, 3222, 4786, 4809, 3222, 3241, 4810, 4809, 3241, 4765, 4766, 3218, 3222, 3218, 4766, 4801, 3218, 3222, 4809, 4801, 3222, 4786, 4784, 3241, 3240, 3241, 4784, 4810, 3241, 3240, 4794, 4810, 3240, 4811, 4812, 4813, 4814, 4813, 4812, 4813, 4814, 4815, 4816, 4815, 4814, 4817, 4818, 4819, 4820, 4819, 4818, 4821, 4822, 4823, 4824, 4823, 4822, 4822, 4817, 4824, 4819, 4824, 4817, 4825, 4811, 4826, 4813, 4826, 4811, 4574, 4575, 4827, 4828, 4827, 4575, 4827, 4829, 4574, 4830, 4574, 4829, 4831, 4821, 4832, 4823, 4832, 4821, 4812, 4831, 4814, 4832, 4814, 4831, 4823, 4824, 4833, 4834, 4833, 4824, 4828, 4825, 4827, 4826, 4827, 4825, 4826, 4835, 4827, 4829, 4827, 4835, 4836, 4806, 4837, 4807, 4837, 4806, 4838, 4836, 4839, 4837, 4839, 4836, 4840, 4841, 4842, 4843, 4842, 4841, 4818, 4840, 4820, 4842, 4820, 4840, 4837, 4807, 4844, 4845, 4844, 4807, 4814, 4832, 4816, 4846, 4816, 4832, 4842, 4843, 4847, 4848, 4847, 4843, 4826, 4813, 4835, 4815, 4835, 4813, 4574, 4830, 4564, 4572, 4564, 4830, 4832, 4823, 4846, 4833, 4846, 4823, 4841, 4838, 4843, 4839, 4843, 4838, 4824, 4819, 4834, 4849, 4834, 4819, 4843, 4839, 4848, 4850, 4848, 4839, 4807, 4804, 4845, 4808, 4845, 4804, 4820, 4842, 4851, 4847, 4851, 4842, 4819, 4820, 4849, 4851, 4849, 4820, 4839, 4837, 4850, 4844, 4850, 4837, 4652, 4651, 0, 4658, 0, 4651, 4661, 4658, 4651, 4646, 4661, 4651, 4664, 4661, 4646, 4645, 4664, 4646, 4694, 4664, 4645, 4666, 4694, 4645, 4691, 4694, 4666, 4636, 4691, 4666, 4679, 4691, 4636, 4635, 4679, 4636, 4680, 4679, 4635, 4665, 4680, 4635, 4681, 4680, 4665, 4657, 4681, 4665, 4705, 4681, 4657, 4656, 4705, 4657, 4700, 4705, 4656, 4630, 4700, 4656, 4701, 4700, 4630, 4629, 4701, 4630, 4690, 4701, 4629, 4655, 4690, 4629, 4686, 4690, 4655, 4608, 4686, 4655, 4687, 4686, 4608, 4607, 4687, 4608, 4699, 4687, 4607, 4618, 4699, 4607, 4702, 4699, 4618, 4590, 4702, 4618, 4711, 4702, 4590, 4591, 4711, 4590, 4710, 4711, 4591, 4600, 4710, 4591, 4714, 4710, 4600, 4615, 4714, 4600, 4722, 4714, 4615, 4616, 4722, 4615, 4721, 4722, 4616, 4617, 4721, 4616, 4758, 4721, 4617, 4614, 4758, 4617, 4745, 4758, 4614, 4613, 4745, 4614, 4744, 4745, 4613, 4609, 4744, 4613, 4752, 4744, 4609, 4610, 4752, 4609, 4753, 4752, 4610, 4612, 4753, 4610, 4759, 4753, 4612, 4611, 4759, 4612, 4760, 4759, 4611, 4583, 4760, 4611, 4761, 4760, 4583, 4582, 4761, 4583, 4739, 4761, 4582, 4567, 4739, 4582, 4731, 4739, 4567, 4566, 4731, 4567, 4732, 4731, 4566, 4573, 4732, 4566, 4762, 4732, 4573, 4572, 4762, 4573, 4735, 4762, 4572, 4830, 4735, 4572, 4736, 4735, 4830, 4829, 4736, 4830, 4787, 4736, 4829, 4835, 4787, 4829, 4796, 4787, 4835, 4815, 4796, 4835, 4793, 4796, 4815, 4816, 4793, 4815, 4778, 4793, 4816, 4846, 4778, 4816, 4777, 4778, 4846, 4833, 4777, 4846, 4794, 4777, 4833, 4834, 4794, 4833, 4810, 4794, 4834, 4849, 4810, 4834, 4809, 4810, 4849, 4851, 4809, 4849, 4801, 4809, 4851, 4847, 4801, 4851, 4789, 4801, 4847, 4848, 4789, 4847, 4788, 4789, 4848, 4850, 4788, 4848, 4792, 4788, 4850, 4844, 4792, 4850, 4795, 4792, 4844, 4845, 4795, 4844, 4802, 4795, 4845, 4808, 4802, 4845, 4805, 4802, 4808, 3122, 4805, 4808, 4852, 4853, 4854, 4855, 4854, 4853, 4854, 4855, 4856, 4857, 4856, 4855, 4856, 4857, 4858, 4859, 4858, 4857, 4858, 4859, 4860, 4861, 4860, 4859, 4860, 4861, 4862, 4863, 4862, 4861, 4862, 4863, 4864, 4865, 4864, 4863, 4864, 4865, 4866, 4867, 4866, 4865, 4866, 4867, 4868, 4869, 4868, 4867, 4868, 4869, 4870, 4871, 4870, 4869, 4870, 4871, 4872, 4873, 4872, 4871, 4872, 4873, 4874, 4875, 4874, 4873, 4874, 4875, 4876, 4877, 4876, 4875, 4876, 4877, 4878, 4879, 4878, 4877, 4878, 4879, 4880, 4881, 4880, 4879, 4881, 4882, 4880, 4883, 4880, 4882, 4882, 4884, 4883, 4885, 4883, 4884, 4884, 4886, 4885, 4887, 4885, 4886, 4886, 4888, 4887, 4889, 4887, 4888, 4888, 4890, 4889, 4891, 4889, 4890, 4890, 4892, 4891, 4893, 4891, 4892, 4892, 4894, 4893, 4895, 4893, 4894, 4894, 4896, 4895, 4897, 4895, 4896, 4896, 4898, 4897, 4899, 4897, 4898, 4898, 4900, 4899, 4901, 4899, 4900, 4900, 4902, 4901, 4903, 4901, 4902, 4904, 4905, 4902, 4903, 4902, 4905, 4906, 4907, 4904, 4905, 4904, 4907, 4908, 4909, 4906, 4907, 4906, 4909, 4910, 4911, 4908, 4909, 4908, 4911, 4912, 4913, 4910, 4911, 4910, 4913, 4914, 4915, 4912, 4913, 4912, 4915, 4916, 4917, 4914, 4915, 4914, 4917, 4918, 4919, 4916, 4917, 4916, 4919, 4920, 4921, 4918, 4919, 4918, 4921, 4922, 4923, 4920, 4921, 4920, 4923, 4924, 4925, 4922, 4923, 4922, 4925, 4926, 4925, 4927, 4924, 4927, 4925, 4928, 4926, 4929, 4927, 4929, 4926, 4930, 4928, 4931, 4929, 4931, 4928, 4932, 4930, 4933, 4931, 4933, 4930, 4934, 4932, 4935, 4933, 4935, 4932, 4936, 4934, 4937, 4935, 4937, 4934, 4938, 4936, 4939, 4937, 4939, 4936, 4940, 4938, 4941, 4939, 4941, 4938, 4942, 4940, 4943, 4941, 4943, 4940, 4944, 4942, 4945, 4943, 4945, 4942, 4946, 4944, 4947, 4945, 4947, 4944, 4948, 4946, 4949, 4947, 4949, 4946, 4950, 4948, 4951, 4949, 4951, 4948, 4952, 4950, 4953, 4951, 4953, 4950, 4954, 4952, 4955, 4953, 4955, 4952, 4956, 4954, 4957, 4955, 4957, 4954, 4958, 4956, 4959, 4957, 4959, 4956, 4960, 4958, 4961, 4959, 4961, 4958, 4962, 4960, 4963, 4961, 4963, 4960, 4964, 4962, 4965, 4963, 4965, 4962, 4966, 4964, 4967, 4965, 4967, 4964, 4968, 4966, 4969, 4967, 4969, 4966, 4970, 4968, 4971, 4969, 4971, 4968, 4972, 4970, 4973, 4971, 4973, 4970, 4974, 4972, 4975, 4973, 4975, 4972, 4976, 4974, 4977, 4975, 4977, 4974, 4978, 4976, 4979, 4977, 4979, 4976, 4980, 4978, 4981, 4979, 4981, 4978, 4982, 4983, 4981, 4980, 4981, 4983, 4984, 4985, 4982, 4983, 4982, 4985, 4986, 4987, 4984, 4985, 4984, 4987, 4988, 4989, 4986, 4987, 4986, 4989, 4990, 4991, 4988, 4989, 4988, 4991, 4992, 4993, 4990, 4991, 4990, 4993, 4994, 4995, 4992, 4993, 4992, 4995, 4996, 4997, 4994, 4995, 4994, 4997, 4998, 4999, 4996, 4997, 4996, 4999, 5000, 5001, 4998, 4999, 4998, 5001, 5002, 5003, 5000, 5001, 5000, 5003, 5002, 5004, 5003, 5005, 5003, 5004, 5004, 5006, 5005, 5007, 5005, 5006, 5006, 5008, 5007, 5009, 5007, 5008, 5008, 5010, 5009, 5011, 5009, 5010, 5010, 5012, 5011, 5013, 5011, 5012, 5012, 5014, 5013, 5015, 5013, 5014, 5014, 5016, 5015, 5017, 5015, 5016, 5016, 5018, 5017, 5019, 5017, 5018, 5018, 5020, 5019, 5021, 5019, 5020, 5020, 5022, 5021, 5023, 5021, 5022, 5022, 5024, 5023, 5025, 5023, 5024, 5025, 5024, 5026, 5027, 5026, 5024, 5026, 5027, 5028, 5029, 5028, 5027, 5028, 5029, 5030, 5031, 5030, 5029, 5030, 5031, 5032, 5033, 5032, 5031, 5032, 5033, 5034, 5035, 5034, 5033, 5034, 5035, 5036, 5037, 5036, 5035, 5036, 5037, 5038, 5039, 5038, 5037, 5038, 5039, 5040, 5041, 5040, 5039, 5040, 5041, 5042, 5043, 5042, 5041, 5042, 5043, 5044, 5045, 5044, 5043, 5044, 5045, 5046, 5047, 5046, 5045, 5046, 5047, 5048, 5049, 5048, 5047, 5048, 5049, 5050, 5051, 5050, 5049, 5050, 5051, 4852, 4853, 4852, 5051, 4853, 5052, 4855, 5053, 4855, 5052, 4855, 5053, 4857, 5054, 4857, 5053, 4857, 5054, 4859, 5055, 4859, 5054, 4859, 5055, 4861, 5056, 4861, 5055, 4861, 5056, 4863, 5057, 4863, 5056, 4863, 5057, 4865, 5058, 4865, 5057, 4865, 5058, 4867, 5059, 4867, 5058, 4867, 5059, 4869, 5060, 4869, 5059, 4869, 5060, 4871, 5061, 4871, 5060, 4871, 5061, 4873, 5062, 4873, 5061, 4873, 5062, 4875, 5063, 4875, 5062, 4875, 5063, 4877, 5064, 4877, 5063, 4877, 5064, 4879, 5065, 4879, 5064, 4879, 5065, 4881, 5066, 4881, 5065, 5067, 4882, 5066, 4881, 5066, 4882, 5068, 4884, 5067, 4882, 5067, 4884, 5069, 4886, 5068, 4884, 5068, 4886, 5070, 4888, 5069, 4886, 5069, 4888, 5071, 4890, 5070, 4888, 5070, 4890, 5072, 4892, 5071, 4890, 5071, 4892, 5073, 4894, 5072, 4892, 5072, 4894, 5074, 4896, 5073, 4894, 5073, 4896, 5075, 4898, 5074, 4896, 5074, 4898, 5076, 4900, 5075, 4898, 5075, 4900, 5077, 4902, 5076, 4900, 5076, 4902, 5078, 4904, 5077, 4902, 5077, 4904, 5079, 4906, 5078, 4904, 5078, 4906, 5080, 4908, 5079, 4906, 5079, 4908, 5081, 4910, 5080, 4908, 5080, 4910, 5082, 4912, 5081, 4910, 5081, 4912, 5083, 4914, 5082, 4912, 5082, 4914, 5084, 4916, 5083, 4914, 5083, 4916, 5085, 4918, 5084, 4916, 5084, 4918, 5086, 4920, 5085, 4918, 5085, 4920, 5087, 4922, 5086, 4920, 5086, 4922, 5088, 4924, 5087, 4922, 5087, 4924, 4927, 4924, 5089, 5088, 5089, 4924, 4929, 4927, 5090, 5089, 5090, 4927, 4931, 4929, 5091, 5090, 5091, 4929, 4933, 4931, 5092, 5091, 5092, 4931, 4935, 4933, 5093, 5092, 5093, 4933, 4937, 4935, 5094, 5093, 5094, 4935, 4939, 4937, 5095, 5094, 5095, 4937, 4941, 4939, 5096, 5095, 5096, 4939, 4943, 4941, 5097, 5096, 5097, 4941, 4945, 4943, 5098, 5097, 5098, 4943, 4947, 4945, 5099, 5098, 5099, 4945, 4949, 4947, 5100, 5099, 5100, 4947, 4951, 4949, 5101, 5100, 5101, 4949, 4953, 4951, 5102, 5101, 5102, 4951, 4955, 4953, 5103, 5102, 5103, 4953, 4957, 4955, 5104, 5103, 5104, 4955, 4959, 4957, 5105, 5104, 5105, 4957, 4961, 4959, 5106, 5105, 5106, 4959, 4963, 4961, 5107, 5106, 5107, 4961, 4965, 4963, 5108, 5107, 5108, 4963, 4967, 4965, 5109, 5108, 5109, 4965, 4969, 4967, 5110, 5109, 5110, 4967, 4971, 4969, 5111, 5110, 5111, 4969, 4973, 4971, 5112, 5111, 5112, 4971, 4975, 4973, 5113, 5112, 5113, 4973, 4977, 4975, 5114, 5113, 5114, 4975, 4979, 4977, 5115, 5114, 5115, 4977, 4981, 4979, 5116, 5115, 5116, 4979, 4981, 5116, 4982, 5117, 4982, 5116, 4982, 5117, 4984, 5118, 4984, 5117, 4984, 5118, 4986, 5119, 4986, 5118, 4986, 5119, 4988, 5120, 4988, 5119, 4988, 5120, 4990, 5121, 4990, 5120, 4990, 5121, 4992, 5122, 4992, 5121, 4992, 5122, 4994, 5123, 4994, 5122, 4994, 5123, 4996, 5124, 4996, 5123, 4996, 5124, 4998, 5125, 4998, 5124, 4998, 5125, 5000, 5126, 5000, 5125, 5000, 5126, 5002, 5127, 5002, 5126, 5002, 5127, 5004, 5128, 5004, 5127, 5004, 5128, 5006, 5129, 5006, 5128, 5006, 5129, 5008, 5130, 5008, 5129, 5008, 5130, 5010, 5131, 5010, 5130, 5010, 5131, 5012, 5132, 5012, 5131, 5012, 5132, 5014, 5133, 5014, 5132, 5014, 5133, 5016, 5134, 5016, 5133, 5016, 5134, 5018, 5135, 5018, 5134, 5018, 5135, 5020, 5136, 5020, 5135, 5020, 5136, 5022, 5137, 5022, 5136, 5022, 5137, 5024, 5138, 5024, 5137, 5024, 5138, 5027, 5139, 5027, 5138, 5027, 5139, 5029, 5140, 5029, 5139, 5029, 5140, 5031, 5141, 5031, 5140, 5031, 5141, 5033, 5142, 5033, 5141, 5033, 5142, 5035, 5143, 5035, 5142, 5035, 5143, 5037, 5144, 5037, 5143, 5037, 5144, 5039, 5145, 5039, 5144, 5039, 5145, 5041, 5146, 5041, 5145, 5041, 5146, 5043, 5147, 5043, 5146, 5043, 5147, 5045, 5148, 5045, 5147, 5045, 5148, 5047, 5149, 5047, 5148, 5047, 5149, 5049, 5150, 5049, 5149, 5049, 5150, 5051, 5151, 5051, 5150, 5051, 5151, 4853, 5052, 4853, 5151, 5052, 5152, 5053, 5153, 5053, 5152, 5053, 5153, 5054, 5154, 5054, 5153, 5054, 5154, 5055, 5155, 5055, 5154, 5055, 5155, 5056, 5156, 5056, 5155, 5056, 5156, 5057, 5157, 5057, 5156, 5057, 5157, 5058, 5158, 5058, 5157, 5058, 5158, 5059, 5159, 5059, 5158, 5059, 5159, 5060, 5160, 5060, 5159, 5060, 5160, 5061, 5161, 5061, 5160, 5061, 5161, 5062, 5162, 5062, 5161, 5062, 5162, 5063, 5163, 5063, 5162, 5063, 5163, 5064, 5164, 5064, 5163, 5064, 5164, 5065, 5165, 5065, 5164, 5166, 5066, 5165, 5065, 5165, 5066, 5167, 5067, 5166, 5066, 5166, 5067, 5168, 5068, 5167, 5067, 5167, 5068, 5169, 5069, 5168, 5068, 5168, 5069, 5170, 5070, 5169, 5069, 5169, 5070, 5171, 5071, 5170, 5070, 5170, 5071, 5172, 5072, 5171, 5071, 5171, 5072, 5173, 5073, 5172, 5072, 5172, 5073, 5174, 5074, 5173, 5073, 5173, 5074, 5175, 5075, 5174, 5074, 5174, 5075, 5176, 5076, 5175, 5075, 5175, 5076, 5177, 5077, 5176, 5076, 5176, 5077, 5178, 5078, 5177, 5077, 5177, 5078, 5179, 5079, 5178, 5078, 5178, 5079, 5180, 5080, 5179, 5079, 5179, 5080, 5181, 5081, 5180, 5080, 5180, 5081, 5182, 5082, 5181, 5081, 5181, 5082, 5183, 5083, 5182, 5082, 5182, 5083, 5184, 5084, 5183, 5083, 5183, 5084, 5185, 5085, 5184, 5084, 5184, 5085, 5186, 5086, 5185, 5085, 5185, 5086, 5187, 5087, 5186, 5086, 5186, 5087, 5188, 5088, 5187, 5087, 5187, 5088, 5189, 5089, 5188, 5088, 5188, 5089, 5090, 5089, 5190, 5189, 5190, 5089, 5091, 5090, 5191, 5190, 5191, 5090, 5092, 5091, 5192, 5191, 5192, 5091, 5093, 5092, 5193, 5192, 5193, 5092, 5094, 5093, 5194, 5193, 5194, 5093, 5095, 5094, 5195, 5194, 5195, 5094, 5096, 5095, 5196, 5195, 5196, 5095, 5097, 5096, 5197, 5196, 5197, 5096, 5098, 5097, 5198, 5197, 5198, 5097, 5099, 5098, 5199, 5198, 5199, 5098, 5100, 5099, 5200, 5199, 5200, 5099, 5101, 5100, 5201, 5200, 5201, 5100, 5102, 5101, 5202, 5201, 5202, 5101, 5103, 5102, 5203, 5202, 5203, 5102, 5104, 5103, 5204, 5203, 5204, 5103, 5105, 5104, 5205, 5204, 5205, 5104, 5106, 5105, 5206, 5205, 5206, 5105, 5107, 5106, 5207, 5206, 5207, 5106, 5108, 5107, 5208, 5207, 5208, 5107, 5109, 5108, 5209, 5208, 5209, 5108, 5110, 5109, 5210, 5209, 5210, 5109, 5111, 5110, 5211, 5210, 5211, 5110, 5112, 5111, 5212, 5211, 5212, 5111, 5113, 5112, 5213, 5212, 5213, 5112, 5114, 5113, 5214, 5213, 5214, 5113, 5115, 5114, 5215, 5214, 5215, 5114, 5115, 5215, 5116, 5216, 5116, 5215, 5116, 5216, 5117, 5217, 5117, 5216, 5117, 5217, 5118, 5218, 5118, 5217, 5118, 5218, 5119, 5219, 5119, 5218, 5119, 5219, 5120, 5220, 5120, 5219, 5120, 5220, 5121, 5221, 5121, 5220, 5121, 5221, 5122, 5222, 5122, 5221, 5122, 5222, 5123, 5223, 5123, 5222, 5123, 5223, 5124, 5224, 5124, 5223, 5124, 5224, 5125, 5225, 5125, 5224, 5125, 5225, 5126, 5226, 5126, 5225, 5126, 5226, 5127, 5227, 5127, 5226, 5127, 5227, 5128, 5228, 5128, 5227, 5128, 5228, 5129, 5229, 5129, 5228, 5129, 5229, 5130, 5230, 5130, 5229, 5130, 5230, 5131, 5231, 5131, 5230, 5131, 5231, 5132, 5232, 5132, 5231, 5132, 5232, 5133, 5233, 5133, 5232, 5133, 5233, 5134, 5234, 5134, 5233, 5134, 5234, 5135, 5235, 5135, 5234, 5135, 5235, 5136, 5236, 5136, 5235, 5136, 5236, 5137, 5237, 5137, 5236, 5137, 5237, 5138, 5238, 5138, 5237, 5138, 5238, 5139, 5239, 5139, 5238, 5139, 5239, 5140, 5240, 5140, 5239, 5140, 5240, 5141, 5241, 5141, 5240, 5141, 5241, 5142, 5242, 5142, 5241, 5142, 5242, 5143, 5243, 5143, 5242, 5143, 5243, 5144, 5244, 5144, 5243, 5144, 5244, 5145, 5245, 5145, 5244, 5145, 5245, 5146, 5246, 5146, 5245, 5146, 5246, 5147, 5247, 5147, 5246, 5147, 5247, 5148, 5248, 5148, 5247, 5148, 5248, 5149, 5249, 5149, 5248, 5149, 5249, 5150, 5250, 5150, 5249, 5150, 5250, 5151, 5251, 5151, 5250, 5151, 5251, 5052, 5152, 5052, 5251, 5152, 5252, 5153, 5253, 5153, 5252, 5153, 5253, 5154, 5254, 5154, 5253, 5154, 5254, 5155, 5255, 5155, 5254, 5155, 5255, 5156, 5256, 5156, 5255, 5156, 5256, 5157, 5257, 5157, 5256, 5157, 5257, 5158, 5258, 5158, 5257, 5158, 5258, 5159, 5259, 5159, 5258, 5159, 5259, 5160, 5260, 5160, 5259, 5160, 5260, 5161, 5261, 5161, 5260, 5161, 5261, 5162, 5262, 5162, 5261, 5162, 5262, 5163, 5263, 5163, 5262, 5163, 5263, 5164, 5264, 5164, 5263, 5164, 5264, 5165, 5265, 5165, 5264, 5166, 5165, 5266, 5265, 5266, 5165, 5167, 5166, 5267, 5266, 5267, 5166, 5168, 5167, 5268, 5267, 5268, 5167, 5169, 5168, 5269, 5268, 5269, 5168, 5170, 5169, 5270, 5269, 5270, 5169, 5171, 5170, 5271, 5270, 5271, 5170, 5172, 5171, 5272, 5271, 5272, 5171, 5173, 5172, 5273, 5272, 5273, 5172, 5174, 5173, 5274, 5273, 5274, 5173, 5175, 5174, 5275, 5274, 5275, 5174, 5176, 5175, 5276, 5275, 5276, 5175, 5177, 5176, 5277, 5276, 5277, 5176, 5178, 5177, 5278, 5277, 5278, 5177, 5179, 5178, 5279, 5278, 5279, 5178, 5180, 5179, 5280, 5279, 5280, 5179, 5181, 5180, 5281, 5280, 5281, 5180, 5182, 5181, 5282, 5281, 5282, 5181, 5183, 5182, 5283, 5282, 5283, 5182, 5184, 5183, 5284, 5283, 5284, 5183, 5185, 5184, 5285, 5284, 5285, 5184, 5186, 5185, 5286, 5285, 5286, 5185, 5187, 5186, 5287, 5286, 5287, 5186, 5188, 5187, 5288, 5287, 5288, 5187, 5289, 5189, 5288, 5188, 5288, 5189, 5190, 5189, 5290, 5289, 5290, 5189, 5191, 5190, 5291, 5290, 5291, 5190, 5192, 5191, 5292, 5291, 5292, 5191, 5193, 5192, 5293, 5292, 5293, 5192, 5194, 5193, 5294, 5293, 5294, 5193, 5195, 5194, 5295, 5294, 5295, 5194, 5196, 5195, 5296, 5295, 5296, 5195, 5197, 5196, 5297, 5296, 5297, 5196, 5198, 5197, 5298, 5297, 5298, 5197, 5199, 5198, 5299, 5298, 5299, 5198, 5200, 5199, 5300, 5299, 5300, 5199, 5201, 5200, 5301, 5300, 5301, 5200, 5202, 5201, 5302, 5301, 5302, 5201, 5203, 5202, 5303, 5302, 5303, 5202, 5204, 5203, 5304, 5303, 5304, 5203, 5205, 5204, 5305, 5304, 5305, 5204, 5206, 5205, 5306, 5305, 5306, 5205, 5207, 5206, 5307, 5306, 5307, 5206, 5208, 5207, 5308, 5307, 5308, 5207, 5209, 5208, 5309, 5308, 5309, 5208, 5210, 5209, 5310, 5309, 5310, 5209, 5211, 5210, 5311, 5310, 5311, 5210, 5212, 5211, 5312, 5311, 5312, 5211, 5213, 5212, 5313, 5312, 5313, 5212, 5214, 5213, 5314, 5313, 5314, 5213, 5215, 5214, 5315, 5314, 5315, 5214, 5215, 5315, 5216, 5316, 5216, 5315, 5216, 5316, 5217, 5317, 5217, 5316, 5217, 5317, 5218, 5318, 5218, 5317, 5218, 5318, 5219, 5319, 5219, 5318, 5219, 5319, 5220, 5320, 5220, 5319, 5220, 5320, 5221, 5321, 5221, 5320, 5221, 5321, 5222, 5322, 5222, 5321, 5222, 5322, 5223, 5323, 5223, 5322, 5223, 5323, 5224, 5324, 5224, 5323, 5224, 5324, 5225, 5325, 5225, 5324, 5225, 5325, 5226, 5326, 5226, 5325, 5226, 5326, 5227, 5327, 5227, 5326, 5227, 5327, 5228, 5328, 5228, 5327, 5228, 5328, 5229, 5329, 5229, 5328, 5229, 5329, 5230, 5330, 5230, 5329, 5230, 5330, 5231, 5331, 5231, 5330, 5231, 5331, 5232, 5332, 5232, 5331, 5232, 5332, 5233, 5333, 5233, 5332, 5233, 5333, 5234, 5334, 5234, 5333, 5234, 5334, 5235, 5335, 5235, 5334, 5235, 5335, 5236, 5336, 5236, 5335, 5236, 5336, 5237, 5337, 5237, 5336, 5237, 5337, 5238, 5338, 5238, 5337, 5238, 5338, 5239, 5339, 5239, 5338, 5239, 5339, 5240, 5340, 5240, 5339, 5240, 5340, 5241, 5341, 5241, 5340, 5241, 5341, 5242, 5342, 5242, 5341, 5242, 5342, 5243, 5343, 5243, 5342, 5243, 5343, 5244, 5344, 5244, 5343, 5244, 5344, 5245, 5345, 5245, 5344, 5245, 5345, 5246, 5346, 5246, 5345, 5246, 5346, 5247, 5347, 5247, 5346, 5247, 5347, 5248, 5348, 5248, 5347, 5248, 5348, 5249, 5349, 5249, 5348, 5249, 5349, 5250, 5350, 5250, 5349, 5250, 5350, 5251, 5351, 5251, 5350, 5251, 5351, 5152, 5252, 5152, 5351, 5252, 5352, 5253, 5353, 5253, 5352, 5253, 5353, 5254, 5354, 5254, 5353, 5254, 5354, 5255, 5355, 5255, 5354, 5255, 5355, 5256, 5356, 5256, 5355, 5256, 5356, 5257, 5357, 5257, 5356, 5257, 5357, 5258, 5358, 5258, 5357, 5258, 5358, 5259, 5359, 5259, 5358, 5259, 5359, 5260, 5360, 5260, 5359, 5260, 5360, 5261, 5361, 5261, 5360, 5261, 5361, 5262, 5362, 5262, 5361, 5262, 5362, 5263, 5363, 5263, 5362, 5263, 5363, 5264, 5364, 5264, 5363, 5264, 5364, 5265, 5365, 5265, 5364, 5366, 5266, 5365, 5265, 5365, 5266, 5367, 5267, 5366, 5266, 5366, 5267, 5368, 5268, 5367, 5267, 5367, 5268, 5369, 5269, 5368, 5268, 5368, 5269, 5370, 5270, 5369, 5269, 5369, 5270, 5371, 5271, 5370, 5270, 5370, 5271, 5372, 5272, 5371, 5271, 5371, 5272, 5373, 5273, 5372, 5272, 5372, 5273, 5374, 5274, 5373, 5273, 5373, 5274, 5375, 5275, 5374, 5274, 5374, 5275, 5376, 5276, 5375, 5275, 5375, 5276, 5377, 5277, 5376, 5276, 5376, 5277, 5378, 5278, 5377, 5277, 5377, 5278, 5379, 5279, 5378, 5278, 5378, 5279, 5380, 5280, 5379, 5279, 5379, 5280, 5381, 5281, 5380, 5280, 5380, 5281, 5382, 5282, 5381, 5281, 5381, 5282, 5383, 5283, 5382, 5282, 5382, 5283, 5384, 5284, 5383, 5283, 5383, 5284, 5385, 5285, 5384, 5284, 5384, 5285, 5386, 5286, 5385, 5285, 5385, 5286, 5387, 5287, 5386, 5286, 5386, 5287, 5388, 5288, 5387, 5287, 5387, 5288, 5389, 5289, 5388, 5288, 5388, 5289, 5290, 5289, 5390, 5389, 5390, 5289, 5291, 5290, 5391, 5390, 5391, 5290, 5292, 5291, 5392, 5391, 5392, 5291, 5293, 5292, 5393, 5392, 5393, 5292, 5294, 5293, 5394, 5393, 5394, 5293, 5295, 5294, 5395, 5394, 5395, 5294, 5296, 5295, 5396, 5395, 5396, 5295, 5297, 5296, 5397, 5396, 5397, 5296, 5298, 5297, 5398, 5397, 5398, 5297, 5299, 5298, 5399, 5398, 5399, 5298, 5300, 5299, 5400, 5399, 5400, 5299, 5301, 5300, 5401, 5400, 5401, 5300, 5302, 5301, 5402, 5401, 5402, 5301, 5303, 5302, 5403, 5402, 5403, 5302, 5304, 5303, 5404, 5403, 5404, 5303, 5305, 5304, 5405, 5404, 5405, 5304, 5306, 5305, 5406, 5405, 5406, 5305, 5307, 5306, 5407, 5406, 5407, 5306, 5308, 5307, 5408, 5407, 5408, 5307, 5309, 5308, 5409, 5408, 5409, 5308, 5310, 5309, 5410, 5409, 5410, 5309, 5311, 5310, 5411, 5410, 5411, 5310, 5312, 5311, 5412, 5411, 5412, 5311, 5313, 5312, 5413, 5412, 5413, 5312, 5314, 5313, 5414, 5413, 5414, 5313, 5315, 5314, 5415, 5414, 5415, 5314, 5415, 5416, 5315, 5316, 5315, 5416, 5416, 5417, 5316, 5317, 5316, 5417, 5417, 5418, 5317, 5318, 5317, 5418, 5418, 5419, 5318, 5319, 5318, 5419, 5419, 5420, 5319, 5320, 5319, 5420, 5420, 5421, 5320, 5321, 5320, 5421, 5421, 5422, 5321, 5322, 5321, 5422, 5422, 5423, 5322, 5323, 5322, 5423, 5423, 5424, 5323, 5324, 5323, 5424, 5424, 5425, 5324, 5325, 5324, 5425, 5425, 5426, 5325, 5326, 5325, 5426, 5426, 5427, 5326, 5327, 5326, 5427, 5427, 5428, 5327, 5328, 5327, 5428, 5428, 5429, 5328, 5329, 5328, 5429, 5429, 5430, 5329, 5330, 5329, 5430, 5430, 5431, 5330, 5331, 5330, 5431, 5431, 5432, 5331, 5332, 5331, 5432, 5432, 5433, 5332, 5333, 5332, 5433, 5433, 5434, 5333, 5334, 5333, 5434, 5434, 5435, 5334, 5335, 5334, 5435, 5435, 5436, 5335, 5336, 5335, 5436, 5436, 5437, 5336, 5337, 5336, 5437, 5437, 5438, 5337, 5338, 5337, 5438, 5438, 5439, 5338, 5339, 5338, 5439, 5339, 5439, 5340, 5440, 5340, 5439, 5340, 5440, 5341, 5441, 5341, 5440, 5341, 5441, 5342, 5442, 5342, 5441, 5342, 5442, 5343, 5443, 5343, 5442, 5343, 5443, 5344, 5444, 5344, 5443, 5344, 5444, 5345, 5445, 5345, 5444, 5345, 5445, 5346, 5446, 5346, 5445, 5346, 5446, 5347, 5447, 5347, 5446, 5347, 5447, 5348, 5448, 5348, 5447, 5348, 5448, 5349, 5449, 5349, 5448, 5349, 5449, 5350, 5450, 5350, 5449, 5350, 5450, 5351, 5451, 5351, 5450, 5351, 5451, 5252, 5352, 5252, 5451, 5352, 5452, 5353, 5453, 5353, 5452, 5353, 5453, 5354, 5454, 5354, 5453, 5354, 5454, 5355, 5455, 5355, 5454, 5355, 5455, 5356, 5456, 5356, 5455, 5356, 5456, 5357, 5457, 5357, 5456, 5357, 5457, 5358, 5458, 5358, 5457, 5358, 5458, 5359, 5459, 5359, 5458, 5359, 5459, 5360, 5460, 5360, 5459, 5360, 5460, 5361, 5461, 5361, 5460, 5361, 5461, 5362, 5462, 5362, 5461, 5362, 5462, 5363, 5463, 5363, 5462, 5363, 5463, 5364, 5464, 5364, 5463, 5364, 5464, 5365, 5465, 5365, 5464, 5466, 5366, 5465, 5365, 5465, 5366, 5467, 5367, 5466, 5366, 5466, 5367, 5468, 5368, 5467, 5367, 5467, 5368, 5469, 5369, 5468, 5368, 5468, 5369, 5470, 5370, 5469, 5369, 5469, 5370, 5471, 5371, 5470, 5370, 5470, 5371, 5472, 5372, 5471, 5371, 5471, 5372, 5473, 5373, 5472, 5372, 5472, 5373, 5474, 5374, 5473, 5373, 5473, 5374, 5475, 5375, 5474, 5374, 5474, 5375, 5476, 5376, 5475, 5375, 5475, 5376, 5477, 5377, 5476, 5376, 5476, 5377, 5478, 5378, 5477, 5377, 5477, 5378, 5479, 5379, 5478, 5378, 5478, 5379, 5480, 5380, 5479, 5379, 5479, 5380, 5481, 5381, 5480, 5380, 5480, 5381, 5482, 5382, 5481, 5381, 5481, 5382, 5483, 5383, 5482, 5382, 5482, 5383, 5484, 5384, 5483, 5383, 5483, 5384, 5485, 5385, 5484, 5384, 5484, 5385, 5486, 5386, 5485, 5385, 5485, 5386, 5487, 5387, 5486, 5386, 5486, 5387, 5488, 5388, 5487, 5387, 5487, 5388, 5489, 5389, 5488, 5388, 5488, 5389, 5390, 5389, 5490, 5489, 5490, 5389, 5391, 5390, 5491, 5490, 5491, 5390, 5392, 5391, 5492, 5491, 5492, 5391, 5393, 5392, 5493, 5492, 5493, 5392, 5394, 5393, 5494, 5493, 5494, 5393, 5395, 5394, 5495, 5494, 5495, 5394, 5396, 5395, 5496, 5495, 5496, 5395, 5397, 5396, 5497, 5496, 5497, 5396, 5398, 5397, 5498, 5497, 5498, 5397, 5399, 5398, 5499, 5498, 5499, 5398, 5400, 5399, 5500, 5499, 5500, 5399, 5401, 5400, 5501, 5500, 5501, 5400, 5402, 5401, 5502, 5501, 5502, 5401, 5403, 5402, 5503, 5502, 5503, 5402, 5404, 5403, 5504, 5503, 5504, 5403, 5405, 5404, 5505, 5504, 5505, 5404, 5406, 5405, 5506, 5505, 5506, 5405, 5407, 5406, 5507, 5506, 5507, 5406, 5408, 5407, 5508, 5507, 5508, 5407, 5409, 5408, 5509, 5508, 5509, 5408, 5410, 5409, 5510, 5509, 5510, 5409, 5411, 5410, 5511, 5510, 5511, 5410, 5412, 5411, 5512, 5511, 5512, 5411, 5413, 5412, 5513, 5512, 5513, 5412, 5414, 5413, 5514, 5513, 5514, 5413, 5415, 5414, 5515, 5514, 5515, 5414, 5415, 5515, 5416, 5516, 5416, 5515, 5416, 5516, 5417, 5517, 5417, 5516, 5417, 5517, 5418, 5518, 5418, 5517, 5418, 5518, 5419, 5519, 5419, 5518, 5419, 5519, 5420, 5520, 5420, 5519, 5420, 5520, 5421, 5521, 5421, 5520, 5421, 5521, 5422, 5522, 5422, 5521, 5422, 5522, 5423, 5523, 5423, 5522, 5423, 5523, 5424, 5524, 5424, 5523, 5424, 5524, 5425, 5525, 5425, 5524, 5425, 5525, 5426, 5526, 5426, 5525, 5426, 5526, 5427, 5527, 5427, 5526, 5427, 5527, 5428, 5528, 5428, 5527, 5428, 5528, 5429, 5529, 5429, 5528, 5429, 5529, 5430, 5530, 5430, 5529, 5430, 5530, 5431, 5531, 5431, 5530, 5431, 5531, 5432, 5532, 5432, 5531, 5432, 5532, 5433, 5533, 5433, 5532, 5433, 5533, 5434, 5534, 5434, 5533, 5434, 5534, 5435, 5535, 5435, 5534, 5435, 5535, 5436, 5536, 5436, 5535, 5436, 5536, 5437, 5537, 5437, 5536, 5437, 5537, 5438, 5538, 5438, 5537, 5438, 5538, 5439, 5539, 5439, 5538, 5439, 5539, 5440, 5540, 5440, 5539, 5440, 5540, 5441, 5541, 5441, 5540, 5441, 5541, 5442, 5542, 5442, 5541, 5442, 5542, 5443, 5543, 5443, 5542, 5443, 5543, 5444, 5544, 5444, 5543, 5444, 5544, 5445, 5545, 5445, 5544, 5445, 5545, 5446, 5546, 5446, 5545, 5446, 5546, 5447, 5547, 5447, 5546, 5447, 5547, 5448, 5548, 5448, 5547, 5448, 5548, 5449, 5549, 5449, 5548, 5449, 5549, 5450, 5550, 5450, 5549, 5450, 5550, 5451, 5551, 5451, 5550, 5451, 5551, 5352, 5452, 5352, 5551, 5552, 5553, 5554, 5555, 5554, 5553, 5556, 5552, 5557, 5554, 5557, 5552, 5558, 5556, 5559, 5557, 5559, 5556, 5560, 5558, 5561, 5559, 5561, 5558, 5562, 5560, 5563, 5561, 5563, 5560, 5564, 5562, 5565, 5563, 5565, 5562, 5566, 5564, 5567, 5565, 5567, 5564, 5568, 5566, 5569, 5567, 5569, 5566, 5570, 5568, 5571, 5569, 5571, 5568, 5572, 5570, 5573, 5571, 5573, 5570, 5574, 5572, 5575, 5573, 5575, 5572, 5576, 5574, 5577, 5575, 5577, 5574, 5578, 5576, 5579, 5577, 5579, 5576, 5580, 5581, 5579, 5578, 5579, 5581, 5582, 5583, 5580, 5581, 5580, 5583, 5584, 5585, 5582, 5583, 5582, 5585, 5586, 5587, 5584, 5585, 5584, 5587, 5588, 5589, 5586, 5587, 5586, 5589, 5590, 5591, 5588, 5589, 5588, 5591, 5592, 5593, 5590, 5591, 5590, 5593, 5594, 5595, 5592, 5593, 5592, 5595, 5596, 5597, 5594, 5595, 5594, 5597, 5598, 5599, 5596, 5597, 5596, 5599, 5600, 5601, 5598, 5599, 5598, 5601, 5602, 5603, 5600, 5601, 5600, 5603, 5604, 5605, 5602, 5603, 5602, 5605, 5606, 5607, 5604, 5605, 5604, 5607, 5608, 5609, 5606, 5607, 5606, 5609, 5610, 5611, 5608, 5609, 5608, 5611, 5612, 5613, 5610, 5611, 5610, 5613, 5614, 5615, 5612, 5613, 5612, 5615, 5616, 5617, 5614, 5615, 5614, 5617, 5618, 5619, 5616, 5617, 5616, 5619, 5620, 5621, 5618, 5619, 5618, 5621, 5622, 5623, 5620, 5621, 5620, 5623, 5624, 5625, 5622, 5623, 5622, 5625, 5626, 5627, 5624, 5625, 5624, 5627, 5627, 5626, 5628, 5629, 5628, 5626, 5628, 5629, 5630, 5631, 5630, 5629, 5630, 5631, 5632, 5633, 5632, 5631, 5632, 5633, 5634, 5635, 5634, 5633, 5634, 5635, 5636, 5637, 5636, 5635, 5636, 5637, 5638, 5639, 5638, 5637, 5638, 5639, 5640, 5641, 5640, 5639, 5640, 5641, 5642, 5643, 5642, 5641, 5642, 5643, 5644, 5645, 5644, 5643, 5644, 5645, 5646, 5647, 5646, 5645, 5646, 5647, 5648, 5649, 5648, 5647, 5648, 5649, 5650, 5651, 5650, 5649, 5650, 5651, 5652, 5653, 5652, 5651, 5652, 5653, 5654, 5655, 5654, 5653, 5654, 5655, 5656, 5657, 5656, 5655, 5656, 5657, 5658, 5659, 5658, 5657, 5658, 5659, 5660, 5661, 5660, 5659, 5660, 5661, 5662, 5663, 5662, 5661, 5662, 5663, 5664, 5665, 5664, 5663, 5664, 5665, 5666, 5667, 5666, 5665, 5666, 5667, 5668, 5669, 5668, 5667, 5668, 5669, 5670, 5671, 5670, 5669, 5670, 5671, 5672, 5673, 5672, 5671, 5672, 5673, 5674, 5675, 5674, 5673, 5674, 5675, 5676, 5677, 5676, 5675, 5676, 5677, 5678, 5679, 5678, 5677, 5678, 5679, 5680, 5681, 5680, 5679, 5680, 5681, 5682, 5683, 5682, 5681, 5682, 5683, 5684, 5685, 5684, 5683, 5684, 5685, 5686, 5687, 5686, 5685, 5686, 5687, 5688, 5689, 5688, 5687, 5688, 5689, 5690, 5691, 5690, 5689, 5690, 5691, 5692, 5693, 5692, 5691, 5692, 5693, 5694, 5695, 5694, 5693, 5694, 5695, 5696, 5697, 5696, 5695, 5696, 5697, 5698, 5699, 5698, 5697, 5698, 5699, 5700, 5701, 5700, 5699, 5700, 5701, 5702, 5703, 5702, 5701, 5702, 5703, 5704, 5705, 5704, 5703, 5704, 5705, 5706, 5707, 5706, 5705, 5706, 5707, 5708, 5709, 5708, 5707, 5708, 5709, 5710, 5711, 5710, 5709, 5710, 5711, 5712, 5713, 5712, 5711, 5712, 5713, 5714, 5715, 5714, 5713, 5714, 5715, 5716, 5717, 5716, 5715, 5716, 5717, 5718, 5719, 5718, 5717, 5718, 5719, 5720, 5721, 5720, 5719, 5720, 5721, 5722, 5723, 5722, 5721, 5722, 5723, 5724, 5725, 5724, 5723, 5724, 5725, 5726, 5727, 5726, 5725, 5728, 5726, 5729, 5727, 5729, 5726, 5730, 5728, 5731, 5729, 5731, 5728, 5732, 5730, 5733, 5731, 5733, 5730, 5734, 5732, 5735, 5733, 5735, 5732, 5736, 5734, 5737, 5735, 5737, 5734, 5738, 5736, 5739, 5737, 5739, 5736, 5740, 5738, 5741, 5739, 5741, 5738, 5742, 5740, 5743, 5741, 5743, 5740, 5744, 5742, 5745, 5743, 5745, 5742, 5746, 5744, 5747, 5745, 5747, 5744, 5748, 5746, 5749, 5747, 5749, 5746, 5750, 5748, 5751, 5749, 5751, 5748, 5553, 5750, 5555, 5751, 5555, 5750, 5554, 5555, 5752, 5753, 5752, 5555, 5754, 5752, 5753, 5557, 5554, 5755, 5752, 5755, 5554, 5756, 5755, 5752, 5754, 5756, 5752, 5559, 5557, 5757, 5755, 5757, 5557, 5758, 5757, 5755, 5756, 5758, 5755, 5561, 5559, 5759, 5757, 5759, 5559, 5760, 5759, 5757, 5758, 5760, 5757, 5563, 5561, 5761, 5759, 5761, 5561, 5762, 5761, 5759, 5760, 5762, 5759, 5565, 5563, 5763, 5761, 5763, 5563, 5764, 5763, 5761, 5762, 5764, 5761, 5567, 5565, 5765, 5763, 5765, 5565, 5766, 5765, 5763, 5764, 5766, 5763, 5569, 5567, 5767, 5765, 5767, 5567, 5768, 5767, 5765, 5766, 5768, 5765, 5571, 5569, 5769, 5767, 5769, 5569, 5770, 5769, 5767, 5768, 5770, 5767, 5573, 5571, 5771, 5769, 5771, 5571, 5772, 5771, 5769, 5770, 5772, 5769, 5575, 5573, 5773, 5771, 5773, 5573, 5774, 5773, 5771, 5772, 5774, 5771, 5577, 5575, 5775, 5773, 5775, 5575, 5776, 5775, 5773, 5774, 5776, 5773, 5579, 5577, 5777, 5775, 5777, 5577, 5778, 5777, 5775, 5776, 5778, 5775, 5779, 5780, 5778, 5580, 5778, 5780, 5579, 5778, 5580, 5777, 5778, 5579, 5781, 5782, 5779, 5582, 5779, 5782, 5580, 5779, 5582, 5780, 5779, 5580, 5783, 5784, 5781, 5584, 5781, 5784, 5582, 5781, 5584, 5782, 5781, 5582, 5785, 5786, 5783, 5586, 5783, 5786, 5584, 5783, 5586, 5784, 5783, 5584, 5787, 5788, 5785, 5588, 5785, 5788, 5586, 5785, 5588, 5786, 5785, 5586, 5789, 5790, 5787, 5590, 5787, 5790, 5588, 5787, 5590, 5788, 5787, 5588, 5791, 5792, 5789, 5592, 5789, 5792, 5590, 5789, 5592, 5790, 5789, 5590, 5793, 5794, 5791, 5594, 5791, 5794, 5592, 5791, 5594, 5792, 5791, 5592, 5795, 5796, 5793, 5596, 5793, 5796, 5594, 5793, 5596, 5794, 5793, 5594, 5797, 5798, 5795, 5598, 5795, 5798, 5596, 5795, 5598, 5796, 5795, 5596, 5799, 5800, 5797, 5600, 5797, 5800, 5598, 5797, 5600, 5798, 5797, 5598, 5801, 5802, 5799, 5799, 5802, 5600, 5602, 5600, 5802, 5800, 5799, 5600, 5803, 5804, 5801, 5604, 5801, 5804, 5602, 5801, 5604, 5802, 5801, 5602, 5805, 5806, 5803, 5606, 5803, 5806, 5604, 5803, 5606, 5804, 5803, 5604, 5807, 5808, 5805, 5608, 5805, 5808, 5606, 5805, 5608, 5806, 5805, 5606, 5809, 5810, 5807, 5610, 5807, 5810, 5608, 5807, 5610, 5808, 5807, 5608, 5811, 5812, 5809, 5612, 5809, 5812, 5610, 5809, 5612, 5810, 5809, 5610, 5813, 5814, 5811, 5614, 5811, 5814, 5612, 5811, 5614, 5812, 5811, 5612, 5815, 5816, 5813, 5616, 5813, 5816, 5614, 5813, 5616, 5814, 5813, 5614, 5817, 5818, 5815, 5618, 5815, 5818, 5616, 5815, 5618, 5816, 5815, 5616, 5819, 5820, 5817, 5620, 5817, 5820, 5618, 5817, 5620, 5818, 5817, 5618, 5821, 5822, 5819, 5622, 5819, 5822, 5620, 5819, 5622, 5820, 5819, 5620, 5823, 5824, 5821, 5624, 5821, 5824, 5622, 5821, 5624, 5822, 5821, 5622, 5825, 5826, 5823, 5626, 5823, 5826, 5624, 5823, 5626, 5824, 5823, 5624, 5626, 5826, 5629, 5827, 5629, 5826, 5825, 5827, 5826, 5828, 5827, 5825, 5629, 5827, 5631, 5829, 5631, 5827, 5828, 5829, 5827, 5830, 5829, 5828, 5631, 5829, 5633, 5831, 5633, 5829, 5830, 5831, 5829, 5832, 5831, 5830, 5633, 5831, 5635, 5833, 5635, 5831, 5832, 5833, 5831, 5834, 5833, 5832, 5635, 5833, 5637, 5835, 5637, 5833, 5834, 5835, 5833, 5836, 5835, 5834, 5637, 5835, 5639, 5837, 5639, 5835, 5836, 5837, 5835, 5838, 5837, 5836, 5639, 5837, 5641, 5839, 5641, 5837, 5838, 5839, 5837, 5840, 5839, 5838, 5641, 5839, 5643, 5841, 5643, 5839, 5840, 5841, 5839, 5842, 5841, 5840, 5643, 5841, 5645, 5843, 5645, 5841, 5842, 5843, 5841, 5844, 5843, 5842, 5645, 5843, 5647, 5845, 5647, 5843, 5844, 5845, 5843, 5846, 5845, 5844, 5647, 5845, 5649, 5847, 5649, 5845, 5846, 5847, 5845, 5848, 5847, 5846, 5649, 5847, 5651, 5849, 5651, 5847, 5848, 5849, 5847, 5850, 5849, 5848, 5651, 5849, 5653, 5851, 5653, 5849, 5850, 5851, 5849, 5653, 5851, 5655, 5852, 5655, 5851, 5853, 5852, 5851, 5655, 5852, 5657, 5854, 5657, 5852, 5855, 5854, 5852, 5853, 5855, 5852, 5657, 5854, 5659, 5856, 5659, 5854, 5857, 5856, 5854, 5855, 5857, 5854, 5659, 5856, 5661, 5858, 5661, 5856, 5859, 5858, 5856, 5857, 5859, 5856, 5661, 5858, 5663, 5860, 5663, 5858, 5861, 5860, 5858, 5859, 5861, 5858, 5663, 5860, 5665, 5862, 5665, 5860, 5863, 5862, 5860, 5861, 5863, 5860, 5665, 5862, 5667, 5864, 5667, 5862, 5865, 5864, 5862, 5863, 5865, 5862, 5667, 5864, 5669, 5866, 5669, 5864, 5867, 5866, 5864, 5865, 5867, 5864, 5669, 5866, 5671, 5868, 5671, 5866, 5869, 5868, 5866, 5867, 5869, 5866, 5671, 5868, 5673, 5870, 5673, 5868, 5871, 5870, 5868, 5869, 5871, 5868, 5673, 5870, 5675, 5872, 5675, 5870, 5873, 5872, 5870, 5871, 5873, 5870, 5675, 5872, 5677, 5874, 5677, 5872, 5875, 5874, 5872, 5873, 5875, 5872, 5677, 5874, 5679, 5876, 5679, 5874, 5877, 5876, 5874, 5875, 5877, 5874, 5679, 5876, 5681, 5681, 5876, 5878, 5877, 5878, 5876, 5879, 5681, 5878, 5681, 5879, 5683, 5880, 5683, 5879, 5880, 5879, 5881, 5878, 5881, 5879, 5880, 5881, 5683, 5685, 5683, 5881, 5882, 5685, 5881, 5883, 5685, 5882, 5685, 5883, 5687, 5687, 5883, 5884, 5882, 5884, 5883, 5885, 5687, 5884, 5687, 5885, 5689, 5689, 5885, 5886, 5884, 5886, 5885, 5689, 5887, 5691, 5691, 5887, 5888, 5886, 5888, 5887, 5889, 5691, 5888, 5691, 5889, 5693, 5693, 5889, 5890, 5888, 5890, 5889, 5891, 5693, 5890, 5693, 5891, 5695, 5890, 5695, 5891, 5892, 5695, 5890, 5893, 5695, 5892, 5695, 5893, 5697, 5697, 5893, 5894, 5892, 5894, 5893, 5895, 5697, 5894, 5697, 5895, 5699, 5699, 5895, 5896, 5894, 5896, 5895, 5897, 5699, 5896, 5699, 5897, 5701, 5701, 5897, 5898, 5896, 5898, 5897, 5899, 5701, 5898, 5701, 5899, 5703, 5900, 5703, 5899, 5900, 5899, 5901, 5898, 5901, 5899, 5900, 5901, 5703, 5705, 5703, 5901, 5902, 5705, 5901, 5903, 5705, 5902, 5705, 5903, 5707, 5707, 5903, 5904, 5902, 5904, 5903, 5905, 5707, 5904, 5707, 5905, 5709, 5904, 5709, 5905, 5906, 5709, 5904, 5907, 5709, 5906, 5709, 5907, 5711, 5711, 5907, 5908, 5906, 5908, 5907, 5909, 5711, 5908, 5711, 5909, 5713, 5910, 5713, 5909, 5910, 5909, 5911, 5908, 5911, 5909, 5910, 5911, 5713, 5715, 5713, 5911, 5912, 5715, 5911, 5913, 5715, 5912, 5715, 5913, 5717, 5717, 5913, 5914, 5912, 5914, 5913, 5717, 5915, 5719, 5914, 5719, 5915, 5916, 5719, 5914, 5917, 5719, 5916, 5719, 5917, 5721, 5721, 5917, 5918, 5916, 5918, 5917, 5919, 5721, 5918, 5721, 5919, 5723, 5723, 5919, 5920, 5918, 5920, 5919, 5921, 5723, 5920, 5723, 5921, 5725, 5725, 5921, 5922, 5920, 5922, 5921, 5923, 5725, 5922, 5725, 5923, 5727, 5727, 5923, 5924, 5922, 5924, 5923, 5925, 5727, 5924, 5729, 5727, 5926, 5925, 5926, 5727, 5924, 5926, 5925, 5927, 5926, 5924, 5731, 5729, 5928, 5926, 5928, 5729, 5927, 5928, 5926, 5929, 5928, 5927, 5733, 5731, 5930, 5928, 5930, 5731, 5929, 5930, 5928, 5931, 5930, 5929, 5735, 5733, 5932, 5930, 5932, 5733, 5931, 5932, 5930, 5933, 5932, 5931, 5737, 5735, 5934, 5932, 5934, 5735, 5933, 5934, 5932, 5935, 5934, 5933, 5739, 5737, 5936, 5934, 5936, 5737, 5935, 5936, 5934, 5937, 5936, 5935, 5741, 5739, 5938, 5936, 5938, 5739, 5937, 5938, 5936, 5939, 5938, 5937, 5743, 5741, 5940, 5938, 5940, 5741, 5939, 5940, 5938, 5941, 5940, 5939, 5745, 5743, 5942, 5940, 5942, 5743, 5941, 5942, 5940, 5943, 5942, 5941, 5747, 5745, 5944, 5942, 5944, 5745, 5943, 5944, 5942, 5945, 5944, 5943, 5749, 5747, 5946, 5944, 5946, 5747, 5945, 5946, 5944, 5947, 5946, 5945, 5751, 5749, 5948, 5946, 5948, 5749, 5947, 5948, 5946, 5949, 5948, 5947, 5555, 5751, 5753, 5948, 5753, 5751, 5949, 5753, 5948, 5901, 5898, 5902, 5904, 5902, 5898, 5896, 5904, 5898, 5906, 5904, 5896, 5894, 5906, 5896, 5908, 5906, 5894, 5892, 5908, 5894, 5911, 5908, 5892, 5890, 5911, 5892, 5912, 5911, 5890, 5888, 5912, 5890, 5914, 5912, 5888, 5886, 5914, 5888, 5916, 5914, 5886, 5884, 5916, 5886, 5918, 5916, 5884, 5882, 5918, 5884, 5920, 5918, 5882, 5881, 5920, 5882, 5922, 5920, 5881, 5878, 5922, 5881, 5924, 5922, 5878, 5877, 5924, 5878, 5927, 5924, 5877, 5875, 5927, 5877, 5929, 5927, 5875, 5873, 5929, 5875, 5931, 5929, 5873, 5871, 5931, 5873, 5869, 5931, 5871, 5933, 5931, 5869, 5935, 5933, 5869, 5867, 5935, 5869, 5937, 5935, 5867, 5865, 5937, 5867, 5939, 5937, 5865, 5863, 5939, 5865, 5941, 5939, 5863, 5861, 5941, 5863, 5943, 5941, 5861, 5859, 5943, 5861, 5945, 5943, 5859, 5857, 5945, 5859, 5947, 5945, 5857, 5855, 5947, 5857, 5949, 5947, 5855, 5853, 5949, 5855, 5753, 5949, 5853, 5851, 5753, 5853, 5754, 5753, 5851, 5850, 5754, 5851, 5848, 5754, 5850, 5756, 5754, 5848, 5758, 5756, 5848, 5846, 5758, 5848, 5760, 5758, 5846, 5844, 5760, 5846, 5762, 5760, 5844, 5842, 5762, 5844, 5764, 5762, 5842, 5840, 5764, 5842, 5766, 5764, 5840, 5838, 5766, 5840, 5768, 5766, 5838, 5836, 5768, 5838, 5770, 5768, 5836, 5834, 5770, 5836, 5772, 5770, 5834, 5832, 5772, 5834, 5774, 5772, 5832, 5830, 5774, 5832, 5776, 5774, 5830, 5828, 5776, 5830, 5778, 5776, 5828, 5825, 5778, 5828, 5779, 5778, 5825, 5823, 5779, 5825, 5781, 5779, 5823, 5821, 5781, 5823, 5783, 5781, 5821, 5819, 5783, 5821, 5785, 5783, 5819, 5817, 5785, 5819, 5787, 5785, 5817, 5815, 5787, 5817, 5789, 5787, 5815, 5813, 5789, 5815, 5791, 5789, 5813, 5811, 5791, 5813, 5809, 5791, 5811, 5793, 5791, 5809, 5795, 5793, 5809, 5807, 5795, 5809, 5797, 5795, 5807, 5805, 5797, 5807, 5799, 5797, 5805, 5803, 5799, 5805, 5801, 5799, 5803, 5452, 5551, 5950, 5951, 5950, 5551, 5553, 5950, 5951, 5750, 5553, 5951, 5545, 5544, 5952, 5953, 5952, 5544, 5738, 5952, 5953, 5736, 5738, 5953, 5547, 5546, 5954, 5955, 5954, 5546, 5742, 5954, 5955, 5740, 5742, 5955, 5546, 5545, 5955, 5952, 5955, 5545, 5740, 5955, 5952, 5738, 5740, 5952, 5550, 5549, 5956, 5957, 5956, 5549, 5748, 5956, 5957, 5746, 5748, 5957, 5548, 5547, 5958, 5954, 5958, 5547, 5744, 5958, 5954, 5742, 5744, 5954, 5549, 5548, 5957, 5958, 5957, 5548, 5746, 5957, 5958, 5744, 5746, 5958, 5551, 5550, 5951, 5956, 5951, 5550, 5750, 5951, 5956, 5748, 5750, 5956, 5454, 5453, 5959, 5960, 5959, 5453, 5556, 5959, 5960, 5552, 5556, 5960, 5456, 5455, 5961, 5962, 5961, 5455, 5560, 5961, 5962, 5558, 5560, 5962, 5458, 5457, 5963, 5964, 5963, 5457, 5564, 5963, 5964, 5562, 5564, 5964, 5457, 5456, 5964, 5961, 5964, 5456, 5562, 5964, 5961, 5560, 5562, 5961, 5453, 5452, 5960, 5950, 5960, 5452, 5552, 5960, 5950, 5553, 5552, 5950, 5455, 5454, 5962, 5959, 5962, 5454, 5558, 5962, 5959, 5556, 5558, 5959, 5459, 5458, 5965, 5963, 5965, 5458, 5566, 5965, 5963, 5564, 5566, 5963, 5460, 5459, 5966, 5965, 5966, 5459, 5568, 5966, 5965, 5566, 5568, 5965, 5613, 5967, 5611, 5482, 5611, 5967, 5481, 5611, 5482, 5968, 5611, 5481, 5461, 5460, 5969, 5966, 5969, 5460, 5570, 5969, 5966, 5568, 5570, 5966, 5601, 5970, 5599, 5476, 5599, 5970, 5475, 5599, 5476, 5971, 5599, 5475, 5607, 5972, 5605, 5479, 5605, 5972, 5478, 5605, 5479, 5973, 5605, 5478, 5587, 5974, 5585, 5469, 5585, 5974, 5468, 5585, 5469, 5975, 5585, 5468, 5462, 5461, 5976, 5969, 5976, 5461, 5572, 5976, 5969, 5570, 5572, 5969, 5581, 5977, 5578, 5466, 5578, 5977, 5465, 5578, 5466, 5978, 5578, 5465, 5593, 5979, 5591, 5472, 5591, 5979, 5471, 5591, 5472, 5980, 5591, 5471, 5605, 5973, 5603, 5478, 5603, 5973, 5477, 5603, 5478, 5981, 5603, 5477, 5464, 5463, 5982, 5983, 5982, 5463, 5576, 5982, 5983, 5574, 5576, 5983, 5599, 5971, 5597, 5475, 5597, 5971, 5474, 5597, 5475, 5984, 5597, 5474, 5603, 5981, 5601, 5477, 5601, 5981, 5476, 5601, 5477, 5970, 5601, 5476, 5609, 5985, 5607, 5480, 5607, 5985, 5479, 5607, 5480, 5972, 5607, 5479, 5585, 5975, 5583, 5468, 5583, 5975, 5467, 5583, 5468, 5986, 5583, 5467, 5595, 5987, 5593, 5473, 5593, 5987, 5472, 5593, 5473, 5979, 5593, 5472, 5597, 5984, 5595, 5474, 5595, 5984, 5473, 5595, 5474, 5987, 5595, 5473, 5589, 5988, 5587, 5470, 5587, 5988, 5469, 5587, 5470, 5974, 5587, 5469, 5463, 5462, 5983, 5976, 5983, 5462, 5574, 5983, 5976, 5572, 5574, 5976, 5465, 5464, 5978, 5982, 5978, 5464, 5578, 5978, 5982, 5576, 5578, 5982, 5591, 5980, 5589, 5471, 5589, 5980, 5470, 5589, 5471, 5988, 5589, 5470, 5583, 5986, 5581, 5467, 5581, 5986, 5466, 5581, 5467, 5977, 5581, 5466, 5611, 5968, 5609, 5481, 5609, 5968, 5480, 5609, 5481, 5985, 5609, 5480, 5495, 5989, 5496, 5990, 5496, 5989, 5638, 5990, 5989, 5640, 5990, 5638, 5491, 5991, 5492, 5992, 5492, 5991, 5630, 5992, 5991, 5632, 5992, 5630, 5497, 5993, 5498, 5994, 5498, 5993, 5642, 5994, 5993, 5644, 5994, 5642, 5498, 5994, 5499, 5995, 5499, 5994, 5644, 5995, 5994, 5646, 5995, 5644, 5627, 5996, 5625, 5489, 5625, 5996, 5488, 5625, 5489, 5997, 5625, 5488, 5623, 5998, 5621, 5487, 5621, 5998, 5486, 5621, 5487, 5999, 5621, 5486, 5494, 6000, 5495, 5989, 5495, 6000, 5636, 5989, 6000, 5638, 5989, 5636, 5619, 6001, 5617, 5485, 5617, 6001, 5484, 5617, 5485, 6002, 5617, 5484, 5490, 6003, 5491, 5991, 5491, 6003, 5628, 5991, 6003, 5630, 5991, 5628, 5492, 5992, 5493, 6004, 5493, 5992, 5632, 6004, 5992, 5634, 6004, 5632, 5489, 5996, 5490, 6003, 5490, 5996, 5627, 6003, 5996, 5628, 6003, 5627, 5493, 6004, 5494, 6000, 5494, 6004, 5634, 6000, 6004, 5636, 6000, 5634, 5499, 5995, 5500, 6005, 5500, 5995, 5646, 6005, 5995, 5648, 6005, 5646, 5500, 6005, 5501, 6006, 5501, 6005, 5648, 6006, 6005, 5650, 6006, 5648, 5501, 6006, 5502, 6007, 5502, 6006, 5650, 6007, 6006, 5652, 6007, 5650, 5502, 6007, 5503, 6008, 5503, 6007, 5652, 6008, 6007, 5654, 6008, 5652, 5621, 5999, 5619, 5486, 5619, 5999, 5485, 5619, 5486, 6001, 5619, 5485, 5617, 6002, 5615, 5484, 5615, 6002, 5483, 5615, 5484, 6009, 5615, 5483, 5615, 6009, 5613, 5483, 5613, 6009, 5482, 5613, 5483, 5967, 5613, 5482, 5625, 5997, 5623, 5488, 5623, 5997, 5487, 5623, 5488, 5998, 5623, 5487, 5496, 5990, 5497, 5993, 5497, 5990, 5640, 5993, 5990, 5642, 5993, 5640, 5519, 6010, 5520, 5686, 5520, 6010, 5688, 5520, 5686, 6011, 5520, 5688, 5523, 6012, 5524, 5694, 5524, 6012, 5696, 5524, 5694, 6013, 5524, 5696, 5513, 6014, 5514, 6015, 5514, 6014, 5674, 6015, 6014, 5676, 6015, 5674, 5506, 6016, 5507, 6017, 5507, 6016, 5660, 6017, 6016, 5662, 6017, 5660, 5516, 6018, 5517, 5680, 5517, 6018, 5682, 5517, 5680, 6019, 5517, 5682, 5520, 6011, 5521, 5688, 5521, 6011, 5690, 5521, 5688, 6020, 5521, 5690, 5521, 6020, 5522, 5690, 5522, 6020, 5692, 5522, 5690, 6021, 5522, 5692, 5507, 6017, 5508, 6022, 5508, 6017, 5662, 6022, 6017, 5664, 6022, 5662, 5522, 6021, 5523, 5692, 5523, 6021, 5694, 5523, 5692, 6012, 5523, 5694, 5512, 6023, 5513, 6014, 5513, 6023, 5672, 6014, 6023, 5674, 6014, 5672, 5517, 6019, 5518, 5682, 5518, 6019, 5684, 5518, 5682, 6024, 5518, 5684, 5504, 6025, 5505, 6026, 5505, 6025, 5656, 6026, 6025, 5658, 6026, 5656, 5503, 6008, 5504, 6025, 5504, 6008, 5654, 6025, 6008, 5656, 6025, 5654, 5514, 6015, 5515, 6027, 5515, 6015, 5676, 6027, 6015, 5678, 6027, 5676, 5508, 6022, 5509, 6028, 5509, 6022, 5664, 6028, 6022, 5666, 6028, 5664, 5505, 6026, 5506, 6016, 5506, 6026, 5658, 6016, 6026, 5660, 6016, 5658, 5515, 6027, 5516, 5678, 5516, 6027, 5680, 5516, 5678, 6018, 5516, 5680, 5510, 6029, 5511, 6030, 5511, 6029, 5668, 6030, 6029, 5670, 6030, 5668, 5511, 6030, 5512, 6023, 5512, 6030, 5670, 6023, 6030, 5672, 6023, 5670, 5518, 6024, 5519, 5684, 5519, 6024, 5686, 5519, 5684, 6010, 5519, 5686, 5509, 6028, 5510, 6029, 5510, 6028, 5666, 6029, 6028, 5668, 6029, 5666, 5537, 6031, 5538, 5722, 5538, 6031, 5724, 5538, 5722, 6032, 5538, 5724, 5538, 6032, 5539, 5724, 5539, 6032, 5726, 5539, 5724, 6033, 5539, 5726, 5527, 6034, 5528, 5702, 5528, 6034, 5704, 5528, 5702, 6035, 5528, 5704, 5542, 5541, 6036, 6037, 6036, 5541, 5732, 6036, 6037, 5730, 5732, 6037, 5530, 6038, 5531, 5708, 5531, 6038, 5710, 5531, 5708, 6039, 5531, 5710, 5544, 5543, 5953, 6040, 5953, 5543, 5736, 5953, 6040, 5734, 5736, 6040, 5535, 6041, 5536, 5718, 5536, 6041, 5720, 5536, 5718, 6042, 5536, 5720, 5526, 6043, 5527, 5700, 5527, 6043, 5702, 5527, 5700, 6034, 5527, 5702, 5528, 6035, 5529, 5704, 5529, 6035, 5706, 5529, 5704, 6044, 5529, 5706, 5531, 6039, 5532, 5710, 5532, 6039, 5712, 5532, 5710, 6045, 5532, 5712, 5525, 6046, 5526, 5698, 5526, 6046, 5700, 5526, 5698, 6043, 5526, 5700, 5534, 6047, 5535, 5716, 5535, 6047, 5718, 5535, 5716, 6041, 5535, 5718, 5536, 6042, 5537, 5720, 5537, 6042, 5722, 5537, 5720, 6031, 5537, 5722, 5543, 5542, 6040, 6036, 6040, 5542, 5734, 6040, 6036, 5732, 5734, 6036, 5541, 5540, 6037, 6048, 6037, 5540, 5730, 6037, 6048, 5728, 5730, 6048, 5540, 5539, 6048, 6033, 6048, 5539, 5728, 6048, 6033, 5726, 5728, 6033, 5524, 6013, 5525, 5696, 5525, 6013, 5698, 5525, 5696, 6046, 5525, 5698, 5529, 6044, 5530, 5706, 5530, 6044, 5708, 5530, 5706, 6038, 5530, 5708, 5533, 6049, 5534, 5714, 5534, 6049, 5716, 5534, 5714, 6047, 5534, 5716, 5532, 6045, 5533, 5712, 5533, 6045, 5714, 5533, 5712, 6049, 5533, 5714, 6050, 6051, 6052, 6053, 6052, 6051, 6051, 6054, 6053, 6055, 6053, 6054, 6054, 6056, 6055, 6057, 6055, 6056, 6056, 6058, 6057, 6059, 6057, 6058, 6058, 6060, 6059, 6061, 6059, 6060, 6060, 6062, 6061, 6063, 6061, 6062, 6062, 6064, 6063, 6065, 6063, 6064, 6064, 6066, 6065, 6067, 6065, 6066, 6066, 6068, 6067, 6069, 6067, 6068, 6068, 6070, 6069, 6071, 6069, 6070, 6070, 6072, 6071, 6073, 6071, 6072, 6072, 6074, 6073, 6075, 6073, 6074, 6074, 6076, 6075, 6077, 6075, 6076, 6076, 6078, 6077, 6079, 6077, 6078, 6080, 6081, 6078, 6079, 6078, 6081, 6082, 6083, 6080, 6081, 6080, 6083, 6084, 6085, 6082, 6083, 6082, 6085, 6086, 6087, 6084, 6085, 6084, 6087, 6088, 6089, 6086, 6087, 6086, 6089, 6090, 6091, 6088, 6089, 6088, 6091, 6092, 6093, 6090, 6091, 6090, 6093, 6094, 6095, 6092, 6093, 6092, 6095, 6096, 6097, 6094, 6095, 6094, 6097, 6098, 6099, 6096, 6097, 6096, 6099, 6100, 6101, 6098, 6099, 6098, 6101, 6102, 6103, 6100, 6101, 6100, 6103, 6104, 6105, 6102, 6103, 6102, 6105, 6106, 6107, 6104, 6105, 6104, 6107, 6108, 6109, 6106, 6107, 6106, 6109, 6110, 6111, 6108, 6109, 6108, 6111, 6112, 6113, 6110, 6111, 6110, 6113, 6114, 6115, 6112, 6113, 6112, 6115, 6116, 6117, 6114, 6115, 6114, 6117, 6118, 6119, 6116, 6117, 6116, 6119, 6120, 6121, 6118, 6119, 6118, 6121, 6122, 6123, 6120, 6121, 6120, 6123, 6124, 6125, 6122, 6123, 6122, 6125, 6126, 6127, 6124, 6125, 6124, 6127, 6128, 6129, 6126, 6127, 6126, 6129, 6130, 6131, 6128, 6129, 6128, 6131, 6132, 6133, 6130, 6131, 6130, 6133, 6134, 6135, 6132, 6133, 6132, 6135, 6136, 6137, 6134, 6135, 6134, 6137, 6138, 6139, 6136, 6137, 6136, 6139, 6140, 6141, 6138, 6139, 6138, 6141, 6142, 6143, 6140, 6141, 6140, 6143, 6144, 6145, 6142, 6143, 6142, 6145, 6146, 6147, 6144, 6145, 6144, 6147, 6148, 6149, 6146, 6147, 6146, 6149, 6150, 6151, 6148, 6149, 6148, 6151, 6152, 6153, 6150, 6151, 6150, 6153, 6154, 6155, 6152, 6153, 6152, 6155, 6156, 6157, 6154, 6155, 6154, 6157, 6158, 6159, 6156, 6157, 6156, 6159, 6160, 6161, 6158, 6159, 6158, 6161, 6162, 6163, 6160, 6161, 6160, 6163, 6164, 6165, 6162, 6163, 6162, 6165, 6166, 6167, 6164, 6165, 6164, 6167, 6168, 6169, 6166, 6167, 6166, 6169, 6170, 6171, 6168, 6169, 6168, 6171, 6172, 6173, 6170, 6171, 6170, 6173, 6174, 6175, 6172, 6173, 6172, 6175, 6176, 6177, 6174, 6175, 6174, 6177, 6178, 6179, 6176, 6177, 6176, 6179, 6179, 6178, 6180, 6181, 6180, 6178, 6180, 6181, 6182, 6183, 6182, 6181, 6182, 6183, 6184, 6185, 6184, 6183, 6184, 6185, 6186, 6187, 6186, 6185, 6186, 6187, 6188, 6189, 6188, 6187, 6188, 6189, 6190, 6191, 6190, 6189, 6190, 6191, 6192, 6193, 6192, 6191, 6192, 6193, 6194, 6195, 6194, 6193, 6194, 6195, 6196, 6197, 6196, 6195, 6196, 6197, 6198, 6199, 6198, 6197, 6198, 6199, 6200, 6201, 6200, 6199, 6200, 6201, 6202, 6203, 6202, 6201, 6202, 6203, 6204, 6205, 6204, 6203, 6204, 6205, 6206, 6207, 6206, 6205, 6206, 6207, 6208, 6209, 6208, 6207, 6208, 6209, 6210, 6211, 6210, 6209, 6210, 6211, 6212, 6213, 6212, 6211, 6212, 6213, 6214, 6215, 6214, 6213, 6214, 6215, 6216, 6217, 6216, 6215, 6216, 6217, 6218, 6219, 6218, 6217, 6218, 6219, 6220, 6221, 6220, 6219, 6220, 6221, 6222, 6223, 6222, 6221, 6223, 6224, 6222, 6225, 6222, 6224, 6224, 6226, 6225, 6227, 6225, 6226, 6226, 6228, 6227, 6229, 6227, 6228, 6228, 6230, 6229, 6231, 6229, 6230, 6230, 6232, 6231, 6233, 6231, 6232, 6232, 6234, 6233, 6235, 6233, 6234, 6234, 6236, 6235, 6237, 6235, 6236, 6236, 6238, 6237, 6239, 6237, 6238, 6238, 6240, 6239, 6241, 6239, 6240, 6240, 6242, 6241, 6243, 6241, 6242, 6242, 6244, 6243, 6245, 6243, 6244, 6244, 6246, 6245, 6247, 6245, 6246, 6246, 6248, 6247, 6249, 6247, 6248, 6248, 6050, 6249, 6052, 6249, 6050, 6250, 6251, 6050, 6051, 6050, 6251, 6251, 6252, 6051, 6054, 6051, 6252, 6252, 6253, 6054, 6056, 6054, 6253, 6253, 6254, 6056, 6058, 6056, 6254, 6254, 6255, 6058, 6060, 6058, 6255, 6255, 6256, 6060, 6062, 6060, 6256, 6256, 6257, 6062, 6064, 6062, 6257, 6257, 6258, 6064, 6066, 6064, 6258, 6258, 6259, 6066, 6068, 6066, 6259, 6259, 6260, 6068, 6070, 6068, 6260, 6260, 6261, 6070, 6072, 6070, 6261, 6261, 6262, 6072, 6074, 6072, 6262, 6262, 6263, 6074, 6076, 6074, 6263, 6264, 6078, 6263, 6076, 6263, 6078, 6265, 6080, 6264, 6078, 6264, 6080, 6266, 6082, 6265, 6080, 6265, 6082, 6267, 6084, 6266, 6082, 6266, 6084, 6268, 6086, 6267, 6084, 6267, 6086, 6269, 6088, 6268, 6086, 6268, 6088, 6270, 6090, 6269, 6088, 6269, 6090, 6271, 6092, 6270, 6090, 6270, 6092, 6272, 6094, 6271, 6092, 6271, 6094, 6273, 6096, 6272, 6094, 6272, 6096, 6274, 6098, 6273, 6096, 6273, 6098, 6275, 6100, 6274, 6098, 6274, 6100, 6276, 6102, 6275, 6100, 6275, 6102, 6277, 6104, 6276, 6102, 6276, 6104, 6278, 6106, 6277, 6104, 6277, 6106, 6279, 6108, 6278, 6106, 6278, 6108, 6280, 6110, 6279, 6108, 6279, 6110, 6281, 6112, 6280, 6110, 6280, 6112, 6282, 6114, 6281, 6112, 6281, 6114, 6283, 6116, 6282, 6114, 6282, 6116, 6284, 6118, 6283, 6116, 6283, 6118, 6285, 6120, 6284, 6118, 6284, 6120, 6286, 6122, 6285, 6120, 6285, 6122, 6287, 6124, 6286, 6122, 6286, 6124, 6288, 6126, 6287, 6124, 6287, 6126, 6289, 6128, 6288, 6126, 6288, 6128, 6290, 6130, 6289, 6128, 6289, 6130, 6291, 6132, 6290, 6130, 6290, 6132, 6292, 6134, 6291, 6132, 6291, 6134, 6293, 6136, 6292, 6134, 6292, 6136, 6294, 6138, 6293, 6136, 6293, 6138, 6295, 6140, 6294, 6138, 6294, 6140, 6296, 6142, 6295, 6140, 6295, 6142, 6297, 6144, 6296, 6142, 6296, 6144, 6298, 6146, 6297, 6144, 6297, 6146, 6299, 6148, 6298, 6146, 6298, 6148, 6300, 6150, 6299, 6148, 6299, 6150, 6301, 6152, 6300, 6150, 6300, 6152, 6302, 6154, 6301, 6152, 6301, 6154, 6303, 6156, 6302, 6154, 6302, 6156, 6304, 6158, 6303, 6156, 6303, 6158, 6305, 6160, 6304, 6158, 6304, 6160, 6306, 6162, 6305, 6160, 6305, 6162, 6307, 6164, 6306, 6162, 6306, 6164, 6308, 6166, 6307, 6164, 6307, 6166, 6309, 6168, 6308, 6166, 6308, 6168, 6310, 6170, 6309, 6168, 6309, 6170, 6311, 6172, 6310, 6170, 6310, 6172, 6312, 6174, 6311, 6172, 6311, 6174, 6313, 6176, 6312, 6174, 6312, 6176, 6176, 6313, 6178, 6314, 6178, 6313, 6178, 6314, 6181, 6315, 6181, 6314, 6181, 6315, 6183, 6316, 6183, 6315, 6183, 6316, 6185, 6317, 6185, 6316, 6185, 6317, 6187, 6318, 6187, 6317, 6187, 6318, 6189, 6319, 6189, 6318, 6189, 6319, 6191, 6320, 6191, 6319, 6191, 6320, 6193, 6321, 6193, 6320, 6193, 6321, 6195, 6322, 6195, 6321, 6195, 6322, 6197, 6323, 6197, 6322, 6197, 6323, 6199, 6324, 6199, 6323, 6199, 6324, 6201, 6325, 6201, 6324, 6201, 6325, 6203, 6326, 6203, 6325, 6203, 6326, 6205, 6327, 6205, 6326, 6205, 6327, 6207, 6328, 6207, 6327, 6207, 6328, 6209, 6329, 6209, 6328, 6209, 6329, 6211, 6330, 6211, 6329, 6211, 6330, 6213, 6331, 6213, 6330, 6213, 6331, 6215, 6332, 6215, 6331, 6215, 6332, 6217, 6333, 6217, 6332, 6217, 6333, 6219, 6334, 6219, 6333, 6219, 6334, 6221, 6335, 6221, 6334, 6221, 6335, 6223, 6336, 6223, 6335, 6223, 6336, 6224, 6337, 6224, 6336, 6337, 6338, 6224, 6226, 6224, 6338, 6338, 6339, 6226, 6228, 6226, 6339, 6339, 6340, 6228, 6230, 6228, 6340, 6340, 6341, 6230, 6232, 6230, 6341, 6341, 6342, 6232, 6234, 6232, 6342, 6342, 6343, 6234, 6236, 6234, 6343, 6343, 6344, 6236, 6238, 6236, 6344, 6344, 6345, 6238, 6240, 6238, 6345, 6345, 6346, 6240, 6242, 6240, 6346, 6346, 6347, 6242, 6244, 6242, 6347, 6347, 6348, 6244, 6246, 6244, 6348, 6348, 6349, 6246, 6248, 6246, 6349, 6349, 6250, 6248, 6050, 6248, 6250, 6350, 6351, 6250, 6251, 6250, 6351, 6351, 6352, 6251, 6252, 6251, 6352, 6352, 6353, 6252, 6253, 6252, 6353, 6353, 6354, 6253, 6254, 6253, 6354, 6354, 6355, 6254, 6255, 6254, 6355, 6355, 6356, 6255, 6256, 6255, 6356, 6356, 6357, 6256, 6257, 6256, 6357, 6357, 6358, 6257, 6258, 6257, 6358, 6358, 6359, 6258, 6259, 6258, 6359, 6359, 6360, 6259, 6260, 6259, 6360, 6360, 6361, 6260, 6261, 6260, 6361, 6361, 6362, 6261, 6262, 6261, 6362, 6362, 6363, 6262, 6263, 6262, 6363, 6364, 6264, 6363, 6263, 6363, 6264, 6365, 6265, 6364, 6264, 6364, 6265, 6366, 6266, 6365, 6265, 6365, 6266, 6367, 6267, 6366, 6266, 6366, 6267, 6368, 6268, 6367, 6267, 6367, 6268, 6369, 6269, 6368, 6268, 6368, 6269, 6370, 6270, 6369, 6269, 6369, 6270, 6371, 6271, 6370, 6270, 6370, 6271, 6372, 6272, 6371, 6271, 6371, 6272, 6373, 6273, 6372, 6272, 6372, 6273, 6374, 6274, 6373, 6273, 6373, 6274, 6375, 6275, 6374, 6274, 6374, 6275, 6376, 6276, 6375, 6275, 6375, 6276, 6377, 6277, 6376, 6276, 6376, 6277, 6378, 6278, 6377, 6277, 6377, 6278, 6379, 6279, 6378, 6278, 6378, 6279, 6380, 6280, 6379, 6279, 6379, 6280, 6381, 6281, 6380, 6280, 6380, 6281, 6382, 6282, 6381, 6281, 6381, 6282, 6383, 6283, 6382, 6282, 6382, 6283, 6384, 6284, 6383, 6283, 6383, 6284, 6385, 6285, 6384, 6284, 6384, 6285, 6386, 6286, 6385, 6285, 6385, 6286, 6387, 6287, 6386, 6286, 6386, 6287, 6388, 6288, 6387, 6287, 6387, 6288, 6389, 6289, 6388, 6288, 6388, 6289, 6390, 6290, 6389, 6289, 6389, 6290, 6391, 6291, 6390, 6290, 6390, 6291, 6392, 6292, 6391, 6291, 6391, 6292, 6393, 6293, 6392, 6292, 6392, 6293, 6394, 6294, 6393, 6293, 6393, 6294, 6395, 6295, 6394, 6294, 6394, 6295, 6396, 6296, 6395, 6295, 6395, 6296, 6397, 6297, 6396, 6296, 6396, 6297, 6398, 6298, 6397, 6297, 6397, 6298, 6399, 6299, 6398, 6298, 6398, 6299, 6400, 6300, 6399, 6299, 6399, 6300, 6401, 6301, 6400, 6300, 6400, 6301, 6402, 6302, 6401, 6301, 6401, 6302, 6403, 6303, 6402, 6302, 6402, 6303, 6404, 6304, 6403, 6303, 6403, 6304, 6405, 6305, 6404, 6304, 6404, 6305, 6406, 6306, 6405, 6305, 6405, 6306, 6407, 6307, 6406, 6306, 6406, 6307, 6408, 6308, 6407, 6307, 6407, 6308, 6409, 6309, 6408, 6308, 6408, 6309, 6410, 6310, 6409, 6309, 6409, 6310, 6411, 6311, 6410, 6310, 6410, 6311, 6412, 6312, 6411, 6311, 6411, 6312, 6413, 6313, 6412, 6312, 6412, 6313, 6313, 6413, 6314, 6414, 6314, 6413, 6314, 6414, 6315, 6415, 6315, 6414, 6315, 6415, 6316, 6416, 6316, 6415, 6316, 6416, 6317, 6417, 6317, 6416, 6317, 6417, 6318, 6418, 6318, 6417, 6318, 6418, 6319, 6419, 6319, 6418, 6319, 6419, 6320, 6420, 6320, 6419, 6320, 6420, 6321, 6421, 6321, 6420, 6321, 6421, 6322, 6422, 6322, 6421, 6322, 6422, 6323, 6423, 6323, 6422, 6323, 6423, 6324, 6424, 6324, 6423, 6324, 6424, 6325, 6425, 6325, 6424, 6325, 6425, 6326, 6426, 6326, 6425, 6326, 6426, 6327, 6427, 6327, 6426, 6327, 6427, 6328, 6428, 6328, 6427, 6328, 6428, 6329, 6429, 6329, 6428, 6329, 6429, 6330, 6430, 6330, 6429, 6330, 6430, 6331, 6431, 6331, 6430, 6331, 6431, 6332, 6432, 6332, 6431, 6332, 6432, 6333, 6433, 6333, 6432, 6333, 6433, 6334, 6434, 6334, 6433, 6334, 6434, 6335, 6435, 6335, 6434, 6335, 6435, 6336, 6436, 6336, 6435, 6336, 6436, 6337, 6437, 6337, 6436, 6437, 6438, 6337, 6338, 6337, 6438, 6438, 6439, 6338, 6339, 6338, 6439, 6439, 6440, 6339, 6340, 6339, 6440, 6440, 6441, 6340, 6341, 6340, 6441, 6441, 6442, 6341, 6342, 6341, 6442, 6442, 6443, 6342, 6343, 6342, 6443, 6443, 6444, 6343, 6344, 6343, 6444, 6444, 6445, 6344, 6345, 6344, 6445, 6445, 6446, 6345, 6346, 6345, 6446, 6446, 6447, 6346, 6347, 6346, 6447, 6447, 6448, 6347, 6348, 6347, 6448, 6448, 6449, 6348, 6349, 6348, 6449, 6449, 6350, 6349, 6250, 6349, 6350, 6450, 6351, 6451, 6350, 6451, 6351, 6452, 6352, 6450, 6351, 6450, 6352, 6453, 6353, 6452, 6352, 6452, 6353, 6454, 6354, 6453, 6353, 6453, 6354, 6455, 6355, 6454, 6354, 6454, 6355, 6456, 6356, 6455, 6355, 6455, 6356, 6457, 6357, 6456, 6356, 6456, 6357, 6458, 6358, 6457, 6357, 6457, 6358, 6459, 6359, 6458, 6358, 6458, 6359, 6460, 6360, 6459, 6359, 6459, 6360, 6461, 6361, 6460, 6360, 6460, 6361, 6462, 6362, 6461, 6361, 6461, 6362, 6463, 6363, 6462, 6362, 6462, 6363, 6464, 6364, 6463, 6363, 6463, 6364, 6465, 6365, 6464, 6364, 6464, 6365, 6466, 6366, 6465, 6365, 6465, 6366, 6467, 6367, 6466, 6366, 6466, 6367, 6468, 6368, 6467, 6367, 6467, 6368, 6469, 6369, 6468, 6368, 6468, 6369, 6470, 6370, 6469, 6369, 6469, 6370, 6471, 6371, 6470, 6370, 6470, 6371, 6472, 6372, 6471, 6371, 6471, 6372, 6473, 6373, 6472, 6372, 6472, 6373, 6474, 6374, 6473, 6373, 6473, 6374, 6475, 6375, 6474, 6374, 6474, 6375, 6476, 6376, 6475, 6375, 6475, 6376, 6477, 6377, 6476, 6376, 6476, 6377, 6478, 6378, 6477, 6377, 6477, 6378, 6479, 6379, 6478, 6378, 6478, 6379, 6480, 6380, 6479, 6379, 6479, 6380, 6481, 6381, 6480, 6380, 6480, 6381, 6482, 6382, 6481, 6381, 6481, 6382, 6483, 6383, 6482, 6382, 6482, 6383, 6484, 6384, 6483, 6383, 6483, 6384, 6485, 6385, 6484, 6384, 6484, 6385, 6486, 6386, 6485, 6385, 6485, 6386, 6487, 6387, 6486, 6386, 6486, 6387, 6487, 6488, 6387, 6388, 6387, 6488, 6488, 6489, 6388, 6389, 6388, 6489, 6489, 6490, 6389, 6390, 6389, 6490, 6490, 6491, 6390, 6391, 6390, 6491, 6491, 6492, 6391, 6392, 6391, 6492, 6492, 6493, 6392, 6393, 6392, 6493, 6493, 6494, 6393, 6394, 6393, 6494, 6494, 6495, 6394, 6395, 6394, 6495, 6495, 6496, 6395, 6396, 6395, 6496, 6496, 6497, 6396, 6397, 6396, 6497, 6497, 6498, 6397, 6398, 6397, 6498, 6498, 6499, 6398, 6399, 6398, 6499, 6499, 6500, 6399, 6400, 6399, 6500, 6500, 6501, 6400, 6401, 6400, 6501, 6501, 6502, 6401, 6402, 6401, 6502, 6502, 6503, 6402, 6403, 6402, 6503, 6503, 6504, 6403, 6404, 6403, 6504, 6504, 6505, 6404, 6405, 6404, 6505, 6505, 6506, 6405, 6406, 6405, 6506, 6506, 6507, 6406, 6407, 6406, 6507, 6507, 6508, 6407, 6408, 6407, 6508, 6508, 6509, 6408, 6409, 6408, 6509, 6509, 6510, 6409, 6410, 6409, 6510, 6510, 6511, 6410, 6411, 6410, 6511, 6511, 6512, 6411, 6412, 6411, 6512, 6512, 6513, 6412, 6413, 6412, 6513, 6413, 6513, 6414, 6514, 6414, 6513, 6414, 6514, 6415, 6515, 6415, 6514, 6415, 6515, 6416, 6516, 6416, 6515, 6416, 6516, 6417, 6517, 6417, 6516, 6417, 6517, 6418, 6518, 6418, 6517, 6418, 6518, 6419, 6519, 6419, 6518, 6419, 6519, 6420, 6520, 6420, 6519, 6420, 6520, 6421, 6521, 6421, 6520, 6421, 6521, 6422, 6522, 6422, 6521, 6422, 6522, 6423, 6523, 6423, 6522, 6423, 6523, 6424, 6524, 6424, 6523, 6424, 6524, 6425, 6525, 6425, 6524, 6425, 6525, 6426, 6526, 6426, 6525, 6426, 6526, 6427, 6527, 6427, 6526, 6427, 6527, 6428, 6528, 6428, 6527, 6428, 6528, 6429, 6529, 6429, 6528, 6429, 6529, 6430, 6530, 6430, 6529, 6430, 6530, 6431, 6531, 6431, 6530, 6431, 6531, 6432, 6532, 6432, 6531, 6432, 6532, 6433, 6533, 6433, 6532, 6433, 6533, 6434, 6534, 6434, 6533, 6434, 6534, 6435, 6535, 6435, 6534, 6435, 6535, 6436, 6536, 6436, 6535, 6436, 6536, 6437, 6537, 6437, 6536, 6538, 6438, 6537, 6437, 6537, 6438, 6539, 6439, 6538, 6438, 6538, 6439, 6540, 6440, 6539, 6439, 6539, 6440, 6541, 6441, 6540, 6440, 6540, 6441, 6542, 6442, 6541, 6441, 6541, 6442, 6543, 6443, 6542, 6442, 6542, 6443, 6544, 6444, 6543, 6443, 6543, 6444, 6545, 6445, 6544, 6444, 6544, 6445, 6546, 6446, 6545, 6445, 6545, 6446, 6547, 6447, 6546, 6446, 6546, 6447, 6548, 6448, 6547, 6447, 6547, 6448, 6549, 6449, 6548, 6448, 6548, 6449, 6451, 6350, 6549, 6449, 6549, 6350, 6550, 6450, 6551, 6451, 6551, 6450, 6552, 6452, 6550, 6450, 6550, 6452, 6553, 6453, 6552, 6452, 6552, 6453, 6554, 6454, 6553, 6453, 6553, 6454, 6555, 6455, 6554, 6454, 6554, 6455, 6556, 6456, 6555, 6455, 6555, 6456, 6557, 6457, 6556, 6456, 6556, 6457, 6558, 6458, 6557, 6457, 6557, 6458, 6559, 6459, 6558, 6458, 6558, 6459, 6560, 6460, 6559, 6459, 6559, 6460, 6561, 6461, 6560, 6460, 6560, 6461, 6562, 6462, 6561, 6461, 6561, 6462, 6563, 6463, 6562, 6462, 6562, 6463, 6564, 6464, 6563, 6463, 6563, 6464, 6565, 6465, 6564, 6464, 6564, 6465, 6566, 6466, 6565, 6465, 6565, 6466, 6567, 6467, 6566, 6466, 6566, 6467, 6568, 6468, 6567, 6467, 6567, 6468, 6569, 6469, 6568, 6468, 6568, 6469, 6570, 6470, 6569, 6469, 6569, 6470, 6571, 6471, 6570, 6470, 6570, 6471, 6572, 6472, 6571, 6471, 6571, 6472, 6573, 6473, 6572, 6472, 6572, 6473, 6574, 6474, 6573, 6473, 6573, 6474, 6575, 6475, 6574, 6474, 6574, 6475, 6576, 6476, 6575, 6475, 6575, 6476, 6577, 6477, 6576, 6476, 6576, 6477, 6578, 6478, 6577, 6477, 6577, 6478, 6579, 6479, 6578, 6478, 6578, 6479, 6580, 6480, 6579, 6479, 6579, 6480, 6581, 6481, 6580, 6480, 6580, 6481, 6582, 6482, 6581, 6481, 6581, 6482, 6583, 6483, 6582, 6482, 6582, 6483, 6584, 6484, 6583, 6483, 6583, 6484, 6585, 6485, 6584, 6484, 6584, 6485, 6586, 6486, 6585, 6485, 6585, 6486, 6587, 6487, 6586, 6486, 6586, 6487, 6587, 6588, 6487, 6488, 6487, 6588, 6588, 6589, 6488, 6489, 6488, 6589, 6589, 6590, 6489, 6490, 6489, 6590, 6590, 6591, 6490, 6491, 6490, 6591, 6591, 6592, 6491, 6492, 6491, 6592, 6592, 6593, 6492, 6493, 6492, 6593, 6593, 6594, 6493, 6494, 6493, 6594, 6594, 6595, 6494, 6495, 6494, 6595, 6595, 6596, 6495, 6496, 6495, 6596, 6596, 6597, 6496, 6497, 6496, 6597, 6597, 6598, 6497, 6498, 6497, 6598, 6598, 6599, 6498, 6499, 6498, 6599, 6599, 6600, 6499, 6500, 6499, 6600, 6600, 6601, 6500, 6501, 6500, 6601, 6601, 6602, 6501, 6502, 6501, 6602, 6602, 6603, 6502, 6503, 6502, 6603, 6603, 6604, 6503, 6504, 6503, 6604, 6604, 6605, 6504, 6505, 6504, 6605, 6605, 6606, 6505, 6506, 6505, 6606, 6606, 6607, 6506, 6507, 6506, 6607, 6607, 6608, 6507, 6508, 6507, 6608, 6608, 6609, 6508, 6509, 6508, 6609, 6609, 6610, 6509, 6510, 6509, 6610, 6610, 6611, 6510, 6511, 6510, 6611, 6611, 6612, 6511, 6512, 6511, 6612, 6612, 6613, 6512, 6513, 6512, 6613, 6513, 6613, 6514, 6614, 6514, 6613, 6514, 6614, 6515, 6615, 6515, 6614, 6515, 6615, 6516, 6616, 6516, 6615, 6516, 6616, 6517, 6617, 6517, 6616, 6517, 6617, 6518, 6618, 6518, 6617, 6518, 6618, 6519, 6619, 6519, 6618, 6519, 6619, 6520, 6620, 6520, 6619, 6520, 6620, 6521, 6621, 6521, 6620, 6521, 6621, 6522, 6622, 6522, 6621, 6522, 6622, 6523, 6623, 6523, 6622, 6523, 6623, 6524, 6624, 6524, 6623, 6524, 6624, 6525, 6625, 6525, 6624, 6525, 6625, 6526, 6626, 6526, 6625, 6526, 6626, 6527, 6627, 6527, 6626, 6527, 6627, 6528, 6628, 6528, 6627, 6528, 6628, 6529, 6629, 6529, 6628, 6529, 6629, 6530, 6630, 6530, 6629, 6530, 6630, 6531, 6631, 6531, 6630, 6531, 6631, 6532, 6632, 6532, 6631, 6532, 6632, 6533, 6633, 6533, 6632, 6533, 6633, 6534, 6634, 6534, 6633, 6534, 6634, 6535, 6635, 6535, 6634, 6535, 6635, 6536, 6636, 6536, 6635, 6536, 6636, 6537, 6637, 6537, 6636, 6638, 6538, 6637, 6537, 6637, 6538, 6639, 6539, 6638, 6538, 6638, 6539, 6640, 6540, 6639, 6539, 6639, 6540, 6641, 6541, 6640, 6540, 6640, 6541, 6642, 6542, 6641, 6541, 6641, 6542, 6643, 6543, 6642, 6542, 6642, 6543, 6644, 6544, 6643, 6543, 6643, 6544, 6645, 6545, 6644, 6544, 6644, 6545, 6646, 6546, 6645, 6545, 6645, 6546, 6647, 6547, 6646, 6546, 6646, 6547, 6648, 6548, 6647, 6547, 6647, 6548, 6649, 6549, 6648, 6548, 6648, 6549, 6551, 6451, 6649, 6549, 6649, 6451, 6650, 6550, 6651, 6551, 6651, 6550, 6652, 6552, 6650, 6550, 6650, 6552, 6653, 6553, 6652, 6552, 6652, 6553, 6654, 6554, 6653, 6553, 6653, 6554, 6655, 6555, 6654, 6554, 6654, 6555, 6656, 6556, 6655, 6555, 6655, 6556, 6657, 6557, 6656, 6556, 6656, 6557, 6658, 6558, 6657, 6557, 6657, 6558, 6659, 6559, 6658, 6558, 6658, 6559, 6660, 6560, 6659, 6559, 6659, 6560, 6661, 6561, 6660, 6560, 6660, 6561, 6662, 6562, 6661, 6561, 6661, 6562, 6663, 6563, 6662, 6562, 6662, 6563, 6664, 6564, 6663, 6563, 6663, 6564, 6665, 6565, 6664, 6564, 6664, 6565, 6666, 6566, 6665, 6565, 6665, 6566, 6667, 6567, 6666, 6566, 6666, 6567, 6668, 6568, 6667, 6567, 6667, 6568, 6669, 6569, 6668, 6568, 6668, 6569, 6670, 6570, 6669, 6569, 6669, 6570, 6671, 6571, 6670, 6570, 6670, 6571, 6672, 6572, 6671, 6571, 6671, 6572, 6673, 6573, 6672, 6572, 6672, 6573, 6674, 6574, 6673, 6573, 6673, 6574, 6675, 6575, 6674, 6574, 6674, 6575, 6676, 6576, 6675, 6575, 6675, 6576, 6677, 6577, 6676, 6576, 6676, 6577, 6678, 6578, 6677, 6577, 6677, 6578, 6679, 6579, 6678, 6578, 6678, 6579, 6680, 6580, 6679, 6579, 6679, 6580, 6681, 6581, 6680, 6580, 6680, 6581, 6682, 6582, 6681, 6581, 6681, 6582, 6683, 6583, 6682, 6582, 6682, 6583, 6684, 6584, 6683, 6583, 6683, 6584, 6685, 6585, 6684, 6584, 6684, 6585, 6686, 6586, 6685, 6585, 6685, 6586, 6687, 6587, 6686, 6586, 6686, 6587, 6687, 6688, 6587, 6588, 6587, 6688, 6688, 6689, 6588, 6589, 6588, 6689, 6689, 6690, 6589, 6590, 6589, 6690, 6690, 6691, 6590, 6591, 6590, 6691, 6691, 6692, 6591, 6592, 6591, 6692, 6692, 6693, 6592, 6593, 6592, 6693, 6693, 6694, 6593, 6594, 6593, 6694, 6694, 6695, 6594, 6595, 6594, 6695, 6695, 6696, 6595, 6596, 6595, 6696, 6696, 6697, 6596, 6597, 6596, 6697, 6697, 6698, 6597, 6598, 6597, 6698, 6698, 6699, 6598, 6599, 6598, 6699, 6699, 6700, 6599, 6600, 6599, 6700, 6700, 6701, 6600, 6601, 6600, 6701, 6701, 6702, 6601, 6602, 6601, 6702, 6702, 6703, 6602, 6603, 6602, 6703, 6703, 6704, 6603, 6604, 6603, 6704, 6704, 6705, 6604, 6605, 6604, 6705, 6705, 6706, 6605, 6606, 6605, 6706, 6706, 6707, 6606, 6607, 6606, 6707, 6707, 6708, 6607, 6608, 6607, 6708, 6708, 6709, 6608, 6609, 6608, 6709, 6709, 6710, 6609, 6610, 6609, 6710, 6710, 6711, 6610, 6611, 6610, 6711, 6711, 6712, 6611, 6612, 6611, 6712, 6712, 6713, 6612, 6613, 6612, 6713, 6613, 6713, 6614, 6714, 6614, 6713, 6614, 6714, 6615, 6715, 6615, 6714, 6615, 6715, 6616, 6716, 6616, 6715, 6616, 6716, 6617, 6717, 6617, 6716, 6617, 6717, 6618, 6718, 6618, 6717, 6618, 6718, 6619, 6719, 6619, 6718, 6619, 6719, 6620, 6720, 6620, 6719, 6620, 6720, 6621, 6721, 6621, 6720, 6621, 6721, 6622, 6722, 6622, 6721, 6622, 6722, 6623, 6723, 6623, 6722, 6623, 6723, 6624, 6724, 6624, 6723, 6624, 6724, 6625, 6725, 6625, 6724, 6625, 6725, 6626, 6726, 6626, 6725, 6626, 6726, 6627, 6727, 6627, 6726, 6627, 6727, 6628, 6728, 6628, 6727, 6628, 6728, 6629, 6729, 6629, 6728, 6629, 6729, 6630, 6730, 6630, 6729, 6630, 6730, 6631, 6731, 6631, 6730, 6631, 6731, 6632, 6732, 6632, 6731, 6632, 6732, 6633, 6733, 6633, 6732, 6633, 6733, 6634, 6734, 6634, 6733, 6634, 6734, 6635, 6735, 6635, 6734, 6635, 6735, 6636, 6736, 6636, 6735, 6636, 6736, 6637, 6737, 6637, 6736, 6738, 6638, 6737, 6637, 6737, 6638, 6739, 6639, 6738, 6638, 6738, 6639, 6740, 6640, 6739, 6639, 6739, 6640, 6741, 6641, 6740, 6640, 6740, 6641, 6742, 6642, 6741, 6641, 6741, 6642, 6743, 6643, 6742, 6642, 6742, 6643, 6744, 6644, 6743, 6643, 6743, 6644, 6745, 6645, 6744, 6644, 6744, 6645, 6746, 6646, 6745, 6645, 6745, 6646, 6747, 6647, 6746, 6646, 6746, 6647, 6748, 6648, 6747, 6647, 6747, 6648, 6749, 6649, 6748, 6648, 6748, 6649, 6651, 6551, 6749, 6649, 6749, 6551, 6750, 6650, 6751, 6651, 6751, 6650, 6752, 6652, 6750, 6650, 6750, 6652, 6753, 6653, 6752, 6652, 6752, 6653, 6754, 6654, 6753, 6653, 6753, 6654, 6755, 6655, 6754, 6654, 6754, 6655, 6756, 6656, 6755, 6655, 6755, 6656, 6757, 6657, 6756, 6656, 6756, 6657, 6758, 6658, 6757, 6657, 6757, 6658, 6759, 6659, 6758, 6658, 6758, 6659, 6760, 6660, 6759, 6659, 6759, 6660, 6761, 6661, 6760, 6660, 6760, 6661, 6762, 6662, 6761, 6661, 6761, 6662, 6763, 6663, 6762, 6662, 6762, 6663, 6764, 6664, 6763, 6663, 6763, 6664, 6765, 6665, 6764, 6664, 6764, 6665, 6766, 6666, 6765, 6665, 6765, 6666, 6767, 6667, 6766, 6666, 6766, 6667, 6768, 6668, 6767, 6667, 6767, 6668, 6769, 6669, 6768, 6668, 6768, 6669, 6770, 6670, 6769, 6669, 6769, 6670, 6771, 6671, 6770, 6670, 6770, 6671, 6772, 6672, 6771, 6671, 6771, 6672, 6773, 6673, 6772, 6672, 6772, 6673, 6774, 6674, 6773, 6673, 6773, 6674, 6775, 6675, 6774, 6674, 6774, 6675, 6776, 6676, 6775, 6675, 6775, 6676, 6777, 6677, 6776, 6676, 6776, 6677, 6778, 6678, 6777, 6677, 6777, 6678, 6779, 6679, 6778, 6678, 6778, 6679, 6780, 6680, 6779, 6679, 6779, 6680, 6781, 6681, 6780, 6680, 6780, 6681, 6782, 6682, 6781, 6681, 6781, 6682, 6783, 6683, 6782, 6682, 6782, 6683, 6784, 6684, 6783, 6683, 6783, 6684, 6785, 6685, 6784, 6684, 6784, 6685, 6786, 6686, 6785, 6685, 6785, 6686, 6786, 6787, 6686, 6687, 6686, 6787, 6787, 6788, 6687, 6688, 6687, 6788, 6788, 6789, 6688, 6689, 6688, 6789, 6789, 6790, 6689, 6690, 6689, 6790, 6790, 6791, 6690, 6691, 6690, 6791, 6791, 6792, 6691, 6692, 6691, 6792, 6792, 6793, 6692, 6693, 6692, 6793, 6793, 6794, 6693, 6694, 6693, 6794, 6794, 6795, 6694, 6695, 6694, 6795, 6795, 6796, 6695, 6696, 6695, 6796, 6796, 6797, 6696, 6697, 6696, 6797, 6797, 6798, 6697, 6698, 6697, 6798, 6798, 6799, 6698, 6699, 6698, 6799, 6799, 6800, 6699, 6700, 6699, 6800, 6800, 6801, 6700, 6701, 6700, 6801, 6801, 6802, 6701, 6702, 6701, 6802, 6802, 6803, 6702, 6703, 6702, 6803, 6803, 6804, 6703, 6704, 6703, 6804, 6804, 6805, 6704, 6705, 6704, 6805, 6805, 6806, 6705, 6706, 6705, 6806, 6806, 6807, 6706, 6707, 6706, 6807, 6807, 6808, 6707, 6708, 6707, 6808, 6808, 6809, 6708, 6709, 6708, 6809, 6809, 6810, 6709, 6710, 6709, 6810, 6810, 6811, 6710, 6711, 6710, 6811, 6811, 6812, 6711, 6712, 6711, 6812, 6812, 6813, 6712, 6713, 6712, 6813, 6813, 6814, 6713, 6714, 6713, 6814, 6714, 6814, 6715, 6815, 6715, 6814, 6715, 6815, 6716, 6816, 6716, 6815, 6716, 6816, 6717, 6817, 6717, 6816, 6717, 6817, 6718, 6818, 6718, 6817, 6718, 6818, 6719, 6819, 6719, 6818, 6719, 6819, 6720, 6820, 6720, 6819, 6720, 6820, 6721, 6821, 6721, 6820, 6721, 6821, 6722, 6822, 6722, 6821, 6722, 6822, 6723, 6823, 6723, 6822, 6723, 6823, 6724, 6824, 6724, 6823, 6724, 6824, 6725, 6825, 6725, 6824, 6725, 6825, 6726, 6826, 6726, 6825, 6726, 6826, 6727, 6827, 6727, 6826, 6727, 6827, 6728, 6828, 6728, 6827, 6728, 6828, 6729, 6829, 6729, 6828, 6729, 6829, 6730, 6830, 6730, 6829, 6730, 6830, 6731, 6831, 6731, 6830, 6731, 6831, 6732, 6832, 6732, 6831, 6732, 6832, 6733, 6833, 6733, 6832, 6733, 6833, 6734, 6834, 6734, 6833, 6734, 6834, 6735, 6835, 6735, 6834, 6735, 6835, 6736, 6836, 6736, 6835, 6837, 6737, 6836, 6736, 6836, 6737, 6838, 6738, 6837, 6737, 6837, 6738, 6839, 6739, 6838, 6738, 6838, 6739, 6840, 6740, 6839, 6739, 6839, 6740, 6841, 6741, 6840, 6740, 6840, 6741, 6842, 6742, 6841, 6741, 6841, 6742, 6843, 6743, 6842, 6742, 6842, 6743, 6844, 6744, 6843, 6743, 6843, 6744, 6845, 6745, 6844, 6744, 6844, 6745, 6846, 6746, 6845, 6745, 6845, 6746, 6847, 6747, 6846, 6746, 6846, 6747, 6848, 6748, 6847, 6747, 6847, 6748, 6849, 6749, 6848, 6748, 6848, 6749, 6751, 6651, 6849, 6749, 6849, 6651, 6850, 6750, 6851, 6751, 6851, 6750, 6852, 6752, 6850, 6750, 6850, 6752, 6853, 6753, 6852, 6752, 6852, 6753, 6854, 6754, 6853, 6753, 6853, 6754, 6855, 6755, 6854, 6754, 6854, 6755, 6856, 6756, 6855, 6755, 6855, 6756, 6857, 6757, 6856, 6756, 6856, 6757, 6858, 6758, 6857, 6757, 6857, 6758, 6859, 6759, 6858, 6758, 6858, 6759, 6860, 6760, 6859, 6759, 6859, 6760, 6861, 6761, 6860, 6760, 6860, 6761, 6862, 6762, 6861, 6761, 6861, 6762, 6863, 6763, 6862, 6762, 6862, 6763, 6864, 6764, 6863, 6763, 6863, 6764, 6865, 6765, 6864, 6764, 6864, 6765, 6866, 6766, 6865, 6765, 6865, 6766, 6867, 6767, 6866, 6766, 6866, 6767, 6868, 6768, 6867, 6767, 6867, 6768, 6869, 6769, 6868, 6768, 6868, 6769, 6870, 6770, 6869, 6769, 6869, 6770, 6871, 6771, 6870, 6770, 6870, 6771, 6872, 6772, 6871, 6771, 6871, 6772, 6873, 6773, 6872, 6772, 6872, 6773, 6874, 6774, 6873, 6773, 6873, 6774, 6875, 6775, 6874, 6774, 6874, 6775, 6876, 6776, 6875, 6775, 6875, 6776, 6877, 6777, 6876, 6776, 6876, 6777, 6878, 6778, 6877, 6777, 6877, 6778, 6879, 6779, 6878, 6778, 6878, 6779, 6880, 6780, 6879, 6779, 6879, 6780, 6881, 6781, 6880, 6780, 6880, 6781, 6882, 6782, 6881, 6781, 6881, 6782, 6883, 6783, 6882, 6782, 6882, 6783, 6884, 6784, 6883, 6783, 6883, 6784, 6885, 6785, 6884, 6784, 6884, 6785, 6886, 6786, 6885, 6785, 6885, 6786, 6886, 6887, 6786, 6787, 6786, 6887, 6887, 6888, 6787, 6788, 6787, 6888, 6888, 6889, 6788, 6789, 6788, 6889, 6889, 6890, 6789, 6790, 6789, 6890, 6890, 6891, 6790, 6791, 6790, 6891, 6891, 6892, 6791, 6792, 6791, 6892, 6892, 6893, 6792, 6793, 6792, 6893, 6893, 6894, 6793, 6794, 6793, 6894, 6894, 6895, 6794, 6795, 6794, 6895, 6895, 6896, 6795, 6796, 6795, 6896, 6896, 6897, 6796, 6797, 6796, 6897, 6897, 6898, 6797, 6798, 6797, 6898, 6898, 6899, 6798, 6799, 6798, 6899, 6899, 6900, 6799, 6800, 6799, 6900, 6900, 6901, 6800, 6801, 6800, 6901, 6901, 6902, 6801, 6802, 6801, 6902, 6902, 6903, 6802, 6803, 6802, 6903, 6903, 6904, 6803, 6804, 6803, 6904, 6904, 6905, 6804, 6805, 6804, 6905, 6905, 6906, 6805, 6806, 6805, 6906, 6906, 6907, 6806, 6807, 6806, 6907, 6907, 6908, 6807, 6808, 6807, 6908, 6908, 6909, 6808, 6809, 6808, 6909, 6909, 6910, 6809, 6810, 6809, 6910, 6910, 6911, 6810, 6811, 6810, 6911, 6911, 6912, 6811, 6812, 6811, 6912, 6912, 6913, 6812, 6813, 6812, 6913, 6913, 6914, 6813, 6814, 6813, 6914, 6814, 6914, 6815, 6915, 6815, 6914, 6815, 6915, 6816, 6916, 6816, 6915, 6816, 6916, 6817, 6917, 6817, 6916, 6817, 6917, 6818, 6918, 6818, 6917, 6818, 6918, 6819, 6919, 6819, 6918, 6819, 6919, 6820, 6920, 6820, 6919, 6820, 6920, 6821, 6921, 6821, 6920, 6821, 6921, 6822, 6922, 6822, 6921, 6822, 6922, 6823, 6923, 6823, 6922, 6823, 6923, 6824, 6924, 6824, 6923, 6824, 6924, 6825, 6925, 6825, 6924, 6825, 6925, 6826, 6926, 6826, 6925, 6826, 6926, 6827, 6927, 6827, 6926, 6827, 6927, 6828, 6928, 6828, 6927, 6828, 6928, 6829, 6929, 6829, 6928, 6829, 6929, 6830, 6930, 6830, 6929, 6830, 6930, 6831, 6931, 6831, 6930, 6831, 6931, 6832, 6932, 6832, 6931, 6832, 6932, 6833, 6933, 6833, 6932, 6833, 6933, 6834, 6934, 6834, 6933, 6834, 6934, 6835, 6935, 6835, 6934, 6835, 6935, 6836, 6936, 6836, 6935, 6937, 6837, 6936, 6836, 6936, 6837, 6938, 6838, 6937, 6837, 6937, 6838, 6939, 6839, 6938, 6838, 6938, 6839, 6940, 6840, 6939, 6839, 6939, 6840, 6941, 6841, 6940, 6840, 6940, 6841, 6942, 6842, 6941, 6841, 6941, 6842, 6943, 6843, 6942, 6842, 6942, 6843, 6944, 6844, 6943, 6843, 6943, 6844, 6945, 6845, 6944, 6844, 6944, 6845, 6946, 6846, 6945, 6845, 6945, 6846, 6947, 6847, 6946, 6846, 6946, 6847, 6948, 6848, 6947, 6847, 6947, 6848, 6949, 6849, 6948, 6848, 6948, 6849, 6851, 6751, 6949, 6849, 6949, 6751, 6950, 5948, 5753, 6850, 5753, 5948, 6851, 5753, 6850, 6951, 5946, 6950, 5948, 6950, 5946, 6852, 5948, 5946, 6850, 5948, 6852, 6952, 5944, 6951, 5946, 6951, 5944, 6853, 5946, 5944, 6852, 5946, 6853, 6953, 5942, 6952, 5944, 6952, 5942, 6854, 5944, 5942, 6853, 5944, 6854, 6954, 5940, 6953, 5942, 6953, 5940, 6855, 5942, 5940, 6854, 5942, 6855, 6955, 5938, 6954, 5940, 6954, 5938, 6856, 5940, 5938, 6855, 5940, 6856, 6956, 5936, 6955, 5938, 6955, 5936, 6857, 5938, 5936, 6856, 5938, 6857, 6957, 5934, 6956, 5936, 6956, 5934, 6858, 5936, 5934, 6857, 5936, 6858, 6958, 5932, 6957, 5934, 6957, 5932, 6859, 5934, 5932, 6858, 5934, 6859, 6959, 5930, 6958, 5932, 6958, 5930, 6860, 5932, 5930, 6859, 5932, 6860, 6960, 5928, 6959, 5930, 6959, 5928, 6861, 5930, 5928, 6860, 5930, 6861, 6961, 5926, 6960, 5928, 6960, 5926, 6862, 5928, 5926, 6861, 5928, 6862, 6962, 5925, 6961, 5926, 6961, 5925, 6863, 5926, 5925, 6862, 5926, 6863, 6963, 5923, 6962, 5925, 6962, 5923, 6864, 5925, 5923, 6863, 5925, 6864, 6865, 6864, 5921, 5923, 5921, 6864, 6964, 5921, 5923, 6963, 6964, 5923, 6866, 6865, 5919, 5921, 5919, 6865, 6965, 5919, 5921, 6964, 6965, 5921, 6867, 6866, 5917, 5919, 5917, 6866, 6966, 5917, 5919, 6965, 6966, 5919, 6868, 6867, 5915, 5917, 5915, 6867, 6967, 5915, 5917, 6966, 6967, 5917, 6869, 6868, 5913, 5915, 5913, 6868, 6968, 5913, 5915, 6967, 6968, 5915, 6870, 6869, 5910, 5913, 5910, 6869, 6969, 5910, 5913, 6968, 6969, 5913, 6871, 6870, 5909, 5910, 5909, 6870, 6970, 5909, 5910, 6969, 6970, 5910, 6872, 6871, 5907, 5909, 5907, 6871, 6971, 5907, 5909, 6970, 6971, 5909, 6873, 6872, 5905, 5907, 5905, 6872, 6972, 5905, 5907, 6971, 6972, 5907, 6874, 6873, 5903, 5905, 5903, 6873, 6973, 5903, 5905, 6972, 6973, 5905, 6875, 6874, 5900, 5903, 5900, 6874, 6974, 5900, 5903, 6973, 6974, 5903, 6875, 5900, 6876, 5899, 6876, 5900, 6974, 5899, 5900, 6975, 5899, 6974, 6876, 5899, 6877, 5897, 6877, 5899, 6975, 5897, 5899, 6976, 5897, 6975, 6877, 5897, 6878, 5895, 6878, 5897, 6976, 5895, 5897, 6977, 5895, 6976, 6878, 5895, 6879, 5893, 6879, 5895, 6977, 5893, 5895, 6978, 5893, 6977, 6879, 5893, 6880, 5891, 6880, 5893, 6978, 5891, 5893, 6979, 5891, 6978, 6880, 5891, 6881, 5889, 6881, 5891, 6979, 5889, 5891, 6980, 5889, 6979, 6881, 5889, 6882, 5887, 6882, 5889, 6980, 5887, 5889, 6981, 5887, 6980, 6882, 5887, 6883, 5885, 6883, 5887, 6981, 5885, 5887, 6982, 5885, 6981, 6883, 5885, 6884, 5883, 6884, 5885, 6982, 5883, 5885, 6983, 5883, 6982, 6884, 5883, 6885, 5880, 6885, 5883, 6983, 5880, 5883, 6984, 5880, 6983, 6885, 5880, 6886, 5879, 6886, 5880, 6984, 5879, 5880, 6985, 5879, 6984, 6985, 6986, 5879, 5876, 5879, 6986, 6886, 5879, 5876, 6887, 6886, 5876, 6986, 6987, 5876, 5874, 5876, 6987, 6887, 5876, 5874, 6888, 6887, 5874, 6987, 6988, 5874, 5872, 5874, 6988, 6888, 5874, 5872, 6889, 6888, 5872, 6988, 6989, 5872, 5870, 5872, 6989, 6889, 5872, 5870, 6890, 6889, 5870, 6989, 6990, 5870, 5868, 5870, 6990, 6890, 5870, 5868, 6891, 6890, 5868, 6990, 6991, 5868, 5866, 5868, 6991, 6891, 5868, 5866, 6892, 6891, 5866, 6991, 6992, 5866, 5864, 5866, 6992, 6892, 5866, 5864, 6893, 6892, 5864, 6992, 6993, 5864, 5862, 5864, 6993, 6893, 5864, 5862, 6894, 6893, 5862, 6993, 6994, 5862, 5860, 5862, 6994, 6894, 5862, 5860, 6895, 6894, 5860, 6994, 6995, 5860, 5858, 5860, 6995, 6895, 5860, 5858, 6896, 6895, 5858, 6995, 6996, 5858, 5856, 5858, 6996, 6896, 5858, 5856, 6897, 6896, 5856, 6996, 6997, 5856, 5854, 5856, 6997, 6897, 5856, 5854, 6898, 6897, 5854, 6997, 6998, 5854, 5852, 5854, 6998, 6898, 5854, 5852, 6899, 6898, 5852, 6998, 5851, 5852, 6899, 5852, 5851, 6900, 6899, 5851, 5851, 6999, 6900, 6901, 6900, 6999, 6999, 7000, 6901, 6902, 6901, 7000, 7000, 7001, 6902, 6903, 6902, 7001, 7001, 7002, 6903, 6904, 6903, 7002, 7002, 7003, 6904, 6905, 6904, 7003, 7003, 7004, 6905, 6906, 6905, 7004, 7004, 7005, 6906, 6907, 6906, 7005, 7005, 7006, 6907, 6908, 6907, 7006, 7006, 7007, 6908, 6909, 6908, 7007, 7007, 7008, 6909, 6910, 6909, 7008, 7008, 7009, 6910, 6911, 6910, 7009, 7009, 7010, 6911, 6912, 6911, 7010, 7010, 7011, 6912, 6913, 6912, 7011, 7011, 7012, 6913, 6914, 6913, 7012, 6914, 7012, 6915, 7013, 6915, 7012, 6915, 7013, 6916, 7014, 6916, 7013, 6916, 7014, 6917, 7015, 6917, 7014, 6917, 7015, 6918, 7016, 6918, 7015, 6918, 7016, 6919, 7017, 6919, 7016, 6919, 7017, 6920, 7018, 6920, 7017, 6920, 7018, 6921, 7019, 6921, 7018, 6921, 7019, 6922, 7020, 6922, 7019, 6922, 7020, 6923, 7021, 6923, 7020, 6923, 7021, 6924, 7022, 6924, 7021, 6924, 7022, 6925, 7023, 6925, 7022, 6926, 6925, 7024, 7023, 7024, 6925, 6927, 6926, 7025, 7024, 7025, 6926, 6928, 6927, 7026, 7025, 7026, 6927, 6929, 6928, 7027, 7026, 7027, 6928, 6930, 6929, 7028, 7027, 7028, 6929, 6931, 6930, 7029, 7028, 7029, 6930, 6932, 6931, 7030, 7029, 7030, 6931, 6933, 6932, 7031, 7030, 7031, 6932, 6934, 6933, 7032, 7031, 7032, 6933, 6935, 6934, 7033, 7032, 7033, 6934, 6936, 6935, 7034, 7033, 7034, 6935, 7035, 6937, 7034, 6936, 7034, 6937, 7036, 6938, 7035, 6937, 7035, 6938, 7037, 6939, 7036, 6938, 7036, 6939, 7038, 6940, 7037, 6939, 7037, 6940, 7039, 6941, 7038, 6940, 7038, 6941, 7040, 6942, 7039, 6941, 7039, 6942, 7041, 6943, 7040, 6942, 7040, 6943, 7042, 6944, 7041, 6943, 7041, 6944, 7043, 6945, 7042, 6944, 7042, 6945, 7044, 6946, 7043, 6945, 7043, 6946, 7045, 6947, 7044, 6946, 7044, 6947, 7046, 6948, 7045, 6947, 7045, 6948, 7047, 6949, 7046, 6948, 7046, 6949, 5753, 6851, 7047, 6949, 7047, 6851, 7048, 5752, 7049, 5753, 7049, 5752, 6950, 5753, 5752, 7050, 5755, 7048, 5752, 7048, 5755, 6951, 5752, 5755, 6950, 5752, 6951, 7051, 5757, 7050, 5755, 7050, 5757, 6952, 5755, 5757, 6951, 5755, 6952, 7052, 5759, 7051, 5757, 7051, 5759, 6953, 5757, 5759, 6952, 5757, 6953, 7053, 5761, 7052, 5759, 7052, 5761, 6954, 5759, 5761, 6953, 5759, 6954, 7054, 5763, 7053, 5761, 7053, 5763, 6955, 5761, 5763, 6954, 5761, 6955, 7055, 5765, 7054, 5763, 7054, 5765, 6956, 5763, 5765, 6955, 5763, 6956, 7056, 5767, 7055, 5765, 7055, 5767, 6957, 5765, 5767, 6956, 5765, 6957, 7057, 5769, 7056, 5767, 7056, 5769, 6958, 5767, 5769, 6957, 5767, 6958, 7058, 5771, 7057, 5769, 7057, 5771, 6959, 5769, 5771, 6958, 5769, 6959, 7059, 5773, 7058, 5771, 7058, 5773, 6960, 5771, 5773, 6959, 5771, 6960, 7060, 5775, 7059, 5773, 7059, 5775, 6961, 5773, 5775, 6960, 5773, 6961, 7061, 5777, 7060, 5775, 7060, 5777, 6962, 5775, 5777, 6961, 5775, 6962, 6963, 6962, 5780, 5777, 5780, 6962, 7061, 5780, 5777, 7062, 5780, 7061, 6964, 6963, 5782, 5780, 5782, 6963, 7062, 5782, 5780, 7063, 5782, 7062, 6965, 6964, 5784, 5782, 5784, 6964, 7063, 5784, 5782, 7064, 5784, 7063, 6966, 6965, 5786, 5784, 5786, 6965, 7064, 5786, 5784, 7065, 5786, 7064, 6967, 6966, 5788, 5786, 5788, 6966, 7065, 5788, 5786, 7066, 5788, 7065, 6968, 6967, 5790, 5788, 5790, 6967, 7066, 5790, 5788, 7067, 5790, 7066, 6969, 6968, 5792, 5790, 5792, 6968, 7067, 5792, 5790, 7068, 5792, 7067, 6970, 6969, 5794, 5792, 5794, 6969, 7068, 5794, 5792, 7069, 5794, 7068, 6971, 6970, 5796, 5794, 5796, 6970, 7069, 5796, 5794, 7070, 5796, 7069, 6972, 6971, 5798, 5796, 5798, 6971, 7070, 5798, 5796, 7071, 5798, 7070, 6973, 6972, 5800, 5798, 5800, 6972, 7071, 5800, 5798, 7072, 5800, 7071, 6974, 6973, 7073, 5800, 7073, 6973, 5802, 7073, 5800, 7072, 5802, 5800, 7074, 5802, 7072, 6974, 7073, 6975, 5804, 6975, 7073, 5802, 5804, 7073, 7075, 5804, 5802, 7074, 7075, 5802, 6975, 5804, 6976, 5806, 6976, 5804, 7076, 5806, 5804, 7075, 7076, 5804, 6976, 5806, 6977, 5808, 6977, 5806, 7077, 5808, 5806, 7076, 7077, 5806, 6977, 5808, 6978, 5810, 6978, 5808, 7078, 5810, 5808, 7077, 7078, 5808, 6978, 5810, 6979, 5812, 6979, 5810, 7079, 5812, 5810, 7078, 7079, 5810, 6979, 5812, 6980, 5814, 6980, 5812, 7080, 5814, 5812, 7079, 7080, 5812, 6980, 5814, 6981, 5816, 6981, 5814, 7081, 5816, 5814, 7080, 7081, 5814, 6981, 5816, 6982, 5818, 6982, 5816, 7082, 5818, 5816, 7081, 7082, 5816, 6982, 5818, 6983, 5820, 6983, 5818, 7083, 5820, 5818, 7082, 7083, 5818, 6983, 5820, 6984, 5822, 6984, 5820, 7084, 5822, 5820, 7083, 7084, 5820, 6984, 5822, 6985, 5824, 6985, 5822, 7085, 5824, 5822, 7084, 7085, 5822, 6985, 5824, 6986, 5826, 6986, 5824, 7086, 5826, 5824, 7085, 7086, 5824, 7086, 7087, 5826, 5827, 5826, 7087, 6986, 5826, 5827, 6987, 6986, 5827, 7087, 7088, 5827, 5829, 5827, 7088, 6987, 5827, 5829, 6988, 6987, 5829, 7088, 7089, 5829, 5831, 5829, 7089, 6988, 5829, 5831, 6989, 6988, 5831, 7089, 7090, 5831, 5833, 5831, 7090, 6989, 5831, 5833, 6990, 6989, 5833, 7090, 7091, 5833, 5835, 5833, 7091, 6990, 5833, 5835, 6991, 6990, 5835, 7091, 7092, 5835, 5837, 5835, 7092, 6991, 5835, 5837, 6992, 6991, 5837, 7092, 7093, 5837, 5839, 5837, 7093, 6992, 5837, 5839, 6993, 6992, 5839, 7093, 7094, 5839, 5841, 5839, 7094, 6993, 5839, 5841, 6994, 6993, 5841, 7094, 7095, 5841, 5843, 5841, 7095, 6994, 5841, 5843, 6995, 6994, 5843, 7095, 7096, 5843, 5845, 5843, 7096, 6995, 5843, 5845, 6996, 6995, 5845, 7096, 7097, 5845, 5847, 5845, 7097, 6996, 5845, 5847, 6997, 6996, 5847, 7097, 7098, 5847, 5849, 5847, 7098, 6997, 5847, 5849, 6998, 6997, 5849, 7098, 7099, 5849, 5851, 5849, 7099, 6998, 5849, 5851, 7099, 7100, 5851, 6999, 5851, 7100, 7100, 7101, 6999, 7000, 6999, 7101, 7101, 7102, 7000, 7001, 7000, 7102, 7102, 7103, 7001, 7002, 7001, 7103, 7103, 7104, 7002, 7003, 7002, 7104, 7104, 7105, 7003, 7004, 7003, 7105, 7105, 7106, 7004, 7005, 7004, 7106, 7106, 7107, 7005, 7006, 7005, 7107, 7107, 7108, 7006, 7007, 7006, 7108, 7108, 7109, 7007, 7008, 7007, 7109, 7109, 7110, 7008, 7009, 7008, 7110, 7110, 7111, 7009, 7010, 7009, 7111, 7111, 7112, 7010, 7011, 7010, 7112, 7011, 7112, 7012, 7113, 7012, 7112, 7012, 7113, 7013, 7114, 7013, 7113, 7013, 7114, 7014, 7115, 7014, 7114, 7014, 7115, 7015, 7116, 7015, 7115, 7015, 7116, 7016, 7117, 7016, 7116, 7016, 7117, 7017, 7118, 7017, 7117, 7017, 7118, 7018, 7119, 7018, 7118, 7018, 7119, 7019, 7120, 7019, 7119, 7019, 7120, 7020, 7121, 7020, 7120, 7020, 7121, 7021, 7122, 7021, 7121, 7021, 7122, 7022, 7123, 7022, 7122, 7022, 7123, 7023, 7124, 7023, 7123, 7024, 7023, 7125, 7124, 7125, 7023, 7025, 7024, 7126, 7125, 7126, 7024, 7026, 7025, 7127, 7126, 7127, 7025, 7027, 7026, 7128, 7127, 7128, 7026, 7028, 7027, 7129, 7128, 7129, 7027, 7029, 7028, 7130, 7129, 7130, 7028, 7030, 7029, 7131, 7130, 7131, 7029, 7031, 7030, 7132, 7131, 7132, 7030, 7032, 7031, 7133, 7132, 7133, 7031, 7033, 7032, 7134, 7133, 7134, 7032, 7034, 7033, 7135, 7134, 7135, 7033, 7035, 7034, 7136, 7135, 7136, 7034, 7137, 7036, 7136, 7035, 7136, 7036, 7138, 7037, 7137, 7036, 7137, 7037, 7139, 7038, 7138, 7037, 7138, 7038, 7140, 7039, 7139, 7038, 7139, 7039, 7141, 7040, 7140, 7039, 7140, 7040, 7142, 7041, 7141, 7040, 7141, 7041, 7143, 7042, 7142, 7041, 7142, 7042, 7144, 7043, 7143, 7042, 7143, 7043, 7145, 7044, 7144, 7043, 7144, 7044, 7146, 7045, 7145, 7044, 7145, 7045, 7147, 7046, 7146, 7045, 7146, 7046, 7148, 7047, 7147, 7046, 7147, 7047, 7049, 5753, 7148, 7047, 7148, 5753, 7149, 7048, 7150, 7049, 7150, 7048, 7151, 7050, 7149, 7048, 7149, 7050, 7152, 7051, 7151, 7050, 7151, 7051, 7153, 7052, 7152, 7051, 7152, 7052, 7154, 7053, 7153, 7052, 7153, 7053, 7155, 7054, 7154, 7053, 7154, 7054, 7156, 7055, 7155, 7054, 7155, 7055, 7157, 7056, 7156, 7055, 7156, 7056, 7158, 7057, 7157, 7056, 7157, 7057, 7159, 7058, 7158, 7057, 7158, 7058, 7160, 7059, 7159, 7058, 7159, 7059, 7161, 7060, 7160, 7059, 7160, 7060, 7162, 7061, 7161, 7060, 7161, 7061, 7062, 7061, 7163, 7162, 7163, 7061, 7063, 7062, 7164, 7163, 7164, 7062, 7064, 7063, 7165, 7164, 7165, 7063, 7065, 7064, 7166, 7165, 7166, 7064, 7066, 7065, 7167, 7166, 7167, 7065, 7067, 7066, 7168, 7167, 7168, 7066, 7068, 7067, 7169, 7168, 7169, 7067, 7069, 7068, 7170, 7169, 7170, 7068, 7070, 7069, 7171, 7170, 7171, 7069, 7071, 7070, 7172, 7171, 7172, 7070, 7072, 7071, 7173, 7172, 7173, 7071, 7074, 7072, 7174, 7173, 7174, 7072, 7074, 7174, 7075, 7175, 7075, 7174, 7075, 7175, 7076, 7176, 7076, 7175, 7076, 7176, 7077, 7177, 7077, 7176, 7077, 7177, 7078, 7178, 7078, 7177, 7078, 7178, 7079, 7179, 7079, 7178, 7079, 7179, 7080, 7180, 7080, 7179, 7080, 7180, 7081, 7181, 7081, 7180, 7081, 7181, 7082, 7182, 7082, 7181, 7082, 7182, 7083, 7183, 7083, 7182, 7083, 7183, 7084, 7184, 7084, 7183, 7084, 7184, 7085, 7185, 7085, 7184, 7085, 7185, 7086, 7186, 7086, 7185, 7086, 7186, 7087, 7187, 7087, 7186, 7087, 7187, 7088, 7188, 7088, 7187, 7088, 7188, 7089, 7189, 7089, 7188, 7089, 7189, 7090, 7190, 7090, 7189, 7090, 7190, 7091, 7191, 7091, 7190, 7091, 7191, 7092, 7192, 7092, 7191, 7092, 7192, 7093, 7193, 7093, 7192, 7093, 7193, 7094, 7194, 7094, 7193, 7094, 7194, 7095, 7195, 7095, 7194, 7095, 7195, 7096, 7196, 7096, 7195, 7096, 7196, 7097, 7197, 7097, 7196, 7097, 7197, 7098, 7198, 7098, 7197, 7098, 7198, 7099, 7199, 7099, 7198, 7099, 7199, 7100, 7200, 7100, 7199, 7100, 7200, 7101, 7201, 7101, 7200, 7101, 7201, 7102, 7202, 7102, 7201, 7102, 7202, 7103, 7203, 7103, 7202, 7103, 7203, 7104, 7204, 7104, 7203, 7104, 7204, 7105, 7205, 7105, 7204, 7105, 7205, 7106, 7206, 7106, 7205, 7106, 7206, 7107, 7207, 7107, 7206, 7107, 7207, 7108, 7208, 7108, 7207, 7108, 7208, 7109, 7209, 7109, 7208, 7109, 7209, 7110, 7210, 7110, 7209, 7110, 7210, 7111, 7211, 7111, 7210, 7111, 7211, 7112, 7212, 7112, 7211, 7112, 7212, 7113, 7213, 7113, 7212, 7113, 7213, 7114, 7214, 7114, 7213, 7114, 7214, 7115, 7215, 7115, 7214, 7115, 7215, 7116, 7216, 7116, 7215, 7116, 7216, 7117, 7217, 7117, 7216, 7117, 7217, 7118, 7218, 7118, 7217, 7118, 7218, 7119, 7219, 7119, 7218, 7119, 7219, 7120, 7220, 7120, 7219, 7120, 7220, 7121, 7221, 7121, 7220, 7121, 7221, 7122, 7222, 7122, 7221, 7122, 7222, 7123, 7223, 7123, 7222, 7123, 7223, 7124, 7224, 7124, 7223, 7125, 7124, 7225, 7224, 7225, 7124, 7126, 7125, 7226, 7225, 7226, 7125, 7127, 7126, 7227, 7226, 7227, 7126, 7128, 7127, 7228, 7227, 7228, 7127, 7129, 7128, 7229, 7228, 7229, 7128, 7130, 7129, 7230, 7229, 7230, 7129, 7131, 7130, 7231, 7230, 7231, 7130, 7132, 7131, 7232, 7231, 7232, 7131, 7133, 7132, 7233, 7232, 7233, 7132, 7134, 7133, 7234, 7233, 7234, 7133, 7135, 7134, 7235, 7234, 7235, 7134, 7136, 7135, 7236, 7235, 7236, 7135, 7237, 7137, 7236, 7136, 7236, 7137, 7238, 7138, 7237, 7137, 7237, 7138, 7239, 7139, 7238, 7138, 7238, 7139, 7240, 7140, 7239, 7139, 7239, 7140, 7241, 7141, 7240, 7140, 7240, 7141, 7242, 7142, 7241, 7141, 7241, 7142, 7243, 7143, 7242, 7142, 7242, 7143, 7244, 7144, 7243, 7143, 7243, 7144, 7245, 7145, 7244, 7144, 7244, 7145, 7246, 7146, 7245, 7145, 7245, 7146, 7247, 7147, 7246, 7146, 7246, 7147, 7248, 7148, 7247, 7147, 7247, 7148, 7150, 7049, 7248, 7148, 7248, 7049, 7149, 7150, 7249, 7250, 7249, 7150, 7151, 7149, 7251, 7249, 7251, 7149, 7152, 7151, 7252, 7251, 7252, 7151, 7153, 7152, 7253, 7252, 7253, 7152, 7154, 7153, 7254, 7253, 7254, 7153, 7155, 7154, 7255, 7254, 7255, 7154, 7156, 7155, 7256, 7255, 7256, 7155, 7157, 7156, 7257, 7256, 7257, 7156, 7158, 7157, 7258, 7257, 7258, 7157, 7159, 7158, 7259, 7258, 7259, 7158, 7160, 7159, 7260, 7259, 7260, 7159, 7161, 7160, 7261, 7260, 7261, 7160, 7162, 7161, 7262, 7261, 7262, 7161, 7163, 7162, 7263, 7262, 7263, 7162, 7163, 7263, 7164, 7264, 7164, 7263, 7164, 7264, 7165, 7265, 7165, 7264, 7165, 7265, 7166, 7266, 7166, 7265, 7166, 7266, 7167, 7267, 7167, 7266, 7167, 7267, 7168, 7268, 7168, 7267, 7168, 7268, 7169, 7269, 7169, 7268, 7169, 7269, 7170, 7270, 7170, 7269, 7170, 7270, 7171, 7271, 7171, 7270, 7171, 7271, 7172, 7272, 7172, 7271, 7172, 7272, 7173, 7273, 7173, 7272, 7173, 7273, 7174, 7274, 7174, 7273, 7175, 7174, 7275, 7274, 7275, 7174, 7176, 7175, 7276, 7275, 7276, 7175, 7177, 7176, 7277, 7276, 7277, 7176, 7178, 7177, 7278, 7277, 7278, 7177, 7179, 7178, 7279, 7278, 7279, 7178, 7180, 7179, 7280, 7279, 7280, 7179, 7181, 7180, 7281, 7280, 7281, 7180, 7182, 7181, 7282, 7281, 7282, 7181, 7183, 7182, 7283, 7282, 7283, 7182, 7184, 7183, 7284, 7283, 7284, 7183, 7185, 7184, 7285, 7284, 7285, 7184, 7185, 7285, 7186, 7286, 7186, 7285, 7186, 7286, 7187, 7287, 7187, 7286, 7187, 7287, 7188, 7288, 7188, 7287, 7188, 7288, 7189, 7289, 7189, 7288, 7189, 7289, 7190, 7290, 7190, 7289, 7190, 7290, 7191, 7291, 7191, 7290, 7191, 7291, 7192, 7292, 7192, 7291, 7192, 7292, 7193, 7293, 7193, 7292, 7193, 7293, 7194, 7294, 7194, 7293, 7194, 7294, 7195, 7295, 7195, 7294, 7195, 7295, 7196, 7296, 7196, 7295, 7196, 7296, 7197, 7297, 7197, 7296, 7197, 7297, 7198, 7298, 7198, 7297, 7198, 7298, 7199, 7299, 7199, 7298, 7199, 7299, 7200, 7300, 7200, 7299, 7200, 7300, 7201, 7301, 7201, 7300, 7201, 7301, 7202, 7302, 7202, 7301, 7202, 7302, 7203, 7303, 7203, 7302, 7203, 7303, 7204, 7304, 7204, 7303, 7204, 7304, 7205, 7305, 7205, 7304, 7205, 7305, 7206, 7306, 7206, 7305, 7206, 7306, 7207, 7307, 7207, 7306, 7207, 7307, 7208, 7308, 7208, 7307, 7208, 7308, 7209, 7309, 7209, 7308, 7209, 7309, 7210, 7310, 7210, 7309, 7210, 7310, 7211, 7311, 7211, 7310, 7211, 7311, 7212, 7312, 7212, 7311, 7212, 7312, 7213, 7313, 7213, 7312, 7214, 7213, 7314, 7313, 7314, 7213, 7215, 7214, 7315, 7314, 7315, 7214, 7216, 7215, 7316, 7315, 7316, 7215, 7217, 7216, 7317, 7316, 7317, 7216, 7218, 7217, 7318, 7317, 7318, 7217, 7219, 7218, 7319, 7318, 7319, 7218, 7220, 7219, 7320, 7319, 7320, 7219, 7221, 7220, 7321, 7320, 7321, 7220, 7222, 7221, 7322, 7321, 7322, 7221, 7223, 7222, 7323, 7322, 7323, 7222, 7224, 7223, 7324, 7323, 7324, 7223, 7224, 7324, 7225, 7325, 7225, 7324, 7225, 7325, 7226, 7326, 7226, 7325, 7226, 7326, 7227, 7327, 7227, 7326, 7227, 7327, 7228, 7328, 7228, 7327, 7228, 7328, 7229, 7329, 7229, 7328, 7229, 7329, 7230, 7330, 7230, 7329, 7230, 7330, 7231, 7331, 7231, 7330, 7231, 7331, 7232, 7332, 7232, 7331, 7232, 7332, 7233, 7333, 7233, 7332, 7233, 7333, 7234, 7334, 7234, 7333, 7234, 7334, 7235, 7335, 7235, 7334, 7236, 7235, 7336, 7335, 7336, 7235, 7237, 7236, 7337, 7336, 7337, 7236, 7238, 7237, 7338, 7337, 7338, 7237, 7239, 7238, 7339, 7338, 7339, 7238, 7240, 7239, 7340, 7339, 7340, 7239, 7241, 7240, 7341, 7340, 7341, 7240, 7242, 7241, 7342, 7341, 7342, 7241, 7243, 7242, 7343, 7342, 7343, 7242, 7244, 7243, 7344, 7343, 7344, 7243, 7245, 7244, 7345, 7344, 7345, 7244, 7246, 7245, 7346, 7345, 7346, 7245, 7247, 7246, 7347, 7346, 7347, 7246, 7248, 7247, 7348, 7347, 7348, 7247, 7150, 7248, 7250, 7348, 7250, 7248, 7249, 7250, 7349, 7350, 7349, 7250, 7251, 7249, 7351, 7349, 7351, 7249, 7252, 7251, 7352, 7351, 7352, 7251, 7253, 7252, 7353, 7352, 7353, 7252, 7254, 7253, 7354, 7353, 7354, 7253, 7255, 7254, 7355, 7354, 7355, 7254, 7256, 7255, 7356, 7355, 7356, 7255, 7257, 7256, 7357, 7356, 7357, 7256, 7258, 7257, 7358, 7357, 7358, 7257, 7259, 7258, 7359, 7358, 7359, 7258, 7260, 7259, 7360, 7359, 7360, 7259, 7261, 7260, 7361, 7360, 7361, 7260, 7262, 7261, 7362, 7361, 7362, 7261, 7263, 7262, 7363, 7362, 7363, 7262, 7364, 7264, 7363, 7263, 7363, 7264, 7365, 7265, 7364, 7264, 7364, 7265, 7366, 7266, 7365, 7265, 7365, 7266, 7367, 7267, 7366, 7266, 7366, 7267, 7368, 7268, 7367, 7267, 7367, 7268, 7369, 7269, 7368, 7268, 7368, 7269, 7370, 7270, 7369, 7269, 7369, 7270, 7371, 7271, 7370, 7270, 7370, 7271, 7372, 7272, 7371, 7271, 7371, 7272, 7373, 7273, 7372, 7272, 7372, 7273, 7374, 7274, 7373, 7273, 7373, 7274, 7375, 7275, 7374, 7274, 7374, 7275, 7376, 7276, 7375, 7275, 7375, 7276, 7377, 7277, 7376, 7276, 7376, 7277, 7378, 7278, 7377, 7277, 7377, 7278, 7379, 7279, 7378, 7278, 7378, 7279, 7380, 7280, 7379, 7279, 7379, 7280, 7381, 7281, 7380, 7280, 7380, 7281, 7382, 7282, 7381, 7281, 7381, 7282, 7383, 7283, 7382, 7282, 7382, 7283, 7384, 7284, 7383, 7283, 7383, 7284, 7385, 7285, 7384, 7284, 7384, 7285, 7285, 7385, 7286, 7386, 7286, 7385, 7286, 7386, 7287, 7387, 7287, 7386, 7287, 7387, 7288, 7388, 7288, 7387, 7288, 7388, 7289, 7389, 7289, 7388, 7289, 7389, 7290, 7390, 7290, 7389, 7290, 7390, 7291, 7391, 7291, 7390, 7291, 7391, 7292, 7392, 7292, 7391, 7292, 7392, 7293, 7393, 7293, 7392, 7293, 7393, 7294, 7394, 7294, 7393, 7294, 7394, 7295, 7395, 7295, 7394, 7295, 7395, 7296, 7396, 7296, 7395, 7296, 7396, 7297, 7397, 7297, 7396, 7297, 7397, 7298, 7398, 7298, 7397, 7298, 7398, 7299, 7399, 7299, 7398, 7299, 7399, 7300, 7400, 7300, 7399, 7300, 7400, 7301, 7401, 7301, 7400, 7301, 7401, 7302, 7402, 7302, 7401, 7302, 7402, 7303, 7403, 7303, 7402, 7303, 7403, 7304, 7404, 7304, 7403, 7304, 7404, 7305, 7405, 7305, 7404, 7305, 7405, 7306, 7406, 7306, 7405, 7306, 7406, 7307, 7407, 7307, 7406, 7307, 7407, 7308, 7408, 7308, 7407, 7308, 7408, 7309, 7409, 7309, 7408, 7309, 7409, 7310, 7410, 7310, 7409, 7310, 7410, 7311, 7411, 7311, 7410, 7311, 7411, 7312, 7412, 7312, 7411, 7312, 7412, 7313, 7413, 7313, 7412, 7313, 7413, 7314, 7414, 7314, 7413, 7314, 7414, 7315, 7415, 7315, 7414, 7315, 7415, 7316, 7416, 7316, 7415, 7316, 7416, 7317, 7417, 7317, 7416, 7317, 7417, 7318, 7418, 7318, 7417, 7318, 7418, 7319, 7419, 7319, 7418, 7319, 7419, 7320, 7420, 7320, 7419, 7320, 7420, 7321, 7421, 7321, 7420, 7321, 7421, 7322, 7422, 7322, 7421, 7322, 7422, 7323, 7423, 7323, 7422, 7323, 7423, 7324, 7424, 7324, 7423, 7324, 7424, 7325, 7425, 7325, 7424, 7325, 7425, 7326, 7426, 7326, 7425, 7326, 7426, 7327, 7427, 7327, 7426, 7327, 7427, 7328, 7428, 7328, 7427, 7328, 7428, 7329, 7429, 7329, 7428, 7329, 7429, 7330, 7430, 7330, 7429, 7330, 7430, 7331, 7431, 7331, 7430, 7331, 7431, 7332, 7432, 7332, 7431, 7332, 7432, 7333, 7433, 7333, 7432, 7333, 7433, 7334, 7434, 7334, 7433, 7334, 7434, 7335, 7435, 7335, 7434, 7336, 7335, 7436, 7435, 7436, 7335, 7337, 7336, 7437, 7436, 7437, 7336, 7338, 7337, 7438, 7437, 7438, 7337, 7339, 7338, 7439, 7438, 7439, 7338, 7340, 7339, 7440, 7439, 7440, 7339, 7341, 7340, 7441, 7440, 7441, 7340, 7342, 7341, 7442, 7441, 7442, 7341, 7343, 7342, 7443, 7442, 7443, 7342, 7344, 7343, 7444, 7443, 7444, 7343, 7345, 7344, 7445, 7444, 7445, 7344, 7346, 7345, 7446, 7445, 7446, 7345, 7347, 7346, 7447, 7446, 7447, 7346, 7348, 7347, 7448, 7447, 7448, 7347, 7250, 7348, 7350, 7448, 7350, 7348, 7349, 7350, 7449, 7450, 7449, 7350, 7351, 7349, 7451, 7449, 7451, 7349, 7352, 7351, 7452, 7451, 7452, 7351, 7353, 7352, 7453, 7452, 7453, 7352, 7354, 7353, 7454, 7453, 7454, 7353, 7355, 7354, 7455, 7454, 7455, 7354, 7356, 7355, 7456, 7455, 7456, 7355, 7357, 7356, 7457, 7456, 7457, 7356, 7358, 7357, 7458, 7457, 7458, 7357, 7359, 7358, 7459, 7458, 7459, 7358, 7360, 7359, 7460, 7459, 7460, 7359, 7361, 7360, 7461, 7460, 7461, 7360, 7362, 7361, 7462, 7461, 7462, 7361, 7463, 7363, 7462, 7362, 7462, 7363, 7464, 7364, 7463, 7363, 7463, 7364, 7465, 7365, 7464, 7364, 7464, 7365, 7466, 7366, 7465, 7365, 7465, 7366, 7467, 7367, 7466, 7366, 7466, 7367, 7468, 7368, 7467, 7367, 7467, 7368, 7469, 7369, 7468, 7368, 7468, 7369, 7470, 7370, 7469, 7369, 7469, 7370, 7471, 7371, 7470, 7370, 7470, 7371, 7472, 7372, 7471, 7371, 7471, 7372, 7473, 7373, 7472, 7372, 7472, 7373, 7474, 7374, 7473, 7373, 7473, 7374, 7475, 7375, 7474, 7374, 7474, 7375, 7476, 7376, 7475, 7375, 7475, 7376, 7477, 7377, 7476, 7376, 7476, 7377, 7478, 7378, 7477, 7377, 7477, 7378, 7479, 7379, 7478, 7378, 7478, 7379, 7480, 7380, 7479, 7379, 7479, 7380, 7481, 7381, 7480, 7380, 7480, 7381, 7482, 7382, 7481, 7381, 7481, 7382, 7483, 7383, 7482, 7382, 7482, 7383, 7484, 7384, 7483, 7383, 7483, 7384, 7485, 7385, 7484, 7384, 7484, 7385, 7486, 7386, 7485, 7385, 7485, 7386, 7386, 7486, 7387, 7487, 7387, 7486, 7387, 7487, 7388, 7488, 7388, 7487, 7388, 7488, 7389, 7489, 7389, 7488, 7389, 7489, 7390, 7490, 7390, 7489, 7390, 7490, 7391, 7491, 7391, 7490, 7391, 7491, 7392, 7492, 7392, 7491, 7392, 7492, 7393, 7493, 7393, 7492, 7393, 7493, 7394, 7494, 7394, 7493, 7394, 7494, 7395, 7495, 7395, 7494, 7395, 7495, 7396, 7496, 7396, 7495, 7396, 7496, 7397, 7497, 7397, 7496, 7397, 7497, 7398, 7498, 7398, 7497, 7398, 7498, 7399, 7499, 7399, 7498, 7399, 7499, 7400, 7500, 7400, 7499, 7400, 7500, 7401, 7501, 7401, 7500, 7401, 7501, 7402, 7502, 7402, 7501, 7402, 7502, 7403, 7503, 7403, 7502, 7403, 7503, 7404, 7504, 7404, 7503, 7404, 7504, 7405, 7505, 7405, 7504, 7405, 7505, 7406, 7506, 7406, 7505, 7406, 7506, 7407, 7507, 7407, 7506, 7407, 7507, 7408, 7508, 7408, 7507, 7408, 7508, 7409, 7509, 7409, 7508, 7409, 7509, 7410, 7510, 7410, 7509, 7410, 7510, 7411, 7511, 7411, 7510, 7411, 7511, 7412, 7512, 7412, 7511, 7412, 7512, 7413, 7513, 7413, 7512, 7413, 7513, 7414, 7514, 7414, 7513, 7414, 7514, 7415, 7515, 7415, 7514, 7415, 7515, 7416, 7516, 7416, 7515, 7416, 7516, 7417, 7517, 7417, 7516, 7417, 7517, 7418, 7518, 7418, 7517, 7418, 7518, 7419, 7519, 7419, 7518, 7419, 7519, 7420, 7520, 7420, 7519, 7420, 7520, 7421, 7521, 7421, 7520, 7421, 7521, 7422, 7522, 7422, 7521, 7422, 7522, 7423, 7523, 7423, 7522, 7423, 7523, 7424, 7524, 7424, 7523, 7424, 7524, 7425, 7525, 7425, 7524, 7425, 7525, 7426, 7526, 7426, 7525, 7426, 7526, 7427, 7527, 7427, 7526, 7427, 7527, 7428, 7528, 7428, 7527, 7428, 7528, 7429, 7529, 7429, 7528, 7429, 7529, 7430, 7530, 7430, 7529, 7430, 7530, 7431, 7531, 7431, 7530, 7431, 7531, 7432, 7532, 7432, 7531, 7432, 7532, 7433, 7533, 7433, 7532, 7433, 7533, 7434, 7534, 7434, 7533, 7434, 7534, 7435, 7535, 7435, 7534, 7435, 7535, 7436, 7536, 7436, 7535, 7437, 7436, 7537, 7536, 7537, 7436, 7438, 7437, 7538, 7537, 7538, 7437, 7439, 7438, 7539, 7538, 7539, 7438, 7440, 7439, 7540, 7539, 7540, 7439, 7441, 7440, 7541, 7540, 7541, 7440, 7442, 7441, 7542, 7541, 7542, 7441, 7443, 7442, 7543, 7542, 7543, 7442, 7444, 7443, 7544, 7543, 7544, 7443, 7445, 7444, 7545, 7544, 7545, 7444, 7446, 7445, 7546, 7545, 7546, 7445, 7447, 7446, 7547, 7546, 7547, 7446, 7448, 7447, 7548, 7547, 7548, 7447, 7350, 7448, 7450, 7548, 7450, 7448, 7449, 7450, 7549, 7550, 7549, 7450, 7451, 7449, 7551, 7549, 7551, 7449, 7452, 7451, 7552, 7551, 7552, 7451, 7453, 7452, 7553, 7552, 7553, 7452, 7454, 7453, 7554, 7553, 7554, 7453, 7455, 7454, 7555, 7554, 7555, 7454, 7456, 7455, 7556, 7555, 7556, 7455, 7457, 7456, 7557, 7556, 7557, 7456, 7458, 7457, 7558, 7557, 7558, 7457, 7459, 7458, 7559, 7558, 7559, 7458, 7460, 7459, 7560, 7559, 7560, 7459, 7461, 7460, 7561, 7560, 7561, 7460, 7462, 7461, 7562, 7561, 7562, 7461, 7563, 7463, 7562, 7462, 7562, 7463, 7564, 7464, 7563, 7463, 7563, 7464, 7565, 7465, 7564, 7464, 7564, 7465, 7566, 7466, 7565, 7465, 7565, 7466, 7567, 7467, 7566, 7466, 7566, 7467, 7568, 7468, 7567, 7467, 7567, 7468, 7569, 7469, 7568, 7468, 7568, 7469, 7570, 7470, 7569, 7469, 7569, 7470, 7571, 7471, 7570, 7470, 7570, 7471, 7572, 7472, 7571, 7471, 7571, 7472, 7573, 7473, 7572, 7472, 7572, 7473, 7574, 7474, 7573, 7473, 7573, 7474, 7575, 7475, 7574, 7474, 7574, 7475, 7576, 7476, 7575, 7475, 7575, 7476, 7577, 7477, 7576, 7476, 7576, 7477, 7578, 7478, 7577, 7477, 7577, 7478, 7579, 7479, 7578, 7478, 7578, 7479, 7580, 7480, 7579, 7479, 7579, 7480, 7581, 7481, 7580, 7480, 7580, 7481, 7582, 7482, 7581, 7481, 7581, 7482, 7583, 7483, 7582, 7482, 7582, 7483, 7584, 7484, 7583, 7483, 7583, 7484, 7585, 7485, 7584, 7484, 7584, 7485, 7586, 7486, 7585, 7485, 7585, 7486, 7486, 7586, 7487, 7587, 7487, 7586, 7487, 7587, 7488, 7588, 7488, 7587, 7488, 7588, 7489, 7589, 7489, 7588, 7489, 7589, 7490, 7590, 7490, 7589, 7490, 7590, 7491, 7591, 7491, 7590, 7491, 7591, 7492, 7592, 7492, 7591, 7492, 7592, 7493, 7593, 7493, 7592, 7493, 7593, 7494, 7594, 7494, 7593, 7494, 7594, 7495, 7595, 7495, 7594, 7495, 7595, 7496, 7596, 7496, 7595, 7496, 7596, 7497, 7597, 7497, 7596, 7497, 7597, 7498, 7598, 7498, 7597, 7498, 7598, 7499, 7599, 7499, 7598, 7499, 7599, 7500, 7600, 7500, 7599, 7500, 7600, 7501, 7601, 7501, 7600, 7501, 7601, 7502, 7602, 7502, 7601, 7502, 7602, 7503, 7603, 7503, 7602, 7503, 7603, 7504, 7604, 7504, 7603, 7504, 7604, 7505, 7605, 7505, 7604, 7505, 7605, 7506, 7606, 7506, 7605, 7506, 7606, 7507, 7607, 7507, 7606, 7507, 7607, 7508, 7608, 7508, 7607, 7508, 7608, 7509, 7609, 7509, 7608, 7509, 7609, 7510, 7610, 7510, 7609, 7510, 7610, 7511, 7611, 7511, 7610, 7511, 7611, 7512, 7612, 7512, 7611, 7512, 7612, 7513, 7613, 7513, 7612, 7513, 7613, 7514, 7614, 7514, 7613, 7514, 7614, 7515, 7615, 7515, 7614, 7515, 7615, 7516, 7616, 7516, 7615, 7516, 7616, 7517, 7617, 7517, 7616, 7517, 7617, 7518, 7618, 7518, 7617, 7518, 7618, 7519, 7619, 7519, 7618, 7519, 7619, 7520, 7620, 7520, 7619, 7520, 7620, 7521, 7621, 7521, 7620, 7521, 7621, 7522, 7622, 7522, 7621, 7522, 7622, 7523, 7623, 7523, 7622, 7523, 7623, 7524, 7624, 7524, 7623, 7524, 7624, 7525, 7625, 7525, 7624, 7525, 7625, 7526, 7626, 7526, 7625, 7526, 7626, 7527, 7627, 7527, 7626, 7527, 7627, 7528, 7628, 7528, 7627, 7528, 7628, 7529, 7629, 7529, 7628, 7529, 7629, 7530, 7630, 7530, 7629, 7530, 7630, 7531, 7631, 7531, 7630, 7531, 7631, 7532, 7632, 7532, 7631, 7532, 7632, 7533, 7633, 7533, 7632, 7533, 7633, 7534, 7634, 7534, 7633, 7534, 7634, 7535, 7635, 7535, 7634, 7535, 7635, 7536, 7636, 7536, 7635, 7537, 7536, 7637, 7636, 7637, 7536, 7538, 7537, 7638, 7637, 7638, 7537, 7539, 7538, 7639, 7638, 7639, 7538, 7540, 7539, 7640, 7639, 7640, 7539, 7541, 7540, 7641, 7640, 7641, 7540, 7542, 7541, 7642, 7641, 7642, 7541, 7543, 7542, 7643, 7642, 7643, 7542, 7544, 7543, 7644, 7643, 7644, 7543, 7545, 7544, 7645, 7644, 7645, 7544, 7546, 7545, 7646, 7645, 7646, 7545, 7547, 7546, 7647, 7646, 7647, 7546, 7548, 7547, 7648, 7647, 7648, 7547, 7450, 7548, 7550, 7648, 7550, 7548, 7549, 7550, 7649, 7650, 7649, 7550, 7551, 7549, 7651, 7649, 7651, 7549, 7552, 7551, 7652, 7651, 7652, 7551, 7553, 7552, 7653, 7652, 7653, 7552, 7554, 7553, 7654, 7653, 7654, 7553, 7555, 7554, 7655, 7654, 7655, 7554, 7556, 7555, 7656, 7655, 7656, 7555, 7557, 7556, 7657, 7656, 7657, 7556, 7558, 7557, 7658, 7657, 7658, 7557, 7559, 7558, 7659, 7658, 7659, 7558, 7560, 7559, 7660, 7659, 7660, 7559, 7561, 7560, 7661, 7660, 7661, 7560, 7562, 7561, 7662, 7661, 7662, 7561, 7663, 7563, 7662, 7562, 7662, 7563, 7664, 7564, 7663, 7563, 7663, 7564, 7665, 7565, 7664, 7564, 7664, 7565, 7666, 7566, 7665, 7565, 7665, 7566, 7667, 7567, 7666, 7566, 7666, 7567, 7668, 7568, 7667, 7567, 7667, 7568, 7669, 7569, 7668, 7568, 7668, 7569, 7670, 7570, 7669, 7569, 7669, 7570, 7671, 7571, 7670, 7570, 7670, 7571, 7672, 7572, 7671, 7571, 7671, 7572, 7673, 7573, 7672, 7572, 7672, 7573, 7674, 7574, 7673, 7573, 7673, 7574, 7675, 7575, 7674, 7574, 7674, 7575, 7676, 7576, 7675, 7575, 7675, 7576, 7677, 7577, 7676, 7576, 7676, 7577, 7678, 7578, 7677, 7577, 7677, 7578, 7679, 7579, 7678, 7578, 7678, 7579, 7680, 7580, 7679, 7579, 7679, 7580, 7681, 7581, 7680, 7580, 7680, 7581, 7682, 7582, 7681, 7581, 7681, 7582, 7683, 7583, 7682, 7582, 7682, 7583, 7684, 7584, 7683, 7583, 7683, 7584, 7685, 7585, 7684, 7584, 7684, 7585, 7686, 7586, 7685, 7585, 7685, 7586, 7586, 7686, 7587, 7687, 7587, 7686, 7587, 7687, 7588, 7688, 7588, 7687, 7588, 7688, 7589, 7689, 7589, 7688, 7589, 7689, 7590, 7690, 7590, 7689, 7590, 7690, 7591, 7691, 7591, 7690, 7591, 7691, 7592, 7692, 7592, 7691, 7592, 7692, 7593, 7693, 7593, 7692, 7593, 7693, 7594, 7694, 7594, 7693, 7594, 7694, 7595, 7695, 7595, 7694, 7595, 7695, 7596, 7696, 7596, 7695, 7596, 7696, 7597, 7697, 7597, 7696, 7597, 7697, 7598, 7698, 7598, 7697, 7598, 7698, 7599, 7699, 7599, 7698, 7599, 7699, 7600, 7700, 7600, 7699, 7600, 7700, 7601, 7701, 7601, 7700, 7601, 7701, 7602, 7702, 7602, 7701, 7602, 7702, 7603, 7703, 7603, 7702, 7603, 7703, 7604, 7704, 7604, 7703, 7604, 7704, 7605, 7705, 7605, 7704, 7605, 7705, 7606, 7706, 7606, 7705, 7606, 7706, 7607, 7707, 7607, 7706, 7607, 7707, 7608, 7708, 7608, 7707, 7608, 7708, 7609, 7709, 7609, 7708, 7609, 7709, 7610, 7710, 7610, 7709, 7610, 7710, 7611, 7711, 7611, 7710, 7611, 7711, 7612, 7712, 7612, 7711, 7612, 7712, 7613, 7713, 7613, 7712, 7613, 7713, 7614, 7714, 7614, 7713, 7614, 7714, 7615, 7715, 7615, 7714, 7615, 7715, 7616, 7716, 7616, 7715, 7616, 7716, 7617, 7717, 7617, 7716, 7617, 7717, 7618, 7718, 7618, 7717, 7618, 7718, 7619, 7719, 7619, 7718, 7619, 7719, 7620, 7720, 7620, 7719, 7620, 7720, 7621, 7721, 7621, 7720, 7621, 7721, 7622, 7722, 7622, 7721, 7622, 7722, 7623, 7723, 7623, 7722, 7623, 7723, 7624, 7724, 7624, 7723, 7624, 7724, 7625, 7725, 7625, 7724, 7625, 7725, 7626, 7726, 7626, 7725, 7626, 7726, 7627, 7727, 7627, 7726, 7627, 7727, 7628, 7728, 7628, 7727, 7628, 7728, 7629, 7729, 7629, 7728, 7629, 7729, 7630, 7730, 7630, 7729, 7630, 7730, 7631, 7731, 7631, 7730, 7631, 7731, 7632, 7732, 7632, 7731, 7632, 7732, 7633, 7733, 7633, 7732, 7633, 7733, 7634, 7734, 7634, 7733, 7634, 7734, 7635, 7735, 7635, 7734, 7635, 7735, 7636, 7736, 7636, 7735, 7637, 7636, 7737, 7736, 7737, 7636, 7638, 7637, 7738, 7737, 7738, 7637, 7639, 7638, 7739, 7738, 7739, 7638, 7640, 7639, 7740, 7739, 7740, 7639, 7641, 7640, 7741, 7740, 7741, 7640, 7642, 7641, 7742, 7741, 7742, 7641, 7643, 7642, 7743, 7742, 7743, 7642, 7644, 7643, 7744, 7743, 7744, 7643, 7645, 7644, 7745, 7744, 7745, 7644, 7646, 7645, 7746, 7745, 7746, 7645, 7647, 7646, 7747, 7746, 7747, 7646, 7648, 7647, 7748, 7747, 7748, 7647, 7550, 7648, 7650, 7748, 7650, 7648]
        point3f[] points = [(10.33439, 4.73591, 0.00007), (10.33014, 4.73094, 0.00013), (10.33652, 4.73840, 0.00003), (-5.96896, 5.34150, 0.08179), (-7.57348, 5.49526, 0.08179), (-5.96837, 5.34562, 0.09041), (-7.57338, 5.49944, 0.09041), (-5.96963, 5.33684, 0.07345), (-7.57360, 5.49055, 0.07345), (-5.96819, 5.34688, 0.21146), (-7.57334, 5.50071, 0.21146), (-5.96876, 5.34293, 0.22016), (-7.57345, 5.49671, 0.22016), (-5.14730, 5.18954, 0.21146), (-5.14861, 5.18574, 0.22016), (-5.96662, 5.35785, 0.13647), (-7.57306, 5.51180, 0.13647), (-5.96652, 5.35855, 0.14602), (-7.57304, 5.51251, 0.14602), (-5.14363, 5.20011, 0.13647), (-5.14340, 5.20078, 0.14602), (-5.96650, 5.35865, 0.15559), (-7.57304, 5.51261, 0.15559), (-5.96658, 5.35815, 0.16515), (-7.57305, 5.51210, 0.16515), (-5.96707, 5.35469, 0.11760), (-7.57314, 5.50861, 0.11760), (-5.96680, 5.35656, 0.12698), (-7.57309, 5.51050, 0.12698), (-5.96697, 5.35538, 0.18409), (-7.57312, 5.50930, 0.18409), (-5.96730, 5.35312, 0.19338), (-7.57318, 5.50701, 0.19338), (-5.14446, 5.19773, 0.18409), (-5.14521, 5.19555, 0.19338), (-5.14909, 5.18435, 0.08179), (-5.14771, 5.18833, 0.09041), (-5.15065, 5.17987, 0.07345), (-5.97119, 5.32601, 0.05774), (-7.57388, 5.47961, 0.05774), (-5.97037, 5.33167, 0.06542), (-7.57374, 5.48532, 0.06542), (-5.15426, 5.16944, 0.05774), (-5.15237, 5.17489, 0.06542), (-5.97206, 5.31989, 0.05042), (-7.57404, 5.47341, 0.05042), (-5.15630, 5.16354, 0.05042), (-5.97300, 5.31332, 0.04351), (-7.57421, 5.46677, 0.04351), (-7.57440, 5.45971, 0.03703), (-5.97401, 5.30634, 0.03703), (-5.96673, 5.35706, 0.17466), (-7.57308, 5.51100, 0.17466), (-5.14406, 5.19887, 0.12698), (-5.14469, 5.19707, 0.11760), (-5.15850, 5.15721, 0.04351), (-7.57459, 5.45225, 0.03101), (-5.97506, 5.29896, 0.03101), (-5.96743, 5.35223, 0.10835), (-7.57320, 5.50612, 0.10835), (-5.16083, 5.15048, 0.03703), (-5.14337, 5.20088, 0.15559), (-5.14353, 5.20040, 0.16515), (-5.96770, 5.35028, 0.20252), (-7.57325, 5.50415, 0.20252), (-5.96786, 5.34921, 0.09928), (-7.57328, 5.50306, 0.09928), (-5.14652, 5.19179, 0.09928), (-5.96940, 5.33845, 0.22860), (-7.57356, 5.49218, 0.22860), (-5.14616, 5.19282, 0.20252), (-5.14551, 5.19470, 0.10835), (-5.14390, 5.19935, 0.17466), (-5.97012, 5.33345, 0.23674), (-7.57369, 5.48712, 0.23674), (-11.25601, 4.87626, 0.27183), (-11.25292, 4.86917, 0.27754), (-10.38137, 5.14706, 0.27183), (-10.37942, 5.13962, 0.27754), (-11.24969, 4.86176, 0.28276), (-10.37739, 5.13184, 0.28276), (-11.24287, 4.84612, 0.29162), (-11.23931, 4.83794, 0.29524), (-10.37308, 5.11542, 0.29162), (-10.37083, 5.10683, 0.29524), (-11.24634, 4.85407, 0.28746), (-10.37527, 5.12376, 0.28746), (-9.30932, 5.37036, 0.27754), (-9.30829, 5.36236, 0.28276), (-11.22817, 4.81239, 0.30267), (-11.22435, 4.80364, 0.30397), (-10.36380, 5.08001, 0.30267), (-10.36139, 5.07082, 0.30397), (-11.22052, 4.79483, 0.30467), (-10.35897, 5.06158, 0.30467), (-9.31031, 5.37801, 0.27183), (-11.18731, 4.71866, 0.28438), (-11.18404, 4.71115, 0.27934), (-10.33802, 4.98162, 0.28438), (-10.33595, 4.97374, 0.27934), (-11.19071, 4.72644, 0.28891), (-10.34016, 4.98979, 0.28891), (-11.23566, 4.82957, 0.29830), (-10.36853, 5.09805, 0.29830), (-9.30142, 5.30908, 0.30267), (-9.30020, 5.29964, 0.30397), (-11.20147, 4.75114, 0.29919), (-11.19780, 4.74271, 0.29632), (-10.34695, 5.01572, 0.29919), (-10.34463, 5.00687, 0.29632), (-11.20521, 4.75972, 0.30147), (-10.34931, 5.02472, 0.30147), (-11.21667, 4.78600, 0.30477), (-11.21282, 4.77718, 0.30427), (-10.35654, 5.05231, 0.30477), (-10.35412, 5.04305, 0.30427), (-9.29774, 5.28061, 0.30477), (-9.29652, 5.27109, 0.30427), (-11.23194, 4.82104, 0.30077), (-10.36618, 5.08909, 0.30077), (-11.20900, 4.76841, 0.30317), (-10.35170, 5.03384, 0.30317), (-9.28945, 5.21634, 0.28891), (-9.28837, 5.20795, 0.28438), (-11.25895, 4.88300, 0.26566), (-10.38323, 5.15414, 0.26566), (-11.26173, 4.88938, 0.25903), (-10.38498, 5.16083, 0.25903), (-10.38663, 5.16710, 0.25198), (-11.26433, 4.89535, 0.25198), (-11.19421, 4.73447, 0.29289), (-10.34237, 4.99822, 0.29289), (-9.31125, 5.38528, 0.26566), (-9.28733, 5.19985, 0.27934), (-9.29530, 5.26163, 0.30317), (-9.29057, 5.22501, 0.29289), (-9.29409, 5.25225, 0.30147), (-9.29289, 5.24300, 0.29919), (-9.30381, 5.32763, 0.29830), (-9.30262, 5.31842, 0.30077), (-9.30611, 5.34548, 0.29162), (-9.30498, 5.33666, 0.29524), (-9.29897, 5.29014, 0.30467), (-9.29172, 5.23390, 0.29632), (-9.30722, 5.35406, 0.28746), (-9.31751, 5.43384, 0.17466), (-10.39561, 5.20138, 0.17466), (-9.31729, 5.43216, 0.18409), (-10.39518, 5.19974, 0.18409), (-9.31700, 5.42988, 0.19338), (-10.39460, 5.19753, 0.19338), (-9.31761, 5.43464, 0.13647), (-10.39581, 5.20215, 0.13647), (-9.31770, 5.43534, 0.14602), (-10.39599, 5.20283, 0.14602), (-9.31772, 5.43544, 0.15559), (-10.39602, 5.20293, 0.15559), (-9.31745, 5.43335, 0.12698), (-10.39548, 5.20090, 0.12698), (-10.38956, 5.17831, 0.23674), (-11.26898, 4.90602, 0.23674), (-10.38816, 5.17294, 0.24454), (-11.26675, 4.90091, 0.24454), (-10.39084, 5.18319, 0.22860), (-11.27101, 4.91068, 0.22860), (-9.31765, 5.43494, 0.16515), (-10.39589, 5.20244, 0.16515), (-9.31663, 5.42703, 0.20252), (-10.39387, 5.19475, 0.20252), (-9.31720, 5.43146, 0.11760), (-10.39500, 5.19906, 0.11760), (-9.31688, 5.42900, 0.10835), (-10.39437, 5.19666, 0.10835), (-9.31649, 5.42596, 0.09928), (-10.39360, 5.19371, 0.09928), (-9.31619, 5.42362, 0.21146), (-10.39300, 5.19143, 0.21146), (-9.31568, 5.41965, 0.22016), (-10.39199, 5.18757, 0.22016), (-9.31510, 5.41515, 0.22860), (-9.31603, 5.42236, 0.09041), (-10.39268, 5.19020, 0.09041), (-9.31550, 5.41821, 0.08179), (-10.39162, 5.18617, 0.08179), (-9.31445, 5.41013, 0.23674), (-9.31489, 5.41353, 0.07345), (-10.39043, 5.18162, 0.07345), (-9.31422, 5.40834, 0.06542), (-10.38911, 5.17657, 0.06542), (-9.31374, 5.40461, 0.24454), (-9.31297, 5.39861, 0.25198), (-9.31213, 5.39216, 0.25903), (-10.36059, 5.06775, 0.00053), (-9.29979, 5.29648, 0.00053), (-10.35816, 5.05849, 0.00003), (-9.29856, 5.28696, 0.00003), (-7.57663, 5.37270, 0.00053), (-7.57688, 5.36312, 0.00003), (-10.38441, 5.15864, 0.04351), (-9.31184, 5.38992, 0.04351), (-10.38262, 5.15182, 0.03703), (-9.31094, 5.38290, 0.03703), (-10.38073, 5.14461, 0.03101), (-9.30998, 5.37549, 0.03101), (-10.36775, 5.09508, 0.00561), (-9.30341, 5.32458, 0.00561), (-10.36539, 5.08608, 0.00333), (-9.30222, 5.31532, 0.00333), (-7.57590, 5.40099, 0.00561), (-7.57614, 5.39167, 0.00333), (-10.36300, 5.07695, 0.00163), (-9.30101, 5.30595, 0.00163), (-7.57639, 5.38223, 0.00163), (-10.35573, 5.04922, 0.00013), (-9.29734, 5.27743, 0.00013), (-10.35331, 5.03997, 0.00083), (-9.29611, 5.26793, 0.00083), (-10.37875, 5.13706, 0.02546), (-9.30898, 5.36773, 0.02546), (-10.37669, 5.12918, 0.02042), (-9.30794, 5.35963, 0.02042), (-7.57479, 5.44443, 0.02546), (-7.57500, 5.43628, 0.02042), (-7.57712, 5.35352, 0.00013), (-7.57737, 5.34395, 0.00083), (-10.37234, 5.11258, 0.01191), (-9.30574, 5.34257, 0.01191), (-10.37007, 5.10393, 0.00848), (-9.30459, 5.33367, 0.00848), (-10.37455, 5.12101, 0.01589), (-9.30685, 5.35123, 0.01589), (-9.31349, 5.40266, 0.05774), (-10.38766, 5.17104, 0.05774), (-10.35090, 5.03079, 0.00213), (-9.29489, 5.25849, 0.00213), (-10.34852, 5.02170, 0.00403), (-9.29369, 5.24915, 0.00403), (-10.34617, 5.01275, 0.00650), (-9.29250, 5.23995, 0.00650), (-7.57761, 5.33445, 0.00213), (-7.57785, 5.32504, 0.00403), (-10.34387, 5.00396, 0.00956), (-9.29133, 5.23092, 0.00956), (-7.57809, 5.31578, 0.00650), (-9.31269, 5.39651, 0.05042), (-10.38609, 5.16506, 0.05042), (-7.57567, 5.41014, 0.00848), (-7.57521, 5.42782, 0.01589), (-7.57544, 5.41910, 0.01191), (-10.31869, 4.90787, 0.14921), (-9.27859, 5.13214, 0.14921), (-10.31871, 4.90796, 0.15878), (-9.27861, 5.13224, 0.15878), (-10.32386, 4.92760, 0.07620), (-9.28121, 5.15243, 0.07620), (-10.32271, 4.92322, 0.08464), (-9.28063, 5.14792, 0.08464), (-10.32514, 4.93249, 0.06806), (-9.28186, 5.15745, 0.06806), (-10.32170, 4.91936, 0.09334), (-9.28012, 5.14396, 0.09334), (-10.31889, 4.90864, 0.16833), (-9.27870, 5.13293, 0.16833), (-10.31922, 4.90990, 0.17782), (-9.27886, 5.13423, 0.17782), (-10.34162, 4.99538, 0.01318), (-9.29020, 5.22209, 0.01318), (-7.57832, 5.30668, 0.00956), (-7.57855, 5.29780, 0.01318), (-10.32083, 4.91604, 0.10228), (-9.27968, 5.14054, 0.10228), (-10.32010, 4.91327, 0.11142), (-9.27931, 5.13769, 0.11142), (-10.31952, 4.91106, 0.12071), (-9.27901, 5.13542, 0.12071), (-10.31909, 4.90942, 0.13014), (-9.27880, 5.13373, 0.13014), (-10.32655, 4.93786, 0.06026), (-9.28257, 5.16297, 0.06026), (-7.58008, 5.23827, 0.06026), (-7.58022, 5.23271, 0.06806), (-10.33147, 4.95666, 0.03914), (-9.28506, 5.18229, 0.03914), (-10.32972, 4.94997, 0.04577), (-9.28417, 5.17541, 0.04577), (-10.32808, 4.94369, 0.05282), (-9.28334, 5.16896, 0.05282), (-7.57958, 5.25773, 0.03914), (-7.57976, 5.25080, 0.04577), (-10.33943, 4.98703, 0.01734), (-9.28909, 5.21351, 0.01734), (-10.33333, 4.96374, 0.03297), (-9.28600, 5.18957, 0.03297), (-7.57939, 5.26505, 0.03297), (-7.58035, 5.22766, 0.07620), (-7.58047, 5.22312, 0.08464), (-10.31881, 4.90835, 0.13965), (-9.27866, 5.13264, 0.13965), (-10.33732, 4.97896, 0.02204), (-9.28802, 5.20521, 0.02204), (-10.33528, 4.97118, 0.02726), (-9.28699, 5.19722, 0.02726), (-7.57993, 5.24431, 0.05282), (-7.57899, 5.28080, 0.02204), (-7.57920, 5.27276, 0.02726), (-7.58073, 5.21282, 0.11142), (-7.58079, 5.21053, 0.12071), (-7.58088, 5.20723, 0.14921), (-7.58087, 5.20733, 0.15878), (-7.57877, 5.28916, 0.01734), (-7.58057, 5.21913, 0.09334), (-7.58066, 5.21569, 0.10228), (-7.58084, 5.20883, 0.13014), (-7.58087, 5.20773, 0.13965), (-10.33397, 4.96618, 0.27379), (-9.28632, 5.19208, 0.27379), (-7.57913, 5.27540, 0.27934), (-7.57933, 5.26758, 0.27379), (-10.32704, 4.93975, 0.24706), (-9.28282, 5.16491, 0.24706), (-10.32861, 4.94574, 0.25438), (-9.28361, 5.17106, 0.25438), (-10.32559, 4.93423, 0.23938), (-9.28209, 5.15923, 0.23938), (-7.57892, 5.28356, 0.28438), (-10.33029, 4.95215, 0.26129), (-9.28446, 5.17766, 0.26129), (-10.32202, 4.92059, 0.21439), (-9.28028, 5.14522, 0.21439), (-10.32308, 4.92463, 0.22301), (-9.28081, 5.14937, 0.22301), (-7.58054, 5.22040, 0.21439), (-7.58043, 5.22457, 0.22301), (-7.58086, 5.20803, 0.16833), (-10.32033, 4.91413, 0.19645), (-9.27942, 5.13858, 0.19645), (-10.32110, 4.91709, 0.20552), (-9.27981, 5.14162, 0.20552), (-7.58018, 5.23451, 0.23938), (-7.58003, 5.24023, 0.24706), (-7.57848, 5.30074, 0.29289), (-7.57870, 5.29201, 0.28891), (-10.31970, 4.91173, 0.18720), (-9.27910, 5.13611, 0.18720), (-7.57801, 5.31885, 0.29919), (-7.57825, 5.30969, 0.29632), (-7.57777, 5.32817, 0.30147), (-10.32427, 4.92918, 0.23135), (-9.28142, 5.15404, 0.23135), (-7.58031, 5.22928, 0.23135), (-7.58063, 5.21677, 0.20552), (-10.33208, 4.95898, 0.26777), (-9.28537, 5.18467, 0.26777), (-7.57952, 5.26013, 0.26777), (-7.58082, 5.20933, 0.17782), (-7.57753, 5.33761, 0.30317), (-7.58071, 5.21371, 0.19645), (-7.57987, 5.24642, 0.25438), (-7.58078, 5.21123, 0.18720), (-7.57970, 5.25306, 0.26129), (-7.57728, 5.34714, 0.30427), (-7.57606, 5.39479, 0.30077), (-7.57630, 5.38539, 0.30267), (-7.57679, 5.36631, 0.30467), (-7.57704, 5.35672, 0.30477), (-7.57452, 5.45478, 0.27183), (-7.57472, 5.44708, 0.27754), (-7.57493, 5.43903, 0.28276), (-7.57383, 5.48156, 0.24454), (-7.57536, 5.42204, 0.29162), (-7.57559, 5.41315, 0.29524), (-7.57582, 5.40406, 0.29830), (-7.57514, 5.43067, 0.28746), (-7.57655, 5.37588, 0.30397), (-7.57416, 5.46903, 0.25903), (-7.57433, 5.46211, 0.26566), (-7.57399, 5.47553, 0.25198), (-5.98500, 5.22972, 0.00163), (-5.98366, 5.23906, 0.00333), (-5.97733, 5.28317, 0.02042), (-5.97617, 5.29123, 0.02546), (-5.98771, 5.21082, 0.00003), (-5.98635, 5.22030, 0.00053), (-5.98234, 5.24827, 0.00561), (-5.99177, 5.18247, 0.00213), (-5.99043, 5.19187, 0.00083), (-5.99938, 5.12942, 0.02204), (-5.99820, 5.13769, 0.01734), (-6.00052, 5.12147, 0.02726), (-6.00162, 5.11385, 0.03297), (-6.00265, 5.10660, 0.03914), (-5.97853, 5.27481, 0.01589), (-5.99571, 5.15501, 0.00956), (-5.99442, 5.16401, 0.00650), (-5.99697, 5.14623, 0.01318), (-5.98907, 5.20133, 0.00013), (-5.98104, 5.25732, 0.00848), (-5.97977, 5.26618, 0.01191), (-5.99311, 5.17317, 0.00403), (-6.00364, 5.09976, 0.04577), (-6.00456, 5.09333, 0.05282), (-6.00541, 5.08736, 0.06026), (-6.00959, 5.05826, 0.13014), (-6.00975, 5.05717, 0.13965), (-6.00756, 5.07238, 0.08464), (-6.00813, 5.06844, 0.09334), (-6.00980, 5.05677, 0.15878), (-6.00970, 5.05746, 0.16833), (-6.00982, 5.05667, 0.14921), (-6.00620, 5.08187, 0.06806), (-6.00952, 5.05875, 0.17782), (-6.00925, 5.06063, 0.18720), (-6.00862, 5.06504, 0.10228), (-6.00846, 5.06611, 0.20552), (-6.00795, 5.06969, 0.21439), (-6.00692, 5.07687, 0.07620), (-6.00890, 5.06308, 0.19645), (-6.00736, 5.07382, 0.22301), (-6.00902, 5.06220, 0.11142), (-6.00935, 5.05994, 0.12071), (-5.98590, 5.22344, 0.30397), (-5.98455, 5.23284, 0.30267), (-6.00669, 5.07848, 0.23135), (-6.00332, 5.10199, 0.26129), (-6.00232, 5.10898, 0.26777), (-5.99779, 5.14051, 0.28891), (-5.99655, 5.14913, 0.29289), (-6.00595, 5.08365, 0.23938), (-6.00514, 5.08930, 0.24706), (-5.98997, 5.19502, 0.30427), (-5.98862, 5.20449, 0.30477), (-5.99528, 5.15799, 0.29632), (-5.99399, 5.16704, 0.29919), (-5.98725, 5.21398, 0.30467), (-5.98321, 5.24214, 0.30077), (-6.00015, 5.12408, 0.27934), (-5.99899, 5.13215, 0.28438), (-5.99132, 5.18560, 0.30317), (-6.00426, 5.09543, 0.25438), (-5.99266, 5.17626, 0.30147), (-6.00126, 5.11635, 0.27379), (-5.97367, 5.30871, 0.26566), (-5.97269, 5.31556, 0.25903), (-5.97176, 5.32198, 0.25198), (-5.97091, 5.32795, 0.24454), (-5.97471, 5.30147, 0.27183), (-5.98190, 5.25131, 0.29830), (-5.98061, 5.26030, 0.29524), (-5.97580, 5.29385, 0.27754), (-5.97813, 5.27763, 0.28746), (-5.97694, 5.28589, 0.28276), (-5.15011, 5.18142, 0.22860), (-5.97935, 5.26908, 0.29162), (-9.27373, 1.27570, 0.09334), (-9.66917, 2.05529, 0.09334), (-9.27069, 1.27730, 0.10228), (-9.66626, 2.05714, 0.10228), (-9.27726, 1.27385, 0.08464), (-9.67255, 2.05314, 0.08464), (-9.78285, 1.98294, 0.00013), (-9.77476, 1.98809, 0.00083), (-9.39242, 1.21324, 0.00013), (-9.38397, 1.21769, 0.00083), (-10.28586, 2.62568, 0.00013), (-10.27977, 2.63339, 0.00083), (-9.75092, 2.00326, 0.00650), (-9.74323, 2.00815, 0.00956), (-9.35909, 1.23078, 0.00650), (-9.35106, 1.23501, 0.00956), (-9.73572, 2.01294, 0.01318), (-9.34321, 1.23914, 0.01318), (-10.20289, 2.73080, 0.08464), (-10.20035, 2.73402, 0.09334), (-9.72841, 2.01759, 0.01734), (-9.72134, 2.02209, 0.02204), (-9.33558, 1.24315, 0.01734), (-9.32820, 1.24704, 0.02204), (-9.71453, 2.02642, 0.02726), (-9.70802, 2.03056, 0.03297), (-9.32109, 1.25078, 0.02726), (-9.31429, 1.25436, 0.03297), (-9.69596, 2.03823, 0.04577), (-9.69047, 2.04173, 0.05282), (-9.30170, 1.26098, 0.04577), (-9.29597, 1.26400, 0.05282), (-9.26816, 1.27864, 0.11142), (-9.66383, 2.05868, 0.11142), (-10.19816, 2.73679, 0.10228), (-10.19634, 2.73910, 0.11142), (-9.75876, 1.99827, 0.00403), (-9.36727, 1.22648, 0.00403), (-9.76671, 1.99321, 0.00213), (-9.37558, 1.22210, 0.00213), (-10.27373, 2.64106, 0.00213), (-10.26774, 2.64864, 0.00403), (-10.23447, 2.69079, 0.02726), (-10.22957, 2.69700, 0.03297), (-9.29063, 1.26681, 0.06026), (-9.68536, 2.04498, 0.06026), (-9.28573, 1.26939, 0.06806), (-9.68066, 2.04797, 0.06806), (-9.70182, 2.03451, 0.03914), (-9.30782, 1.25776, 0.03914), (-10.22491, 2.70290, 0.03914), (-10.22050, 2.70849, 0.04577), (-10.26185, 2.65611, 0.00650), (-10.25606, 2.66344, 0.00956), (-9.79096, 1.97778, 0.00003), (-9.40089, 1.20878, 0.00003), (-10.29197, 2.61795, 0.00003), (-9.26614, 1.27970, 0.12071), (-9.66190, 2.05991, 0.12071), (-10.25041, 2.67060, 0.01318), (-9.28126, 1.27174, 0.07620), (-9.67638, 2.05069, 0.07620), (-10.23959, 2.68430, 0.02204), (-10.20578, 2.72714, 0.07620), (-10.24491, 2.67756, 0.01734), (-10.21637, 2.71372, 0.05282), (-10.21253, 2.71859, 0.06026), (-10.20899, 2.72307, 0.06806), (-9.79907, 1.97262, 0.00053), (-9.40936, 1.20433, 0.00053), (-9.27165, 1.27680, 0.20552), (-9.26895, 1.27822, 0.19645), (-9.66718, 2.05655, 0.20552), (-9.66459, 2.05820, 0.19645), (-9.26675, 1.27938, 0.18720), (-9.66249, 2.05954, 0.18720), (-10.19885, 2.73592, 0.20552), (-10.19691, 2.73838, 0.19645), (-9.27854, 1.27317, 0.22301), (-9.27485, 1.27511, 0.21439), (-9.67378, 2.05235, 0.22301), (-9.67024, 2.05460, 0.21439), (-10.20382, 2.72963, 0.22301), (-10.20116, 2.73299, 0.21439), (-9.26508, 1.28026, 0.17782), (-9.26393, 1.28086, 0.16833), (-9.66088, 2.06056, 0.17782), (-9.65978, 2.06126, 0.16833), (-9.29237, 1.26590, 0.24706), (-9.28731, 1.26856, 0.23938), (-9.68702, 2.04393, 0.24706), (-9.68218, 2.04700, 0.23938), (-10.21378, 2.71701, 0.24706), (-10.21014, 2.72162, 0.23938), (-9.71016, 2.02920, 0.27379), (-9.31652, 1.25318, 0.27379), (-9.70385, 2.03322, 0.26777), (-9.30994, 1.25665, 0.26777), (-9.26464, 1.28049, 0.13014), (-9.66046, 2.06083, 0.13014), (-10.19488, 2.74095, 0.12071), (-10.19380, 2.74232, 0.13014), (-9.26366, 1.28100, 0.13965), (-9.65953, 2.06142, 0.13965), (-9.26322, 1.28123, 0.14921), (-9.65910, 2.06169, 0.14921), (-9.26331, 1.28119, 0.15878), (-9.65919, 2.06164, 0.15878), (-10.19284, 2.74353, 0.15878), (-10.19278, 2.74361, 0.14921), (-9.29783, 1.26302, 0.25438), (-9.69226, 2.04059, 0.25438), (-9.28270, 1.27098, 0.23135), (-9.67776, 2.04982, 0.23135), (-9.71677, 2.02499, 0.27934), (-9.32343, 1.24955, 0.27934), (-9.72367, 2.02060, 0.28438), (-9.33063, 1.24576, 0.28438), (-9.69787, 2.03702, 0.26129), (-9.30370, 1.25993, 0.26129), (-10.24135, 2.68208, 0.28438), (-10.23616, 2.68865, 0.27934), (-10.19412, 2.74191, 0.17782), (-10.19329, 2.74296, 0.16833), (-10.19310, 2.74321, 0.13965), (-10.19533, 2.74039, 0.18720), (-10.21772, 2.71202, 0.25438), (-10.22194, 2.70666, 0.26129), (-10.23118, 2.69496, 0.27379), (-10.22644, 2.70097, 0.26777), (-9.73082, 2.01605, 0.28891), (-9.33810, 1.24183, 0.28891), (-9.73820, 2.01136, 0.29289), (-9.34580, 1.23777, 0.29289), (-10.20681, 2.72583, 0.23135), (-9.78555, 1.98122, 0.30477), (-9.39524, 1.21175, 0.30477), (-9.77745, 1.98638, 0.30427), (-9.38678, 1.21621, 0.30427), (-9.76939, 1.99151, 0.30317), (-9.37837, 1.22064, 0.30317), (-9.74578, 2.00653, 0.29632), (-9.35371, 1.23361, 0.29632), (-10.25798, 2.66101, 0.29632), (-10.25228, 2.66823, 0.29289), (-9.81776, 1.96073, 0.30077), (-9.42887, 1.19406, 0.30077), (-9.80980, 1.96579, 0.30267), (-9.42056, 1.19843, 0.30267), (-10.31212, 2.59241, 0.30077), (-10.30614, 2.59999, 0.30267), (-9.84080, 1.94606, 0.29162), (-9.45293, 1.18140, 0.29162), (-9.83329, 1.95084, 0.29524), (-9.44509, 1.18552, 0.29524), (-9.82560, 1.95574, 0.29830), (-9.43705, 1.18975, 0.29830), (-9.79367, 1.97606, 0.30467), (-9.40372, 1.20729, 0.30467), (-10.29400, 2.61537, 0.30467), (-10.28790, 2.62310, 0.30477), (-9.76140, 1.99659, 0.30147), (-9.37003, 1.22503, 0.30147), (-9.75352, 2.00161, 0.29919), (-9.36180, 1.22936, 0.29919), (-10.26973, 2.64612, 0.30147), (-10.26380, 2.65363, 0.29919), (-9.84811, 1.94141, 0.28746), (-9.46056, 1.17738, 0.28746), (-10.32946, 2.57045, 0.29162), (-10.32380, 2.57761, 0.29524), (-9.85518, 1.93691, 0.28276), (-9.46794, 1.17350, 0.28276), (-9.86199, 1.93258, 0.27754), (-9.47505, 1.16976, 0.27754), (-10.34027, 2.55675, 0.28276), (-10.33495, 2.56349, 0.28746), (-9.86850, 1.92843, 0.27183), (-9.48185, 1.16618, 0.27183), (-9.87470, 1.92449, 0.26566), (-9.48832, 1.16277, 0.26566), (-10.35029, 2.54405, 0.27183), (-10.34539, 2.55026, 0.27754), (-10.31802, 2.58494, 0.29830), (-10.28180, 2.63083, 0.30427), (-10.27574, 2.63851, 0.30317), (-9.88056, 1.92076, 0.25903), (-9.49444, 1.15955, 0.25903), (-10.24673, 2.67527, 0.28891), (-9.80176, 1.97090, 0.30397), (-9.41217, 1.20285, 0.30397), (-10.30009, 2.60766, 0.30397), (-11.26585, 3.10592, 0.00403), (-11.26099, 3.11386, 0.00650), (-11.22689, 3.16956, 0.04577), (-11.22348, 3.17512, 0.05282), (-11.21740, 3.18507, 0.06806), (-11.21475, 3.18940, 0.07620), (-11.20696, 3.20212, 0.11142), (-11.20576, 3.20408, 0.12071), (-11.21237, 3.19329, 0.08464), (-11.21027, 3.19671, 0.09334), (-11.20847, 3.19966, 0.10228), (-11.20487, 3.20553, 0.13014), (-11.27078, 3.09786, 0.00213), (-11.25155, 3.12927, 0.01318), (-11.24702, 3.13667, 0.01734), (-11.22032, 3.18030, 0.06026), (-11.27577, 3.08971, 0.00083), (-11.23053, 3.16362, 0.03914), (-11.24264, 3.14384, 0.02204), (-11.25622, 3.12166, 0.00956), (-11.23841, 3.15074, 0.02726), (-11.23437, 3.15734, 0.03297), (-9.90397, 1.90586, 0.22016), (-9.90014, 1.90830, 0.22860), (-10.37697, 2.51025, 0.22016), (-10.37409, 2.51390, 0.22860), (-11.35593, 2.95876, 0.22016), (-11.35355, 2.96265, 0.22860), (-9.91268, 1.90032, 0.19338), (-9.91026, 1.90186, 0.20252), (-10.38352, 2.50195, 0.19338), (-10.38170, 2.50426, 0.20252), (-11.36134, 2.94993, 0.19338), (-11.35983, 2.95239, 0.20252), (-10.35936, 2.53256, 0.25903), (-10.35495, 2.53815, 0.26566), (-9.91742, 1.89731, 0.15559), (-9.91699, 1.89758, 0.16515), (-10.38708, 2.49744, 0.15559), (-10.38676, 2.49784, 0.16515), (-9.91606, 1.89817, 0.17466), (-10.38606, 2.49873, 0.17466), (-9.51041, 1.15114, 0.23674), (-9.50550, 1.15373, 0.24454), (-9.89586, 1.91102, 0.23674), (-9.89116, 1.91402, 0.24454), (-9.51488, 1.14879, 0.22860), (-11.36427, 2.94513, 0.15559), (-11.36401, 2.94556, 0.16515), (-9.91674, 1.89774, 0.13647), (-10.38657, 2.49809, 0.13647), (-9.91563, 1.89844, 0.12698), (-10.38574, 2.49913, 0.12698), (-9.91733, 1.89736, 0.14602), (-10.38702, 2.49752, 0.14602), (-9.91193, 1.90080, 0.10835), (-10.38296, 2.50267, 0.10835), (-9.90934, 1.90244, 0.09928), (-10.38101, 2.50513, 0.09928), (-9.90628, 1.90440, 0.09041), (-10.37870, 2.50806, 0.09041), (-9.91403, 1.89946, 0.11760), (-10.38454, 2.50066, 0.11760), (-11.36217, 2.94856, 0.11760), (-11.36317, 2.94694, 0.12698), (-9.90735, 1.90371, 0.21146), (-10.37951, 2.50703, 0.21146), (-9.90274, 1.90664, 0.08179), (-10.37605, 2.51142, 0.08179), (-11.35736, 2.95642, 0.09041), (-11.35926, 2.95332, 0.09928), (-11.36343, 2.94651, 0.17466), (-9.91462, 1.89908, 0.18409), (-10.38498, 2.50010, 0.18409), (-11.36254, 2.94797, 0.18409), (-11.36385, 2.94582, 0.13647), (-11.36422, 2.94522, 0.14602), (-11.35803, 2.95533, 0.21146), (-9.50017, 1.15653, 0.25198), (-9.88605, 1.91727, 0.25198), (-10.37087, 2.51798, 0.23674), (-10.36733, 2.52246, 0.24454), (-11.36087, 2.95069, 0.10835), (-9.89876, 1.90918, 0.07345), (-10.37305, 2.51522, 0.07345), (-11.35517, 2.96000, 0.08179), (-10.36349, 2.52733, 0.25198), (-10.31014, 2.59493, 0.00333), (-10.30413, 2.60254, 0.00163), (-9.81512, 1.96241, 0.00333), (-9.80713, 1.96749, 0.00163), (-10.34868, 2.54609, 0.03101), (-10.34371, 2.55240, 0.02546), (-9.86636, 1.92979, 0.03101), (-9.85975, 1.93400, 0.02546), (-11.30081, 3.04880, 0.00333), (-11.29586, 3.05690, 0.00163), (-10.29806, 2.61022, 0.00053), (-11.28583, 3.07328, 0.00003), (-11.28079, 3.08150, 0.00013), (-9.89434, 1.91199, 0.06542), (-10.36973, 2.51943, 0.06542), (-9.88950, 1.91507, 0.05774), (-10.36609, 2.52404, 0.05774), (-11.34696, 2.97342, 0.05774), (-11.34996, 2.96852, 0.06542), (-10.33852, 2.55897, 0.02042), (-10.33314, 2.56578, 0.01589), (-9.85285, 1.93839, 0.02042), (-9.84570, 1.94294, 0.01589), (-10.32759, 2.57282, 0.01191), (-9.83832, 1.94764, 0.01191), (-11.32850, 3.00357, 0.02546), (-11.32422, 3.01056, 0.02042), (-10.36215, 2.52903, 0.05042), (-9.88426, 1.91840, 0.05042), (-10.35792, 2.53439, 0.04351), (-10.35343, 2.54008, 0.03703), (-9.87865, 1.92198, 0.04351), (-9.87267, 1.92578, 0.03703), (-11.33260, 2.99687, 0.03101), (-11.35270, 2.96404, 0.07345), (-11.31978, 3.01781, 0.01589), (-10.31606, 2.58742, 0.00561), (-9.82300, 1.95739, 0.00561), (-10.32189, 2.58004, 0.00848), (-9.83074, 1.95246, 0.00848), (-11.31521, 3.02529, 0.01191), (-11.31051, 3.03297, 0.00848), (-11.34371, 2.97873, 0.05042), (-11.34022, 2.98442, 0.04351), (-11.33652, 2.99048, 0.03703), (-11.30570, 3.04082, 0.00561), (-11.29086, 3.06507, 0.00053), (-8.63580, -0.50495, 0.15559), (-9.53292, 1.13930, 0.15559), (-8.63571, -0.50490, 0.14602), (-9.53283, 1.13935, 0.14602), (-8.63512, -0.50453, 0.13647), (-9.53221, 1.13967, 0.13647), (-8.63300, -0.50321, 0.18409), (-8.63105, -0.50200, 0.19338), (-9.53000, 1.14083, 0.18409), (-9.52798, 1.14190, 0.19338), (-8.63444, -0.50411, 0.17466), (-9.53150, 1.14004, 0.17466), (-8.63537, -0.50469, 0.16515), (-9.53247, 1.13953, 0.16515), (-7.66209, -1.88820, 0.15559), (-7.66175, -1.88781, 0.16515), (-8.62231, -0.49656, 0.22016), (-8.61846, -0.49417, 0.22860), (-9.51888, 1.14669, 0.22016), (-8.61417, -0.49150, 0.23674), (-8.62570, -0.49867, 0.21146), (-9.52241, 1.14483, 0.21146), (-8.62862, -0.50049, 0.20252), (-9.52545, 1.14323, 0.20252), (-7.66202, -1.88812, 0.14602), (-7.66154, -1.88758, 0.13647), (-7.65635, -1.88167, 0.20252), (-7.65402, -1.87902, 0.21146), (-8.63401, -0.50384, 0.12698), (-9.53106, 1.14028, 0.12698), (-7.65132, -1.87595, 0.22016), (-7.64824, -1.87245, 0.22860), (-7.65830, -1.88389, 0.19338), (-7.65985, -1.88565, 0.18409), (-7.66100, -1.88696, 0.17466), (-8.61265, -0.49055, 0.06542), (-9.50882, 1.15198, 0.06542), (-8.60779, -0.48753, 0.05774), (-9.50377, 1.15464, 0.05774), (-8.60253, -0.48426, 0.05042), (-9.49830, 1.15752, 0.05042), (-9.49244, 1.16060, 0.04351), (-8.59690, -0.48076, 0.04351), (-8.63240, -0.50284, 0.11760), (-9.52938, 1.14116, 0.11760), (-8.63030, -0.50153, 0.10835), (-9.52719, 1.14231, 0.10835), (-7.66066, -1.88657, 0.12698), (-7.65938, -1.88511, 0.11760), (-8.62770, -0.49991, 0.09928), (-9.52449, 1.14374, 0.09928), (-8.62462, -0.49800, 0.09041), (-9.52129, 1.14542, 0.09041), (-7.65562, -1.88084, 0.09928), (-7.65316, -1.87804, 0.09041), (-8.62108, -0.49580, 0.08179), (-9.51760, 1.14736, 0.08179), (-7.65033, -1.87483, 0.08179), (-8.61708, -0.49331, 0.07345), (-9.51344, 1.14955, 0.07345), (-7.63552, -1.85799, 0.05042), (-7.63102, -1.85287, 0.04351), (-7.65769, -1.88320, 0.10835), (-7.64714, -1.87120, 0.07345), (-7.63972, -1.86276, 0.05774), (-9.48620, 1.16388, 0.03703), (-8.59090, -0.47703, 0.03703), (-7.64360, -1.86717, 0.06542), (-9.47962, 1.16735, 0.03101), (-9.47271, 1.17099, 0.02546), (-8.58458, -0.47309, 0.03101), (-8.57794, -0.46896, 0.02546), (-9.45804, 1.17871, 0.01589), (-9.45034, 1.18276, 0.01191), (-8.56384, -0.46020, 0.01589), (-8.55644, -0.45559, 0.01191), (-9.46551, 1.17478, 0.02042), (-8.57102, -0.46466, 0.02042), (-9.43434, 1.19118, 0.00561), (-9.42611, 1.19551, 0.00333), (-8.54106, -0.44603, 0.00561), (-8.53316, -0.44111, 0.00333), (-7.58644, -1.80216, 0.00561), (-7.58012, -1.79498, 0.00333), (-7.61036, -1.82936, 0.02042), (-7.60463, -1.82285, 0.01589), (-9.44243, 1.18692, 0.00848), (-8.54884, -0.45086, 0.00848), (-7.59871, -1.81612, 0.01191), (-7.62118, -1.84168, 0.03101), (-7.61588, -1.83565, 0.02546), (-9.41777, 1.19990, 0.00163), (-8.52514, -0.43613, 0.00163), (-7.57372, -1.78770, 0.00163), (-7.59264, -1.80922, 0.00848), (-8.51705, -0.43110, 0.00053), (-7.62624, -1.84742, 0.03703), (-8.50892, -0.42604, 0.00003), (-7.56726, -1.78035, 0.00053), (-7.56077, -1.77297, 0.00003), (-8.50078, -0.42097, 0.00013), (-8.46102, -0.39625, 0.00956), (-8.45349, -0.39156, 0.01318), (-8.44615, -0.38700, 0.01734), (-8.43906, -0.38259, 0.02204), (-8.43223, -0.37834, 0.02726), (-7.50498, -1.70952, 0.02204), (-7.49953, -1.70332, 0.02726), (-8.42569, -0.37427, 0.03297), (-7.49431, -1.69739, 0.03297), (-7.55427, -1.76558, 0.00013), (-8.47661, -0.40594, 0.00403), (-8.46874, -0.40105, 0.00650), (-8.48459, -0.41091, 0.00213), (-8.41947, -0.37040, 0.03914), (-8.41360, -0.36675, 0.04577), (-7.48934, -1.69174, 0.03914), (-7.48465, -1.68640, 0.04577), (-8.40808, -0.36332, 0.05282), (-8.40296, -0.36013, 0.06026), (-7.48025, -1.68139, 0.05282), (-7.47616, -1.67674, 0.06026), (-8.39824, -0.35720, 0.06806), (-8.39395, -0.35453, 0.07620), (-7.53497, -1.74362, 0.00403), (-7.52869, -1.73648, 0.00650), (-8.49266, -0.41592, 0.00083), (-7.51650, -1.72263, 0.01318), (-7.51065, -1.71597, 0.01734), (-7.52252, -1.72947, 0.00956), (-7.54778, -1.75820, 0.00083), (-7.54134, -1.75087, 0.00213), (-7.47239, -1.67246, 0.06806), (-8.39010, -0.35214, 0.08464), (-7.46896, -1.66856, 0.07620), (-7.46589, -1.66507, 0.08464), (-8.38379, -0.34821, 0.10228), (-8.38136, -0.34670, 0.11142), (-7.46085, -1.65934, 0.10228), (-7.45891, -1.65712, 0.11142), (-8.37942, -0.34549, 0.12071), (-8.37798, -0.34460, 0.13014), (-8.37704, -0.34401, 0.13965), (-8.38671, -0.35003, 0.09334), (-7.45736, -1.65536, 0.12071), (-7.46318, -1.66199, 0.09334), (-7.45620, -1.65405, 0.13014), (-8.41552, -0.36794, 0.26129), (-8.40988, -0.36444, 0.25438), (-8.38471, -0.34879, 0.20552), (-8.38212, -0.34717, 0.19645), (-8.39133, -0.35290, 0.22301), (-8.38779, -0.35070, 0.21439), (-8.39533, -0.35539, 0.23135), (-8.40462, -0.36117, 0.24706), (-8.39977, -0.35815, 0.23938), (-7.47361, -1.67384, 0.23938), (-7.47007, -1.66982, 0.23135), (-8.42151, -0.37167, 0.26777), (-8.44857, -0.38850, 0.28891), (-8.44140, -0.38404, 0.28438), (-8.43448, -0.37974, 0.27934), (-7.47748, -1.67825, 0.24706), (-8.42784, -0.37561, 0.27379), (-7.49602, -1.69933, 0.27379), (-7.49097, -1.69359, 0.26777), (-8.45598, -0.39311, 0.29289), (-7.48618, -1.68814, 0.26129), (-7.48168, -1.68302, 0.25438), (-8.46358, -0.39784, 0.29632), (-8.47135, -0.40267, 0.29919), (-8.38001, -0.34586, 0.18720), (-7.46159, -1.66017, 0.20552), (-7.45951, -1.65781, 0.19645), (-7.46404, -1.66297, 0.21439), (-7.51849, -1.72489, 0.29289), (-7.51258, -1.71816, 0.28891), (-7.46687, -1.66618, 0.22301), (-7.50132, -1.70536, 0.27934), (-7.50685, -1.71165, 0.28438), (-7.52456, -1.73179, 0.29632), (-7.53077, -1.73885, 0.29919), (-8.37840, -0.34486, 0.17782), (-8.37730, -0.34417, 0.16833), (-7.45783, -1.65590, 0.18720), (-8.37661, -0.34375, 0.14921), (-8.37670, -0.34380, 0.15878), (-7.45546, -1.65320, 0.13965), (-7.45655, -1.65444, 0.17782), (-7.45566, -1.65343, 0.16833), (-7.45512, -1.65281, 0.14921), (-7.45519, -1.65289, 0.15878), (-8.50349, -0.42266, 0.30477), (-8.49536, -0.41760, 0.30427), (-8.53581, -0.44276, 0.30077), (-8.52782, -0.43779, 0.30267), (-7.58224, -1.79739, 0.30077), (-7.57587, -1.79014, 0.30267), (-8.54367, -0.44765, 0.29830), (-7.58852, -1.80453, 0.29830), (-8.51975, -0.43278, 0.30397), (-8.55893, -0.45714, 0.29162), (-8.55139, -0.45245, 0.29524), (-8.56626, -0.46170, 0.28746), (-8.47926, -0.40759, 0.30147), (-7.60656, -1.82504, 0.28746), (-7.60070, -1.81838, 0.29162), (-8.57335, -0.46611, 0.28276), (-8.58018, -0.47036, 0.27754), (-8.51164, -0.42773, 0.30467), (-7.61768, -1.83769, 0.27754), (-7.61222, -1.83149, 0.28276), (-7.56942, -1.78281, 0.30397), (-7.56294, -1.77544, 0.30467), (-8.48727, -0.41257, 0.30317), (-7.59468, -1.81154, 0.29524), (-8.58672, -0.47443, 0.27183), (-8.59294, -0.47830, 0.26566), (-7.62290, -1.84363, 0.27183), (-7.54994, -1.76066, 0.30427), (-7.54348, -1.75331, 0.30317), (-7.62786, -1.84927, 0.26566), (-7.55643, -1.76804, 0.30477), (-7.53708, -1.74603, 0.30147), (-8.60945, -0.48857, 0.24454), (-8.60433, -0.48538, 0.25198), (-8.59882, -0.48195, 0.25903), (-7.64105, -1.86427, 0.24454), (-7.63696, -1.85962, 0.25198), (-7.64482, -1.86855, 0.23674), (-7.63256, -1.85461, 0.25903), (-11.15690, 4.64887, 0.13965), (-11.15669, 4.64841, 0.14921), (-11.15673, 4.64850, 0.15878), (-11.16009, 4.65620, 0.10228), (-11.15894, 4.65355, 0.11142), (-11.15734, 4.64988, 0.13014), (-11.15702, 4.64915, 0.16833), (-11.15754, 4.65034, 0.17782), (-11.15830, 4.65209, 0.18720), (-11.15930, 4.65438, 0.19645), (-11.16052, 4.65719, 0.20552), (-11.16198, 4.66053, 0.21439), (-11.16764, 4.67352, 0.23938), (-11.16993, 4.67878, 0.24706), (-11.17242, 4.68448, 0.25438), (-11.17508, 4.69059, 0.26129), (-11.17792, 4.69709, 0.26777), (-11.18091, 4.70396, 0.27379), (-11.16365, 4.66437, 0.22301), (-11.16554, 4.66871, 0.23135), (-11.15802, 4.65145, 0.12071), (-11.16147, 4.65936, 0.09334), (-11.75410, 4.30950, 0.18720), (-11.75620, 4.31115, 0.19645), (-11.75250, 4.30824, 0.17782), (-11.75880, 4.31319, 0.20552), (-11.76079, 4.31475, 0.09334), (-11.75788, 4.31247, 0.10228), (-11.75351, 4.30904, 0.12071), (-11.75208, 4.30791, 0.13014), (-11.75114, 4.30718, 0.13965), (-11.76417, 4.31740, 0.08464), (-11.16307, 4.66303, 0.08464), (-11.75072, 4.30684, 0.14921), (-11.76186, 4.31559, 0.21439), (-11.75080, 4.30691, 0.15878), (-11.77381, 4.32497, 0.23938), (-11.77865, 4.32877, 0.24706), (-11.76540, 4.31837, 0.22301), (-11.75545, 4.31056, 0.11142), (-11.76938, 4.32150, 0.23135), (-11.75140, 4.30738, 0.16833), (-11.78389, 4.33289, 0.25438), (-11.76801, 4.32042, 0.07620), (-11.16489, 4.66721, 0.07620), (-11.78951, 4.33730, 0.26129), (-11.79549, 4.34199, 0.26777), (-11.80180, 4.34694, 0.27379), (-11.82986, 4.36897, 0.29289), (-11.82248, 4.36318, 0.28891), (-11.84519, 4.38101, 0.29919), (-11.83744, 4.37492, 0.29632), (-11.80842, 4.35214, 0.27934), (-11.88536, 4.41254, 0.30467), (-11.87724, 4.40617, 0.30477), (-11.86913, 4.39980, 0.30427), (-11.92500, 4.44367, 0.29524), (-11.91731, 4.43762, 0.29830), (-11.90946, 4.43147, 0.30077), (-11.81532, 4.35756, 0.28438), (-11.89346, 4.41890, 0.30397), (-11.86107, 4.39347, 0.30317), (-11.85307, 4.38720, 0.30147), (-11.93252, 4.44957, 0.29162), (-11.93983, 4.45531, 0.28746), (-11.94691, 4.46086, 0.28276), (-11.95372, 4.46621, 0.27754), (-11.96024, 4.47132, 0.27183), (-11.90151, 4.42522, 0.30267), (-11.96644, 4.47619, 0.26566), (-11.97230, 4.48079, 0.25903), (-11.27538, 4.92070, 0.09928), (-11.27660, 4.92351, 0.10835), (-11.27392, 4.91736, 0.09041), (-11.98291, 4.48912, 0.24454), (-11.97780, 4.48511, 0.25198), (-11.27836, 4.92754, 0.12698), (-11.27888, 4.92874, 0.13647), (-11.27760, 4.92580, 0.11760), (-11.98761, 4.49281, 0.23674), (-11.27788, 4.92644, 0.18409), (-11.27696, 4.92433, 0.19338), (-11.27856, 4.92800, 0.17466), (-11.27917, 4.92939, 0.14602), (-11.27921, 4.92948, 0.15559), (-11.27901, 4.92902, 0.16515), (-11.27443, 4.91853, 0.21146), (-11.27283, 4.91485, 0.22016), (-11.27581, 4.92169, 0.20252), (-11.27225, 4.91352, 0.08179), (-11.99189, 4.49617, 0.22860), (-11.22308, 4.80071, 0.00053), (-11.21923, 4.79189, 0.00003), (-11.21538, 4.78306, 0.00013), (-11.25799, 4.88079, 0.03703), (-11.25499, 4.87393, 0.03101), (-11.26082, 4.88729, 0.04351), (-11.24169, 4.84342, 0.01191), (-11.23810, 4.83517, 0.00848), (-11.25186, 4.86673, 0.02546), (-11.26597, 4.89911, 0.05774), (-11.26826, 4.90437, 0.06542), (-11.24519, 4.85145, 0.01589), (-11.23069, 4.81817, 0.00333), (-11.22690, 4.80948, 0.00163), (-11.27036, 4.90918, 0.07345), (-11.21155, 4.77425, 0.00083), (-11.23443, 4.82674, 0.00561), (-11.26348, 4.89340, 0.05042), (-11.20773, 4.76550, 0.00213), (-11.24858, 4.85923, 0.02042), (-11.20396, 4.75685, 0.00403), (-11.19659, 4.73995, 0.00956), (-11.19303, 4.73177, 0.01318), (-11.20024, 4.74831, 0.00650), (-11.18956, 4.72382, 0.01734), (-11.18621, 4.71613, 0.02204), (-11.18298, 4.70872, 0.02726), (-11.17989, 4.70163, 0.03297), (-11.17695, 4.69489, 0.03914), (-11.17417, 4.68851, 0.04577), (-11.17157, 4.68253, 0.05282), (-11.16915, 4.67698, 0.06026), (-11.16692, 4.67186, 0.06806), (-11.93134, 3.40423, 0.20252), (-11.92853, 3.40639, 0.21146), (-11.93693, 3.39993, 0.17466), (-11.93554, 3.40100, 0.18409), (-11.34482, 2.97692, 0.25198), (-11.34141, 2.98249, 0.25903), (-11.92750, 3.40719, 0.09041), (-11.93045, 3.40491, 0.09928), (-11.93368, 3.40243, 0.19338), (-11.34798, 2.97174, 0.24454), (-11.92409, 3.40981, 0.08179), (-11.92025, 3.41276, 0.07345), (-11.35090, 2.96698, 0.23674), (-11.91599, 3.41604, 0.06542), (-11.92528, 3.40890, 0.22016), (-11.92158, 3.41174, 0.22860), (-11.93758, 3.39943, 0.13647), (-11.93815, 3.39899, 0.14602), (-11.93783, 3.39924, 0.16515), (-11.93824, 3.39892, 0.15559), (-11.93497, 3.40144, 0.11760), (-11.93652, 3.40024, 0.12698), (-11.93295, 3.40299, 0.10835), (-11.21834, 3.18352, 0.23938), (-11.22134, 3.17862, 0.24706), (-11.20513, 3.20511, 0.17782), (-11.20613, 3.20348, 0.18720), (-11.20408, 3.20682, 0.15878), (-11.20445, 3.20622, 0.16833), (-11.20743, 3.20135, 0.19645), (-11.20904, 3.19873, 0.20552), (-11.25309, 3.12675, 0.29289), (-11.24852, 3.13423, 0.28891), (-11.20403, 3.20691, 0.14921), (-11.20429, 3.20648, 0.13965), (-11.21094, 3.19562, 0.21439), (-11.23570, 3.15517, 0.27379), (-11.23178, 3.16157, 0.26777), (-11.21560, 3.18800, 0.23135), (-11.22808, 3.16762, 0.26129), (-11.24408, 3.14148, 0.28438), (-11.21313, 3.19204, 0.22301), (-11.22459, 3.17331, 0.25438), (-11.23980, 3.14847, 0.27934), (-11.32989, 3.00131, 0.27754), (-11.32567, 3.00820, 0.28276), (-11.33777, 2.98842, 0.26566), (-11.32128, 3.01537, 0.28746), (-11.31675, 3.02277, 0.29162), (-11.33393, 2.99470, 0.27183), (-11.26260, 3.11123, 0.29919), (-11.25780, 3.11908, 0.29632), (-11.30731, 3.03818, 0.29830), (-11.30245, 3.04613, 0.30077), (-11.26749, 3.10324, 0.30147), (-11.28247, 3.07876, 0.30477), (-11.27744, 3.08698, 0.30427), (-11.29751, 3.05419, 0.30267), (-11.29253, 3.06234, 0.30397), (-11.28751, 3.07054, 0.30467), (-11.27244, 3.09515, 0.30317), (-11.31208, 3.03039, 0.29524), (-11.89511, 3.43212, 0.03703), (-11.88903, 3.43680, 0.03101), (-11.87601, 3.44682, 0.02042), (-11.86911, 3.45213, 0.01589), (-11.81636, 3.49273, 0.00003), (-11.80853, 3.49875, 0.00013), (-11.88265, 3.44170, 0.02546), (-11.80073, 3.50475, 0.00083), (-11.79298, 3.51072, 0.00213), (-11.78532, 3.51662, 0.00403), (-11.91133, 3.41963, 0.05774), (-11.90628, 3.42352, 0.05042), (-11.90087, 3.42768, 0.04351), (-11.77776, 3.52244, 0.00650), (-11.77035, 3.52814, 0.00956), (-11.84723, 3.46896, 0.00561), (-11.83964, 3.47481, 0.00333), (-11.86200, 3.45760, 0.01191), (-11.85470, 3.46322, 0.00848), (-11.83194, 3.48074, 0.00163), (-11.82417, 3.48672, 0.00053), (-11.69382, 3.58704, 0.11142), (-11.69196, 3.58847, 0.12071), (-11.76310, 3.53371, 0.01318), (-11.75606, 3.53913, 0.01734), (-11.69057, 3.58954, 0.13014), (-11.68967, 3.59023, 0.13965), (-11.73043, 3.55886, 0.03914), (-11.72479, 3.56321, 0.04577), (-11.71457, 3.57107, 0.06026), (-11.71004, 3.57456, 0.06806), (-11.68926, 3.59055, 0.14921), (-11.68934, 3.59049, 0.15878), (-11.68992, 3.59004, 0.16833), (-11.70592, 3.57773, 0.07620), (-11.70222, 3.58058, 0.08464), (-11.74925, 3.54438, 0.02204), (-11.74269, 3.54943, 0.02726), (-11.73641, 3.55426, 0.03297), (-11.69616, 3.58524, 0.10228), (-11.71949, 3.56728, 0.05282), (-11.69896, 3.58308, 0.09334), (-11.77280, 3.52625, 0.29632), (-11.76550, 3.53187, 0.29289), (-11.69252, 3.58804, 0.18720), (-11.69455, 3.58648, 0.19645), (-11.75839, 3.53735, 0.28891), (-11.72122, 3.56595, 0.25438), (-11.71617, 3.56984, 0.24706), (-11.69704, 3.58456, 0.20552), (-11.70000, 3.58228, 0.21439), (-11.73239, 3.55736, 0.26777), (-11.72663, 3.56179, 0.26129), (-11.78026, 3.52051, 0.29919), (-11.69098, 3.58923, 0.17782), (-11.70340, 3.57966, 0.22301), (-11.71150, 3.57343, 0.23938), (-11.70724, 3.57671, 0.23135), (-11.73847, 3.55268, 0.27379), (-11.74484, 3.54777, 0.27934), (-11.75149, 3.54265, 0.28438), (-11.91293, 3.41840, 0.24454), (-11.90801, 3.42219, 0.25198), (-11.91746, 3.41491, 0.23674), (-11.82676, 3.48472, 0.30397), (-11.81896, 3.49072, 0.30467), (-11.81114, 3.49674, 0.30477), (-11.86439, 3.45576, 0.29162), (-11.85715, 3.46133, 0.29524), (-11.87144, 3.45034, 0.28746), (-11.83451, 3.47875, 0.30267), (-11.84974, 3.46704, 0.29830), (-12.06870, 3.94790, 0.29524), (-12.05908, 3.94852, 0.29830), (-11.88481, 3.44004, 0.27754), (-11.87825, 3.44509, 0.28276), (-11.89109, 3.43521, 0.27183), (-11.89707, 3.43061, 0.26566), (-12.01912, 3.95108, 0.30467), (-12.00896, 3.95173, 0.30477), (-11.90271, 3.42627, 0.25903), (-12.09610, 3.94615, 0.28276), (-12.08725, 3.94672, 0.28746), (-12.10462, 3.94560, 0.27754), (-12.12786, 3.94411, 0.25903), (-12.12053, 3.94458, 0.26566), (-12.07811, 3.94730, 0.29162), (-12.14701, 3.94288, 0.23674), (-12.14113, 3.94326, 0.24454), (-11.80333, 3.50276, 0.30427), (-11.99882, 3.95238, 0.30427), (-12.15716, 3.94223, 0.22016), (-12.15236, 3.94254, 0.22860), (-11.99573, 4.49918, 0.22016), (-12.16139, 3.94196, 0.21146), (-12.13474, 3.94367, 0.25198), (-12.11277, 3.94508, 0.27183), (-12.16503, 3.94173, 0.20252), (-11.99911, 4.50184, 0.21146), (-12.16807, 3.94154, 0.19338), (-12.00202, 4.50412, 0.20252), (-11.84218, 3.47285, 0.30077), (-12.02925, 3.95043, 0.30397), (-12.04927, 3.94915, 0.30077), (-12.03931, 3.94979, 0.30267), (-11.79556, 3.50874, 0.30317), (-11.78786, 3.51466, 0.30147), (-12.17399, 3.94116, 0.15559), (-12.17388, 3.94116, 0.14602), (-12.16712, 3.94160, 0.10835), (-12.16388, 3.94180, 0.09928), (-12.17176, 3.94130, 0.12698), (-12.16975, 3.94143, 0.11760), (-12.15563, 3.94233, 0.08179), (-12.15064, 3.94265, 0.07345), (-12.14511, 3.94301, 0.06542), (-12.13905, 3.94340, 0.05774), (-12.17229, 3.94127, 0.17466), (-12.17049, 3.94138, 0.18409), (-12.17346, 3.94119, 0.16515), (-12.17314, 3.94121, 0.13647), (-12.16005, 3.94205, 0.09041), (-12.13250, 3.94381, 0.05042), (-12.12547, 3.94427, 0.04351), (-12.11799, 3.94475, 0.03703), (-11.99545, 3.95260, 0.00083), (-11.98539, 3.95324, 0.00213), (-12.03597, 3.95000, 0.00163), (-12.02588, 3.95065, 0.00053), (-11.97543, 3.95388, 0.00403), (-11.92860, 3.95688, 0.02204), (-11.92008, 3.95743, 0.02726), (-11.94659, 3.95573, 0.01318), (-11.93744, 3.95632, 0.01734), (-12.10182, 3.94578, 0.02546), (-12.09319, 3.94633, 0.02042), (-12.06552, 3.94811, 0.00848), (-12.05583, 3.94873, 0.00561), (-12.11010, 3.94525, 0.03101), (-12.08424, 3.94691, 0.01589), (-12.04596, 3.94936, 0.00333), (-12.07500, 3.94750, 0.01191), (-11.96562, 3.95451, 0.00650), (-11.95599, 3.95513, 0.00956), (-12.00558, 3.95195, 0.00013), (-12.01573, 3.95130, 0.00003), (-11.90417, 3.95845, 0.03914), (-11.89684, 3.95892, 0.04577), (-11.85156, 3.96182, 0.16833), (-11.85081, 3.96187, 0.15878), (-11.85757, 3.96143, 0.19645), (-11.85494, 3.96160, 0.18720), (-11.91192, 3.95795, 0.03297), (-11.87233, 3.96049, 0.07620), (-11.86753, 3.96080, 0.08464), (-11.85124, 3.96184, 0.13965), (-11.85071, 3.96188, 0.14921), (-11.85241, 3.96177, 0.13014), (-11.85294, 3.96173, 0.17782), (-11.86465, 3.96098, 0.21439), (-11.86081, 3.96123, 0.20552), (-11.88357, 3.95977, 0.06026), (-11.87768, 3.96015, 0.06806), (-11.85663, 3.96150, 0.11142), (-11.85421, 3.96165, 0.12071), (-11.88996, 3.95936, 0.05282), (-11.86331, 3.96107, 0.09334), (-11.85966, 3.96130, 0.10228), (-11.87959, 3.96002, 0.23938), (-11.87406, 3.96038, 0.23135), (-11.88564, 3.95964, 0.24706), (-11.94046, 3.95612, 0.28891), (-11.93151, 3.95670, 0.28438), (-11.92288, 3.95725, 0.27934), (-11.91460, 3.95778, 0.27379), (-11.95918, 3.95492, 0.29632), (-11.94970, 3.95553, 0.29289), (-11.96887, 3.95430, 0.29919), (-11.86907, 3.96070, 0.22301), (-11.97873, 3.95367, 0.30147), (-11.98873, 3.95303, 0.30317), (-11.89923, 3.95877, 0.26129), (-11.89220, 3.95922, 0.25438), (-11.90671, 3.95829, 0.26777), (-12.00110, 4.50340, 0.09928), (-11.99803, 4.50099, 0.09041), (-11.97601, 4.48370, 0.05042), (-11.97039, 4.47929, 0.04351), (-12.00850, 4.50921, 0.13647), (-12.00740, 4.50835, 0.12698), (-12.00369, 4.50544, 0.10835), (-11.95810, 4.46964, 0.03101), (-11.95148, 4.46445, 0.02546), (-11.96441, 4.47460, 0.03703), (-11.98125, 4.48782, 0.05774), (-12.00579, 4.50709, 0.11760), (-11.99450, 4.49822, 0.08179), (-12.00782, 4.50868, 0.17466), (-12.00638, 4.50755, 0.18409), (-12.00876, 4.50941, 0.16515), (-11.99051, 4.49509, 0.07345), (-12.00445, 4.50603, 0.19338), (-12.00918, 4.50974, 0.15559), (-11.98609, 4.49162, 0.06542), (-12.00910, 4.50968, 0.14602), (-11.85043, 4.38512, 0.00403), (-11.84259, 4.37897, 0.00650), (-11.92246, 4.44167, 0.00848), (-11.91471, 4.43558, 0.00561), (-11.83489, 4.37292, 0.00956), (-11.82737, 4.36702, 0.01318), (-11.89883, 4.42312, 0.00163), (-11.89077, 4.41678, 0.00053), (-11.88266, 4.41042, 0.00003), (-11.86644, 4.39769, 0.00083), (-11.85839, 4.39137, 0.00213), (-11.90682, 4.42939, 0.00333), (-11.81299, 4.35573, 0.02204), (-11.80618, 4.35038, 0.02726), (-11.87454, 4.40404, 0.00013), (-11.79966, 4.34527, 0.03297), (-11.79346, 4.34040, 0.03914), (-11.78760, 4.33580, 0.04577), (-11.94458, 4.45903, 0.02042), (-11.82006, 4.36128, 0.01734), (-11.93742, 4.45341, 0.01589), (-11.93004, 4.44762, 0.01191), (-11.78210, 4.33148, 0.05282), (-11.77699, 4.32747, 0.06026), (-11.77229, 4.32378, 0.06806), (-5.24399, 4.91040, 0.13965), (-4.64951, 4.60275, 0.13965), (-5.24416, 4.90992, 0.14921), (-4.64990, 4.60239, 0.14921), (-5.24363, 4.91145, 0.13014), (-4.64866, 4.60355, 0.13014), (-5.24412, 4.91001, 0.15878), (-4.64982, 4.60246, 0.15878), (-5.24389, 4.91068, 0.16833), (-4.64928, 4.60297, 0.16833), (-5.24346, 4.91192, 0.17782), (-4.64827, 4.60391, 0.17782), (-5.23575, 4.93420, 0.06806), (-4.63018, 4.62082, 0.06806), (-5.23742, 4.92938, 0.07620), (-4.63409, 4.61716, 0.07620), (-4.48473, 4.22451, 0.16833), (-4.48343, 4.22478, 0.17782), (-5.24284, 4.91373, 0.18720), (-4.64680, 4.60528, 0.18720), (-5.24202, 4.91610, 0.19645), (-4.64488, 4.60708, 0.19645), (-5.24101, 4.91901, 0.20552), (-4.64251, 4.60929, 0.20552), (-5.23981, 4.92246, 0.21439), (-4.63971, 4.61191, 0.21439), (-5.23843, 4.92644, 0.22301), (-4.63648, 4.61493, 0.22301), (-4.47239, 4.22708, 0.21439), (-4.46822, 4.22795, 0.22301), (-5.23688, 4.93093, 0.23135), (-4.63283, 4.61834, 0.23135), (-5.23391, 4.93949, 0.06026), (-4.62588, 4.62484, 0.06026), (-5.23515, 4.93591, 0.23938), (-4.62879, 4.62212, 0.23938), (-5.23326, 4.94136, 0.24706), (-4.62437, 4.62625, 0.24706), (-4.46352, 4.22892, 0.23135), (-4.45831, 4.23001, 0.23938), (-5.23122, 4.94726, 0.25438), (-4.61957, 4.63073, 0.25438), (-5.24136, 4.91798, 0.10228), (-4.64335, 4.60851, 0.10228), (-5.24231, 4.91524, 0.11142), (-4.64557, 4.60643, 0.11142), (-5.22903, 4.95359, 0.26129), (-4.61444, 4.63554, 0.26129), (-4.45260, 4.23119, 0.24706), (-5.24307, 4.91306, 0.12071), (-4.64734, 4.60478, 0.12071), (-4.48543, 4.22436, 0.15878), (-4.48553, 4.22434, 0.14921), (-4.48503, 4.22445, 0.13965), (-4.48154, 4.22518, 0.18720), (-4.47906, 4.22569, 0.19645), (-5.23891, 4.92506, 0.08464), (-4.63760, 4.61388, 0.08464), (-5.24023, 4.92126, 0.09334), (-4.64069, 4.61099, 0.09334), (-4.47709, 4.22610, 0.10228), (-4.47366, 4.22681, 0.09334), (-4.47601, 4.22633, 0.20552), (-4.46967, 4.22764, 0.08464), (-4.46515, 4.22858, 0.07620), (-4.47995, 4.22551, 0.11142), (-4.48223, 4.22503, 0.12071), (-4.46010, 4.22963, 0.06806), (-4.45456, 4.23079, 0.06026), (-4.48393, 4.22468, 0.13014), (-5.18021, 5.09453, 0.00561), (-5.17719, 5.10325, 0.00848), (-5.16587, 5.13592, 0.02546), (-5.16329, 5.14337, 0.03101), (-5.21426, 4.99621, 0.01318), (-5.21133, 5.00468, 0.00956), (-5.20833, 5.01334, 0.00650), (-5.20527, 5.02217, 0.00403), (-5.18640, 5.07665, 0.00163), (-5.18328, 5.08565, 0.00333), (-5.18954, 5.06757, 0.00053), (-5.21711, 4.98798, 0.01734), (-5.21987, 4.98002, 0.02204), (-5.17423, 5.11179, 0.01191), (-5.19271, 5.05844, 0.00003), (-5.16856, 5.12815, 0.02042), (-5.20217, 5.03113, 0.00213), (-5.19903, 5.04019, 0.00083), (-5.17135, 5.12010, 0.01589), (-5.19587, 5.04930, 0.00013), (-5.22253, 4.97235, 0.02726), (-5.22978, 4.95143, 0.04577), (-5.22749, 4.95803, 0.03914), (-5.22507, 4.96501, 0.03297), (-5.23192, 4.94524, 0.05282), (-5.22424, 4.96742, 0.27379), (-5.22166, 4.97487, 0.27934), (-5.19482, 5.05235, 0.30477), (-5.19165, 5.06149, 0.30467), (-5.22670, 4.96032, 0.26777), (-5.18849, 5.07061, 0.30397), (-5.21329, 4.99901, 0.29289), (-5.21034, 5.00754, 0.29632), (-5.18536, 5.07967, 0.30267), (-5.21896, 4.98264, 0.28438), (-5.21617, 4.99070, 0.28891), (-5.19798, 5.04322, 0.30427), (-5.20732, 5.01627, 0.29919), (-5.20113, 5.03414, 0.30317), (-5.20424, 5.02514, 0.30147), (-5.17041, 5.12281, 0.28746), (-5.16765, 5.13078, 0.28276), (-5.18225, 5.08863, 0.30077), (-5.17919, 5.09746, 0.29830), (-5.17326, 5.11458, 0.29162), (-5.16003, 5.15276, 0.26566), (-5.15775, 5.15936, 0.25903), (-5.15178, 5.17660, 0.23674), (-5.15561, 5.16555, 0.25198), (-5.15361, 5.17130, 0.24454), (-4.42593, 4.81175, 0.22016), (-4.42943, 4.80847, 0.22860), (-4.41619, 4.82085, 0.18409), (-4.41796, 4.81919, 0.19338), (-4.41402, 4.82288, 0.16515), (-4.41487, 4.82208, 0.17466), (-5.16500, 5.13844, 0.27754), (-5.17619, 5.10612, 0.29524), (-5.16245, 5.14578, 0.27183), (-4.42284, 4.81463, 0.21146), (-4.42018, 4.81712, 0.20252), (-4.41526, 4.82172, 0.12698), (-4.41425, 4.82266, 0.13647), (-4.41673, 4.82034, 0.11760), (-4.44909, 4.79009, 0.04351), (-4.44395, 4.79489, 0.05042), (-4.47268, 4.76804, 0.02042), (-4.46638, 4.77394, 0.02546), (-4.47923, 4.76192, 0.01589), (-4.48597, 4.75561, 0.01191), (-4.42382, 4.81372, 0.09041), (-4.42101, 4.81634, 0.09928), (-4.43474, 4.80351, 0.06542), (-4.43069, 4.80729, 0.07345), (-4.41363, 4.82324, 0.15559), (-4.49291, 4.74914, 0.00848), (-4.46033, 4.77959, 0.03101), (-4.45456, 4.78498, 0.03703), (-4.41865, 4.81855, 0.10835), (-4.42705, 4.81069, 0.08179), (-4.43916, 4.79937, 0.05774), (-4.41371, 4.82317, 0.14602), (-4.54411, 4.70127, 0.00083), (-4.53671, 4.70819, 0.00013), (-4.52188, 4.72206, 0.00053), (-4.51450, 4.72895, 0.00163), (-4.55147, 4.69439, 0.00213), (-4.55875, 4.68759, 0.00403), (-4.60516, 4.64421, 0.03297), (-4.59920, 4.64978, 0.02726), (-4.52929, 4.71513, 0.00003), (-4.61083, 4.63891, 0.03914), (-4.58651, 4.66164, 0.01734), (-4.57982, 4.66789, 0.01318), (-4.50720, 4.73578, 0.00333), (-4.49999, 4.74252, 0.00561), (-4.57295, 4.67431, 0.00956), (-4.56592, 4.68089, 0.00650), (-4.59297, 4.65560, 0.02204), (-4.62121, 4.62920, 0.05282), (-4.61619, 4.63390, 0.04577), (-4.49761, 4.74474, 0.29830), (-4.49058, 4.75131, 0.29524), (-4.52682, 4.71744, 0.30467), (-4.51941, 4.72436, 0.30397), (-4.60320, 4.64604, 0.27379), (-4.59715, 4.65169, 0.27934), (-4.51206, 4.73123, 0.30267), (-4.57062, 4.67649, 0.29632), (-4.56354, 4.68311, 0.29919), (-4.57755, 4.67001, 0.29289), (-4.48370, 4.75774, 0.29162), (-4.47702, 4.76398, 0.28746), (-4.55633, 4.68985, 0.30147), (-4.47055, 4.77003, 0.28276), (-4.50478, 4.73803, 0.30077), (-4.53424, 4.71050, 0.30477), (-4.54903, 4.69668, 0.30317), (-4.54165, 4.70357, 0.30427), (-4.58430, 4.66370, 0.28891), (-4.59084, 4.65759, 0.28438), (-4.60897, 4.64064, 0.26777), (-4.18160, 4.28756, 0.13647), (-4.18090, 4.28770, 0.14602), (-4.18290, 4.28729, 0.12698), (-4.43335, 4.80481, 0.23674), (-4.18924, 4.28597, 0.20252), (-4.18638, 4.28656, 0.19338), (-4.18479, 4.28689, 0.11760), (-4.18130, 4.28762, 0.16515), (-4.18080, 4.28773, 0.15559), (-4.18727, 4.28638, 0.10835), (-4.19032, 4.28574, 0.09928), (-4.19666, 4.28443, 0.22016), (-4.19267, 4.28526, 0.21146), (-4.44734, 4.79173, 0.25903), (-4.44232, 4.79642, 0.25198), (-4.45270, 4.78672, 0.26566), (-4.45837, 4.78142, 0.27183), (-4.20118, 4.28348, 0.22860), (-4.43765, 4.80079, 0.24454), (-4.18409, 4.28704, 0.18409), (-4.18240, 4.28739, 0.17466), (-4.46433, 4.77585, 0.27754), (-4.27411, 4.26832, 0.01191), (-4.26540, 4.27013, 0.01589), (-4.28305, 4.26646, 0.00848), (-4.33955, 4.25471, 0.00013), (-4.32997, 4.25670, 0.00003), (-4.19811, 4.28413, 0.08179), (-4.19394, 4.28499, 0.09041), (-4.29218, 4.26456, 0.00561), (-4.22654, 4.27821, 0.04351), (-4.21991, 4.27959, 0.05042), (-4.23358, 4.27675, 0.03703), (-4.24883, 4.27358, 0.02546), (-4.24102, 4.27520, 0.03101), (-4.30148, 4.26262, 0.00333), (-4.21373, 4.28087, 0.05774), (-4.20802, 4.28206, 0.06542), (-4.31090, 4.26067, 0.00163), (-4.20281, 4.28315, 0.07345), (-4.25697, 4.27188, 0.02042), (-4.32041, 4.25869, 0.00053), (-4.34909, 4.25272, 0.00083), (-4.44205, 4.23339, 0.04577), (-4.43514, 4.23482, 0.03914), (-4.42783, 4.23635, 0.03297), (-4.42014, 4.23794, 0.02726), (-4.44853, 4.23204, 0.05282), (-4.37721, 4.24687, 0.00650), (-4.36796, 4.24880, 0.00403), (-4.40377, 4.24135, 0.01734), (-4.39515, 4.24314, 0.01318), (-4.41211, 4.23961, 0.02204), (-4.35858, 4.25075, 0.00213), (-4.38629, 4.24499, 0.00956), (-4.33636, 4.25537, 0.30477), (-4.32678, 4.25736, 0.30467), (-4.28004, 4.26708, 0.29524), (-4.27118, 4.26893, 0.29162), (-4.36485, 4.24944, 0.30147), (-4.35543, 4.25140, 0.30317), (-4.39222, 4.24375, 0.29289), (-4.38328, 4.24561, 0.29632), (-4.41750, 4.23849, 0.27934), (-4.40937, 4.24019, 0.28438), (-4.40093, 4.24194, 0.28891), (-4.31723, 4.25935, 0.30397), (-4.30775, 4.26132, 0.30267), (-4.29836, 4.26327, 0.30077), (-4.28912, 4.26520, 0.29830), (-4.34592, 4.25338, 0.30427), (-4.26256, 4.27072, 0.28746), (-4.44642, 4.23248, 0.25438), (-4.43979, 4.23386, 0.26129), (-4.43274, 4.23532, 0.26777), (-4.42530, 4.23687, 0.27379), (-4.37415, 4.24751, 0.29919), (-4.19666, 3.88804, 0.22016), (-4.20118, 3.89014, 0.22860), (-4.19267, 3.88619, 0.21146), (-4.22428, 4.27868, 0.25903), (-4.21780, 4.28003, 0.25198), (-4.18080, 3.88067, 0.15559), (-4.18130, 3.88090, 0.16515), (-4.18409, 3.88220, 0.18409), (-4.18638, 3.88326, 0.19338), (-4.18924, 3.88459, 0.20252), (-4.18090, 3.88071, 0.14602), (-4.18160, 3.88104, 0.13647), (-4.18240, 3.88141, 0.17466), (-4.24619, 4.27412, 0.27754), (-4.23850, 4.27572, 0.27183), (-4.18290, 3.88164, 0.12698), (-4.18479, 3.88252, 0.11760), (-4.20623, 4.28244, 0.23674), (-4.23119, 4.27724, 0.26566), (-4.21177, 4.28128, 0.24454), (-4.25422, 4.27245, 0.28276), (-4.21373, 3.89598, 0.05774), (-4.21991, 3.89885, 0.05042), (-4.22654, 3.90193, 0.04351), (-4.24883, 3.91230, 0.02546), (-4.24102, 3.90867, 0.03101), (-4.29218, 3.93246, 0.00561), (-4.28305, 3.92821, 0.00848), (-4.19032, 3.88510, 0.09928), (-4.19394, 3.88678, 0.09041), (-4.20281, 3.89090, 0.07345), (-4.20802, 3.89332, 0.06542), (-4.23358, 3.90521, 0.03703), (-4.26540, 3.92001, 0.01589), (-4.25697, 3.91608, 0.02042), (-4.30148, 3.93678, 0.00333), (-4.27411, 3.92405, 0.01191), (-4.32041, 3.94558, 0.00053), (-4.31090, 3.94116, 0.00163), (-4.19811, 3.88871, 0.08179), (-4.32997, 3.95003, 0.00003), (-4.18727, 3.88368, 0.10835), (-4.34909, 3.95892, 0.00083), (-4.33955, 3.95448, 0.00013), (-4.40377, 3.98435, 0.01734), (-4.39515, 3.98034, 0.01318), (-4.41211, 3.98822, 0.02204), (-4.42783, 3.99553, 0.03297), (-4.42014, 3.99196, 0.02726), (-4.44205, 4.00215, 0.04577), (-4.43514, 3.99893, 0.03914), (-4.37721, 3.97200, 0.00650), (-4.36796, 3.96770, 0.00403), (-4.46967, 4.01499, 0.08464), (-4.47366, 4.01684, 0.09334), (-4.35858, 3.96333, 0.00213), (-4.46010, 4.01054, 0.06806), (-4.46515, 4.01289, 0.07620), (-4.47709, 4.01844, 0.10228), (-4.38629, 3.97622, 0.00956), (-4.44853, 4.00516, 0.05282), (-4.47995, 4.01977, 0.11142), (-4.48223, 4.02083, 0.12071), (-4.45456, 4.00796, 0.06026), (-4.45831, 4.00971, 0.23938), (-4.46352, 4.01213, 0.23135), (-4.43979, 4.00110, 0.26129), (-4.43274, 3.99782, 0.26777), (-4.42530, 3.99436, 0.27379), (-4.41750, 3.99073, 0.27934), (-4.44642, 4.00418, 0.25438), (-4.45260, 4.00705, 0.24706), (-4.40937, 3.98695, 0.28438), (-4.40093, 3.98302, 0.28891), (-4.47601, 4.01794, 0.20552), (-4.47906, 4.01936, 0.19645), (-4.47239, 4.01625, 0.21439), (-4.48543, 4.02232, 0.15878), (-4.48553, 4.02236, 0.14921), (-4.48503, 4.02213, 0.13965), (-4.48393, 4.02162, 0.13014), (-4.48473, 4.02199, 0.16833), (-4.46822, 4.01432, 0.22301), (-4.48343, 4.02139, 0.17782), (-4.48154, 4.02051, 0.18720), (-4.27118, 3.92269, 0.29162), (-4.26256, 3.91868, 0.28746), (-4.25422, 3.91480, 0.28276), (-4.24619, 3.91107, 0.27754), (-4.23850, 3.90750, 0.27183), (-4.23119, 3.90410, 0.26566), (-4.21780, 3.89787, 0.25198), (-4.22428, 3.90088, 0.25903), (-4.36485, 3.96625, 0.30147), (-4.35543, 3.96187, 0.30317), (-4.34592, 3.95744, 0.30427), (-4.33636, 3.95300, 0.30477), (-4.37415, 3.97057, 0.29919), (-4.32678, 3.94855, 0.30467), (-4.31723, 3.94411, 0.30397), (-4.29836, 3.93533, 0.30077), (-4.28912, 3.93103, 0.29830), (-4.30775, 3.93970, 0.30267), (-4.28004, 3.92681, 0.29524), (-4.38328, 3.97482, 0.29632), (-4.39222, 3.97898, 0.29289), (-4.61609, 3.51485, 0.13647), (-4.61537, 3.51454, 0.14602), (-4.20623, 3.89249, 0.23674), (-4.63302, 3.52217, 0.08179), (-4.62875, 3.52033, 0.09041), (-4.63784, 3.52426, 0.07345), (-4.64319, 3.52657, 0.06542), (-4.62099, 3.51697, 0.19338), (-4.62393, 3.51824, 0.20252), (-4.61527, 3.51450, 0.15559), (-4.61578, 3.51472, 0.16515), (-4.64904, 3.52910, 0.05774), (-4.63153, 3.52153, 0.22016), (-4.63617, 3.52354, 0.22860), (-4.62745, 3.51977, 0.21146), (-4.21177, 3.89507, 0.24454), (-4.61691, 3.51521, 0.17466), (-4.61865, 3.51596, 0.18409), (-4.62190, 3.51737, 0.10835), (-4.61936, 3.51627, 0.11760), (-4.61742, 3.51543, 0.12698), (-4.62504, 3.51872, 0.09928), (-4.75845, 3.57641, 0.00053), (-4.74870, 3.57219, 0.00163), (-4.65538, 3.53184, 0.05042), (-4.71096, 3.55588, 0.01191), (-4.70204, 3.55202, 0.01589), (-4.81671, 3.60160, 0.00650), (-4.80722, 3.59750, 0.00403), (-4.79760, 3.59333, 0.00213), (-4.78787, 3.58913, 0.00083), (-4.66940, 3.53791, 0.03703), (-4.66218, 3.53478, 0.04351), (-4.68504, 3.54467, 0.02546), (-4.67703, 3.54121, 0.03101), (-4.69338, 3.54827, 0.02042), (-4.72950, 3.56389, 0.00561), (-4.72013, 3.55984, 0.00848), (-4.82601, 3.60562, 0.00956), (-4.77808, 3.58489, 0.00013), (-4.76826, 3.58065, 0.00003), (-4.83510, 3.60955, 0.01318), (-4.73904, 3.56801, 0.00333), (-4.86862, 3.62404, 0.03297), (-4.86073, 3.62063, 0.02726), (-4.89603, 3.63589, 0.06026), (-4.88985, 3.63322, 0.05282), (-4.84394, 3.61337, 0.01734), (-4.87612, 3.62728, 0.03914), (-4.91562, 3.64436, 0.09334), (-4.91914, 3.64588, 0.10228), (-4.92728, 3.64941, 0.13965), (-4.92779, 3.64963, 0.14921), (-4.92769, 3.64959, 0.15878), (-4.92697, 3.64927, 0.16833), (-4.92441, 3.64817, 0.12071), (-4.92615, 3.64892, 0.13014), (-4.85250, 3.61707, 0.02204), (-4.88320, 3.63035, 0.04577), (-4.90172, 3.63835, 0.06806), (-4.90689, 3.64059, 0.07620), (-4.92207, 3.64716, 0.11142), (-4.91153, 3.64260, 0.08464), (-4.92564, 3.64870, 0.17782), (-4.88768, 3.63229, 0.25438), (-4.88089, 3.62935, 0.26129), (-4.87366, 3.62622, 0.26777), (-4.92370, 3.64786, 0.18720), (-4.91004, 3.64195, 0.22301), (-4.90522, 3.63987, 0.23135), (-4.85803, 3.61946, 0.27934), (-4.84968, 3.61585, 0.28438), (-4.86603, 3.62292, 0.27379), (-4.84103, 3.61211, 0.28891), (-4.83210, 3.60825, 0.29289), (-4.82293, 3.60429, 0.29632), (-4.81356, 3.60024, 0.29919), (-4.80403, 3.59612, 0.30147), (-4.79436, 3.59194, 0.30317), (-4.78461, 3.58772, 0.30427), (-4.92116, 3.64676, 0.19645), (-4.91803, 3.64541, 0.20552), (-4.89988, 3.63756, 0.23938), (-4.77480, 3.58348, 0.30477), (-4.91432, 3.64380, 0.21439), (-4.89402, 3.63503, 0.24706), (-4.68233, 3.54350, 0.27754), (-4.67445, 3.54009, 0.27183), (-4.66695, 3.53684, 0.26566), (-4.65986, 3.53378, 0.25903), (-4.76499, 3.57923, 0.30467), (-4.75519, 3.57500, 0.30397), (-4.72636, 3.56253, 0.29830), (-4.71705, 3.55851, 0.29524), (-4.64135, 3.52577, 0.23674), (-4.64704, 3.52824, 0.24454), (-4.58241, 2.61767, 0.22016), (-4.57852, 2.61946, 0.21146), (-4.74547, 3.57079, 0.30267), (-4.73584, 3.56663, 0.30077), (-4.65322, 3.53091, 0.25198), (-4.57516, 2.62100, 0.20252), (-4.69912, 3.55076, 0.28746), (-4.69057, 3.54706, 0.28276), (-4.57237, 2.62228, 0.19338), (-4.58683, 2.61564, 0.22860), (-4.70796, 3.55458, 0.29162), (-4.57082, 2.62299, 0.11760), (-4.56897, 2.62384, 0.12698), (-4.56701, 2.62474, 0.14602), (-4.56691, 2.62479, 0.15559), (-4.58383, 2.61702, 0.08179), (-4.57976, 2.61889, 0.09041), (-4.56740, 2.62456, 0.16515), (-4.58842, 2.61491, 0.07345), (-4.57014, 2.62331, 0.18409), (-4.57324, 2.62188, 0.10835), (-4.56770, 2.62443, 0.13647), (-4.57622, 2.62051, 0.09928), (-4.56848, 2.62407, 0.17466), (-4.65809, 2.58292, 0.01191), (-4.64958, 2.58683, 0.01589), (-4.59909, 2.61001, 0.05774), (-4.59351, 2.61257, 0.06542), (-4.70333, 2.56214, 0.00053), (-4.69404, 2.56641, 0.00163), (-4.74062, 2.54502, 0.00213), (-4.73136, 2.54927, 0.00083), (-4.68483, 2.57064, 0.00333), (-4.66682, 2.57891, 0.00848), (-4.62576, 2.59776, 0.03101), (-4.61849, 2.60110, 0.03703), (-4.60513, 2.60724, 0.05042), (-4.61160, 2.60426, 0.04351), (-4.63339, 2.59426, 0.02546), (-4.64134, 2.59061, 0.02042), (-4.67575, 2.57481, 0.00561), (-4.71267, 2.55785, 0.00003), (-4.75883, 2.53666, 0.00650), (-4.74979, 2.54081, 0.00403), (-4.72203, 2.55356, 0.00013), (-4.82851, 2.50466, 0.05282), (-4.82218, 2.50757, 0.04577), (-4.83440, 2.50196, 0.06026), (-4.86310, 2.48878, 0.13014), (-4.86144, 2.48954, 0.12071), (-4.86418, 2.48828, 0.13965), (-4.78478, 2.52474, 0.01734), (-4.77636, 2.52861, 0.01318), (-4.83982, 2.49947, 0.06806), (-4.86467, 2.48806, 0.14921), (-4.86457, 2.48810, 0.15878), (-4.84475, 2.49720, 0.07620), (-4.85306, 2.49338, 0.09334), (-4.84917, 2.49517, 0.08464), (-4.79293, 2.52100, 0.02204), (-4.86388, 2.48842, 0.16833), (-4.81543, 2.51067, 0.03914), (-4.80828, 2.51395, 0.03297), (-4.80077, 2.51740, 0.02726), (-4.85921, 2.49056, 0.11142), (-4.76770, 2.53259, 0.00956), (-4.85642, 2.49185, 0.10228), (-4.77349, 2.52992, 0.29289), (-4.76476, 2.53393, 0.29632), (-4.85536, 2.49233, 0.20552), (-4.85182, 2.49395, 0.21439), (-4.81998, 2.50858, 0.26129), (-4.81309, 2.51174, 0.26777), (-4.84316, 2.49793, 0.23135), (-4.83807, 2.50027, 0.23938), (-4.84775, 2.49582, 0.22301), (-4.80582, 2.51508, 0.27379), (-4.79819, 2.51858, 0.27934), (-4.79024, 2.52223, 0.28438), (-4.78200, 2.52602, 0.28891), (-4.86261, 2.48900, 0.17782), (-4.86076, 2.48985, 0.18720), (-4.75584, 2.53803, 0.29919), (-4.74675, 2.54221, 0.30147), (-4.73754, 2.54643, 0.30317), (-4.83249, 2.50283, 0.24706), (-4.85834, 2.49096, 0.19645), (-4.82645, 2.50561, 0.25438), (-4.15315, 2.20630, 0.22016), (-4.15517, 2.20197, 0.22860), (-4.70955, 2.55929, 0.30467), (-4.70022, 2.56357, 0.30397), (-4.15137, 2.21011, 0.21146), (-4.69096, 2.56783, 0.30267), (-4.66388, 2.58026, 0.29524), (-4.65522, 2.58423, 0.29162), (-4.68179, 2.57204, 0.30077), (-4.67275, 2.57619, 0.29830), (-4.63865, 2.59185, 0.28276), (-4.63081, 2.59545, 0.27754), (-4.60307, 2.60819, 0.25198), (-4.59718, 2.61089, 0.24454), (-4.59176, 2.61338, 0.23674), (-4.62330, 2.59890, 0.27183), (-4.72825, 2.55070, 0.30427), (-4.64680, 2.58810, 0.28746), (-4.60940, 2.60528, 0.25903), (-4.61615, 2.60218, 0.26566), (-4.71891, 2.55499, 0.30477), (-4.14754, 2.21832, 0.18409), (-4.14856, 2.21614, 0.19338), (-4.14607, 2.22148, 0.15559), (-4.14629, 2.22100, 0.16515), (-4.14611, 2.22138, 0.14602), (-4.15380, 2.20491, 0.08179), (-4.15194, 2.20890, 0.09041), (-4.15823, 2.19542, 0.06542), (-4.15590, 2.20041, 0.07345), (-4.16964, 2.17096, 0.03703), (-4.16650, 2.17770, 0.04351), (-4.17645, 2.15637, 0.02546), (-4.17297, 2.16384, 0.03101), (-4.14643, 2.22071, 0.13647), (-4.14785, 2.21766, 0.11760), (-4.14701, 2.21947, 0.12698), (-4.14984, 2.21340, 0.20252), (-4.14679, 2.21995, 0.17466), (-4.15032, 2.21236, 0.09928), (-4.14896, 2.21528, 0.10835), (-4.16078, 2.18996, 0.05774), (-4.16354, 2.18404, 0.05042), (-4.20418, 2.09696, 0.00163), (-4.19997, 2.10598, 0.00333), (-4.24938, 2.00009, 0.02204), (-4.24565, 2.00808, 0.01734), (-4.18774, 2.13217, 0.01191), (-4.18386, 2.14051, 0.01589), (-4.19173, 2.12362, 0.00848), (-4.20842, 2.08786, 0.00053), (-4.21269, 2.07871, 0.00003), (-4.22966, 2.04235, 0.00403), (-4.22547, 2.05133, 0.00213), (-4.24180, 2.01633, 0.01318), (-4.23784, 2.02481, 0.00956), (-4.19581, 2.11488, 0.00561), (-4.18009, 2.14858, 0.02042), (-4.25296, 1.99241, 0.02726), (-4.25966, 1.97805, 0.03914), (-4.25640, 1.98505, 0.03297), (-4.22123, 2.06041, 0.00083), (-4.21697, 2.06955, 0.00013), (-4.23379, 2.03349, 0.00650), (-4.27081, 1.95416, 0.06806), (-4.27306, 1.94934, 0.07620), (-4.28217, 1.92983, 0.14921), (-4.28212, 1.92992, 0.15878), (-4.27686, 1.94119, 0.09334), (-4.27839, 1.93791, 0.10228), (-4.27508, 1.94501, 0.08464), (-4.28038, 1.93365, 0.18720), (-4.27928, 1.93602, 0.19645), (-4.28181, 1.93060, 0.16833), (-4.28123, 1.93184, 0.17782), (-4.27967, 1.93517, 0.11142), (-4.28069, 1.93298, 0.12071), (-4.26564, 1.96524, 0.05282), (-4.26275, 1.97144, 0.04577), (-4.27791, 1.93894, 0.20552), (-4.27630, 1.94241, 0.21439), (-4.28145, 1.93136, 0.13014), (-4.28194, 1.93031, 0.13965), (-4.26833, 1.95947, 0.06026), (-4.27444, 1.94639, 0.22301), (-4.24049, 2.01913, 0.29289), (-4.23650, 2.02768, 0.29632), (-4.27234, 1.95089, 0.23135), (-4.22827, 2.04533, 0.30147), (-4.22406, 2.05435, 0.30317), (-4.25859, 1.98035, 0.26777), (-4.25527, 1.98747, 0.27379), (-4.21127, 2.08176, 0.30467), (-4.20700, 2.09090, 0.30397), (-4.27001, 1.95588, 0.23938), (-4.26746, 1.96134, 0.24706), (-4.20277, 2.09998, 0.30267), (-4.19857, 2.10896, 0.30077), (-4.24438, 2.01080, 0.28891), (-4.21981, 2.06345, 0.30427), (-4.21554, 2.07260, 0.30477), (-4.26470, 1.96726, 0.25438), (-4.26174, 1.97360, 0.26129), (-4.25178, 1.99494, 0.27934), (-4.24815, 2.00272, 0.28438), (-4.23242, 2.03643, 0.29919), (-4.19445, 2.11781, 0.29830), (-4.17527, 2.15889, 0.27754), (-4.17184, 2.16625, 0.27183), (-4.16857, 2.17325, 0.26566), (-4.16259, 2.18607, 0.25198), (-4.15990, 2.19183, 0.24454), (-4.16549, 2.17986, 0.25903), (-4.15743, 2.19714, 0.23674), (-3.03812, 2.08818, 0.21146), (-3.03827, 2.08419, 0.22016), (-3.03798, 2.09162, 0.20252), (-3.03778, 2.09678, 0.18409), (-3.03787, 2.09449, 0.19338), (-3.03772, 2.09848, 0.17466), (-3.03766, 2.10008, 0.15559), (-3.03768, 2.09958, 0.16515), (-4.18643, 2.13498, 0.29162), (-4.18259, 2.14323, 0.28746), (-4.17886, 2.15121, 0.28276), (-3.03766, 2.09998, 0.14602), (-4.19039, 2.12649, 0.29524), (-3.03844, 2.07966, 0.22860), (-3.04127, 2.00661, 0.01191), (-3.04093, 2.01533, 0.01589), (-3.03833, 2.08274, 0.08179), (-3.03816, 2.08691, 0.09041), (-3.04161, 1.99765, 0.00848), (-3.03781, 2.09608, 0.11760), (-3.03774, 2.09797, 0.12698), (-3.04060, 2.02378, 0.02042), (-3.04029, 2.03193, 0.02546), (-3.03871, 2.07281, 0.06542), (-3.03851, 2.07803, 0.07345), (-3.03893, 2.06709, 0.05774), (-3.03943, 2.05426, 0.04351), (-3.03917, 2.06090, 0.05042), (-3.03791, 2.09360, 0.10835), (-3.04196, 1.98850, 0.00561), (-3.03769, 2.09928, 0.13647), (-3.03999, 2.03975, 0.03101), (-3.03970, 2.04720, 0.03703), (-3.04232, 1.97919, 0.00333), (-3.03803, 2.09054, 0.09928), (-3.04453, 1.92199, 0.00213), (-3.04416, 1.93149, 0.00083), (-3.04525, 1.90332, 0.00650), (-3.04489, 1.91259, 0.00403), (-3.04865, 1.81523, 0.07620), (-3.04883, 1.81070, 0.08464), (-3.04342, 1.95064, 0.00003), (-3.04305, 1.96022, 0.00053), (-3.04660, 1.86836, 0.02204), (-3.04628, 1.87672, 0.01734), (-3.04801, 1.83188, 0.05282), (-3.04824, 1.82584, 0.06026), (-3.04898, 1.80671, 0.09334), (-3.04776, 1.83837, 0.04577), (-3.04560, 1.89423, 0.00956), (-3.04691, 1.86032, 0.02726), (-3.04749, 1.84529, 0.03914), (-3.04721, 1.85262, 0.03297), (-3.04846, 1.82029, 0.06806), (-3.04269, 1.96975, 0.00163), (-3.04379, 1.94105, 0.00013), (-3.04595, 1.88535, 0.01318), (-3.04911, 1.80327, 0.10228), (-3.04922, 1.80041, 0.11142), (-3.04944, 1.79482, 0.14921), (-3.04943, 1.79492, 0.15878), (-3.04919, 1.80130, 0.19645), (-3.04907, 1.80436, 0.20552), (-3.04931, 1.79812, 0.12071), (-3.04938, 1.79642, 0.13014), (-3.04893, 1.80798, 0.21439), (-3.04942, 1.79532, 0.13965), (-3.04941, 1.79562, 0.16833), (-3.04936, 1.79692, 0.17782), (-3.04928, 1.79882, 0.18720), (1.00852, 3.30415, 0.12071), (1.00708, 3.30595, 0.11142), (2.18195, 4.58933, 0.12071), (2.18046, 4.59108, 0.11142), (1.00960, 3.30281, 0.13014), (2.18306, 4.58803, 0.13014), (1.00057, 3.31407, 0.08464), (0.99770, 3.31764, 0.07620), (2.17375, 4.59898, 0.08464), (2.17080, 4.60246, 0.07620), (1.00309, 3.31092, 0.09334), (2.17635, 4.59592, 0.09334), (1.00527, 3.30821, 0.10228), (2.17859, 4.59329, 0.10228), (1.01061, 3.30155, 0.14921), (1.01030, 3.30194, 0.13965), (2.18410, 4.58680, 0.14921), (2.18378, 4.58718, 0.13965), (1.01055, 3.30163, 0.15878), (2.18404, 4.58688, 0.15878), (0.98307, 3.33587, 0.04577), (2.15572, 4.62020, 0.04577), (0.98717, 3.33075, 0.05282), (2.15996, 4.61522, 0.05282), (1.01011, 3.30218, 0.16833), (2.18358, 4.58741, 0.16833), (1.00808, 3.30470, 0.18720), (2.18150, 4.58987, 0.18720), (1.00651, 3.30666, 0.19645), (2.17988, 4.59177, 0.19645), (3.81828, 5.65650, 0.18720), (3.81725, 5.65879, 0.19645), (1.00928, 3.30321, 0.17782), (2.18273, 4.58841, 0.17782), (1.00458, 3.30907, 0.20552), (2.17789, 4.59412, 0.20552), (1.00229, 3.31192, 0.21439), (2.17552, 4.59689, 0.21439), (0.99965, 3.31521, 0.22301), (2.17281, 4.60010, 0.22301), (3.81857, 5.65586, 0.12071), (3.81927, 5.65429, 0.13014), (3.81599, 5.66161, 0.20552), (3.81449, 5.66496, 0.21439), (3.81972, 5.65328, 0.13965), (3.81993, 5.65281, 0.14921), (3.81277, 5.66881, 0.22301), (0.99667, 3.31892, 0.23135), (2.16974, 4.60371, 0.23135), (0.99337, 3.32303, 0.23938), (2.16634, 4.60771, 0.23938), (0.97869, 3.34132, 0.03914), (2.15122, 4.62551, 0.03914), (3.79909, 5.69938, 0.03914), (3.80194, 5.69299, 0.04577), (3.81083, 5.67315, 0.23135), (0.99099, 3.32600, 0.06026), (2.16389, 4.61060, 0.06026), (0.99450, 3.32162, 0.06806), (2.16751, 4.60633, 0.06806), (3.80712, 5.68143, 0.06026), (3.80941, 5.67631, 0.06806), (3.81337, 5.66747, 0.08464), (3.81502, 5.66378, 0.09334), (3.81644, 5.66061, 0.10228), (3.81762, 5.65797, 0.11142), (3.81150, 5.67165, 0.07620), (3.81989, 5.65290, 0.15878), (3.81960, 5.65355, 0.16833), (3.80463, 5.68700, 0.05282), (3.81906, 5.65475, 0.17782), (-3.04477, 1.91571, 0.30147), (-3.04441, 1.92515, 0.30317), (-3.04293, 1.96341, 0.30397), (-3.04257, 1.97291, 0.30267), (-3.04583, 1.88829, 0.29289), (-3.04549, 1.89724, 0.29632), (-3.04793, 1.83399, 0.25438), (-3.04767, 1.84063, 0.26129), (-3.04740, 1.84769, 0.26777), (-3.04711, 1.85515, 0.27379), (-3.04877, 1.81215, 0.22301), (-3.04859, 1.81686, 0.23135), (-3.04617, 1.87957, 0.28891), (-3.04839, 1.82209, 0.23938), (-3.04817, 1.82780, 0.24706), (-3.04681, 1.86296, 0.27934), (-3.04649, 1.87111, 0.28438), (-3.04513, 1.90639, 0.29919), (-3.04404, 1.93467, 0.30427), (-3.04367, 1.94425, 0.30477), (-3.04330, 1.95384, 0.30467), (-3.04184, 1.99157, 0.29830), (-3.04149, 2.00066, 0.29524), (-3.03909, 2.06302, 0.25198), (-3.03934, 2.05652, 0.25903), (-2.06360, 2.11533, 0.22016), (-2.06282, 2.11083, 0.22860), (-3.03885, 2.06905, 0.24454), (-3.04115, 2.00954, 0.29162), (-3.04082, 2.01818, 0.28746), (-3.03864, 2.07461, 0.23674), (-3.04220, 1.98231, 0.30077), (-2.06536, 2.12556, 0.19338), (-2.06487, 2.12271, 0.20252), (-2.06575, 2.12783, 0.18409), (-2.06428, 2.11929, 0.21146), (-2.06604, 2.12952, 0.17466), (-3.04050, 2.02653, 0.28276), (-3.04019, 2.03458, 0.27754), (-2.06623, 2.13061, 0.16515), (-3.03960, 2.04960, 0.26566), (-3.03989, 2.04228, 0.27183), (-2.06406, 2.11803, 0.09041), (-2.06468, 2.12163, 0.09928), (-2.06254, 2.10921, 0.07345), (-2.06335, 2.11388, 0.08179), (-2.06521, 2.12467, 0.10835), (-2.05961, 2.09219, 0.05042), (-2.06067, 2.09834, 0.05774), (-2.05848, 2.08560, 0.04351), (-2.05326, 2.05532, 0.02042), (-2.05466, 2.06342, 0.02546), (-2.05727, 2.07858, 0.03703), (-2.05032, 2.03826, 0.01191), (-2.05182, 2.04692, 0.01589), (-2.05599, 2.07118, 0.03101), (-2.04879, 2.02937, 0.00848), (-2.06618, 2.13031, 0.13647), (-2.06630, 2.13101, 0.14602), (-2.06563, 2.12713, 0.11760), (-2.06596, 2.12902, 0.12698), (-2.06632, 2.13111, 0.15559), (-2.06165, 2.10402, 0.06542), (-2.04723, 2.02028, 0.00561), (-2.02154, 1.87115, 0.04577), (-2.02043, 1.86471, 0.05282), (-2.04075, 1.98267, 0.00003), (-2.04239, 1.99219, 0.00053), (-2.02958, 1.91782, 0.01318), (-2.03110, 1.92664, 0.00956), (-2.03585, 1.95421, 0.00213), (-2.03747, 1.96365, 0.00083), (-2.04402, 2.00165, 0.00163), (-2.04563, 2.01103, 0.00333), (-2.02272, 1.87803, 0.03914), (-2.02398, 1.88531, 0.03297), (-2.02667, 1.90094, 0.02204), (-2.02810, 1.90924, 0.01734), (-2.01940, 1.85871, 0.06026), (-2.01845, 1.85319, 0.06806), (-2.03424, 1.94487, 0.00403), (-2.03911, 1.97315, 0.00013), (-2.03265, 1.93567, 0.00650), (-2.02530, 1.89295, 0.02726), (-2.01758, 1.84817, 0.07620), (-2.01417, 1.82839, 0.13965), (-2.01409, 1.82789, 0.14921), (-2.01411, 1.82799, 0.15878), (-2.01554, 1.83629, 0.10228), (-2.01505, 1.83344, 0.11142), (-2.01465, 1.83117, 0.12071), (-2.01436, 1.82948, 0.13014), (-2.01423, 1.82869, 0.16833), (-2.01445, 1.82998, 0.17782), (-2.01477, 1.83186, 0.18720), (-2.01634, 1.84096, 0.21439), (-2.01706, 1.84511, 0.22301), (-2.01786, 1.84979, 0.23135), (-2.01876, 1.85498, 0.23938), (-2.01973, 1.86066, 0.24706), (-2.02079, 1.86681, 0.25438), (-2.02193, 1.87340, 0.26129), (-2.01681, 1.84367, 0.08464), (-2.01612, 1.83970, 0.09334), (-2.01520, 1.83433, 0.19645), (-2.01572, 1.83737, 0.20552), (-2.04456, 2.00479, 0.30267), (-2.04617, 2.01413, 0.30077), (-2.04775, 2.02333, 0.29830), (-2.04931, 2.03236, 0.29524), (-2.05083, 2.04118, 0.29162), (-2.03639, 1.95735, 0.30317), (-2.03802, 1.96681, 0.30427), (-2.04130, 1.98585, 0.30467), (-2.04293, 1.99535, 0.30397), (-2.05230, 2.04975, 0.28746), (-2.05373, 2.05805, 0.28276), (-2.03318, 1.93872, 0.29919), (-2.03477, 1.94797, 0.30147), (-2.03966, 1.97632, 0.30477), (-2.05511, 2.06604, 0.27754), (-2.02575, 1.89558, 0.27934), (-2.02714, 1.90368, 0.28438), (-2.02441, 1.88782, 0.27379), (-2.02859, 1.91207, 0.28891), (-2.02314, 1.88041, 0.26777), (-2.03008, 1.92073, 0.29289), (-2.03161, 1.92963, 0.29632), (-1.09871, 2.44021, 0.15559), (-1.09851, 2.43974, 0.16515), (-1.09737, 2.43717, 0.18409), (-1.09644, 2.43507, 0.19338), (-2.05643, 2.07369, 0.27183), (-1.09867, 2.44011, 0.14602), (-1.09806, 2.43873, 0.17466), (-2.05768, 2.08097, 0.26566), (-2.05886, 2.08784, 0.25903), (-1.09528, 2.43244, 0.20252), (-1.09389, 2.42928, 0.21146), (-2.06196, 2.10581, 0.23674), (-2.06101, 2.10029, 0.24454), (-1.09227, 2.42561, 0.22016), (-1.09044, 2.42145, 0.22860), (-2.05997, 2.09429, 0.25198), (-1.09839, 2.43947, 0.13647), (-1.09786, 2.43827, 0.12698), (-1.09709, 2.43653, 0.11760), (-1.09608, 2.43425, 0.10835), (-1.09484, 2.43144, 0.09928), (-1.04972, 2.32917, 0.00333), (-1.04590, 2.32050, 0.00163), (-1.08283, 2.40422, 0.05042), (-1.08534, 2.40990, 0.05774), (-1.07426, 2.38479, 0.03101), (-1.07109, 2.37761, 0.02546), (-1.05720, 2.34613, 0.00848), (-1.05349, 2.33772, 0.00561), (-1.04203, 2.31175, 0.00053), (-1.03815, 2.30295, 0.00003), (-1.09168, 2.42428, 0.08179), (-1.09338, 2.42811, 0.09041), (-1.03427, 2.29414, 0.00013), (-1.03039, 2.28535, 0.00083), (-1.06779, 2.37012, 0.02042), (-1.06437, 2.36236, 0.01589), (-1.08978, 2.41995, 0.07345), (-1.06083, 2.35435, 0.01191), (-1.07728, 2.39164, 0.03703), (-1.08014, 2.39812, 0.04351), (-1.08766, 2.41516, 0.06542), (-1.02654, 2.27663, 0.00213), (-1.02273, 2.26799, 0.00403), (-1.01897, 2.25948, 0.00650), (-0.99546, 2.20618, 0.03914), (-0.99265, 2.19983, 0.04577), (-0.98328, 2.17857, 0.07620), (-0.98144, 2.17441, 0.08464), (-0.97982, 2.17075, 0.09334), (-0.97843, 2.16759, 0.10228), (-0.97727, 2.16495, 0.11142), (-0.97634, 2.16285, 0.12071), (-0.98758, 2.18832, 0.06026), (-0.98533, 2.18322, 0.06806), (-0.99843, 2.21291, 0.03297), (-1.01529, 2.25113, 0.00956), (-1.01169, 2.24298, 0.01318), (-1.00481, 2.22737, 0.02204), (-1.00155, 2.21998, 0.02726), (-0.99002, 2.19386, 0.05282), (-1.00819, 2.23505, 0.01734), (-0.97565, 2.16129, 0.13014), (-0.97521, 2.16028, 0.13965), (-0.97500, 2.15982, 0.14921), (-0.97504, 2.15991, 0.15878), (-0.98203, 2.17575, 0.22301), (-0.98394, 2.18007, 0.23135), (-0.98605, 2.18487, 0.23938), (-0.97533, 2.16056, 0.16833), (-0.97586, 2.16175, 0.17782), (-0.99357, 2.20190, 0.26129), (-0.99088, 2.19581, 0.25438), (-1.00592, 2.22990, 0.28438), (-1.00262, 2.22241, 0.27934), (-0.98837, 2.19012, 0.24706), (-1.00935, 2.23766, 0.28891), (-1.01288, 2.24567, 0.29289), (-0.97662, 2.16349, 0.18720), (-0.97763, 2.16577, 0.19645), (-0.99643, 2.20839, 0.26777), (-1.01651, 2.25390, 0.29632), (-0.98034, 2.17191, 0.21439), (-0.99945, 2.21523, 0.27379), (-0.97887, 2.16858, 0.20552), (-1.05099, 2.33203, 0.30077), (-1.04717, 2.32340, 0.30267), (-1.08369, 2.40616, 0.25198), (-1.08106, 2.40020, 0.25903), (-1.08839, 2.41681, 0.23674), (-1.03168, 2.28828, 0.30427), (-1.02782, 2.27953, 0.30317), (-1.06552, 2.36498, 0.28746), (-1.06202, 2.35705, 0.29162), (-1.05842, 2.34889, 0.29524), (-1.05474, 2.34054, 0.29830), (-1.03945, 2.30588, 0.30467), (-1.03556, 2.29707, 0.30477), (-1.07529, 2.38711, 0.27183), (-1.07217, 2.38004, 0.27754), (-1.04332, 2.31467, 0.30397), (-1.07825, 2.39384, 0.26566), (-1.08614, 2.41170, 0.24454), (-1.02399, 2.27086, 0.30147), (-1.02022, 2.26230, 0.29919), (-1.06891, 2.37265, 0.28276), (0.81859, 3.54080, 0.17466), (0.81966, 3.53946, 0.18409), (0.82854, 3.52840, 0.08179), (0.82590, 3.53169, 0.09041), (0.83151, 3.52470, 0.07345), (0.82361, 3.53455, 0.09928), (0.82167, 3.53696, 0.10835), (0.82509, 3.53269, 0.21146), (0.82762, 3.52955, 0.22016), (0.82111, 3.53766, 0.19338), (0.82292, 3.53540, 0.20252), (0.83482, 3.52058, 0.06542), (0.81808, 3.54143, 0.13647), (0.81764, 3.54199, 0.14602), (0.81789, 3.54167, 0.16515), (0.84235, 3.51120, 0.05042), (0.83843, 3.51607, 0.05774), (0.83048, 3.52598, 0.22860), (0.81757, 3.54207, 0.15559), (0.84655, 3.50597, 0.04351), (0.82010, 3.53891, 0.11760), (0.81890, 3.54041, 0.12698), (0.89402, 3.44682, 0.00333), (0.89999, 3.43938, 0.00163), (0.93614, 3.39434, 0.00403), (0.94200, 3.38704, 0.00650), (0.94774, 3.37988, 0.00956), (0.95336, 3.37288, 0.01318), (0.85101, 3.50041, 0.03703), (0.90601, 3.43187, 0.00053), (0.91207, 3.42433, 0.00003), (0.87668, 3.46842, 0.01191), (0.88234, 3.46137, 0.00848), (0.92418, 3.40923, 0.00083), (0.93019, 3.40175, 0.00213), (0.88813, 3.45416, 0.00561), (0.91814, 3.41677, 0.00013), (0.85572, 3.49453, 0.03101), (0.86067, 3.48837, 0.02546), (0.95882, 3.36608, 0.01734), (0.96410, 3.35950, 0.02204), (0.86582, 3.48195, 0.02042), (0.87117, 3.47529, 0.01589), (0.96919, 3.35316, 0.02726), (0.97406, 3.34709, 0.03297), (0.95702, 3.36832, 0.28891), (0.96236, 3.36166, 0.28438), (0.92820, 3.40424, 0.30317), (0.93416, 3.39680, 0.30147), (0.91005, 3.42685, 0.30467), (0.91611, 3.41929, 0.30477), (0.94005, 3.38946, 0.29919), (0.95150, 3.37520, 0.29289), (0.94584, 3.38225, 0.29632), (0.92217, 3.41174, 0.30427), (0.98975, 3.32754, 0.24706), (0.98584, 3.33242, 0.25438), (0.97246, 3.34908, 0.27379), (0.97718, 3.34321, 0.26777), (0.96752, 3.35524, 0.27934), (0.98164, 3.33765, 0.26129), (0.90400, 3.43438, 0.30397), (1.98886, 4.81663, 0.19338), (1.98737, 4.81839, 0.18409), (0.86408, 3.48412, 0.28276), (0.86937, 3.47754, 0.28746), (0.85899, 3.49046, 0.27754), (0.83368, 3.52200, 0.23674), (0.89799, 3.44187, 0.30267), (0.84512, 3.50775, 0.25903), (0.84949, 3.50230, 0.26566), (0.85413, 3.49652, 0.27183), (1.98627, 4.81969, 0.17466), (1.99073, 4.81443, 0.20252), (0.83719, 3.51762, 0.24454), (0.84101, 3.51286, 0.25198), (1.99557, 4.80874, 0.22016), (1.99297, 4.81180, 0.21146), (0.88619, 3.45657, 0.29830), (0.89205, 3.44928, 0.30077), (1.99853, 4.80526, 0.22860), (0.87483, 3.47073, 0.29162), (0.88044, 3.46374, 0.29524), (1.98783, 4.81785, 0.11760), (1.98659, 4.81931, 0.12698), (1.98944, 4.81595, 0.10835), (1.99380, 4.81083, 0.09041), (1.99144, 4.81360, 0.09928), (1.99959, 4.80401, 0.07345), (1.99652, 4.80762, 0.08179), (2.00671, 4.79562, 0.05774), (2.01075, 4.79087, 0.05042), (1.98555, 4.82054, 0.16515), (1.98522, 4.82092, 0.15559), (2.01507, 4.78578, 0.04351), (2.01967, 4.78037, 0.03703), (2.03493, 4.76240, 0.02042), (2.04044, 4.75592, 0.01589), (2.00299, 4.80001, 0.06542), (1.98575, 4.82031, 0.13647), (2.02962, 4.76866, 0.02546), (1.98529, 4.82085, 0.14602), (2.02453, 4.77465, 0.03101), (2.04612, 4.74923, 0.01191), (2.10125, 4.68433, 0.00213), (2.10738, 4.67712, 0.00403), (2.09506, 4.69162, 0.00083), (2.05195, 4.74237, 0.00848), (2.05791, 4.73535, 0.00561), (2.06398, 4.72820, 0.00333), (2.07013, 4.72096, 0.00163), (2.08883, 4.69896, 0.00013), (2.11341, 4.67002, 0.00650), (2.11933, 4.66305, 0.00956), (2.13619, 4.64321, 0.02204), (2.14143, 4.63704, 0.02726), (2.07634, 4.71366, 0.00053), (2.08258, 4.70631, 0.00003), (2.12512, 4.65624, 0.01318), (2.14644, 4.63113, 0.03297), (2.13074, 4.64961, 0.01734), (2.15858, 4.61685, 0.25438), (2.16261, 4.61210, 0.24706), (2.12321, 4.65849, 0.29289), (2.12889, 4.65180, 0.28891), (2.13970, 4.63907, 0.27934), (2.14480, 4.63307, 0.27379), (2.04999, 4.74467, 0.29524), (2.05592, 4.73770, 0.29830), (2.09919, 4.68676, 0.30317), (2.10534, 4.67952, 0.30147), (2.14965, 4.62735, 0.26777), (2.13439, 4.64532, 0.28438), (2.15425, 4.62194, 0.26129), (2.06807, 4.72339, 0.30267), (2.07427, 4.71610, 0.30397), (2.06195, 4.73060, 0.30077), (2.03858, 4.75811, 0.28746), (2.04421, 4.75148, 0.29162), (2.11737, 4.66535, 0.29632), (2.09299, 4.69406, 0.30427), (2.08050, 4.70876, 0.30467), (2.08675, 4.70141, 0.30477), (2.11141, 4.67237, 0.29919), (2.01360, 4.78752, 0.25903), (2.01811, 4.78221, 0.26566), (2.00544, 4.79712, 0.24454), (2.00937, 4.79249, 0.25198), (3.69553, 5.93071, 0.11760), (3.69475, 5.93246, 0.12698), (2.00182, 4.80138, 0.23674), (3.69879, 5.92342, 0.21146), (3.70044, 5.91974, 0.22016), (3.69656, 5.92842, 0.10835), (3.70231, 5.91556, 0.22860), (3.69388, 5.93440, 0.15559), (3.69409, 5.93393, 0.16515), (2.03314, 4.76452, 0.28276), (2.02288, 4.77659, 0.27183), (2.02790, 4.77068, 0.27754), (3.69737, 5.92659, 0.20252), (3.69619, 5.92924, 0.19338), (3.69454, 5.93292, 0.17466), (3.69524, 5.93135, 0.18409), (3.69392, 5.93430, 0.14602), (3.69421, 5.93366, 0.13647), (3.73995, 5.83148, 0.00561), (3.74380, 5.82288, 0.00333), (3.69782, 5.92560, 0.09928), (3.75163, 5.80539, 0.00053), (3.75558, 5.79655, 0.00003), (3.71006, 5.89826, 0.05042), (3.71280, 5.89213, 0.04351), (3.70298, 5.91406, 0.07345), (3.70104, 5.91840, 0.08179), (3.70514, 5.90924, 0.06542), (3.71571, 5.88562, 0.03703), (3.71879, 5.87875, 0.03101), (3.72887, 5.85622, 0.01589), (3.73248, 5.84818, 0.01191), (3.70750, 5.90397, 0.05774), (3.69931, 5.92225, 0.09041), (3.74770, 5.81418, 0.00163), (3.73617, 5.83992, 0.00848), (3.72202, 5.87153, 0.02546), (3.72538, 5.86402, 0.02042), (3.75955, 5.78771, 0.00013), (3.77888, 5.74452, 0.00956), (3.78254, 5.73633, 0.01318), (3.78956, 5.72065, 0.02204), (3.79288, 5.71324, 0.02726), (3.76742, 5.77012, 0.00213), (3.77130, 5.76145, 0.00403), (3.79606, 5.70613, 0.03297), (3.77513, 5.75290, 0.00650), (3.76349, 5.77888, 0.00083), (3.78611, 5.72836, 0.01734), (8.44536, 5.55154, 0.15878), (10.23283, 4.61719, 0.15878), (8.44559, 5.55222, 0.16833), (10.23329, 4.61773, 0.16833), (8.44601, 5.55346, 0.17782), (10.23416, 4.61875, 0.17782), (8.44663, 5.55527, 0.18720), (10.23542, 4.62022, 0.18720), (8.44744, 5.55765, 0.19645), (10.23707, 4.62216, 0.19645), (8.44843, 5.56058, 0.20552), (10.23911, 4.62454, 0.20552), (8.45249, 5.57254, 0.23135), (10.24744, 4.63427, 0.23135), (8.45419, 5.57753, 0.23938), (10.25092, 4.63834, 0.23938), (8.45097, 5.56803, 0.22301), (10.24430, 4.63061, 0.22301), (8.45605, 5.58300, 0.24706), (10.25472, 4.64279, 0.24706), (8.45049, 5.56665, 0.08464), (10.24334, 4.62948, 0.08464), (8.44920, 5.56283, 0.09334), (10.24068, 4.62637, 0.09334), (8.44808, 5.55954, 0.10228), (10.23839, 4.62369, 0.10228), (8.45806, 5.58893, 0.25438), (10.25885, 4.64761, 0.25438), (10.33641, 4.53242, 0.24706), (10.33630, 4.54294, 0.25438), (11.34212, 3.18384, 0.25438), (11.33627, 3.18135, 0.24706), (8.44961, 5.56404, 0.21439), (10.24152, 4.62736, 0.21439), (8.44715, 5.55680, 0.11142), (10.23648, 4.62146, 0.11142), (8.44640, 5.55461, 0.12071), (10.23496, 4.61968, 0.12071), (11.30825, 3.16940, 0.12071), (10.33691, 4.48192, 0.12071), (11.31041, 3.17032, 0.11142), (10.33687, 4.48581, 0.11142), (11.31311, 3.17147, 0.10228), (10.33682, 4.49069, 0.10228), (8.44585, 5.55298, 0.13014), (10.23383, 4.61836, 0.13014), (11.30890, 3.16968, 0.18720), (11.31125, 3.17068, 0.19645), (10.33689, 4.48311, 0.18720), (10.33685, 4.48733, 0.19645), (8.44549, 5.55193, 0.13965), (10.23309, 4.61750, 0.13965), (8.45196, 5.57098, 0.07620), (10.24636, 4.63300, 0.07620), (11.32013, 3.17446, 0.08464), (10.33669, 4.50333, 0.08464), (11.32441, 3.17629, 0.07620), (10.33662, 4.51104, 0.07620), (11.31636, 3.17286, 0.09334), (10.33676, 4.49654, 0.09334), (8.45361, 5.57582, 0.06806), (10.24972, 4.63694, 0.06806), (8.44533, 5.55145, 0.14921), (10.23276, 4.61711, 0.14921), (11.31756, 3.17337, 0.21439), (11.32150, 3.17505, 0.22301), (10.33674, 4.49870, 0.21439), (10.33667, 4.50580, 0.22301), (11.32918, 3.17832, 0.06806), (10.33653, 4.51963, 0.06806), (11.30560, 3.16827, 0.13965), (10.33695, 4.47716, 0.13965), (11.30664, 3.16872, 0.13014), (10.33694, 4.47903, 0.13014), (8.45541, 5.58113, 0.06026), (10.25342, 4.64126, 0.06026), (11.30513, 3.16807, 0.14921), (11.30522, 3.16811, 0.15878), (10.33696, 4.47630, 0.14921), (10.33696, 4.47648, 0.15878), (11.30589, 3.16839, 0.16833), (10.33695, 4.47767, 0.16833), (11.30712, 3.16892, 0.17782), (10.33693, 4.47989, 0.17782), (11.32594, 3.17694, 0.23135), (11.33087, 3.17904, 0.23938), (10.33659, 4.51380, 0.23135), (10.33650, 4.52269, 0.23938), (11.31414, 3.17191, 0.20552), (10.33680, 4.49253, 0.20552), (8.46022, 5.59528, 0.26129), (10.26327, 4.65277, 0.26129), (3.80867, 5.67797, 0.23938), (3.79502, 5.70846, 0.27379), (3.79810, 5.70159, 0.26777), (3.76611, 5.77303, 0.30317), (3.77001, 5.76433, 0.30147), (3.75032, 5.80832, 0.30397), (3.75427, 5.79950, 0.30467), (3.74639, 5.81709, 0.30267), (3.78493, 5.73099, 0.28891), (3.78843, 5.72319, 0.28438), (3.77386, 5.75573, 0.29919), (3.77764, 5.74729, 0.29632), (3.74251, 5.82576, 0.30077), (3.78133, 5.73903, 0.29289), (3.80375, 5.68895, 0.25438), (3.80631, 5.68324, 0.24706), (3.79179, 5.71567, 0.27934), (3.80101, 5.69508, 0.26129), (3.76218, 5.78182, 0.30427), (3.75822, 5.79066, 0.30477), (3.73868, 5.83431, 0.29830), (3.71775, 5.88108, 0.27183), (3.72093, 5.87397, 0.27754), (3.73493, 5.84269, 0.29524), (3.73126, 5.85088, 0.29162), (3.70669, 5.90577, 0.24454), (3.70918, 5.90021, 0.25198), (3.72770, 5.85885, 0.28746), (3.71472, 5.88783, 0.26566), (3.71186, 5.89422, 0.25903), (4.68114, 6.18511, 0.22016), (4.68192, 6.18063, 0.22860), (3.70440, 5.91090, 0.23674), (4.67938, 6.19528, 0.19338), (4.67988, 6.19245, 0.20252), (4.67899, 6.19754, 0.18409), (4.67852, 6.20031, 0.16515), (4.67870, 6.19922, 0.17466), (4.68046, 6.18905, 0.21146), (4.67843, 6.20080, 0.15559), (3.72425, 5.86655, 0.28276), (4.67845, 6.20071, 0.14602), (4.67879, 6.19873, 0.12698), (4.67857, 6.20001, 0.13647), (4.68626, 6.15554, 0.04351), (4.68747, 6.14857, 0.03703), (4.68512, 6.16210, 0.05042), (4.69007, 6.13348, 0.02546), (4.69147, 6.12543, 0.02042), (4.69291, 6.11708, 0.01589), (4.68220, 6.17902, 0.07345), (4.68139, 6.18368, 0.08179), (4.67911, 6.19685, 0.11760), (4.67954, 6.19440, 0.10835), (4.68874, 6.14120, 0.03101), (4.69440, 6.10846, 0.01191), (4.69593, 6.09962, 0.00848), (4.69749, 6.09058, 0.00561), (4.68068, 6.18780, 0.09041), (4.68006, 6.19138, 0.09928), (4.69909, 6.08137, 0.00333), (4.70070, 6.07205, 0.00163), (4.68309, 6.17386, 0.06542), (4.68407, 6.16821, 0.05774), (4.71802, 5.97189, 0.02204), (4.71940, 5.96394, 0.02726), (4.70723, 6.03425, 0.00083), (4.70886, 6.02486, 0.00213), (4.71360, 5.99744, 0.00956), (4.71512, 5.98867, 0.01318), (4.71205, 6.00642, 0.00650), (4.72426, 5.93584, 0.05282), (4.72529, 5.92988, 0.06026), (4.70233, 6.06264, 0.00053), (4.70396, 6.05317, 0.00003), (4.70560, 6.04370, 0.00013), (4.72623, 5.92439, 0.06806), (4.72710, 5.91940, 0.07620), (4.71047, 6.01558, 0.00403), (4.71659, 5.98014, 0.01734), (4.72071, 5.95633, 0.03297), (4.72196, 5.94910, 0.03914), (4.72314, 5.94226, 0.04577), (4.72787, 5.91492, 0.08464), (4.72856, 5.91098, 0.09334), (4.72834, 5.91223, 0.21439), (4.72762, 5.91636, 0.22301), (4.73045, 5.90002, 0.16833), (4.73023, 5.90130, 0.17782), (4.73050, 5.89972, 0.13965), (4.73059, 5.89923, 0.14921), (4.72990, 5.90318, 0.18720), (4.72948, 5.90563, 0.19645), (4.72896, 5.90865, 0.20552), (4.72963, 5.90475, 0.11142), (4.73002, 5.90249, 0.12071), (4.72389, 5.93793, 0.25438), (4.72276, 5.94449, 0.26129), (4.72155, 5.95146, 0.26777), (4.72914, 5.90758, 0.10228), (4.73057, 5.89933, 0.15878), (4.72682, 5.92101, 0.23135), (4.72593, 5.92617, 0.23938), (4.72495, 5.93182, 0.24706), (4.72028, 5.95883, 0.27379), (4.73031, 5.90081, 0.13014), (4.70178, 6.06578, 0.30397), (4.70342, 6.05633, 0.30467), (4.70016, 6.07517, 0.30267), (4.71152, 6.00946, 0.29919), (4.71309, 6.00042, 0.29632), (4.70669, 6.03740, 0.30427), (4.70832, 6.02798, 0.30317), (4.71894, 5.96655, 0.27934), (4.71755, 5.97460, 0.28438), (4.71611, 5.98295, 0.28891), (4.69242, 6.11989, 0.28746), (4.69390, 6.11136, 0.29162), (4.71462, 5.99157, 0.29289), (4.70993, 6.01866, 0.30147), (4.70505, 6.04686, 0.30477), (4.69542, 6.10259, 0.29524), (4.69697, 6.09361, 0.29830), (4.69855, 6.08446, 0.30077), (4.69100, 6.12815, 0.28276), (4.68831, 6.14370, 0.27183), (4.68962, 6.13609, 0.27754), (4.68705, 6.15093, 0.26566), (5.93811, 6.29957, 0.15559), (5.93809, 6.29907, 0.16515), (5.93801, 6.29746, 0.12698), (5.93807, 6.29877, 0.13647), (5.93735, 6.28361, 0.22016), (5.93714, 6.27905, 0.22860), (5.93766, 6.28999, 0.09928), (5.93780, 6.29306, 0.10835), (5.93748, 6.28634, 0.09041), (4.68587, 6.15777, 0.25903), (5.93728, 6.28215, 0.08179), (4.68278, 6.17564, 0.23674), (4.68373, 6.17015, 0.24454), (5.93795, 6.29626, 0.18409), (5.93785, 6.29396, 0.19338), (5.93811, 6.29947, 0.14602), (4.68476, 6.16419, 0.25198), (5.93792, 6.29556, 0.11760), (5.93804, 6.29796, 0.17466), (5.93771, 6.29107, 0.20252), (5.93754, 6.28762, 0.21146), (5.93486, 6.23108, 0.02546), (5.93447, 6.22289, 0.02042), (5.93365, 6.20563, 0.01191), (5.93322, 6.19663, 0.00848), (5.93278, 6.18743, 0.00561), (5.93592, 6.25352, 0.04351), (5.93558, 6.24643, 0.03703), (5.93523, 6.23894, 0.03101), (5.93406, 6.21439, 0.01589), (5.93234, 6.17807, 0.00333), (5.93189, 6.16858, 0.00163), (5.93143, 6.15901, 0.00053), (5.93624, 6.26020, 0.05042), (5.93097, 6.14938, 0.00003), (5.93051, 6.13974, 0.00013), (5.93706, 6.27742, 0.07345), (5.93681, 6.27217, 0.06542), (5.93006, 6.13013, 0.00083), (5.92960, 6.12058, 0.00213), (5.92915, 6.11113, 0.00403), (5.93654, 6.26642, 0.05774), (5.92871, 6.10182, 0.00650), (5.92474, 6.01837, 0.06806), (5.92450, 6.01329, 0.07620), (5.92369, 5.99608, 0.12071), (5.92360, 5.99438, 0.13014), (5.92828, 6.09269, 0.00956), (5.92785, 6.08376, 0.01318), (5.92744, 6.07508, 0.01734), (5.92704, 6.06668, 0.02204), (5.92561, 6.03654, 0.04577), (5.92530, 6.03002, 0.05282), (5.92429, 6.00873, 0.08464), (5.92410, 6.00472, 0.09334), (5.92393, 6.00127, 0.10228), (5.92380, 5.99838, 0.11142), (5.92666, 6.05860, 0.02726), (5.92629, 6.05086, 0.03297), (5.92594, 6.04350, 0.03914), (5.92353, 5.99276, 0.14921), (5.92353, 5.99286, 0.15878), (5.92501, 6.02395, 0.06026), (5.92355, 5.99327, 0.13965), (5.92540, 6.03214, 0.25438), (5.92572, 6.03881, 0.26129), (5.92458, 6.01492, 0.23135), (5.92483, 6.02017, 0.23938), (5.92436, 6.01019, 0.22301), (5.92930, 6.11427, 0.30147), (5.92886, 6.10491, 0.29919), (5.92799, 6.08671, 0.29289), (5.92758, 6.07794, 0.28891), (5.92842, 6.09571, 0.29632), (5.92357, 5.99357, 0.16833), (5.92416, 6.00600, 0.21439), (5.92398, 6.00235, 0.20552), (5.92384, 5.99928, 0.19645), (5.92510, 6.02592, 0.24706), (5.92641, 6.05340, 0.27379), (5.92605, 6.04591, 0.26777), (5.92678, 6.06126, 0.27934), (5.92717, 6.06945, 0.28438), (5.92372, 5.99678, 0.18720), (5.92363, 5.99488, 0.17782), (5.93249, 6.18121, 0.30077), (5.93204, 6.17176, 0.30267), (5.93603, 6.25580, 0.25903), (5.93570, 6.24884, 0.26566), (5.93158, 6.16221, 0.30397), (5.93336, 6.19965, 0.29524), (5.93293, 6.19052, 0.29830), (5.93498, 6.23374, 0.27754), (5.93460, 6.22565, 0.28276), (5.93113, 6.15259, 0.30467), (5.93067, 6.14296, 0.30477), (5.93021, 6.13333, 0.30427), (5.93535, 6.24148, 0.27183), (5.93663, 6.26839, 0.24454), (5.93634, 6.26232, 0.25198), (5.93689, 6.27397, 0.23674), (8.53936, 5.82826, 0.22016), (8.53788, 5.82392, 0.22860), (5.92976, 6.12376, 0.30317), (5.93379, 6.20858, 0.29162), (5.93420, 6.21726, 0.28746), (8.54426, 5.84269, 0.13647), (8.54449, 5.84336, 0.14602), (8.54345, 5.84030, 0.18409), (8.54270, 5.83811, 0.19338), (8.52734, 5.79287, 0.03703), (8.52963, 5.79963, 0.04351), (8.52492, 5.78574, 0.03101), (8.53179, 5.80598, 0.05042), (8.53380, 5.81190, 0.05774), (8.54452, 5.84345, 0.15559), (8.54436, 5.84297, 0.16515), (8.54142, 5.83433, 0.09928), (8.54241, 5.83725, 0.10835), (8.54177, 5.83536, 0.20252), (8.54400, 5.84192, 0.17466), (8.54065, 5.83207, 0.21146), (8.53566, 5.81737, 0.06542), (8.53736, 5.82236, 0.07345), (8.54322, 5.83963, 0.11760), (8.54024, 5.83086, 0.09041), (8.53889, 5.82687, 0.08179), (8.54384, 5.84144, 0.12698), (8.50524, 5.72781, 0.00333), (8.50826, 5.73672, 0.00561), (8.49908, 5.70967, 0.00053), (8.50217, 5.71878, 0.00163), (8.48665, 5.67310, 0.00213), (8.48974, 5.68219, 0.00083), (8.48360, 5.66410, 0.00403), (8.47475, 5.63805, 0.01318), (8.47763, 5.64655, 0.00956), (8.49596, 5.70051, 0.00003), (8.46661, 5.61411, 0.02726), (8.46923, 5.62180, 0.02204), (8.46411, 5.60674, 0.03297), (8.47194, 5.62979, 0.01734), (8.52238, 5.77827, 0.02546), (8.51415, 5.75404, 0.01191), (8.51698, 5.76238, 0.01589), (8.51124, 5.74548, 0.00848), (8.49285, 5.69134, 0.00013), (8.51973, 5.77047, 0.02042), (8.48059, 5.65524, 0.00650), (8.45948, 5.59311, 0.04577), (8.46173, 5.59973, 0.03914), (8.45737, 5.58690, 0.05282), (8.47287, 5.63252, 0.28891), (8.47570, 5.64086, 0.29289), (8.47861, 5.64942, 0.29632), (8.48159, 5.65818, 0.29919), (8.48461, 5.66709, 0.30147), (8.46251, 5.60203, 0.26777), (8.49077, 5.68523, 0.30427), (8.49389, 5.69439, 0.30477), (8.49700, 5.70357, 0.30467), (8.50011, 5.71272, 0.30397), (8.50320, 5.72180, 0.30267), (8.46493, 5.60916, 0.27379), (8.47012, 5.62443, 0.28438), (8.48768, 5.67612, 0.30317), (8.50625, 5.73080, 0.30077), (8.46747, 5.61664, 0.27934), (8.52574, 5.78816, 0.27183), (8.52812, 5.79517, 0.26566), (8.53444, 5.81377, 0.24454), (8.53248, 5.80800, 0.25198), (10.43230, 4.85036, 0.19338), (10.43039, 4.84813, 0.20252), (8.51510, 5.75685, 0.29162), (8.51791, 5.76511, 0.28746), (10.43383, 4.85214, 0.18409), (10.43603, 4.85471, 0.15559), (10.43569, 4.85432, 0.16515), (8.53624, 5.81909, 0.23674), (8.52323, 5.78080, 0.27754), (8.50926, 5.73966, 0.29830), (8.51222, 5.74836, 0.29524), (10.42811, 4.84545, 0.21146), (10.42545, 4.84235, 0.22016), (8.53037, 5.80179, 0.25903), (10.42243, 4.83882, 0.22860), (10.43496, 4.85346, 0.17466), (8.52062, 5.77310, 0.28276), (10.43171, 4.84967, 0.10835), (10.43336, 4.85160, 0.11760), (10.36782, 4.77499, 0.00848), (10.37379, 4.78196, 0.01191), (10.39585, 4.80775, 0.03101), (10.40082, 4.81356, 0.03703), (10.42448, 4.84122, 0.08179), (10.42726, 4.84446, 0.09041), (10.41787, 4.83349, 0.06542), (10.42134, 4.83755, 0.07345), (10.40552, 4.81905, 0.04351), (10.36173, 4.76787, 0.00561), (10.41406, 4.82904, 0.05774), (10.43462, 4.85307, 0.12698), (10.40994, 4.82422, 0.05042), (10.42967, 4.84729, 0.09928), (10.43549, 4.85409, 0.13647), (10.43596, 4.85463, 0.14602), (10.39065, 4.80167, 0.02546), (10.38522, 4.79533, 0.02042), (10.37959, 4.78875, 0.01589), (10.35553, 4.76062, 0.00333), (10.28173, 4.67436, 0.02204), (10.28730, 4.68086, 0.01734), (10.25744, 4.64596, 0.05282), (10.26176, 4.65101, 0.04577), (10.34290, 4.74585, 0.00053), (10.34924, 4.75327, 0.00163), (10.31744, 4.71610, 0.00213), (10.32377, 4.72349, 0.00083), (10.29304, 4.68758, 0.01318), (10.29896, 4.69449, 0.00956), (10.30501, 4.70157, 0.00650), (10.27125, 4.66210, 0.03297), (10.27638, 4.66810, 0.02726), (10.26637, 4.65640, 0.03914), (10.31118, 4.70878, 0.00403), (10.26797, 4.65827, 0.26777), (10.27293, 4.66407, 0.27379), (10.27814, 4.67015, 0.27934), (10.33226, 4.73342, 0.30477), (10.33865, 4.74089, 0.30467), (10.33439, 4.73591, 0.30473), (10.31326, 4.71121, 0.30147), (10.31954, 4.71855, 0.30317), (10.34502, 4.74833, 0.30397), (10.35135, 4.75573, 0.30267), (10.32589, 4.72597, 0.30427), (10.30096, 4.69683, 0.29632), (10.30705, 4.70396, 0.29919), (10.29500, 4.68986, 0.29289), (10.35760, 4.76305, 0.30077), (10.36377, 4.77026, 0.29830), (10.28356, 4.67650, 0.28438), (10.28919, 4.68308, 0.28891), (10.36983, 4.77733, 0.29524), (10.37574, 4.78424, 0.29162), (10.38149, 4.79096, 0.28746), (10.38705, 4.79747, 0.28276), (10.39241, 4.80373, 0.27754), (11.58533, 3.28753, 0.20252), (11.58803, 3.28868, 0.19338), (10.40702, 4.82081, 0.25903), (10.41134, 4.82586, 0.25198), (11.59132, 3.29008, 0.12698), (11.59255, 3.29061, 0.13647), (11.58208, 3.28614, 0.21146), (11.59019, 3.28960, 0.18409), (11.59180, 3.29028, 0.17466), (11.57403, 3.28271, 0.22860), (11.57831, 3.28453, 0.22016), (11.59322, 3.29089, 0.14602), (10.41906, 4.83488, 0.23674), (10.39754, 4.80972, 0.27183), (11.58953, 3.28932, 0.11760), (11.58430, 3.28709, 0.09928), (11.58719, 3.28832, 0.10835), (10.41536, 4.83056, 0.24454), (11.58088, 3.28563, 0.09041), (11.59284, 3.29073, 0.16515), (10.40241, 4.81542, 0.26566), (11.59331, 3.29093, 0.15559), (11.47919, 3.24227, 0.00333), (11.48798, 3.24602, 0.00561), (11.47027, 3.23848, 0.00163), (11.52898, 3.26350, 0.02546), (11.53636, 3.26665, 0.03101), (11.54339, 3.26965, 0.03703), (11.57694, 3.28395, 0.08179), (10.33450, 4.72504, 0.00013), (11.44318, 3.22693, 0.00013), (11.45224, 3.23079, 0.00003), (11.46128, 3.23464, 0.00053), (11.55006, 3.27249, 0.04351), (10.33482, 4.69261, 0.00213), (10.33466, 4.70877, 0.00083), (11.43416, 3.22308, 0.00083), (11.42518, 3.21925, 0.00213), (11.49662, 3.24971, 0.00848), (11.56757, 3.27995, 0.06542), (11.57250, 3.28206, 0.07345), (11.55632, 3.27516, 0.05042), (11.56217, 3.27765, 0.05774), (11.51330, 3.25682, 0.01589), (11.52128, 3.26022, 0.02042), (11.50507, 3.25331, 0.01191), (10.33599, 4.57462, 0.03297), (10.33586, 4.58772, 0.02726), (11.36697, 3.19443, 0.02726), (11.35970, 3.19133, 0.03297), (10.33513, 4.66086, 0.00650), (10.33498, 4.67662, 0.00403), (11.41631, 3.21547, 0.00403), (11.40756, 3.21174, 0.00650), (10.33558, 4.61561, 0.01734), (10.33544, 4.63030, 0.01318), (11.39060, 3.20451, 0.01318), (11.38245, 3.20103, 0.01734), (10.33572, 4.60140, 0.02204), (11.37456, 3.19767, 0.02204), (11.33442, 3.18056, 0.06026), (10.33644, 4.52908, 0.06026), (10.33529, 4.64540, 0.00956), (11.39898, 3.20808, 0.00956), (10.33611, 4.56216, 0.03914), (11.35278, 3.18839, 0.03914), (10.33623, 4.55039, 0.04577), (11.34625, 3.18560, 0.04577), (10.33634, 4.53935, 0.05282), (11.34012, 3.18299, 0.05282), (10.33461, 4.71418, 0.30427), (10.33445, 4.73047, 0.30477), (11.44620, 3.22821, 0.30477), (11.43716, 3.22436, 0.30427), (10.33508, 4.66608, 0.29919), (10.33493, 4.68192, 0.30147), (11.41926, 3.21672, 0.30147), (11.41046, 3.21298, 0.29919), (10.33539, 4.63529, 0.29289), (10.33524, 4.65052, 0.29632), (11.40182, 3.20929, 0.29632), (11.39337, 3.20569, 0.29289), (10.33554, 4.62046, 0.28891), (11.38514, 3.20218, 0.28891), (10.33619, 4.55424, 0.26129), (11.34838, 3.18651, 0.26129), (11.45526, 3.23207, 0.30467), (11.46428, 3.23592, 0.30397), (11.48213, 3.24353, 0.30077), (11.49088, 3.24726, 0.29830), (11.49946, 3.25092, 0.29524), (10.33607, 4.56624, 0.26777), (11.35505, 3.18935, 0.26777), (11.50784, 3.25449, 0.29162), (11.51599, 3.25797, 0.28746), (10.33477, 4.69798, 0.30317), (11.42817, 3.22052, 0.30317), (11.47326, 3.23975, 0.30267), (10.33595, 4.57892, 0.27379), (11.36208, 3.19235, 0.27379), (10.33581, 4.59222, 0.27934), (10.33568, 4.60608, 0.28438), (11.37716, 3.19878, 0.28438), (11.36946, 3.19550, 0.27934), (11.52388, 3.26133, 0.28276), (11.86933, 1.57774, 0.22016), (11.86464, 1.57831, 0.22860), (11.87701, 1.57681, 0.20252), (11.87345, 1.57724, 0.21146), (11.56926, 3.28068, 0.23674), (11.88234, 1.57617, 0.18409), (11.87997, 1.57645, 0.19338), (11.53874, 3.26767, 0.27183), (11.54566, 3.27061, 0.26566), (11.88410, 1.57595, 0.17466), (11.53147, 3.26457, 0.27754), (11.55219, 3.27340, 0.25903), (11.55832, 3.27601, 0.25198), (11.88524, 1.57581, 0.16515), (11.88565, 1.57577, 0.14602), (11.88492, 1.57585, 0.13647), (11.88358, 1.57602, 0.12698), (11.56402, 3.27844, 0.24454), (11.88575, 1.57575, 0.15559), (11.88162, 1.57625, 0.11760), (11.74114, 1.59328, 0.00053), (11.75099, 1.59209, 0.00163), (11.80686, 1.58532, 0.02042), (11.81529, 1.58429, 0.02546), (11.72132, 1.59568, 0.00013), (11.73123, 1.59448, 0.00003), (11.87214, 1.57740, 0.09041), (11.86783, 1.57793, 0.08179), (11.86296, 1.57851, 0.07345), (11.85756, 1.57917, 0.06542), (11.76075, 1.59090, 0.00333), (11.77984, 1.58859, 0.00848), (11.78910, 1.58747, 0.01191), (11.85164, 1.57989, 0.05774), (11.84524, 1.58066, 0.05042), (11.82337, 1.58331, 0.03101), (11.83838, 1.58150, 0.04351), (11.79812, 1.58638, 0.01589), (11.83108, 1.58238, 0.03703), (11.77038, 1.58974, 0.00561), (11.87905, 1.57656, 0.10835), (11.87589, 1.57695, 0.09928), (11.63783, 1.60580, 0.02726), (11.64615, 1.60479, 0.02204), (11.60843, 1.60937, 0.05282), (11.60219, 1.61012, 0.06026), (11.67290, 1.60155, 0.00956), (11.68230, 1.60041, 0.00650), (11.62987, 1.60677, 0.03297), (11.59644, 1.61082, 0.06806), (11.59122, 1.61145, 0.07620), (11.69188, 1.59925, 0.00403), (11.70160, 1.59807, 0.00213), (11.71143, 1.59688, 0.00083), (11.65479, 1.60375, 0.01734), (11.66372, 1.60267, 0.01318), (11.61514, 1.60855, 0.04577), (11.62230, 1.60769, 0.03914), (11.57176, 1.61381, 0.13014), (11.57062, 1.61395, 0.13965), (11.57885, 1.61295, 0.10228), (11.57588, 1.61331, 0.11142), (11.58240, 1.61252, 0.09334), (11.57351, 1.61360, 0.12071), (11.57093, 1.61391, 0.16833), (11.57020, 1.61400, 0.15878), (11.57680, 1.61320, 0.19645), (11.57424, 1.61351, 0.18720), (11.58371, 1.61236, 0.21439), (11.57997, 1.61282, 0.20552), (11.58803, 1.61184, 0.22301), (11.57228, 1.61375, 0.17782), (11.57010, 1.61401, 0.14921), (11.58653, 1.61202, 0.08464), (11.64900, 1.60445, 0.28438), (11.65774, 1.60339, 0.28891), (11.66675, 1.60230, 0.29289), (11.67601, 1.60118, 0.29632), (11.68548, 1.60003, 0.29919), (11.62478, 1.60739, 0.26777), (11.63248, 1.60645, 0.27379), (11.61748, 1.60827, 0.26129), (11.61061, 1.60910, 0.25438), (11.64057, 1.60547, 0.27934), (11.69511, 1.59886, 0.30147), (11.60421, 1.60988, 0.24706), (11.59290, 1.61125, 0.23135), (11.59830, 1.61059, 0.23938), (11.70487, 1.59768, 0.30317), (11.71472, 1.59648, 0.30427), (11.80106, 1.58602, 0.28746), (11.80970, 1.58497, 0.28276), (11.83356, 1.58208, 0.26566), (11.84072, 1.58121, 0.25903), (11.73454, 1.59408, 0.30467), (11.74443, 1.59288, 0.30397), (11.76398, 1.59051, 0.30077), (11.77355, 1.58935, 0.29830), (11.85941, 1.57895, 0.23674), (11.72462, 1.59528, 0.30477), (11.75425, 1.59169, 0.30267), (11.85367, 1.57964, 0.24454), (11.84743, 1.58040, 0.25198), (11.78295, 1.58821, 0.29524), (11.28732, 0.23912, 0.22016), (11.28345, 0.24156, 0.22860), (11.29073, 0.23697, 0.21146), (11.82598, 1.58300, 0.27183), (11.81802, 1.58396, 0.27754), (11.79214, 1.58710, 0.29162), (11.27271, 0.24834, 0.05774), (11.26742, 0.25168, 0.05042), (11.26175, 0.25525, 0.04351), (11.29274, 0.23570, 0.09928), (11.28964, 0.23765, 0.09041), (11.25572, 0.25906, 0.03703), (11.30080, 0.23061, 0.14602), (11.30020, 0.23099, 0.13647), (11.24935, 0.26308, 0.03101), (11.24268, 0.26729, 0.02546), (11.28608, 0.23990, 0.08179), (11.28206, 0.24244, 0.07345), (11.29747, 0.23271, 0.11760), (11.29535, 0.23405, 0.10835), (11.29807, 0.23234, 0.18409), (11.29611, 0.23357, 0.19338), (11.27759, 0.24526, 0.06542), (11.30089, 0.23056, 0.15559), (11.29952, 0.23142, 0.17466), (11.29909, 0.23169, 0.12698), (11.30046, 0.23083, 0.16515), (11.29366, 0.23512, 0.20252), (11.14877, 0.32655, 0.00213), (11.15688, 0.32143, 0.00083), (11.17324, 0.31111, 0.00003), (11.18143, 0.30594, 0.00053), (11.11747, 0.34630, 0.01318), (11.12506, 0.34151, 0.00956), (11.10296, 0.35546, 0.02204), (11.11010, 0.35095, 0.01734), (11.09609, 0.35979, 0.02726), (11.08951, 0.36394, 0.03297), (11.22849, 0.27624, 0.01589), (11.23571, 0.27169, 0.02042), (11.14074, 0.33162, 0.00403), (11.19763, 0.29572, 0.00333), (11.20558, 0.29070, 0.00561), (11.18956, 0.30081, 0.00163), (11.21340, 0.28577, 0.00848), (11.13282, 0.33661, 0.00650), (11.08326, 0.36789, 0.03914), (11.16505, 0.31628, 0.00013), (11.22105, 0.28094, 0.01191), (11.04568, 0.39161, 0.19645), (11.04356, 0.39295, 0.18720), (11.05371, 0.38654, 0.08464), (11.05030, 0.38869, 0.09334), (11.04736, 0.39054, 0.10228), (11.07734, 0.37162, 0.04577), (11.04296, 0.39332, 0.12071), (11.04151, 0.39424, 0.13014), (11.04022, 0.39505, 0.15878), (11.04014, 0.39510, 0.14921), (11.04194, 0.39397, 0.17782), (11.04082, 0.39467, 0.16833), (11.04491, 0.39209, 0.11142), (11.05495, 0.38576, 0.22301), (11.05138, 0.38801, 0.21439), (11.05758, 0.38410, 0.07620), (11.04057, 0.39483, 0.13965), (11.07180, 0.37512, 0.05282), (11.06664, 0.37838, 0.06026), (11.06190, 0.38137, 0.06806), (11.04829, 0.38996, 0.20552), (11.18414, 0.30423, 0.30397), (11.19226, 0.29911, 0.30267), (11.06832, 0.37732, 0.24706), (11.06343, 0.38040, 0.23938), (11.16778, 0.31455, 0.30477), (11.17597, 0.30938, 0.30467), (11.08531, 0.36660, 0.26777), (11.09167, 0.36258, 0.27379), (11.05897, 0.38322, 0.23135), (11.15146, 0.32485, 0.30317), (11.15960, 0.31972, 0.30427), (11.09835, 0.35837, 0.27934), (11.07360, 0.37398, 0.25438), (11.11998, 0.34472, 0.29289), (11.12763, 0.33989, 0.29632), (11.11253, 0.34942, 0.28891), (11.20029, 0.29404, 0.30077), (11.14340, 0.32994, 0.30147), (11.20820, 0.28905, 0.29830), (11.07928, 0.37041, 0.26129), (11.10531, 0.35398, 0.28438), (11.13544, 0.33496, 0.29919), (11.23093, 0.27471, 0.28746), (11.23806, 0.27020, 0.28276), (10.25902, -0.94949, 0.21146), (10.25642, -0.94642, 0.22016), (11.25151, 0.26172, 0.27183), (11.25777, 0.25777, 0.26566), (11.21597, 0.28415, 0.29524), (11.24494, 0.26587, 0.27754), (11.27913, 0.24429, 0.23674), (11.27438, 0.24728, 0.24454), (10.26126, -0.95214, 0.20252), (10.26314, -0.95435, 0.19338), (11.26368, 0.25404, 0.25903), (10.26678, -0.95866, 0.15559), (10.26646, -0.95827, 0.16515), (10.26672, -0.95858, 0.14602), (10.26574, -0.95742, 0.17466), (10.26463, -0.95612, 0.18409), (11.22355, 0.27936, 0.29162), (10.25346, -0.94292, 0.22860), (11.26923, 0.25054, 0.25198), (10.25819, -0.94851, 0.09041), (10.25547, -0.94530, 0.08179), (10.19396, -0.87266, 0.00561), (10.19993, -0.87972, 0.00848), (10.24121, -0.92846, 0.05042), (10.24525, -0.93323, 0.05774), (10.18788, -0.86548, 0.00333), (10.22231, -0.90614, 0.02546), (10.22741, -0.91216, 0.03101), (10.21147, -0.89334, 0.01589), (10.21699, -0.89985, 0.02042), (10.26626, -0.95804, 0.13647), (10.25239, -0.94167, 0.07345), (10.26255, -0.95366, 0.10835), (10.26056, -0.95131, 0.09928), (10.24899, -0.93764, 0.06542), (10.26541, -0.95704, 0.12698), (10.26417, -0.95558, 0.11760), (10.23227, -0.91790, 0.03703), (10.23688, -0.92335, 0.04351), (10.20578, -0.88662, 0.01191), (10.12101, -0.78650, 0.01734), (10.12664, -0.79316, 0.01318), (10.10050, -0.76228, 0.03914), (10.10528, -0.76793, 0.03297), (10.08418, -0.74301, 0.06806), (10.08088, -0.73911, 0.07620), (10.07792, -0.73562, 0.08464), (10.11030, -0.77386, 0.02726), (10.11555, -0.78006, 0.02204), (10.07532, -0.73254, 0.09334), (10.18172, -0.85821, 0.00163), (10.15675, -0.82872, 0.00083), (10.16300, -0.83609, 0.00013), (10.13244, -0.80000, 0.00956), (10.13837, -0.80701, 0.00650), (10.14442, -0.81415, 0.00403), (10.15055, -0.82139, 0.00213), (10.09598, -0.75694, 0.04577), (10.09174, -0.75194, 0.05282), (10.08780, -0.74729, 0.06026), (10.17550, -0.85086, 0.00053), (10.16925, -0.84348, 0.00003), (10.06788, -0.72376, 0.13965), (10.06755, -0.72337, 0.14921), (10.08908, -0.74880, 0.24706), (10.09312, -0.75357, 0.25438), (10.07120, -0.72768, 0.11142), (10.06971, -0.72592, 0.12071), (10.07378, -0.73073, 0.20552), (10.07178, -0.72837, 0.19645), (10.06762, -0.72345, 0.15878), (10.06808, -0.72399, 0.16833), (10.07887, -0.73674, 0.22301), (10.07614, -0.73352, 0.21439), (10.06860, -0.72461, 0.13014), (10.08194, -0.74037, 0.23135), (10.08535, -0.74439, 0.23938), (10.10206, -0.76413, 0.26777), (10.10693, -0.76987, 0.27379), (10.07016, -0.72646, 0.18720), (10.06892, -0.72499, 0.17782), (10.09746, -0.75869, 0.26129), (10.07307, -0.72989, 0.10228), (10.18992, -0.86789, 0.30077), (10.19597, -0.87503, 0.29830), (10.20190, -0.88203, 0.29524), (10.20769, -0.88888, 0.29162), (10.21333, -0.89553, 0.28746), (10.21878, -0.90197, 0.28276), (10.15261, -0.82383, 0.30317), (10.15883, -0.83117, 0.30427), (10.11203, -0.77590, 0.27934), (10.11735, -0.78218, 0.28438), (10.22403, -0.90817, 0.27754), (10.22906, -0.91411, 0.27183), (10.18378, -0.86064, 0.30267), (10.12286, -0.78870, 0.28891), (10.17134, -0.84594, 0.30467), (10.17758, -0.85332, 0.30397), (10.12856, -0.79542, 0.29289), (10.13440, -0.80232, 0.29632), (10.16508, -0.83855, 0.30477), (10.14037, -0.80937, 0.29919), (10.14645, -0.81655, 0.30147), (10.25016, -0.93903, 0.23674), (10.24653, -0.93475, 0.24454), (9.39537, -1.48195, 0.09928), (9.39675, -1.48469, 0.10835), (9.39962, -1.49040, 0.14602), (9.39966, -1.49049, 0.15559), (9.39586, -1.48292, 0.20252), (9.39432, -1.47985, 0.21146), (9.39786, -1.48691, 0.11760), (9.39374, -1.47871, 0.09041), (9.39187, -1.47497, 0.08179), (9.39894, -1.48906, 0.17466), (9.39818, -1.48754, 0.18409), (10.23836, -0.92509, 0.25903), (10.24259, -0.93009, 0.25198), (9.39252, -1.47627, 0.22016), (9.39048, -1.47221, 0.22860), (10.23384, -0.91975, 0.26566), (9.39944, -1.49005, 0.16515), (9.39872, -1.48861, 0.12698), (9.39930, -1.48978, 0.13647), (9.39715, -1.48549, 0.19338), (9.36156, -1.41461, 0.01589), (9.36536, -1.42218, 0.02042), (9.31537, -1.32263, 0.00403), (9.31960, -1.33104, 0.00213), (9.32387, -1.33955, 0.00083), (9.37254, -1.43648, 0.03101), (9.37589, -1.44315, 0.03703), (9.36903, -1.42948, 0.02546), (9.37907, -1.44947, 0.04351), (9.38205, -1.45542, 0.05042), (9.34950, -1.39060, 0.00561), (9.35362, -1.39879, 0.00848), (9.38483, -1.46096, 0.05774), (9.38975, -1.47076, 0.07345), (9.34532, -1.38226, 0.00333), (9.35764, -1.40681, 0.01191), (9.32817, -1.34811, 0.00013), (9.33248, -1.35670, 0.00003), (9.38740, -1.46608, 0.06542), (9.33679, -1.36528, 0.00053), (9.34107, -1.37381, 0.00163), (9.26778, -1.22783, 0.09334), (9.26623, -1.22475, 0.10228), (9.28512, -1.26238, 0.03914), (9.28842, -1.26893, 0.03297), (9.27638, -1.24496, 0.06026), (9.27388, -1.23999, 0.06806), (9.27161, -1.23546, 0.07620), (9.26957, -1.23141, 0.08464), (9.26494, -1.22219, 0.11142), (9.26391, -1.22014, 0.12071), (9.29188, -1.27583, 0.02726), (9.27909, -1.25037, 0.05282), (9.28201, -1.25618, 0.04577), (9.29549, -1.28303, 0.02204), (9.29925, -1.29051, 0.01734), (9.30712, -1.30619, 0.00956), (9.31121, -1.31433, 0.00650), (9.26315, -1.21862, 0.13014), (9.26265, -1.21763, 0.13965), (9.26243, -1.21718, 0.14921), (9.30313, -1.29824, 0.01318), (9.26835, -1.22897, 0.21439), (9.27022, -1.23271, 0.22301), (9.30053, -1.29306, 0.28891), (9.30445, -1.30087, 0.29289), (9.30847, -1.30889, 0.29632), (9.26247, -1.21727, 0.15878), (9.29673, -1.28550, 0.28438), (9.31259, -1.31708, 0.29919), (9.27469, -1.24160, 0.23938), (9.27726, -1.24672, 0.24706), (9.26279, -1.21790, 0.16833), (9.26534, -1.22298, 0.19645), (9.26672, -1.22572, 0.20552), (9.28620, -1.26452, 0.26777), (9.28955, -1.27120, 0.27379), (9.28303, -1.25820, 0.26129), (9.29307, -1.27820, 0.27934), (9.31678, -1.32542, 0.30147), (9.27234, -1.23692, 0.23135), (9.26337, -1.21907, 0.17782), (9.26423, -1.22076, 0.18720), (9.28004, -1.25226, 0.25438), (9.32102, -1.33387, 0.30317), (9.32530, -1.34240, 0.30427), (9.36660, -1.42465, 0.28276), (9.37021, -1.43185, 0.27754), (9.32961, -1.35098, 0.30477), (9.33392, -1.35956, 0.30467), (9.34672, -1.38505, 0.30077), (9.35088, -1.39335, 0.29830), (9.37368, -1.43874, 0.27183), (9.35497, -1.40148, 0.29524), (9.35896, -1.40943, 0.29162), (9.38571, -1.46271, 0.24454), (9.38300, -1.45731, 0.25198), (9.38008, -1.45150, 0.25903), (9.37697, -1.44530, 0.26566), (9.38821, -1.46769, 0.23674), (9.36284, -1.41717, 0.28746), (9.33822, -1.36813, 0.30397), (8.09517, -1.99521, 0.22016), (8.09364, -1.99095, 0.22860), (9.34249, -1.37663, 0.30267), (8.09768, -2.00219, 0.20252), (8.09652, -1.99896, 0.21146), (8.09942, -2.00704, 0.18409), (8.09865, -2.00489, 0.19338), (8.10037, -2.00968, 0.16515), (8.09999, -2.00864, 0.17466), (8.10054, -2.01015, 0.15559), (8.10027, -2.00939, 0.13647), (8.10050, -2.01005, 0.14602), (8.09835, -2.00405, 0.10835), (8.09919, -2.00639, 0.11760), (8.09309, -1.98942, 0.07345), (8.09468, -1.99385, 0.08179), (8.09133, -1.98451, 0.06542), (8.08940, -1.97913, 0.05774), (8.09982, -2.00817, 0.12698), (8.09609, -1.99777, 0.09041), (8.08731, -1.97331, 0.05042), (8.08506, -1.96707, 0.04351), (8.08268, -1.96044, 0.03703), (8.09731, -2.00118, 0.09928), (8.07192, -1.93047, 0.01589), (8.07477, -1.93842, 0.02042), (8.01957, -1.78475, 0.02726), (8.02229, -1.79231, 0.02204), (8.01697, -1.77751, 0.03297), (8.08016, -1.95343, 0.03101), (8.07752, -1.94608, 0.02546), (8.06286, -1.90525, 0.00561), (8.06595, -1.91386, 0.00848), (8.04360, -1.85166, 0.00083), (8.04683, -1.86065, 0.00013), (8.03722, -1.83389, 0.00403), (8.04040, -1.84272, 0.00213), (8.03409, -1.82518, 0.00650), (8.05971, -1.89650, 0.00333), (8.06897, -1.92227, 0.01191), (8.03102, -1.81663, 0.00956), (8.02803, -1.80828, 0.01318), (8.05007, -1.86966, 0.00003), (8.05331, -1.87867, 0.00053), (8.05653, -1.88763, 0.00163), (8.02511, -1.80017, 0.01734), (8.00282, -1.73811, 0.08464), (8.00147, -1.73436, 0.09334), (8.00793, -1.75234, 0.06026), (8.00605, -1.74712, 0.06806), (8.01216, -1.76412, 0.04577), (8.00997, -1.75802, 0.05282), (8.00435, -1.74237, 0.07620), (8.00031, -1.73112, 0.10228), (7.99934, -1.72843, 0.11142), (7.99857, -1.72628, 0.12071), (7.99799, -1.72468, 0.13014), (8.01450, -1.77063, 0.03914), (7.99762, -1.72364, 0.13965), (7.99749, -1.72327, 0.15878), (7.99772, -1.72393, 0.16833), (7.99880, -1.72693, 0.18720), (7.99964, -1.72927, 0.19645), (8.00067, -1.73214, 0.20552), (8.00190, -1.73555, 0.21439), (8.00859, -1.75418, 0.24706), (8.01068, -1.76000, 0.25438), (8.00331, -1.73947, 0.22301), (7.99816, -1.72515, 0.17782), (7.99745, -1.72317, 0.14921), (8.00490, -1.74390, 0.23135), (8.00666, -1.74881, 0.23938), (8.01292, -1.76624, 0.26129), (8.01531, -1.77288, 0.26777), (8.02046, -1.78724, 0.27934), (8.02322, -1.79490, 0.28438), (8.02607, -1.80285, 0.28891), (8.01783, -1.77989, 0.27379), (8.02902, -1.81104, 0.29289), (8.03204, -1.81946, 0.29632), (8.06996, -1.92503, 0.29162), (8.07288, -1.93315, 0.28746), (8.05759, -1.89059, 0.30267), (8.06077, -1.89943, 0.30077), (8.07570, -1.94101, 0.28276), (8.07841, -1.94857, 0.27754), (8.05115, -1.87267, 0.30467), (8.05438, -1.88166, 0.30397), (8.06696, -1.91669, 0.29524), (8.03513, -1.82806, 0.29919), (8.03828, -1.83682, 0.30147), (8.06389, -1.90814, 0.29830), (8.08102, -1.95581, 0.27183), (8.08349, -1.96269, 0.26566), (8.08583, -1.96920, 0.25903), (8.08802, -1.97530, 0.25198), (8.09006, -1.98098, 0.24454), (8.09193, -1.98620, 0.23674), (8.04791, -1.86365, 0.30477), (8.04468, -1.85465, 0.30427), (8.04146, -1.84569, 0.30317), (6.07914, -2.65001, 0.19338), (6.07843, -2.64723, 0.20252), (6.08054, -2.65542, 0.15559), (6.08042, -2.65494, 0.16515), (6.08052, -2.65532, 0.14602), (6.08014, -2.65387, 0.17466), (6.07756, -2.64391, 0.21146), (6.07657, -2.64004, 0.22016), (6.07815, -2.64619, 0.09928), (6.07892, -2.64915, 0.10835), (6.07972, -2.65222, 0.18409), (6.07725, -2.64268, 0.09041), (6.08002, -2.65338, 0.12698), (6.08034, -2.65464, 0.13647), (6.07620, -2.63864, 0.08179), (6.07502, -2.63408, 0.07345), (6.07228, -2.62349, 0.05774), (6.07371, -2.62902, 0.06542), (6.07073, -2.61750, 0.05042), (6.06907, -2.61107, 0.04351), (6.07954, -2.65155, 0.11760), (6.07543, -2.63566, 0.22860), (6.02675, -2.44758, 0.01318), (6.02897, -2.45618, 0.00956), (6.06730, -2.60424, 0.03703), (6.02458, -2.43922, 0.01734), (6.05026, -2.53841, 0.00333), (6.05259, -2.54742, 0.00561), (6.04070, -2.50150, 0.00013), (6.04310, -2.51078, 0.00003), (6.03592, -2.48304, 0.00213), (6.03831, -2.49224, 0.00083), (6.02249, -2.43114, 0.02204), (6.06347, -2.58946, 0.02546), (6.06543, -2.59703, 0.03101), (6.05713, -2.56495, 0.01191), (6.05931, -2.57339, 0.01589), (6.04550, -2.52005, 0.00053), (6.04789, -2.52927, 0.00163), (6.05488, -2.55628, 0.00848), (6.03125, -2.46498, 0.00650), (6.03357, -2.47394, 0.00403), (6.06143, -2.58157, 0.02042), (6.00406, -2.35995, 0.14921), (6.00409, -2.36005, 0.15878), (6.01497, -2.40211, 0.04577), (6.01671, -2.40881, 0.03914), (6.00419, -2.36044, 0.13965), (6.00459, -2.36199, 0.17782), (6.00506, -2.36382, 0.18720), (6.01183, -2.38998, 0.06026), (6.01044, -2.38461, 0.06806), (6.00918, -2.37972, 0.07620), (6.00804, -2.37533, 0.08464), (6.00489, -2.36315, 0.12071), (6.00446, -2.36150, 0.13014), (6.00704, -2.37146, 0.09334), (6.00568, -2.36623, 0.19645), (6.01335, -2.39583, 0.05282), (6.01854, -2.41590, 0.03297), (6.00618, -2.36814, 0.10228), (6.00546, -2.36536, 0.11142), (6.02047, -2.42335, 0.02726), (6.00426, -2.36073, 0.16833), (6.00958, -2.38129, 0.23135), (6.01089, -2.38635, 0.23938), (6.01233, -2.39188, 0.24706), (6.01388, -2.39787, 0.25438), (6.00645, -2.36918, 0.20552), (6.01554, -2.40430, 0.26129), (6.01731, -2.41113, 0.26777), (6.00840, -2.37673, 0.22301), (6.01918, -2.41834, 0.27379), (6.02114, -2.42591, 0.27934), (6.02318, -2.43380, 0.28438), (6.00736, -2.37269, 0.21439), (6.02748, -2.45042, 0.29289), (6.02972, -2.45909, 0.29632), (6.03202, -2.46795, 0.29919), (6.03435, -2.47696, 0.30147), (6.02529, -2.44198, 0.28891), (6.03672, -2.48610, 0.30317), (6.03910, -2.49532, 0.30427), (6.04150, -2.50459, 0.30477), (6.04390, -2.51387, 0.30467), (6.04630, -2.52313, 0.30397), (6.04868, -2.53233, 0.30267), (6.06606, -2.59947, 0.27183), (6.06790, -2.60656, 0.26566), (6.05336, -2.55039, 0.29830), (6.05564, -2.55919, 0.29524), (4.78021, -2.91386, 0.17466), (4.77998, -2.91217, 0.18409), (6.05786, -2.56779, 0.29162), (6.05104, -2.54143, 0.30077), (4.77885, -2.90365, 0.21146), (4.77832, -2.89969, 0.22016), (6.07416, -2.63076, 0.23674), (6.07277, -2.62539, 0.24454), (4.77968, -2.90990, 0.19338), (6.07126, -2.61955, 0.25198), (4.77930, -2.90706, 0.20252), (6.06413, -2.59202, 0.27754), (6.06002, -2.57615, 0.28746), (6.06963, -2.61326, 0.25903), (6.06212, -2.58423, 0.28276), (4.77772, -2.89520, 0.22860), (4.77524, -2.87660, 0.05042), (4.77606, -2.88273, 0.05774), (4.77436, -2.87001, 0.04351), (4.77343, -2.86301, 0.03703), (4.77868, -2.90239, 0.09041), (4.77916, -2.90598, 0.09928), (4.77141, -2.84787, 0.02546), (4.77245, -2.85562, 0.03101), (4.78014, -2.91336, 0.12698), (4.78031, -2.91465, 0.13647), (4.77956, -2.90902, 0.10835), (4.77989, -2.91148, 0.11760), (4.78035, -2.91495, 0.16515), (4.77750, -2.89358, 0.07345), (4.77813, -2.89825, 0.08179), (4.77681, -2.88841, 0.06542), (4.77034, -2.83979, 0.02042), (4.76807, -2.82276, 0.01191), (4.76922, -2.83141, 0.01589), (4.78041, -2.91535, 0.14602), (4.78042, -2.91545, 0.15559), (4.76567, -2.80481, 0.00561), (4.76688, -2.81388, 0.00848), (4.74874, -2.67770, 0.02726), (4.74980, -2.68567, 0.02204), (4.75941, -2.75776, 0.00013), (4.76067, -2.76727, 0.00003), (4.75689, -2.73885, 0.00213), (4.75814, -2.74827, 0.00083), (4.76194, -2.77676, 0.00053), (4.74584, -2.65594, 0.04577), (4.74498, -2.64950, 0.05282), (4.74418, -2.64351, 0.06026), (4.75091, -2.69396, 0.01734), (4.75205, -2.70252, 0.01318), (4.75564, -2.72953, 0.00403), (4.74345, -2.63801, 0.06806), (4.76320, -2.78621, 0.00163), (4.76444, -2.79557, 0.00333), (4.75322, -2.71133, 0.00956), (4.75442, -2.72034, 0.00650), (4.74675, -2.66280, 0.03914), (4.74772, -2.67006, 0.03297), (4.74165, -2.62454, 0.09334), (4.74120, -2.62113, 0.10228), (4.74029, -2.61434, 0.13014), (4.74015, -2.61324, 0.13965), (4.74008, -2.61275, 0.14921), (4.74444, -2.64546, 0.24706), (4.74526, -2.65160, 0.25438), (4.74082, -2.61829, 0.11142), (4.74134, -2.62221, 0.20552), (4.74182, -2.62580, 0.21439), (4.74369, -2.63979, 0.23938), (4.74278, -2.63299, 0.07620), (4.74010, -2.61285, 0.15878), (4.74036, -2.61483, 0.17782), (4.74061, -2.61671, 0.18720), (4.74218, -2.62850, 0.08464), (4.74094, -2.61917, 0.19645), (4.74237, -2.62994, 0.22301), (4.74300, -2.63461, 0.23135), (4.74052, -2.61602, 0.12071), (4.74019, -2.61354, 0.16833), (4.76486, -2.79867, 0.30077), (4.76608, -2.80785, 0.29830), (4.74614, -2.65818, 0.26129), (4.74707, -2.66518, 0.26777), (4.75362, -2.71431, 0.29632), (4.75483, -2.72339, 0.29919), (4.75856, -2.75143, 0.30427), (4.75983, -2.76093, 0.30477), (4.76110, -2.77043, 0.30467), (4.76236, -2.77992, 0.30397), (4.76728, -2.81686, 0.29524), (4.76846, -2.82567, 0.29162), (4.74805, -2.67257, 0.27379), (4.75016, -2.68840, 0.28438), (4.75128, -2.69679, 0.28891), (4.75606, -2.73262, 0.30147), (4.75730, -2.74198, 0.30317), (4.75243, -2.70543, 0.29289), (4.76361, -2.78934, 0.30267), (4.76960, -2.83423, 0.28746), (4.74909, -2.68032, 0.27934), (2.87653, -3.04414, 0.14602), (2.87653, -3.04424, 0.15559), (2.87650, -3.04374, 0.16515), (4.77375, -2.86539, 0.26566), (4.77466, -2.87226, 0.25903), (4.77278, -2.85813, 0.27183), (2.87590, -3.03582, 0.20252), (2.87564, -3.03240, 0.21146), (2.87534, -3.02842, 0.22016), (4.77070, -2.84252, 0.28276), (2.87641, -3.04264, 0.17466), (2.87629, -3.04095, 0.18409), (2.87611, -3.03867, 0.19338), (4.77176, -2.85049, 0.27754), (4.77705, -2.89019, 0.23674), (2.87500, -3.02391, 0.22860), (4.77632, -2.88468, 0.24454), (4.77552, -2.87869, 0.25198), (2.87647, -3.04344, 0.13647), (2.87638, -3.04214, 0.12698), (2.87623, -3.04026, 0.11760), (2.87605, -3.03779, 0.10835), (2.86600, -2.90502, 0.00053), (2.86672, -2.91450, 0.00163), (2.87358, -3.00524, 0.05042), (2.87405, -3.01140, 0.05774), (2.87582, -3.03474, 0.09928), (2.87448, -3.01709, 0.06542), (2.87523, -3.02698, 0.08179), (2.87554, -3.03113, 0.09041), (2.87487, -3.02229, 0.07345), (2.87079, -2.96829, 0.02042), (2.87140, -2.97640, 0.02546), (2.86882, -2.94228, 0.00848), (2.86950, -2.95119, 0.01191), (2.86743, -2.92390, 0.00333), (2.86813, -2.93317, 0.00561), (2.87255, -2.99160, 0.03703), (2.87309, -2.99863, 0.04351), (2.86528, -2.89548, 0.00003), (2.87199, -2.98418, 0.03101), (2.87015, -2.95987, 0.01589), (2.86456, -2.88594, 0.00013), (2.85909, -2.81358, 0.02204), (2.85972, -2.82189, 0.01734), (2.85634, -2.77726, 0.05282), (2.85589, -2.77125, 0.06026), (2.85475, -2.75618, 0.08464), (2.85445, -2.75221, 0.09334), (2.86242, -2.85760, 0.00403), (2.86313, -2.86696, 0.00213), (2.85790, -2.79791, 0.03297), (2.85848, -2.80557, 0.02726), (2.85397, -2.74593, 0.11142), (2.85380, -2.74365, 0.12071), (2.85683, -2.78372, 0.04577), (2.85735, -2.79061, 0.03914), (2.85547, -2.76572, 0.06806), (2.85509, -2.76069, 0.07620), (2.86037, -2.83049, 0.01318), (2.86104, -2.83933, 0.00956), (2.86384, -2.87642, 0.00083), (2.85419, -2.74878, 0.10228), (2.86172, -2.84838, 0.00650), (2.85356, -2.74046, 0.15878), (2.85361, -2.74116, 0.16833), (2.85993, -2.82473, 0.28891), (2.86059, -2.83341, 0.29289), (2.85427, -2.74986, 0.20552), (2.85454, -2.75347, 0.21439), (2.85560, -2.76751, 0.23938), (2.85603, -2.77320, 0.24706), (2.85355, -2.74036, 0.14921), (2.85371, -2.74246, 0.17782), (2.85385, -2.74435, 0.18720), (2.85521, -2.76231, 0.23135), (2.85367, -2.74196, 0.13014), (2.85359, -2.74086, 0.13965), (2.85486, -2.75762, 0.22301), (2.85650, -2.77936, 0.25438), (2.85809, -2.80042, 0.27379), (2.85868, -2.80820, 0.27934), (2.85929, -2.81632, 0.28438), (2.85700, -2.78597, 0.26129), (2.85753, -2.79300, 0.26777), (2.85404, -2.74682, 0.19645), (2.87160, -2.97903, 0.27754), (2.87218, -2.98670, 0.27183), (2.86265, -2.86070, 0.30147), (2.86336, -2.87010, 0.30317), (2.86552, -2.89866, 0.30467), (2.86624, -2.90819, 0.30397), (2.86696, -2.91764, 0.30267), (2.86767, -2.92700, 0.30077), (2.86972, -2.95411, 0.29162), (2.87037, -2.96271, 0.28746), (2.87100, -2.97103, 0.28276), (2.86195, -2.85143, 0.29919), (2.86836, -2.93622, 0.29830), (2.87420, -3.01335, 0.24454), (2.87374, -3.00734, 0.25198), (2.87273, -2.99399, 0.26566), (2.87325, -3.00088, 0.25903), (2.86408, -2.87959, 0.30427), (2.86126, -2.84232, 0.29632), (2.86905, -2.94527, 0.29524), (2.86480, -2.88912, 0.30477), (-0.19510, -3.28377, 0.08179), (-0.19492, -3.28794, 0.09041), (-0.19440, -3.30058, 0.16515), (-0.19444, -3.29948, 0.17466), (-0.19477, -3.29155, 0.09928), (-0.19465, -3.29461, 0.10835), (2.87462, -3.01888, 0.23674), (-0.19451, -3.29778, 0.18409), (-0.19461, -3.29550, 0.19338), (-0.19575, -3.26815, 0.05774), (-0.19551, -3.27386, 0.06542), (-0.19438, -3.30108, 0.15559), (-0.19446, -3.29898, 0.12698), (-0.19441, -3.30028, 0.13647), (-0.19473, -3.29264, 0.20252), (-0.19487, -3.28920, 0.21146), (-0.19504, -3.28522, 0.22016), (-0.19523, -3.28069, 0.22860), (-0.19438, -3.30098, 0.14602), (-0.19454, -3.29709, 0.11760), (-0.19529, -3.27907, 0.07345), (-0.19941, -3.18040, 0.00333), (-0.19902, -3.18969, 0.00561), (-0.19601, -3.26197, 0.05042), (-0.19755, -3.22491, 0.02042), (-0.19722, -3.23305, 0.02546), (-0.20060, -3.15190, 0.00003), (-0.20020, -3.16146, 0.00053), (-0.19981, -3.17097, 0.00163), (-0.20100, -3.14233, 0.00013), (-0.20140, -3.13278, 0.00083), (-0.20180, -3.12330, 0.00213), (-0.19658, -3.24829, 0.03703), (-0.19628, -3.25534, 0.04351), (-0.19791, -3.21647, 0.01589), (-0.20219, -3.11391, 0.00403), (-0.20295, -3.09559, 0.00956), (-0.20257, -3.10466, 0.00650), (-0.20332, -3.08672, 0.01318), (-0.20368, -3.07811, 0.01734), (-0.19689, -3.24085, 0.03101), (-0.19827, -3.20777, 0.01191), (-0.19864, -3.19883, 0.00848), (-0.20499, -3.04674, 0.03914), (-0.20469, -3.05405, 0.03297), (-0.20660, -3.00822, 0.09334), (-0.20674, -3.00479, 0.10228), (-0.20708, -2.99685, 0.13965), (-0.20710, -2.99634, 0.14921), (-0.20709, -2.99645, 0.15878), (-0.20706, -2.99715, 0.16833), (-0.20437, -3.06174, 0.02726), (-0.20403, -3.06976, 0.02204), (-0.20528, -3.03983, 0.04577), (-0.20555, -3.03335, 0.05282), (-0.20603, -3.02177, 0.06806), (-0.20625, -3.01673, 0.07620), (-0.20643, -3.01220, 0.08464), (-0.20686, -3.00193, 0.11142), (-0.20703, -2.99795, 0.13014), (-0.20701, -2.99845, 0.17782), (-0.20580, -3.02732, 0.06026), (-0.20696, -2.99964, 0.12071), (-0.20693, -3.00034, 0.18720), (-0.20426, -3.06438, 0.27934), (-0.20392, -3.07251, 0.28438), (-0.20320, -3.08965, 0.29289), (-0.20283, -3.09859, 0.29632), (-0.20489, -3.04913, 0.26777), (-0.20458, -3.05657, 0.27379), (-0.20245, -3.10773, 0.29919), (-0.20206, -3.11703, 0.30147), (-0.20167, -3.12645, 0.30317), (-0.20670, -3.00587, 0.20552), (-0.20655, -3.00949, 0.21439), (-0.20637, -3.01365, 0.22301), (-0.20618, -3.01835, 0.23135), (-0.20596, -3.02357, 0.23938), (-0.20356, -3.08095, 0.28891), (-0.20127, -3.13596, 0.30427), (-0.20572, -3.02928, 0.24706), (-0.20546, -3.03546, 0.25438), (-0.20519, -3.04208, 0.26129), (-0.20087, -3.14552, 0.30477), (-0.20683, -3.00282, 0.19645), (-0.19852, -3.20183, 0.29524), (-0.19815, -3.21070, 0.29162), (-0.19967, -3.17413, 0.30267), (-0.19928, -3.18351, 0.30077), (-0.19648, -3.25069, 0.26566), (-0.19619, -3.25760, 0.25903), (-0.19890, -3.19276, 0.29830), (-0.20047, -3.15509, 0.30467), (-0.19567, -3.27010, 0.24454), (-0.19592, -3.26408, 0.25198), (-0.19544, -3.27565, 0.23674), (-3.89420, -3.28920, 0.21146), (-2.87632, -3.28920, 0.21146), (-3.89379, -3.28522, 0.22016), (-2.87632, -3.28522, 0.22016), (-3.89455, -3.29264, 0.20252), (-2.87632, -3.29264, 0.20252), (-0.19710, -3.23569, 0.27754), (-0.19678, -3.24337, 0.27183), (-3.89485, -3.29550, 0.19338), (-2.87632, -3.29550, 0.19338), (-3.89509, -3.29778, 0.18409), (-2.87632, -3.29778, 0.18409), (-0.19779, -3.21932, 0.28746), (-0.19744, -3.22766, 0.28276), (-0.20007, -3.16464, 0.30397), (-3.89332, -3.28069, 0.22860), (-2.87632, -3.28069, 0.22860), (-3.89501, -3.29709, 0.11760), (-2.87632, -3.29709, 0.11760), (-3.89521, -3.29898, 0.12698), (-2.87632, -3.29898, 0.12698), (-3.89444, -3.29155, 0.09928), (-2.87632, -3.29155, 0.09928), (-3.89476, -3.29461, 0.10835), (-2.87632, -3.29461, 0.10835), (-3.89261, -3.27386, 0.06542), (-2.87632, -3.27386, 0.06542), (-3.89315, -3.27907, 0.07345), (-2.87632, -3.27907, 0.07345), (-3.89534, -3.30028, 0.13647), (-2.87632, -3.30028, 0.13647), (-3.89407, -3.28794, 0.09041), (-2.87632, -3.28794, 0.09041), (-3.89202, -3.26815, 0.05774), (-2.87632, -3.26815, 0.05774), (-3.89138, -3.26197, 0.05042), (-2.87632, -3.26197, 0.05042), (-3.88997, -3.24829, 0.03703), (-3.88920, -3.24085, 0.03101), (-2.87632, -3.24829, 0.03703), (-2.87632, -3.24085, 0.03101), (-3.89526, -3.29948, 0.17466), (-2.87632, -3.29948, 0.17466), (-3.89542, -3.30098, 0.14602), (-2.87632, -3.30098, 0.14602), (-3.89543, -3.30108, 0.15559), (-2.87632, -3.30108, 0.15559), (-3.88839, -3.23305, 0.02546), (-2.87632, -3.23305, 0.02546), (-3.89364, -3.28377, 0.08179), (-2.87632, -3.28377, 0.08179), (-3.89538, -3.30058, 0.16515), (-2.87632, -3.30058, 0.16515), (-3.88755, -3.22491, 0.02042), (-3.88668, -3.21647, 0.01589), (-2.87632, -3.22491, 0.02042), (-2.87632, -3.21647, 0.01589), (-3.89070, -3.25534, 0.04351), (-2.87632, -3.25534, 0.04351), (-3.88099, -3.16146, 0.00053), (-3.88000, -3.15190, 0.00003), (-2.87632, -3.16146, 0.00053), (-2.87632, -3.15190, 0.00003), (-3.88197, -3.17097, 0.00163), (-2.87632, -3.17097, 0.00163), (-3.87418, -3.09559, 0.00956), (-3.87326, -3.08672, 0.01318), (-2.87632, -3.09559, 0.00956), (-2.87632, -3.08672, 0.01318), (-3.87607, -3.11391, 0.00403), (-3.87511, -3.10466, 0.00650), (-2.87632, -3.11391, 0.00403), (-2.87632, -3.10466, 0.00650), (-3.87704, -3.12330, 0.00213), (-2.87632, -3.12330, 0.00213), (-3.88391, -3.18969, 0.00561), (-3.88295, -3.18040, 0.00333), (-2.87632, -3.18969, 0.00561), (-2.87632, -3.18040, 0.00333), (-2.87632, -3.03983, 0.04577), (-3.86841, -3.03983, 0.04577), (-3.86774, -3.03335, 0.05282), (-2.87632, -3.03335, 0.05282), (-3.87237, -3.07811, 0.01734), (-3.87150, -3.06976, 0.02204), (-2.87632, -3.07811, 0.01734), (-2.87632, -3.06976, 0.02204), (-3.86988, -3.05405, 0.03297), (-3.86912, -3.04674, 0.03914), (-2.87632, -3.05405, 0.03297), (-2.87632, -3.04674, 0.03914), (-3.87901, -3.14233, 0.00013), (-2.87632, -3.14233, 0.00013), (-3.87802, -3.13278, 0.00083), (-2.87632, -3.13278, 0.00083), (-3.88578, -3.20777, 0.01191), (-2.87632, -3.20777, 0.01191), (-3.88485, -3.19883, 0.00848), (-2.87632, -3.19883, 0.00848), (-3.87067, -3.06174, 0.02726), (-2.87632, -3.06174, 0.02726), (-2.87632, -3.02732, 0.06026), (-3.86711, -3.02732, 0.06026), (-3.86654, -3.02177, 0.06806), (-2.87632, -3.02177, 0.06806), (-2.87632, -2.99685, 0.13965), (-3.86396, -2.99685, 0.13965), (-3.86391, -2.99634, 0.14921), (-2.87632, -2.99634, 0.14921), (-2.87632, -2.99964, 0.12071), (-3.86425, -2.99964, 0.12071), (-3.86408, -2.99795, 0.13014), (-2.87632, -2.99795, 0.13014), (-2.87632, -2.99645, 0.15878), (-3.86392, -2.99645, 0.15878), (-3.86399, -2.99715, 0.16833), (-2.87632, -2.99715, 0.16833), (-2.87632, -3.01220, 0.08464), (-3.86555, -3.01220, 0.08464), (-3.86514, -3.00822, 0.09334), (-2.87632, -3.00822, 0.09334), (-3.86478, -3.00479, 0.10228), (-2.87632, -3.00479, 0.10228), (-3.86449, -3.00193, 0.11142), (-2.87632, -3.00193, 0.11142), (-2.87632, -3.01673, 0.07620), (-3.86602, -3.01673, 0.07620), (-2.87632, -3.00587, 0.20552), (-3.86490, -3.00587, 0.20552), (-3.86527, -3.00949, 0.21439), (-2.87632, -3.00949, 0.21439), (-2.87632, -3.02357, 0.23938), (-3.86673, -3.02357, 0.23938), (-3.86732, -3.02928, 0.24706), (-2.87632, -3.02928, 0.24706), (-3.86795, -3.03546, 0.25438), (-2.87632, -3.03546, 0.25438), (-2.87632, -3.01365, 0.22301), (-3.86570, -3.01365, 0.22301), (-3.86619, -3.01835, 0.23135), (-2.87632, -3.01835, 0.23135), (-3.86937, -3.04913, 0.26777), (-2.87632, -3.04913, 0.26777), (-3.86864, -3.04208, 0.26129), (-2.87632, -3.04208, 0.26129), (-2.87632, -2.99845, 0.17782), (-3.86413, -2.99845, 0.17782), (-3.86432, -3.00034, 0.18720), (-2.87632, -3.00034, 0.18720), (-3.87179, -3.07251, 0.28438), (-2.87632, -3.07251, 0.28438), (-3.87095, -3.06438, 0.27934), (-2.87632, -3.06438, 0.27934), (-3.87266, -3.08095, 0.28891), (-2.87632, -3.08095, 0.28891), (-3.87448, -3.09859, 0.29632), (-2.87632, -3.09859, 0.29632), (-3.87356, -3.08965, 0.29289), (-2.87632, -3.08965, 0.29289), (-3.87014, -3.05657, 0.27379), (-2.87632, -3.05657, 0.27379), (-3.87543, -3.10773, 0.29919), (-2.87632, -3.10773, 0.29919), (-2.87632, -3.00282, 0.19645), (-3.86458, -3.00282, 0.19645), (-3.87639, -3.11703, 0.30147), (-2.87632, -3.11703, 0.30147), (-3.87737, -3.12645, 0.30317), (-2.87632, -3.12645, 0.30317), (-3.87835, -3.13596, 0.30427), (-2.87632, -3.13596, 0.30427), (-3.89160, -3.26408, 0.25198), (-2.87632, -3.26408, 0.25198), (-3.89093, -3.25760, 0.25903), (-2.87632, -3.25760, 0.25903), (-3.88327, -3.18351, 0.30077), (-2.87632, -3.18351, 0.30077), (-3.88230, -3.17413, 0.30267), (-2.87632, -3.17413, 0.30267), (-3.89222, -3.27010, 0.24454), (-2.87632, -3.27010, 0.24454), (-3.89280, -3.27565, 0.23674), (-2.87632, -3.27565, 0.23674), (-3.89022, -3.25069, 0.26566), (-2.87632, -3.25069, 0.26566), (-3.88516, -3.20183, 0.29524), (-2.87632, -3.20183, 0.29524), (-3.88422, -3.19276, 0.29830), (-2.87632, -3.19276, 0.29830), (-3.88033, -3.15509, 0.30467), (-2.87632, -3.15509, 0.30467), (-3.87934, -3.14552, 0.30477), (-2.87632, -3.14552, 0.30477), (-3.88867, -3.23569, 0.27754), (-2.87632, -3.23569, 0.27754), (-3.88783, -3.22766, 0.28276), (-2.87632, -3.22766, 0.28276), (-3.88697, -3.21932, 0.28746), (-2.87632, -3.21932, 0.28746), (-3.88132, -3.16464, 0.30397), (-2.87632, -3.16464, 0.30397), (-3.88608, -3.21070, 0.29162), (-2.87632, -3.21070, 0.29162), (-3.88946, -3.24337, 0.27183), (-2.87632, -3.24337, 0.27183), (-5.14846, -3.03898, 0.14602), (-5.14849, -3.03907, 0.15559), (-5.14613, -3.03094, 0.20252), (-5.14518, -3.02764, 0.21146), (-5.14693, -3.03370, 0.19338), (-5.14835, -3.03859, 0.16515), (-5.14804, -3.03753, 0.17466), (-5.14757, -3.03590, 0.18409), (-5.14826, -3.03830, 0.13647), (-5.14790, -3.03705, 0.12698), (-5.14583, -3.02990, 0.09928), (-5.14668, -3.03284, 0.10835), (-5.14482, -3.02642, 0.09041), (-5.14737, -3.03523, 0.11760), (-5.14366, -3.02240, 0.08179), (-5.14235, -3.01787, 0.07345), (-5.14089, -3.01285, 0.06542), (-5.14406, -3.02380, 0.22016), (-5.14280, -3.01944, 0.22860), (-5.10154, -2.87696, 0.00083), (-5.09889, -2.86782, 0.00213), (-5.13573, -2.99502, 0.04351), (-5.13758, -3.00140, 0.05042), (-5.09627, -2.85878, 0.00403), (-5.09369, -2.84987, 0.00650), (-5.11482, -2.92282, 0.00333), (-5.11219, -2.91375, 0.00163), (-5.10687, -2.89538, 0.00003), (-5.10420, -2.88615, 0.00013), (-5.11996, -2.94058, 0.00848), (-5.11741, -2.93178, 0.00561), (-5.12951, -2.97354, 0.02546), (-5.12724, -2.96570, 0.02042), (-5.09116, -2.84113, 0.00956), (-5.08869, -2.83259, 0.01318), (-5.10954, -2.90459, 0.00053), (-5.08628, -2.82429, 0.01734), (-5.08395, -2.81625, 0.02204), (-5.07753, -2.79407, 0.03914), (-5.07560, -2.78741, 0.04577), (-5.07380, -2.78117, 0.05282), (-5.07212, -2.77537, 0.06026), (-5.08172, -2.80852, 0.02726), (-5.12488, -2.95758, 0.01589), (-5.12246, -2.94919, 0.01191), (-5.07957, -2.80111, 0.03297), (-5.07057, -2.77002, 0.06806), (-5.06916, -2.76516, 0.07620), (-5.13169, -2.98106, 0.03101), (-5.13930, -3.00735, 0.05774), (-5.13376, -2.98823, 0.03703), (-5.07820, -2.79637, 0.26777), (-5.07623, -2.78959, 0.26129), (-5.06392, -2.74707, 0.13014), (-5.06361, -2.74601, 0.13965), (-5.06503, -2.75090, 0.11142), (-5.06439, -2.74870, 0.12071), (-5.07438, -2.78320, 0.25438), (-5.08028, -2.80354, 0.27379), (-5.06830, -2.76220, 0.22301), (-5.06961, -2.76673, 0.23135), (-5.08245, -2.81106, 0.27934), (-5.08472, -2.81890, 0.28438), (-5.06347, -2.74553, 0.14921), (-5.08708, -2.82703, 0.28891), (-5.08950, -2.83541, 0.29289), (-5.09200, -2.84402, 0.29632), (-5.06714, -2.75819, 0.21439), (-5.06350, -2.74562, 0.15878), (-5.06370, -2.74630, 0.16833), (-5.06528, -2.75176, 0.19645), (-5.06613, -2.75470, 0.20552), (-5.09455, -2.85282, 0.29919), (-5.09714, -2.86178, 0.30147), (-5.09977, -2.87086, 0.30317), (-5.10242, -2.88002, 0.30427), (-5.06790, -2.76081, 0.08464), (-5.06406, -2.74755, 0.17782), (-5.06459, -2.74937, 0.18720), (-5.06583, -2.75366, 0.10228), (-5.07107, -2.77175, 0.23938), (-5.06679, -2.75697, 0.09334), (-5.07266, -2.77725, 0.24706), (-5.12327, -2.95201, 0.29162), (-5.12080, -2.94347, 0.29524), (-5.13985, -3.00924, 0.24454), (-5.13816, -3.00343, 0.25198), (-5.14139, -3.01458, 0.23674), (-5.13636, -2.99719, 0.25903), (-6.28305, -2.61450, 0.16515), (-6.28260, -2.61349, 0.17466), (-5.10509, -2.88923, 0.30477), (-5.11569, -2.92583, 0.30077), (-5.11307, -2.91678, 0.30267), (-6.27980, -2.60724, 0.20252), (-6.27839, -2.60410, 0.21146), (-5.12800, -2.96835, 0.28276), (-5.12568, -2.96032, 0.28746), (-5.13443, -2.99053, 0.26566), (-5.13239, -2.98349, 0.27183), (-5.13025, -2.97608, 0.27754), (-6.28191, -2.61194, 0.18409), (-6.28097, -2.60985, 0.19338), (-5.11827, -2.93473, 0.29830), (-5.11043, -2.90765, 0.30397), (-6.27675, -2.60045, 0.22016), (-6.27490, -2.59632, 0.22860), (-5.10776, -2.89845, 0.30467), (-6.28326, -2.61496, 0.15559), (-6.28322, -2.61486, 0.14602), (-6.28293, -2.61422, 0.13647), (-6.26723, -2.57919, 0.05042), (-6.26976, -2.58484, 0.05774), (-6.27616, -2.59913, 0.08179), (-6.27787, -2.60294, 0.09041), (-6.28060, -2.60904, 0.10835), (-6.28162, -2.61130, 0.11760), (-6.27424, -2.59483, 0.07345), (-6.27935, -2.60625, 0.09928), (-6.27210, -2.59006, 0.06542), (-6.24858, -2.53760, 0.01589), (-6.24501, -2.52963, 0.01191), (-6.24135, -2.52146, 0.00848), (-6.28240, -2.61303, 0.12698), (-6.23761, -2.51311, 0.00561), (-6.25857, -2.55989, 0.03101), (-6.25537, -2.55275, 0.02546), (-6.23379, -2.50461, 0.00333), (-6.22993, -2.49599, 0.00163), (-6.25204, -2.54531, 0.02042), (-6.26451, -2.57313, 0.04351), (-6.26162, -2.56669, 0.03703), (-6.19187, -2.41107, 0.01734), (-6.18845, -2.40345, 0.02204), (-6.18516, -2.39610, 0.02726), (-6.18201, -2.38908, 0.03297), (-6.17901, -2.38239, 0.03914), (-6.21039, -2.45240, 0.00213), (-6.20655, -2.44381, 0.00403), (-6.17618, -2.37607, 0.04577), (-6.17353, -2.37015, 0.05282), (-6.21428, -2.46107, 0.00083), (-6.17106, -2.36464, 0.06026), (-6.16878, -2.35956, 0.06806), (-6.16672, -2.35495, 0.07620), (-6.16486, -2.35081, 0.08464), (-6.19540, -2.41895, 0.01318), (-6.22604, -2.48730, 0.00053), (-6.22212, -2.47855, 0.00003), (-6.20275, -2.43536, 0.00650), (-6.16323, -2.34717, 0.09334), (-6.19904, -2.42706, 0.00956), (-6.21819, -2.46980, 0.00013), (-6.16952, -2.36121, 0.23938), (-6.17186, -2.36643, 0.24706), (-6.16226, -2.34502, 0.20552), (-6.16375, -2.34833, 0.21439), (-6.15857, -2.33677, 0.13965), (-6.15836, -2.33631, 0.14921), (-6.15902, -2.33778, 0.13014), (-6.16182, -2.34403, 0.10228), (-6.16065, -2.34142, 0.11142), (-6.16101, -2.34223, 0.19645), (-6.16546, -2.35214, 0.22301), (-6.15971, -2.33933, 0.12071), (-6.16000, -2.33996, 0.18720), (-6.17439, -2.37208, 0.25438), (-6.15840, -2.33641, 0.15878), (-6.15869, -2.33705, 0.16833), (-6.16738, -2.35644, 0.23135), (-6.17711, -2.37813, 0.26129), (-6.18000, -2.38458, 0.26777), (-6.18304, -2.39138, 0.27379), (-6.18624, -2.39852, 0.27934), (-6.15922, -2.33823, 0.17782), (-6.20027, -2.42981, 0.29632), (-6.19660, -2.42163, 0.29289), (-6.24975, -2.54020, 0.28746), (-6.24621, -2.53231, 0.29162), (-6.22342, -2.48147, 0.30467), (-6.21950, -2.47272, 0.30477), (-6.23123, -2.49887, 0.30267), (-6.22734, -2.49020, 0.30397), (-6.19304, -2.41367, 0.28891), (-6.25317, -2.54782, 0.28276), (-6.23886, -2.51591, 0.29830), (-6.23507, -2.50746, 0.30077), (-6.24258, -2.52421, 0.29524), (-6.25646, -2.55516, 0.27754), (-6.25961, -2.56219, 0.27183), (-6.18958, -2.40596, 0.28438), (-6.26260, -2.56888, 0.26566), (-6.21558, -2.46397, 0.30427), (-6.21168, -2.45528, 0.30317), (-6.20782, -2.44666, 0.30147), (-6.20401, -2.43816, 0.29919), (-6.26544, -2.57520, 0.25903), (-6.27283, -2.59170, 0.23674), (-6.27056, -2.58663, 0.24454), (-6.26809, -2.58112, 0.25198), (9.11825, 3.26539, 0.21146), (7.68747, 2.22119, 0.21146), (9.12112, 3.26255, 0.22016), (7.68982, 2.21797, 0.22016), (9.11578, 3.26783, 0.20252), (7.68544, 2.22396, 0.20252), (9.11371, 3.26987, 0.19338), (7.68375, 2.22627, 0.19338), (9.11005, 3.27348, 0.16515), (7.68076, 2.23037, 0.16515), (9.11084, 3.27270, 0.17466), (7.68141, 2.22949, 0.17466), (9.12439, 3.25933, 0.22860), (7.69248, 2.21431, 0.22860), (10.21983, 4.81723, 0.21146), (10.21703, 4.81922, 0.20252), (9.10976, 3.27377, 0.14602), (7.68052, 2.23070, 0.14602), (9.10969, 3.27384, 0.15559), (7.68046, 2.23078, 0.15559), (10.22677, 4.81231, 0.22860), (10.22308, 4.81493, 0.22016), (9.12803, 3.25574, 0.23674), (7.69546, 2.21024, 0.23674), (9.11120, 3.27234, 0.12698), (7.68170, 2.22908, 0.12698), (9.11027, 3.27327, 0.13647), (7.68094, 2.23013, 0.13647), (9.11206, 3.27149, 0.18409), (7.68241, 2.22812, 0.18409), (10.21470, 4.82088, 0.19338), (10.21283, 4.82220, 0.18409), (9.11257, 3.27100, 0.11760), (7.68282, 2.22755, 0.11760), (9.12556, 3.25817, 0.07345), (7.69344, 2.21300, 0.07345), (9.12217, 3.26152, 0.08179), (7.69067, 2.21680, 0.08179), (10.22809, 4.81137, 0.07345), (10.22426, 4.81409, 0.08179), (9.11917, 3.26448, 0.09041), (7.68821, 2.22016, 0.09041), (9.11656, 3.26706, 0.09928), (7.68608, 2.22309, 0.09928), (9.13344, 3.25040, 0.05774), (7.69988, 2.20418, 0.05774), (9.12932, 3.25446, 0.06542), (7.69651, 2.20879, 0.06542), (10.22086, 4.81650, 0.09041), (9.11435, 3.26923, 0.10835), (7.68428, 2.22555, 0.10835), (7.70352, 2.19919, 0.05042), (9.13789, 3.24600, 0.05042), (7.70743, 2.19383, 0.04351), (9.14267, 3.24129, 0.04351), (10.23700, 4.80504, 0.05774), (10.24204, 4.80147, 0.05042), (10.21023, 4.82405, 0.14602), (10.21015, 4.82411, 0.15559), (10.21145, 4.82318, 0.17466), (10.21055, 4.82382, 0.16515), (10.21080, 4.82364, 0.13647), (10.21186, 4.82289, 0.12698), (10.21791, 4.81859, 0.09928), (10.21542, 4.82036, 0.10835), (10.21340, 4.82180, 0.11760), (10.23234, 4.80835, 0.06542), (7.74074, 2.14819, 0.00848), (9.18342, 3.20107, 0.00848), (7.74613, 2.14081, 0.00561), (9.19001, 3.19456, 0.00561), (7.73547, 2.15541, 0.01191), (9.17698, 3.20743, 0.01191), (7.71158, 2.18814, 0.03703), (9.14775, 3.23627, 0.03703), (7.71597, 2.18213, 0.03101), (9.15312, 3.23097, 0.03101), (10.25319, 4.79355, 0.03703), (10.25926, 4.78925, 0.03101), (7.75716, 2.12569, 0.00163), (9.20351, 3.18124, 0.00163), (7.76277, 2.11801, 0.00053), (9.21037, 3.17447, 0.00053), (10.28623, 4.77010, 0.01191), (10.29352, 4.76492, 0.00848), (7.72057, 2.17583, 0.02546), (9.15875, 3.22542, 0.02546), (7.72537, 2.16926, 0.02042), (9.16461, 3.21963, 0.02042), (7.73034, 2.16244, 0.01589), (9.17070, 3.21362, 0.01589), (7.75161, 2.13330, 0.00333), (9.19671, 3.18795, 0.00333), (10.30855, 4.75425, 0.00333), (10.31624, 4.74880, 0.00163), (7.76840, 2.11028, 0.00003), (9.21726, 3.16767, 0.00003), (7.77405, 2.10255, 0.00013), (9.22417, 3.16086, 0.00013), (10.32399, 4.74329, 0.00053), (10.33179, 4.73776, 0.00003), (7.77968, 2.09484, 0.00083), (9.23105, 3.15406, 0.00083), (10.24744, 4.79763, 0.04351), (10.26562, 4.78473, 0.02546), (10.27225, 4.78002, 0.02042), (10.33960, 4.73222, 0.00013), (7.78527, 2.08717, 0.00213), (9.23789, 3.14731, 0.00213), (10.34738, 4.72669, 0.00083), (7.79080, 2.07959, 0.00403), (9.24466, 3.14063, 0.00403), (10.35512, 4.72120, 0.00213), (10.27914, 4.77513, 0.01589), (10.30097, 4.75963, 0.00561), (7.81191, 2.05067, 0.01734), (9.27048, 3.11515, 0.01734), (7.81683, 2.04393, 0.02204), (9.27649, 3.10921, 0.02204), (7.80683, 2.05763, 0.01318), (9.26426, 3.12128, 0.01318), (7.80160, 2.06479, 0.00956), (9.25787, 3.12759, 0.00956), (7.82156, 2.03745, 0.02726), (9.28228, 3.10350, 0.02726), (7.79625, 2.07212, 0.00650), (9.25133, 3.13405, 0.00650), (10.37771, 4.70516, 0.00956), (10.38494, 4.70003, 0.01318), (10.39197, 4.69504, 0.01734), (7.83448, 2.01975, 0.04577), (9.29808, 3.08790, 0.04577), (7.83830, 2.01452, 0.05282), (9.30276, 3.08329, 0.05282), (10.42318, 4.67288, 0.04577), (10.42847, 4.66913, 0.05282), (7.83040, 2.02533, 0.03914), (9.29310, 3.09282, 0.03914), (10.41755, 4.67688, 0.03914), (10.37031, 4.71042, 0.00650), (7.84185, 2.00965, 0.06026), (9.30710, 3.07900, 0.06026), (10.36277, 4.71577, 0.00403), (7.82609, 2.03124, 0.03297), (9.28783, 3.09802, 0.03297), (7.84512, 2.00517, 0.06806), (9.31110, 3.07505, 0.06806), (10.43338, 4.66564, 0.06026), (10.40532, 4.68557, 0.02726), (10.41158, 4.68112, 0.03297), (10.43790, 4.66244, 0.06806), (7.84809, 2.00109, 0.07620), (9.31474, 3.07146, 0.07620), (10.39877, 4.69021, 0.02204), (7.85076, 1.99744, 0.08464), (9.31800, 3.06824, 0.08464), (7.85311, 1.99422, 0.09334), (9.32088, 3.06541, 0.09334), (10.44570, 4.65690, 0.08464), (10.44202, 4.65951, 0.07620), (7.85513, 1.99145, 0.10228), (9.32335, 3.06297, 0.10228), (10.44896, 4.65459, 0.09334), (7.84990, 1.99861, 0.22301), (9.31696, 3.06928, 0.22301), (7.84713, 2.00241, 0.23135), (9.31357, 3.07262, 0.23135), (7.85682, 1.98914, 0.11142), (9.32541, 3.06093, 0.11142), (10.45409, 4.65095, 0.11142), (10.45175, 4.65260, 0.10228), (7.85449, 1.99232, 0.20552), (9.32257, 3.06373, 0.20552), (7.85236, 1.99524, 0.21439), (9.31996, 3.06631, 0.21439), (7.84406, 2.00662, 0.23938), (9.30981, 3.07633, 0.23938), (7.84070, 2.01123, 0.24706), (9.30569, 3.08040, 0.24706), (10.45087, 4.65323, 0.20552), (10.44792, 4.65532, 0.21439), (7.85816, 1.98729, 0.12071), (9.32706, 3.05930, 0.12071), (10.44069, 4.66045, 0.23135), (10.43644, 4.66347, 0.23938), (7.85629, 1.98985, 0.19645), (9.32477, 3.06156, 0.19645), (10.45336, 4.65146, 0.19645), (7.85916, 1.98592, 0.13014), (9.32828, 3.05810, 0.13014), (7.85981, 1.98503, 0.13965), (9.32908, 3.05731, 0.13965), (10.45823, 4.64801, 0.13965), (10.45733, 4.64864, 0.13014), (7.86011, 1.98463, 0.14921), (9.32944, 3.05696, 0.14921), (7.86005, 1.98471, 0.15878), (9.32937, 3.05703, 0.15878), (7.85964, 1.98527, 0.16833), (9.32886, 3.05753, 0.16833), (10.45864, 4.64772, 0.14921), (10.45856, 4.64777, 0.15878), (7.85887, 1.98632, 0.17782), (9.32793, 3.05845, 0.17782), (7.85775, 1.98785, 0.18720), (9.32656, 3.05980, 0.18720), (10.45595, 4.64962, 0.12071), (10.45798, 4.64818, 0.16833), (10.45692, 4.64893, 0.17782), (10.45538, 4.65003, 0.18720), (10.44452, 4.65773, 0.22301), (7.80510, 2.06000, 0.29289), (7.81023, 2.05297, 0.28891), (9.26215, 3.12337, 0.29289), (9.26843, 3.11717, 0.28891), (7.79445, 2.07460, 0.29919), (7.79983, 2.06722, 0.29632), (9.24912, 3.13623, 0.29919), (9.25571, 3.12973, 0.29632), (7.78897, 2.08211, 0.30147), (9.24241, 3.14285, 0.30147), (7.82461, 2.03328, 0.27379), (7.82899, 2.02727, 0.26777), (9.28601, 3.09982, 0.27379), (9.29137, 3.09452, 0.26777), (10.40953, 4.68258, 0.27379), (10.41559, 4.67827, 0.26777), (7.83315, 2.02157, 0.26129), (9.29646, 3.08951, 0.26129), (7.83705, 2.01622, 0.25438), (9.30123, 3.08479, 0.25438), (7.82000, 2.03958, 0.27934), (9.28038, 3.10537, 0.27934), (7.81521, 2.04615, 0.28438), (9.27451, 3.11117, 0.28438), (10.43178, 4.66678, 0.24706), (10.36781, 4.71219, 0.29919), (10.37526, 4.70690, 0.29632), (7.78341, 2.08972, 0.30317), (9.23562, 3.14955, 0.30317), (10.36023, 4.71757, 0.30147), (10.42134, 4.67419, 0.26129), (10.40316, 4.68709, 0.27934), (10.35255, 4.72302, 0.30317), (10.42674, 4.67035, 0.25438), (7.77780, 2.09740, 0.30427), (9.22876, 3.15632, 0.30427), (7.77217, 2.10513, 0.30477), (9.22186, 3.16313, 0.30477), (10.38255, 4.70173, 0.29289), (10.34479, 4.72853, 0.30427), (7.76652, 2.11286, 0.30467), (9.21496, 3.16994, 0.30467), (10.33699, 4.73406, 0.30477), (7.76090, 2.12057, 0.30397), (9.20808, 3.17673, 0.30397), (10.32919, 4.73961, 0.30467), (10.38965, 4.69669, 0.28891), (10.39653, 4.69180, 0.28438), (7.70610, 2.19566, 0.25903), (7.71017, 2.19008, 0.26566), (9.14104, 3.24289, 0.25903), (9.14603, 3.23797, 0.26566), (10.24560, 4.79894, 0.25903), (10.25124, 4.79494, 0.26566), (7.72866, 2.16474, 0.28746), (7.73374, 2.15777, 0.29162), (9.16865, 3.21565, 0.28746), (9.17486, 3.20951, 0.29162), (7.71901, 2.17796, 0.27754), (7.72375, 2.17147, 0.28276), (9.15684, 3.22730, 0.27754), (9.16263, 3.22158, 0.28276), (7.70228, 2.20089, 0.25198), (9.13637, 3.24750, 0.25198), (9.13203, 3.25179, 0.24454), (7.69872, 2.20576, 0.24454), (10.23540, 4.80618, 0.24454), (10.23088, 4.80939, 0.23674), (7.71448, 2.18417, 0.27183), (9.15130, 3.23277, 0.27183), (10.26347, 4.78626, 0.27754), (10.27001, 4.78161, 0.28276), (10.24032, 4.80269, 0.25198), (7.75530, 2.12823, 0.30267), (9.20124, 3.18349, 0.30267), (7.74977, 2.13581, 0.30077), (9.19447, 3.19016, 0.30077), (7.73897, 2.15061, 0.29524), (7.74432, 2.14328, 0.29830), (9.18126, 3.20321, 0.29524), (9.18780, 3.19675, 0.29830), (10.31367, 4.75062, 0.30267), (10.32140, 4.74513, 0.30397), (10.25720, 4.79071, 0.27183), (10.29107, 4.76666, 0.29524), (10.29847, 4.76141, 0.29830), (10.27682, 4.77678, 0.28746), (10.30601, 4.75606, 0.30077), (10.28384, 4.77179, 0.29162), (-7.67009, 2.71668, 0.30480), (-6.16507, 0.85770, 0.30480), (-7.66265, 2.72270, 0.30450), (-6.15851, 0.86481, 0.30450), (-7.65524, 2.72870, 0.30360), (-6.15198, 0.87189, 0.30360), (-7.64789, 2.73465, 0.30210), (-6.14550, 0.87891, 0.30210), (-7.64063, 2.74053, 0.30001), (-6.13909, 0.88585, 0.30001), (-7.63348, 2.74631, 0.29734), (-6.13279, 0.89268, 0.29734), (-7.62648, 2.75198, 0.29410), (-6.12662, 0.89937, 0.29410), (-7.61965, 2.75751, 0.29030), (-6.12060, 0.90590, 0.29030), (-7.61302, 2.76288, 0.28595), (-6.11475, 0.91223, 0.28595), (-7.60662, 2.76806, 0.28108), (-6.10910, 0.91835, 0.28108), (-7.60046, 2.77304, 0.27569), (-6.10367, 0.92423, 0.27569), (-7.59458, 2.77780, 0.26983), (-6.09849, 0.92985, 0.26983), (-7.58900, 2.78232, 0.26349), (-6.09357, 0.93519, 0.26349), (-7.58374, 2.78658, 0.25672), (-6.08893, 0.94021, 0.25672), (-7.57882, 2.79057, 0.24954), (-6.08459, 0.94492, 0.24954), (-6.08057, 0.94927, 0.24198), (-7.57426, 2.79426, 0.24198), (-6.07688, 0.95327, 0.23406), (-7.57008, 2.79765, 0.23406), (-6.07354, 0.95689, 0.22582), (-7.56629, 2.80071, 0.22582), (-6.07056, 0.96012, 0.21729), (-7.56291, 2.80345, 0.21729), (-6.06796, 0.96294, 0.20850), (-7.55996, 2.80584, 0.20850), (-6.06573, 0.96535, 0.19949), (-7.55743, 2.80788, 0.19949), (-6.06390, 0.96734, 0.19030), (-7.55536, 2.80956, 0.19030), (-6.06247, 0.96889, 0.18096), (-7.55374, 2.81087, 0.18096), (-6.06144, 0.97000, 0.17150), (-7.55257, 2.81182, 0.17150), (-6.06083, 0.97067, 0.16197), (-7.55187, 2.81238, 0.16197), (-6.06062, 0.97089, 0.15240), (-7.55164, 2.81257, 0.15240), (-6.06083, 0.97067, 0.14283), (-7.55187, 2.81238, 0.14283), (-6.06144, 0.97000, 0.13330), (-7.55257, 2.81182, 0.13330), (-6.06247, 0.96889, 0.12384), (-7.55374, 2.81087, 0.12384), (-6.06390, 0.96734, 0.11450), (-7.55536, 2.80956, 0.11450), (-6.06573, 0.96535, 0.10531), (-7.55743, 2.80788, 0.10531), (-6.06796, 0.96294, 0.09630), (-7.55996, 2.80584, 0.09630), (-6.07056, 0.96012, 0.08751), (-7.56291, 2.80345, 0.08751), (-6.07354, 0.95689, 0.07898), (-7.56629, 2.80071, 0.07898), (-6.07688, 0.95327, 0.07074), (-7.57008, 2.79765, 0.07074), (-6.08057, 0.94927, 0.06282), (-7.57426, 2.79426, 0.06282), (-6.08459, 0.94492, 0.05526), (-7.57882, 2.79057, 0.05526), (-7.58374, 2.78658, 0.04807), (-6.08893, 0.94021, 0.04807), (-7.58900, 2.78232, 0.04131), (-6.09357, 0.93519, 0.04131), (-7.59458, 2.77780, 0.03497), (-6.09849, 0.92985, 0.03497), (-7.60046, 2.77304, 0.02911), (-6.10367, 0.92423, 0.02911), (-7.60662, 2.76806, 0.02372), (-6.10910, 0.91835, 0.02372), (-7.61302, 2.76288, 0.01885), (-6.11475, 0.91223, 0.01885), (-7.61965, 2.75751, 0.01450), (-6.12060, 0.90590, 0.01450), (-7.62648, 2.75198, 0.01070), (-6.12662, 0.89937, 0.01070), (-7.63348, 2.74631, 0.00746), (-6.13279, 0.89268, 0.00746), (-7.64063, 2.74053, 0.00479), (-6.13909, 0.88585, 0.00479), (-7.64789, 2.73465, 0.00270), (-6.14550, 0.87891, 0.00270), (-7.65524, 2.72870, 0.00120), (-6.15198, 0.87189, 0.00120), (-7.66265, 2.72270, 0.00030), (-6.15851, 0.86481, 0.00030), (-7.67009, 2.71668, 0.00000), (-6.16507, 0.85770, 0.00000), (-7.67752, 2.71066, 0.00030), (-6.17163, 0.85060, 0.00030), (-7.68493, 2.70466, 0.00120), (-6.17816, 0.84352, 0.00120), (-7.69228, 2.69871, 0.00270), (-6.18464, 0.83649, 0.00270), (-7.69954, 2.69283, 0.00479), (-6.19104, 0.82955, 0.00479), (-7.70669, 2.68705, 0.00746), (-6.19734, 0.82273, 0.00746), (-7.71369, 2.68138, 0.01070), (-6.20352, 0.81603, 0.01070), (-7.72052, 2.67585, 0.01450), (-6.20954, 0.80951, 0.01450), (-7.72715, 2.67048, 0.01885), (-6.21539, 0.80317, 0.01885), (-7.73355, 2.66530, 0.02372), (-6.22103, 0.79705, 0.02372), (-7.73971, 2.66031, 0.02911), (-6.22646, 0.79117, 0.02911), (-7.74559, 2.65555, 0.03497), (-6.23164, 0.78555, 0.03497), (-7.75117, 2.65103, 0.04131), (-6.23657, 0.78022, 0.04131), (-7.75643, 2.64677, 0.04807), (-6.24120, 0.77519, 0.04807), (-7.76135, 2.64279, 0.05526), (-6.24554, 0.77049, 0.05526), (-6.24957, 0.76613, 0.06282), (-7.76591, 2.63910, 0.06282), (-6.25325, 0.76213, 0.07074), (-7.77009, 2.63571, 0.07074), (-6.25659, 0.75851, 0.07898), (-7.77388, 2.63265, 0.07898), (-6.25957, 0.75529, 0.08751), (-7.77726, 2.62991, 0.08751), (-6.26218, 0.75246, 0.09630), (-7.78022, 2.62752, 0.09630), (-6.26440, 0.75005, 0.10531), (-7.78274, 2.62548, 0.10531), (-6.26623, 0.74807, 0.11450), (-7.78481, 2.62380, 0.11450), (-6.26766, 0.74652, 0.12384), (-7.78644, 2.62248, 0.12384), (-6.26869, 0.74541, 0.13330), (-7.78760, 2.62154, 0.13330), (-6.26931, 0.74474, 0.14283), (-7.78830, 2.62097, 0.14283), (-6.26951, 0.74451, 0.15240), (-7.78853, 2.62078, 0.15240), (-6.26931, 0.74474, 0.16197), (-7.78830, 2.62097, 0.16197), (-6.26869, 0.74541, 0.17150), (-7.78760, 2.62154, 0.17150), (-6.26766, 0.74652, 0.18096), (-7.78644, 2.62248, 0.18096), (-6.26623, 0.74807, 0.19030), (-7.78481, 2.62380, 0.19030), (-6.26440, 0.75005, 0.19949), (-7.78274, 2.62548, 0.19949), (-6.26218, 0.75246, 0.20850), (-7.78022, 2.62752, 0.20850), (-6.25957, 0.75529, 0.21729), (-7.77726, 2.62991, 0.21729), (-6.25659, 0.75851, 0.22582), (-7.77388, 2.63265, 0.22582), (-6.25325, 0.76213, 0.23406), (-7.77009, 2.63571, 0.23406), (-6.24957, 0.76613, 0.24198), (-7.76591, 2.63910, 0.24198), (-6.24554, 0.77049, 0.24954), (-7.76135, 2.64279, 0.24954), (-7.75643, 2.64677, 0.25672), (-6.24120, 0.77519, 0.25672), (-7.75117, 2.65103, 0.26349), (-6.23657, 0.78022, 0.26349), (-7.74559, 2.65555, 0.26983), (-6.23164, 0.78555, 0.26983), (-7.73971, 2.66031, 0.27569), (-6.22646, 0.79117, 0.27569), (-7.73355, 2.66530, 0.28108), (-6.22103, 0.79705, 0.28108), (-7.72715, 2.67048, 0.28595), (-6.21539, 0.80317, 0.28595), (-7.72052, 2.67585, 0.29030), (-6.20954, 0.80951, 0.29030), (-7.71369, 2.68138, 0.29410), (-6.20352, 0.81603, 0.29410), (-7.70669, 2.68705, 0.29734), (-6.19734, 0.82273, 0.29734), (-7.69954, 2.69283, 0.30001), (-6.19104, 0.82955, 0.30001), (-7.69228, 2.69871, 0.30210), (-6.18464, 0.83649, 0.30210), (-7.68493, 2.70466, 0.30360), (-6.17816, 0.84352, 0.30360), (-7.67752, 2.71066, 0.30450), (-6.17163, 0.85060, 0.30450), (-4.99450, 0.05642, 0.30480), (-4.98997, 0.06492, 0.30450), (-4.98546, 0.07338, 0.30360), (-4.98099, 0.08178, 0.30210), (-4.97656, 0.09007, 0.30001), (-4.97222, 0.09824, 0.29734), (-4.96795, 0.10624, 0.29410), (-4.96380, 0.11404, 0.29030), (-4.95976, 0.12161, 0.28595), (-4.95586, 0.12893, 0.28108), (-4.95212, 0.13596, 0.27569), (-4.94854, 0.14268, 0.26983), (-4.94514, 0.14906, 0.26349), (-4.94193, 0.15507, 0.25672), (-4.93894, 0.16069, 0.24954), (-4.93616, 0.16590, 0.24198), (-4.93362, 0.17068, 0.23406), (-4.93131, 0.17501, 0.22582), (-4.92926, 0.17887, 0.21729), (-4.92746, 0.18224, 0.20850), (-4.92592, 0.18512, 0.19949), (-4.92466, 0.18750, 0.19030), (-4.92367, 0.18935, 0.18096), (-4.92296, 0.19068, 0.17150), (-4.92253, 0.19148, 0.16197), (-4.92239, 0.19175, 0.15240), (-4.92253, 0.19148, 0.14283), (-4.92296, 0.19068, 0.13330), (-4.92367, 0.18935, 0.12384), (-4.92466, 0.18750, 0.11450), (-4.92592, 0.18512, 0.10531), (-4.92746, 0.18224, 0.09630), (-4.92926, 0.17887, 0.08751), (-4.93131, 0.17501, 0.07898), (-4.93362, 0.17068, 0.07074), (-4.93616, 0.16590, 0.06282), (-4.93894, 0.16069, 0.05526), (-4.94193, 0.15507, 0.04807), (-4.94514, 0.14906, 0.04131), (-4.94854, 0.14268, 0.03497), (-4.95212, 0.13596, 0.02911), (-4.95586, 0.12893, 0.02372), (-4.95976, 0.12161, 0.01885), (-4.96380, 0.11404, 0.01450), (-4.96795, 0.10624, 0.01070), (-4.97222, 0.09824, 0.00746), (-4.97656, 0.09007, 0.00479), (-4.98099, 0.08178, 0.00270), (-4.98546, 0.07338, 0.00120), (-4.98997, 0.06492, 0.00030), (-4.99450, 0.05642, 0.00000), (-4.99902, 0.04792, 0.00030), (-5.00354, 0.03946, 0.00120), (-5.00801, 0.03106, 0.00270), (-5.01243, 0.02277, 0.00479), (-5.01678, 0.01460, 0.00746), (-5.02104, 0.00660, 0.01070), (-5.02520, -0.00120, 0.01450), (-5.02923, -0.00878, 0.01885), (-5.03313, -0.01609, 0.02372), (-5.03688, -0.02312, 0.02911), (-5.04046, -0.02984, 0.03497), (-5.04386, -0.03622, 0.04131), (-5.04706, -0.04223, 0.04807), (-5.05006, -0.04785, 0.05526), (-5.05283, -0.05306, 0.06282), (-5.05538, -0.05784, 0.07074), (-5.05768, -0.06217, 0.07898), (-5.05974, -0.06603, 0.08751), (-5.06154, -0.06940, 0.09630), (-5.06307, -0.07228, 0.10531), (-5.06434, -0.07466, 0.11450), (-5.06532, -0.07651, 0.12384), (-5.06603, -0.07784, 0.13330), (-5.06646, -0.07864, 0.14283), (-5.06660, -0.07891, 0.15240), (-5.06646, -0.07864, 0.16197), (-5.06603, -0.07784, 0.17150), (-5.06532, -0.07651, 0.18096), (-5.06434, -0.07466, 0.19030), (-5.06307, -0.07228, 0.19949), (-5.06154, -0.06940, 0.20850), (-5.05974, -0.06603, 0.21729), (-5.05768, -0.06217, 0.22582), (-5.05538, -0.05784, 0.23406), (-5.05283, -0.05306, 0.24198), (-5.05006, -0.04785, 0.24954), (-5.04706, -0.04223, 0.25672), (-5.04386, -0.03622, 0.26349), (-5.04046, -0.02984, 0.26983), (-5.03688, -0.02312, 0.27569), (-5.03313, -0.01609, 0.28108), (-5.02923, -0.00878, 0.28595), (-5.02520, -0.00120, 0.29030), (-5.02104, 0.00660, 0.29410), (-5.01678, 0.01460, 0.29734), (-5.01243, 0.02277, 0.30001), (-5.00801, 0.03106, 0.30210), (-5.00354, 0.03946, 0.30360), (-4.99902, 0.04792, 0.30450), (-4.26986, -0.23204, 0.30480), (-4.26699, -0.22288, 0.30450), (-4.26413, -0.21376, 0.30360), (-4.26130, -0.20471, 0.30210), (-4.25850, -0.19577, 0.30001), (-4.25574, -0.18697, 0.29734), (-4.25304, -0.17835, 0.29410), (-4.25040, -0.16995, 0.29030), (-4.24785, -0.16178, 0.28595), (-4.24538, -0.15390, 0.28108), (-4.24300, -0.14632, 0.27569), (-4.24073, -0.13908, 0.26983), (-4.23858, -0.13221, 0.26349), (-4.23655, -0.12573, 0.25672), (-4.23465, -0.11967, 0.24954), (-4.23289, -0.11405, 0.24198), (-4.23128, -0.10890, 0.23406), (-4.22982, -0.10424, 0.22582), (-4.22852, -0.10008, 0.21729), (-4.22738, -0.09644, 0.20850), (-4.22640, -0.09334, 0.19949), (-4.22560, -0.09078, 0.19030), (-4.22498, -0.08878, 0.18096), (-4.22453, -0.08735, 0.17150), (-4.22426, -0.08649, 0.16197), (-4.22417, -0.08620, 0.15240), (-4.22426, -0.08649, 0.14283), (-4.22453, -0.08735, 0.13330), (-4.22498, -0.08878, 0.12384), (-4.22560, -0.09078, 0.11450), (-4.22640, -0.09334, 0.10531), (-4.22738, -0.09644, 0.09630), (-4.22852, -0.10008, 0.08751), (-4.22982, -0.10424, 0.07898), (-4.23128, -0.10890, 0.07074), (-4.23289, -0.11405, 0.06282), (-4.23465, -0.11967, 0.05526), (-4.23655, -0.12573, 0.04807), (-4.23858, -0.13221, 0.04131), (-4.24073, -0.13908, 0.03497), (-4.24300, -0.14632, 0.02911), (-4.24538, -0.15390, 0.02372), (-4.24785, -0.16178, 0.01885), (-4.25040, -0.16995, 0.01450), (-4.25304, -0.17835, 0.01070), (-4.25574, -0.18697, 0.00746), (-4.25850, -0.19577, 0.00479), (-4.26130, -0.20471, 0.00270), (-4.26413, -0.21376, 0.00120), (-4.26699, -0.22288, 0.00030), (-4.26986, -0.23204, 0.00000), (-4.27273, -0.24120, 0.00030), (-4.27559, -0.25032, 0.00120), (-4.27842, -0.25937, 0.00270), (-4.28122, -0.26831, 0.00479), (-4.28398, -0.27711, 0.00746), (-4.28668, -0.28573, 0.01070), (-4.28931, -0.29414, 0.01450), (-4.29187, -0.30230, 0.01885), (-4.29434, -0.31019, 0.02372), (-4.29672, -0.31777, 0.02911), (-4.29898, -0.32501, 0.03497), (-4.30114, -0.33188, 0.04131), (-4.30317, -0.33836, 0.04807), (-4.30507, -0.34442, 0.05526), (-4.30682, -0.35003, 0.06282), (-4.30844, -0.35518, 0.07074), (-4.30990, -0.35984, 0.07898), (-4.31120, -0.36400, 0.08751), (-4.31234, -0.36764, 0.09630), (-4.31331, -0.37075, 0.10531), (-4.31412, -0.37330, 0.11450), (-4.31474, -0.37530, 0.12384), (-4.31519, -0.37673, 0.13330), (-4.31546, -0.37760, 0.14283), (-4.31555, -0.37788, 0.15240), (-4.31546, -0.37760, 0.16197), (-4.31519, -0.37673, 0.17150), (-4.31474, -0.37530, 0.18096), (-4.31412, -0.37330, 0.19030), (-4.31331, -0.37075, 0.19949), (-4.31234, -0.36764, 0.20850), (-4.31120, -0.36400, 0.21729), (-4.30990, -0.35984, 0.22582), (-4.30844, -0.35518, 0.23406), (-4.30682, -0.35003, 0.24198), (-4.30507, -0.34442, 0.24954), (-4.30317, -0.33836, 0.25672), (-4.30114, -0.33188, 0.26349), (-4.29898, -0.32501, 0.26983), (-4.29672, -0.31777, 0.27569), (-4.29434, -0.31019, 0.28108), (-4.29187, -0.30230, 0.28595), (-4.28931, -0.29414, 0.29030), (-4.28668, -0.28573, 0.29410), (-4.28398, -0.27711, 0.29734), (-4.28122, -0.26831, 0.30001), (-4.27842, -0.25937, 0.30210), (-4.27559, -0.25032, 0.30360), (-4.27273, -0.24120, 0.30450), (-3.73908, -0.35541, 0.30480), (-3.73737, -0.34598, 0.30450), (-3.73567, -0.33659, 0.30360), (-3.73398, -0.32728, 0.30210), (-3.73232, -0.31807, 0.30001), (-3.73068, -0.30901, 0.29734), (-3.72907, -0.30014, 0.29410), (-3.72750, -0.29148, 0.29030), (-3.72598, -0.28308, 0.28595), (-3.72451, -0.27496, 0.28108), (-3.72310, -0.26716, 0.27569), (-3.72175, -0.25970, 0.26983), (-3.72047, -0.25263, 0.26349), (-3.71926, -0.24596, 0.25672), (-3.71814, -0.23972, 0.24954), (-3.71709, -0.23394, 0.24198), (-3.71613, -0.22864, 0.23406), (-3.71526, -0.22384, 0.22582), (-3.71448, -0.21956, 0.21729), (-3.71381, -0.21581, 0.20850), (-3.71323, -0.21261, 0.19949), (-3.71275, -0.20998, 0.19030), (-3.71238, -0.20793, 0.18096), (-3.71211, -0.20645, 0.17150), (-3.71195, -0.20556, 0.16197), (-3.71190, -0.20527, 0.15240), (-3.71195, -0.20556, 0.14283), (-3.71211, -0.20645, 0.13330), (-3.71238, -0.20793, 0.12384), (-3.71275, -0.20998, 0.11450), (-3.71323, -0.21261, 0.10531), (-3.71381, -0.21581, 0.09630), (-3.71448, -0.21956, 0.08751), (-3.71526, -0.22384, 0.07898), (-3.71613, -0.22864, 0.07074), (-3.71709, -0.23394, 0.06282), (-3.71814, -0.23972, 0.05526), (-3.71926, -0.24596, 0.04807), (-3.72047, -0.25263, 0.04131), (-3.72175, -0.25970, 0.03497), (-3.72310, -0.26716, 0.02911), (-3.72451, -0.27496, 0.02372), (-3.72598, -0.28308, 0.01885), (-3.72750, -0.29148, 0.01450), (-3.72907, -0.30014, 0.01070), (-3.73068, -0.30901, 0.00746), (-3.73232, -0.31807, 0.00479), (-3.73398, -0.32728, 0.00270), (-3.73567, -0.33659, 0.00120), (-3.73737, -0.34598, 0.00030), (-3.73908, -0.35541, 0.00000), (-3.74078, -0.36484, 0.00030), (-3.74248, -0.37423, 0.00120), (-3.74417, -0.38355, 0.00270), (-3.74583, -0.39275, 0.00479), (-3.74747, -0.40181, 0.00746), (-3.74908, -0.41068, 0.01070), (-3.75065, -0.41934, 0.01450), (-3.75217, -0.42774, 0.01885), (-3.75364, -0.43586, 0.02372), (-3.75505, -0.44366, 0.02911), (-3.75640, -0.45112, 0.03497), (-3.75768, -0.45819, 0.04131), (-3.75889, -0.46486, 0.04807), (-3.76002, -0.47110, 0.05526), (-3.76106, -0.47688, 0.06282), (-3.76202, -0.48218, 0.07074), (-3.76289, -0.48699, 0.07898), (-3.76367, -0.49127, 0.08751), (-3.76434, -0.49501, 0.09630), (-3.76492, -0.49821, 0.10531), (-3.76540, -0.50084, 0.11450), (-3.76577, -0.50290, 0.12384), (-3.76604, -0.50437, 0.13330), (-3.76620, -0.50526, 0.14283), (-3.76625, -0.50556, 0.15240), (-3.76620, -0.50526, 0.16197), (-3.76604, -0.50437, 0.17150), (-3.76577, -0.50290, 0.18096), (-3.76540, -0.50084, 0.19030), (-3.76492, -0.49821, 0.19949), (-3.76434, -0.49501, 0.20850), (-3.76367, -0.49127, 0.21729), (-3.76289, -0.48699, 0.22582), (-3.76202, -0.48218, 0.23406), (-3.76106, -0.47688, 0.24198), (-3.76002, -0.47110, 0.24954), (-3.75889, -0.46486, 0.25672), (-3.75768, -0.45819, 0.26349), (-3.75640, -0.45112, 0.26983), (-3.75505, -0.44366, 0.27569), (-3.75364, -0.43586, 0.28108), (-3.75217, -0.42774, 0.28595), (-3.75065, -0.41934, 0.29030), (-3.74908, -0.41068, 0.29410), (-3.74747, -0.40181, 0.29734), (-3.74583, -0.39275, 0.30001), (-3.74417, -0.38355, 0.30210), (-3.74248, -0.37423, 0.30360), (-3.74078, -0.36484, 0.30450), (-3.21077, -0.42435, 0.30480), (-3.21005, -0.41479, 0.30450), (-3.20934, -0.40527, 0.30360), (-3.20863, -0.39583, 0.30210), (-3.20792, -0.38650, 0.30001), (-3.20723, -0.37732, 0.29734), (-3.20655, -0.36832, 0.29410), (-3.20589, -0.35955, 0.29030), (-3.20525, -0.35103, 0.28595), (-3.20463, -0.34280, 0.28108), (-3.20404, -0.33489, 0.27569), (-3.20347, -0.32734, 0.26983), (-3.20293, -0.32016, 0.26349), (-3.20242, -0.31340, 0.25672), (-3.20194, -0.30708, 0.24954), (-3.20150, -0.30122, 0.24198), (-3.20110, -0.29585, 0.23406), (-3.20073, -0.29098, 0.22582), (-3.20040, -0.28664, 0.21729), (-3.20012, -0.28284, 0.20850), (-3.19988, -0.27960, 0.19949), (-3.19967, -0.27693, 0.19030), (-3.19952, -0.27485, 0.18096), (-3.19940, -0.27335, 0.17150), (-3.19934, -0.27245, 0.16197), (-3.19931, -0.27215, 0.15240), (-3.19934, -0.27245, 0.14283), (-3.19940, -0.27335, 0.13330), (-3.19952, -0.27485, 0.12384), (-3.19967, -0.27693, 0.11450), (-3.19988, -0.27960, 0.10531), (-3.20012, -0.28284, 0.09630), (-3.20040, -0.28664, 0.08751), (-3.20073, -0.29098, 0.07898), (-3.20110, -0.29585, 0.07074), (-3.20150, -0.30122, 0.06282), (-3.20194, -0.30708, 0.05526), (-3.20242, -0.31340, 0.04807), (-3.20293, -0.32016, 0.04131), (-3.20347, -0.32734, 0.03497), (-3.20404, -0.33489, 0.02911), (-3.20463, -0.34280, 0.02372), (-3.20525, -0.35103, 0.01885), (-3.20589, -0.35955, 0.01450), (-3.20655, -0.36832, 0.01070), (-3.20723, -0.37732, 0.00746), (-3.20792, -0.38650, 0.00479), (-3.20863, -0.39583, 0.00270), (-3.20934, -0.40527, 0.00120), (-3.21005, -0.41479, 0.00030), (-3.21077, -0.42435, 0.00000), (-3.21149, -0.43391, 0.00030), (-3.21221, -0.44343, 0.00120), (-3.21292, -0.45287, 0.00270), (-3.21362, -0.46220, 0.00479), (-3.21431, -0.47138, 0.00746), (-3.21499, -0.48038, 0.01070), (-3.21565, -0.48915, 0.01450), (-3.21629, -0.49767, 0.01885), (-3.21691, -0.50590, 0.02372), (-3.21751, -0.51381, 0.02911), (-3.21808, -0.52136, 0.03497), (-3.21862, -0.52854, 0.04131), (-3.21913, -0.53530, 0.04807), (-3.21960, -0.54162, 0.05526), (-3.22004, -0.54748, 0.06282), (-3.22045, -0.55285, 0.07074), (-3.22081, -0.55772, 0.07898), (-3.22114, -0.56206, 0.08751), (-3.22143, -0.56586, 0.09630), (-3.22167, -0.56910, 0.10531), (-3.22187, -0.57176, 0.11450), (-3.22203, -0.57385, 0.12384), (-3.22214, -0.57535, 0.13330), (-3.22221, -0.57625, 0.14283), (-3.22223, -0.57655, 0.15240), (-3.22221, -0.57625, 0.16197), (-3.22214, -0.57535, 0.17150), (-3.22203, -0.57385, 0.18096), (-3.22187, -0.57176, 0.19030), (-3.22167, -0.56910, 0.19949), (-3.22143, -0.56586, 0.20850), (-3.22114, -0.56206, 0.21729), (-3.22081, -0.55772, 0.22582), (-3.22045, -0.55285, 0.23406), (-3.22004, -0.54748, 0.24198), (-3.21960, -0.54162, 0.24954), (-3.21913, -0.53530, 0.25672), (-3.21862, -0.52854, 0.26349), (-3.21808, -0.52136, 0.26983), (-3.21751, -0.51381, 0.27569), (-3.21691, -0.50590, 0.28108), (-3.21629, -0.49767, 0.28595), (-3.21565, -0.48915, 0.29030), (-3.21499, -0.48038, 0.29410), (-3.21431, -0.47138, 0.29734), (-3.21362, -0.46220, 0.30001), (-3.21292, -0.45287, 0.30210), (-3.21221, -0.44343, 0.30360), (-3.21149, -0.43391, 0.30450), (-1.65001, -0.45640, 0.30480), (-1.65095, -0.44681, 0.30450), (-1.65188, -0.43726, 0.30360), (-1.65280, -0.42778, 0.30210), (-1.65371, -0.41842, 0.30001), (-1.65461, -0.40920, 0.29734), (-1.65549, -0.40017, 0.29410), (-1.65635, -0.39137, 0.29030), (-1.65718, -0.38282, 0.28595), (-1.65799, -0.37456, 0.28108), (-1.65876, -0.36662, 0.27569), (-1.65950, -0.35904, 0.26983), (-1.66020, -0.35185, 0.26349), (-1.66086, -0.34506, 0.25672), (-1.66148, -0.33871, 0.24954), (-1.66205, -0.33283, 0.24198), (-1.66257, -0.32744, 0.23406), (-1.66305, -0.32256, 0.22582), (-1.66348, -0.31820, 0.21729), (-1.66385, -0.31439, 0.20850), (-1.66416, -0.31114, 0.19949), (-1.66442, -0.30846, 0.19030), (-1.66463, -0.30637, 0.18096), (-1.66477, -0.30487, 0.17150), (-1.66486, -0.30397, 0.16197), (-1.66489, -0.30366, 0.15240), (-1.66486, -0.30397, 0.14283), (-1.66477, -0.30487, 0.13330), (-1.66463, -0.30637, 0.12384), (-1.66442, -0.30846, 0.11450), (-1.66416, -0.31114, 0.10531), (-1.66385, -0.31439, 0.09630), (-1.66348, -0.31820, 0.08751), (-1.66305, -0.32256, 0.07898), (-1.66257, -0.32744, 0.07074), (-1.66205, -0.33283, 0.06282), (-1.66148, -0.33871, 0.05526), (-1.66086, -0.34506, 0.04807), (-1.66020, -0.35185, 0.04131), (-1.65950, -0.35904, 0.03497), (-1.65876, -0.36662, 0.02911), (-1.65799, -0.37456, 0.02372), (-1.65718, -0.38282, 0.01885), (-1.65635, -0.39137, 0.01450), (-1.65549, -0.40017, 0.01070), (-1.65461, -0.40920, 0.00746), (-1.65371, -0.41842, 0.00479), (-1.65280, -0.42778, 0.00270), (-1.65188, -0.43726, 0.00120), (-1.65095, -0.44681, 0.00030), (-1.65001, -0.45640, 0.00000), (-1.64908, -0.46599, 0.00030), (-1.64815, -0.47554, 0.00120), (-1.64722, -0.48502, 0.00270), (-1.64631, -0.49439, 0.00479), (-1.64542, -0.50360, 0.00746), (-1.64454, -0.51263, 0.01070), (-1.64368, -0.52143, 0.01450), (-1.64285, -0.52998, 0.01885), (-1.64204, -0.53824, 0.02372), (-1.64127, -0.54618, 0.02911), (-1.64053, -0.55376, 0.03497), (-1.63983, -0.56096, 0.04131), (-1.63917, -0.56774, 0.04807), (-1.63855, -0.57409, 0.05526), (-1.63798, -0.57997, 0.06282), (-1.63745, -0.58536, 0.07074), (-1.63698, -0.59025, 0.07898), (-1.63655, -0.59460, 0.08751), (-1.63618, -0.59841, 0.09630), (-1.63586, -0.60166, 0.10531), (-1.63560, -0.60434, 0.11450), (-1.63540, -0.60643, 0.12384), (-1.63525, -0.60794, 0.13330), (-1.63516, -0.60884, 0.14283), (-1.63513, -0.60914, 0.15240), (-1.63516, -0.60884, 0.16197), (-1.63525, -0.60794, 0.17150), (-1.63540, -0.60643, 0.18096), (-1.63560, -0.60434, 0.19030), (-1.63586, -0.60166, 0.19949), (-1.63618, -0.59841, 0.20850), (-1.63655, -0.59460, 0.21729), (-1.63698, -0.59025, 0.22582), (-1.63745, -0.58536, 0.23406), (-1.63798, -0.57997, 0.24198), (-1.63855, -0.57409, 0.24954), (-1.63917, -0.56774, 0.25672), (-1.63983, -0.56096, 0.26349), (-1.64053, -0.55376, 0.26983), (-1.64127, -0.54618, 0.27569), (-1.64204, -0.53824, 0.28108), (-1.64285, -0.52998, 0.28595), (-1.64368, -0.52143, 0.29030), (-1.64454, -0.51263, 0.29410), (-1.64542, -0.50360, 0.29734), (-1.64631, -0.49439, 0.30001), (-1.64722, -0.48502, 0.30210), (-1.64815, -0.47554, 0.30360), (-1.64908, -0.46599, 0.30450), (1.58018, 0.25791, 0.30450), (1.58299, 0.24873, 0.30480), (3.58627, 1.05895, 0.30450), (3.58968, 1.05001, 0.30480), (1.57737, 0.26705, 0.30360), (3.58287, 1.06786, 0.30360), (1.57459, 0.27612, 0.30210), (3.57950, 1.07669, 0.30210), (1.57185, 0.28509, 0.30001), (3.57617, 1.08543, 0.30001), (1.56915, 0.29391, 0.29734), (3.57289, 1.09402, 0.29734), (1.56650, 0.30255, 0.29410), (3.56968, 1.10243, 0.29410), (1.56391, 0.31098, 0.29030), (3.56655, 1.11064, 0.29030), (1.56141, 0.31917, 0.28595), (3.56351, 1.11862, 0.28595), (1.55898, 0.32707, 0.28108), (3.56057, 1.12632, 0.28108), (1.55666, 0.33467, 0.27569), (3.55775, 1.13372, 0.27569), (1.55443, 0.34193, 0.26983), (3.55505, 1.14078, 0.26983), (1.55232, 0.34882, 0.26349), (3.55249, 1.14750, 0.26349), (1.55033, 0.35531, 0.25672), (3.55008, 1.15382, 0.25672), (3.54782, 1.15974, 0.24954), (1.54847, 0.36139, 0.24954), (3.54573, 1.16522, 0.24198), (1.54675, 0.36702, 0.24198), (3.54381, 1.17025, 0.23406), (1.54516, 0.37218, 0.23406), (3.54207, 1.17480, 0.22582), (1.54373, 0.37685, 0.22582), (3.54053, 1.17886, 0.21729), (1.54245, 0.38102, 0.21729), (3.53917, 1.18242, 0.20850), (1.54133, 0.38467, 0.20850), (3.53801, 1.18545, 0.19949), (1.54038, 0.38778, 0.19949), (3.53706, 1.18794, 0.19030), (1.53960, 0.39035, 0.19030), (3.53632, 1.18990, 0.18096), (1.53898, 0.39235, 0.18096), (3.53578, 1.19130, 0.17150), (1.53854, 0.39379, 0.17150), (3.53546, 1.19214, 0.16197), (1.53828, 0.39465, 0.16197), (3.53535, 1.19242, 0.15240), (1.53819, 0.39494, 0.15240), (3.53546, 1.19214, 0.14283), (1.53828, 0.39465, 0.14283), (3.53578, 1.19130, 0.13330), (1.53854, 0.39379, 0.13330), (3.53632, 1.18990, 0.12384), (1.53898, 0.39235, 0.12384), (3.53706, 1.18794, 0.11450), (1.53960, 0.39035, 0.11450), (3.53801, 1.18545, 0.10531), (1.54038, 0.38778, 0.10531), (3.53917, 1.18242, 0.09630), (1.54133, 0.38467, 0.09630), (3.54053, 1.17886, 0.08751), (1.54245, 0.38102, 0.08751), (3.54207, 1.17480, 0.07898), (1.54373, 0.37685, 0.07898), (3.54381, 1.17025, 0.07074), (1.54516, 0.37218, 0.07074), (3.54573, 1.16522, 0.06282), (1.54675, 0.36702, 0.06282), (3.54782, 1.15974, 0.05526), (1.54847, 0.36139, 0.05526), (3.55008, 1.15382, 0.04807), (1.55033, 0.35531, 0.04807), (1.55232, 0.34882, 0.04131), (3.55249, 1.14750, 0.04131), (1.55443, 0.34193, 0.03497), (3.55505, 1.14078, 0.03497), (1.55666, 0.33467, 0.02911), (3.55775, 1.13372, 0.02911), (1.55898, 0.32707, 0.02372), (3.56057, 1.12632, 0.02372), (1.56141, 0.31917, 0.01885), (3.56351, 1.11862, 0.01885), (1.56391, 0.31098, 0.01450), (3.56655, 1.11064, 0.01450), (1.56650, 0.30255, 0.01070), (3.56968, 1.10243, 0.01070), (1.56915, 0.29391, 0.00746), (3.57289, 1.09402, 0.00746), (1.57185, 0.28509, 0.00479), (3.57617, 1.08543, 0.00479), (1.57459, 0.27612, 0.00270), (3.57950, 1.07669, 0.00270), (1.57737, 0.26705, 0.00120), (3.58287, 1.06786, 0.00120), (1.58018, 0.25791, 0.00030), (3.58627, 1.05895, 0.00030), (1.58299, 0.24873, 0.00000), (3.58968, 1.05001, 0.00000), (1.58580, 0.23955, 0.00030), (3.59309, 1.04107, 0.00030), (1.58861, 0.23040, 0.00120), (3.59649, 1.03216, 0.00120), (1.59138, 0.22133, 0.00270), (3.59986, 1.02333, 0.00270), (1.59413, 0.21237, 0.00479), (3.60319, 1.01459, 0.00479), (1.59683, 0.20355, 0.00746), (3.60647, 1.00600, 0.00746), (1.59948, 0.19490, 0.01070), (3.60968, 0.99759, 0.01070), (1.60207, 0.18647, 0.01450), (3.61281, 0.98938, 0.01450), (1.60457, 0.17829, 0.01885), (3.61585, 0.98140, 0.01885), (1.60699, 0.17038, 0.02372), (3.61879, 0.97370, 0.02372), (1.60932, 0.16279, 0.02911), (3.62161, 0.96631, 0.02911), (1.61155, 0.15553, 0.03497), (3.62431, 0.95924, 0.03497), (1.61366, 0.14864, 0.04131), (3.62687, 0.95253, 0.04131), (1.61565, 0.14214, 0.04807), (3.62928, 0.94620, 0.04807), (1.61751, 0.13607, 0.05526), (3.63154, 0.94028, 0.05526), (1.61923, 0.13044, 0.06282), (3.63363, 0.93480, 0.06282), (1.62082, 0.12528, 0.07074), (3.63555, 0.92977, 0.07074), (1.62225, 0.12060, 0.07898), (3.63729, 0.92522, 0.07898), (1.62353, 0.11643, 0.08751), (3.63884, 0.92116, 0.08751), (1.62464, 0.11278, 0.09630), (3.64019, 0.91760, 0.09630), (1.62560, 0.10967, 0.10531), (3.64135, 0.91457, 0.10531), (1.62638, 0.10711, 0.11450), (3.64230, 0.91208, 0.11450), (1.62700, 0.10511, 0.12384), (3.64304, 0.91012, 0.12384), (1.62744, 0.10367, 0.13330), (3.64358, 0.90873, 0.13330), (1.62770, 0.10280, 0.14283), (3.64390, 0.90788, 0.14283), (1.62779, 0.10252, 0.15240), (3.64401, 0.90760, 0.15240), (1.62770, 0.10280, 0.16197), (3.64390, 0.90788, 0.16197), (1.62744, 0.10367, 0.17150), (3.64358, 0.90873, 0.17150), (1.62700, 0.10511, 0.18096), (3.64304, 0.91012, 0.18096), (1.62638, 0.10711, 0.19030), (3.64230, 0.91208, 0.19030), (1.62560, 0.10967, 0.19949), (3.64135, 0.91457, 0.19949), (1.62464, 0.11278, 0.20850), (3.64019, 0.91760, 0.20850), (1.62353, 0.11643, 0.21729), (3.63884, 0.92116, 0.21729), (1.62225, 0.12060, 0.22582), (3.63729, 0.92522, 0.22582), (1.62082, 0.12528, 0.23406), (3.63555, 0.92977, 0.23406), (1.61923, 0.13044, 0.24198), (3.63363, 0.93480, 0.24198), (1.61751, 0.13607, 0.24954), (3.63154, 0.94028, 0.24954), (1.61565, 0.14214, 0.25672), (3.62928, 0.94620, 0.25672), (1.61366, 0.14864, 0.26349), (3.62687, 0.95253, 0.26349), (1.61155, 0.15553, 0.26983), (3.62431, 0.95924, 0.26983), (1.60932, 0.16279, 0.27569), (3.62161, 0.96631, 0.27569), (1.60699, 0.17038, 0.28108), (3.61879, 0.97370, 0.28108), (1.60457, 0.17829, 0.28595), (3.61585, 0.98140, 0.28595), (1.60207, 0.18647, 0.29030), (3.61281, 0.98938, 0.29030), (1.59948, 0.19490, 0.29410), (3.60968, 0.99759, 0.29410), (1.59683, 0.20355, 0.29734), (3.60647, 1.00600, 0.29734), (1.59413, 0.21237, 0.30001), (3.60319, 1.01459, 0.30001), (1.59138, 0.22133, 0.30210), (3.59986, 1.02333, 0.30210), (1.58861, 0.23040, 0.30360), (3.59649, 1.03216, 0.30360), (1.58580, 0.23955, 0.30450), (3.59309, 1.04107, 0.30450), (3.85957, 1.15840, 0.30450), (3.87112, 1.15242, 0.30480), (3.86785, 1.16141, 0.30450), (3.84807, 1.16435, 0.30360), (3.86459, 1.17037, 0.30360), (3.83665, 1.17026, 0.30210), (3.86136, 1.17925, 0.30210), (3.82538, 1.17610, 0.30001), (3.85816, 1.18803, 0.30001), (3.81428, 1.18185, 0.29734), (3.85502, 1.19667, 0.29734), (3.80341, 1.18748, 0.29410), (3.85194, 1.20514, 0.29410), (3.79280, 1.19297, 0.29030), (3.84893, 1.21339, 0.29030), (3.78251, 1.19830, 0.28595), (3.84602, 1.22141, 0.28595), (3.77256, 1.20345, 0.28108), (3.84320, 1.22916, 0.28108), (3.76300, 1.20840, 0.27569), (3.84049, 1.23660, 0.27569), (3.75387, 1.21313, 0.26983), (3.83790, 1.24371, 0.26983), (3.74520, 1.21762, 0.26349), (3.83545, 1.25045, 0.26349), (3.73703, 1.22185, 0.25672), (3.83313, 1.25682, 0.25672), (3.83097, 1.26277, 0.24954), (3.72939, 1.22580, 0.24954), (3.82896, 1.26828, 0.24198), (3.72231, 1.22947, 0.24198), (3.82712, 1.27334, 0.23406), (3.71581, 1.23283, 0.23406), (3.82545, 1.27792, 0.22582), (3.70993, 1.23588, 0.22582), (3.82397, 1.28200, 0.21729), (3.70468, 1.23860, 0.21729), (3.82267, 1.28557, 0.20850), (3.70010, 1.24097, 0.20850), (3.82156, 1.28862, 0.19949), (3.69618, 1.24300, 0.19949), (3.82065, 1.29113, 0.19030), (3.69296, 1.24467, 0.19030), (3.81993, 1.29309, 0.18096), (3.69044, 1.24598, 0.18096), (3.81942, 1.29450, 0.17150), (3.68863, 1.24691, 0.17150), (3.81911, 1.29535, 0.16197), (3.68754, 1.24747, 0.16197), (3.81901, 1.29563, 0.15240), (3.68718, 1.24766, 0.15240), (3.81911, 1.29535, 0.14283), (3.68754, 1.24747, 0.14283), (3.81942, 1.29450, 0.13330), (3.68863, 1.24691, 0.13330), (3.81993, 1.29309, 0.12384), (3.69044, 1.24598, 0.12384), (3.82065, 1.29113, 0.11450), (3.69296, 1.24467, 0.11450), (3.82156, 1.28862, 0.10531), (3.69618, 1.24300, 0.10531), (3.82267, 1.28557, 0.09630), (3.70010, 1.24097, 0.09630), (3.82397, 1.28200, 0.08751), (3.70468, 1.23860, 0.08751), (3.82545, 1.27792, 0.07898), (3.70993, 1.23588, 0.07898), (3.82712, 1.27334, 0.07074), (3.71581, 1.23283, 0.07074), (3.82896, 1.26828, 0.06282), (3.72231, 1.22947, 0.06282), (3.83097, 1.26277, 0.05526), (3.72939, 1.22580, 0.05526), (3.83313, 1.25682, 0.04807), (3.73703, 1.22185, 0.04807), (3.74520, 1.21762, 0.04131), (3.83545, 1.25045, 0.04131), (3.75387, 1.21313, 0.03497), (3.83790, 1.24371, 0.03497), (3.76300, 1.20840, 0.02911), (3.84049, 1.23660, 0.02911), (3.77256, 1.20345, 0.02372), (3.84320, 1.22916, 0.02372), (3.78251, 1.19830, 0.01885), (3.84602, 1.22141, 0.01885), (3.79280, 1.19297, 0.01450), (3.84893, 1.21339, 0.01450), (3.80341, 1.18748, 0.01070), (3.85194, 1.20514, 0.01070), (3.81428, 1.18185, 0.00746), (3.85502, 1.19667, 0.00746), (3.82538, 1.17610, 0.00479), (3.85816, 1.18803, 0.00479), (3.83665, 1.17026, 0.00270), (3.86136, 1.17925, 0.00270), (3.84807, 1.16435, 0.00120), (3.86459, 1.17037, 0.00120), (3.85957, 1.15840, 0.00030), (3.86785, 1.16141, 0.00030), (3.87112, 1.15242, 0.00000), (3.86666, 1.14061, 0.00030), (3.87439, 1.14342, 0.00030), (3.86222, 1.12885, 0.00120), (3.87765, 1.13447, 0.00120), (3.85781, 1.11719, 0.00270), (3.88089, 1.12558, 0.00270), (3.85345, 1.10566, 0.00479), (3.88408, 1.11680, 0.00479), (3.84917, 1.09431, 0.00746), (3.88722, 1.10816, 0.00746), (3.84497, 1.08320, 0.01070), (3.89030, 1.09970, 0.01070), (3.84087, 1.07236, 0.01450), (3.89331, 1.09144, 0.01450), (3.83690, 1.06184, 0.01885), (3.89622, 1.08342, 0.01885), (3.83306, 1.05167, 0.02372), (3.89904, 1.07568, 0.02372), (3.82937, 1.04190, 0.02911), (3.90175, 1.06824, 0.02911), (3.82584, 1.03257, 0.03497), (3.90434, 1.06113, 0.03497), (3.82249, 1.02371, 0.04131), (3.90679, 1.05438, 0.04131), (3.81934, 1.01535, 0.04807), (3.90911, 1.04802, 0.04807), (3.91127, 1.04207, 0.05526), (3.81638, 1.00754, 0.05526), (3.81365, 1.00030, 0.06282), (3.91328, 1.03655, 0.06282), (3.91512, 1.03150, 0.07074), (3.81114, 0.99366, 0.07074), (3.91678, 1.02692, 0.07898), (3.80887, 0.98765, 0.07898), (3.91827, 1.02283, 0.08751), (3.80684, 0.98229, 0.08751), (3.91957, 1.01926, 0.09630), (3.80507, 0.97760, 0.09630), (3.92068, 1.01621, 0.10531), (3.80356, 0.97360, 0.10531), (3.92159, 1.01370, 0.11450), (3.80231, 0.97030, 0.11450), (3.92231, 1.01174, 0.12384), (3.80134, 0.96772, 0.12384), (3.92282, 1.01033, 0.13330), (3.80064, 0.96588, 0.13330), (3.92313, 1.00949, 0.14283), (3.80022, 0.96476, 0.14283), (3.80008, 0.96439, 0.15240), (3.92323, 1.00920, 0.15240), (3.92313, 1.00949, 0.16197), (3.80022, 0.96476, 0.16197), (3.92282, 1.01033, 0.17150), (3.80064, 0.96588, 0.17150), (3.92231, 1.01174, 0.18096), (3.80134, 0.96772, 0.18096), (3.92159, 1.01370, 0.19030), (3.80231, 0.97030, 0.19030), (3.80356, 0.97360, 0.19949), (3.92068, 1.01621, 0.19949), (3.91957, 1.01926, 0.20850), (3.80507, 0.97760, 0.20850), (3.91827, 1.02283, 0.21729), (3.80684, 0.98229, 0.21729), (3.91678, 1.02692, 0.22582), (3.80887, 0.98765, 0.22582), (3.91512, 1.03150, 0.23406), (3.81114, 0.99366, 0.23406), (3.91328, 1.03655, 0.24198), (3.81365, 1.00030, 0.24198), (3.91127, 1.04207, 0.24954), (3.81638, 1.00754, 0.24954), (3.90911, 1.04802, 0.25672), (3.81934, 1.01535, 0.25672), (3.82249, 1.02371, 0.26349), (3.90679, 1.05438, 0.26349), (3.82584, 1.03257, 0.26983), (3.90434, 1.06113, 0.26983), (3.82937, 1.04190, 0.27569), (3.90175, 1.06824, 0.27569), (3.83306, 1.05167, 0.28108), (3.89904, 1.07568, 0.28108), (3.83690, 1.06184, 0.28595), (3.89622, 1.08342, 0.28595), (3.84087, 1.07236, 0.29030), (3.89331, 1.09144, 0.29030), (3.84497, 1.08320, 0.29410), (3.89030, 1.09970, 0.29410), (3.84917, 1.09431, 0.29734), (3.88722, 1.10816, 0.29734), (3.85345, 1.10566, 0.30001), (3.88408, 1.11680, 0.30001), (3.85781, 1.11719, 0.30210), (3.88089, 1.12558, 0.30210), (3.86222, 1.12885, 0.30360), (3.87765, 1.13447, 0.30360), (3.86666, 1.14061, 0.30450), (3.87439, 1.14342, 0.30450), (-0.03351, -0.10384, 0.30480), (-0.03147, -0.11319, 0.30450), (-0.01968, -0.16724, 0.29030), (-0.01787, -0.17557, 0.28595), (-0.02348, -0.14985, 0.29734), (-0.02156, -0.15865, 0.29410), (-0.02944, -0.12250, 0.30360), (-0.02743, -0.13174, 0.30210), (-0.02544, -0.14087, 0.30001), (-0.03758, -0.08517, 0.30360), (-0.03555, -0.09449, 0.30450), (-0.04159, -0.06681, 0.30001), (-0.03960, -0.07594, 0.30210), (-0.04547, -0.04902, 0.29410), (-0.04355, -0.05782, 0.29734), (-0.04734, -0.04044, 0.29030), (-0.04916, -0.03210, 0.28595), (-0.06440, 0.03778, 0.10531), (-0.06497, 0.04038, 0.11450), (-0.05091, -0.02405, 0.28108), (-0.06592, 0.04477, 0.16197), (-0.06573, 0.04389, 0.17150), (-0.06573, 0.04389, 0.13330), (-0.06592, 0.04477, 0.14283), (-0.06197, 0.02664, 0.22582), (-0.06093, 0.02188, 0.23406), (-0.05260, -0.01632, 0.27569), (-0.05853, 0.01089, 0.24954), (-0.05719, 0.00471, 0.25672), (-0.06440, 0.03778, 0.19949), (-0.06371, 0.03461, 0.20850), (-0.06599, 0.04506, 0.15240), (-0.05574, -0.00191, 0.26349), (-0.05421, -0.00892, 0.26983), (-0.06541, 0.04243, 0.18096), (-0.06541, 0.04243, 0.12384), (-0.05978, 0.01663, 0.24198), (-0.06497, 0.04038, 0.19030), (-0.06290, 0.03089, 0.21729), (-0.04734, -0.04044, 0.01450), (-0.04547, -0.04902, 0.01070), (-0.05421, -0.00892, 0.03497), (-0.05260, -0.01632, 0.02911), (-0.04355, -0.05782, 0.00746), (-0.04159, -0.06681, 0.00479), (-0.03960, -0.07594, 0.00270), (-0.05719, 0.00471, 0.04807), (-0.05853, 0.01089, 0.05526), (-0.05978, 0.01663, 0.06282), (-0.06093, 0.02188, 0.07074), (-0.04916, -0.03210, 0.01885), (-0.06197, 0.02664, 0.07898), (-0.06290, 0.03089, 0.08751), (-0.05574, -0.00191, 0.04131), (-0.05091, -0.02405, 0.02372), (-0.03758, -0.08517, 0.00120), (-0.03555, -0.09449, 0.00030), (-0.03351, -0.10384, 0.00000), (-0.03147, -0.11319, 0.00030), (-0.06371, 0.03461, 0.09630), (-0.00505, -0.23432, 0.07898), (-0.00413, -0.23857, 0.08751), (-0.00206, -0.24806, 0.11450), (-0.00161, -0.25010, 0.12384), (-0.01281, -0.19875, 0.03497), (-0.01128, -0.20577, 0.04131), (-0.02544, -0.14087, 0.00479), (-0.02348, -0.14985, 0.00746), (-0.00849, -0.21857, 0.05526), (-0.00724, -0.22430, 0.06282), (-0.00332, -0.24228, 0.09630), (-0.00263, -0.24545, 0.10531), (-0.02156, -0.15865, 0.01070), (-0.01442, -0.19136, 0.02911), (-0.00609, -0.22956, 0.07074), (-0.02944, -0.12250, 0.00120), (-0.02743, -0.13174, 0.00270), (-0.00984, -0.21238, 0.04807), (-0.01968, -0.16724, 0.01450), (-0.01787, -0.17557, 0.01885), (-0.01611, -0.18362, 0.02372), (-0.00724, -0.22430, 0.24198), (-0.00849, -0.21857, 0.24954), (-0.00984, -0.21238, 0.25672), (-0.00104, -0.25274, 0.15240), (-0.00110, -0.25244, 0.16197), (-0.01442, -0.19136, 0.27569), (-0.01281, -0.19875, 0.26983), (-0.00161, -0.25010, 0.18096), (-0.00206, -0.24806, 0.19030), (-0.01611, -0.18362, 0.28108), (-0.00505, -0.23432, 0.22582), (-0.00609, -0.22956, 0.23406), (-0.00110, -0.25244, 0.14283), (-0.00129, -0.25156, 0.17150), (-0.00263, -0.24545, 0.19949), (-0.00129, -0.25156, 0.13330), (-0.00413, -0.23857, 0.21729), (-0.01128, -0.20577, 0.26349), (-0.00332, -0.24228, 0.20850), (8.19317, 0.21864, 0.30480), (8.19706, 0.20985, 0.30450), (8.62004, 0.45876, 0.30480), (8.62473, 0.45041, 0.30450), (8.20094, 0.20110, 0.30360), (8.62940, 0.44211, 0.30360), (8.20479, 0.19241, 0.30210), (8.63404, 0.43387, 0.30210), (8.20859, 0.18383, 0.30001), (8.63862, 0.42572, 0.30001), (8.21233, 0.17539, 0.29734), (8.64313, 0.41771, 0.29734), (8.21600, 0.16711, 0.29410), (8.64754, 0.40986, 0.29410), (8.21958, 0.15904, 0.29030), (8.65185, 0.40220, 0.29030), (8.22305, 0.15121, 0.28595), (8.65603, 0.39476, 0.28595), (8.22640, 0.14364, 0.28108), (8.66007, 0.38758, 0.28108), (8.22962, 0.13637, 0.27569), (8.66396, 0.38068, 0.27569), (8.23270, 0.12942, 0.26983), (8.66766, 0.37409, 0.26983), (8.23562, 0.12282, 0.26349), (8.67118, 0.36783, 0.26349), (8.23838, 0.11661, 0.25672), (8.67450, 0.36193, 0.25672), (8.24095, 0.11079, 0.24954), (8.67761, 0.35641, 0.24954), (8.24334, 0.10540, 0.24198), (8.68049, 0.35129, 0.24198), (8.24553, 0.10046, 0.23406), (8.68312, 0.34660, 0.23406), (8.24751, 0.09598, 0.22582), (8.68551, 0.34236, 0.22582), (8.24928, 0.09199, 0.21729), (8.68764, 0.33857, 0.21729), (8.25083, 0.08850, 0.20850), (8.68951, 0.33525, 0.20850), (8.25215, 0.08552, 0.19949), (8.69110, 0.33243, 0.19949), (8.25324, 0.08307, 0.19030), (8.69241, 0.33010, 0.19030), (8.25409, 0.08115, 0.18096), (8.69343, 0.32828, 0.18096), (8.25470, 0.07977, 0.17150), (8.69416, 0.32697, 0.17150), (8.25506, 0.07895, 0.16197), (8.69461, 0.32619, 0.16197), (8.25519, 0.07867, 0.15240), (8.69476, 0.32593, 0.15240), (8.25506, 0.07895, 0.14283), (8.69461, 0.32619, 0.14283), (8.25470, 0.07977, 0.13330), (8.69416, 0.32697, 0.13330), (8.25409, 0.08115, 0.12384), (8.69343, 0.32828, 0.12384), (8.25324, 0.08307, 0.11450), (8.69241, 0.33010, 0.11450), (8.25215, 0.08552, 0.10531), (8.69110, 0.33243, 0.10531), (8.25083, 0.08850, 0.09630), (8.68951, 0.33525, 0.09630), (8.24928, 0.09199, 0.08751), (8.68764, 0.33857, 0.08751), (8.24751, 0.09598, 0.07898), (8.68551, 0.34236, 0.07898), (8.24553, 0.10046, 0.07074), (8.68312, 0.34660, 0.07074), (8.24334, 0.10540, 0.06282), (8.68049, 0.35129, 0.06282), (8.24095, 0.11079, 0.05526), (8.67761, 0.35641, 0.05526), (8.23838, 0.11661, 0.04807), (8.67450, 0.36193, 0.04807), (8.23562, 0.12282, 0.04131), (8.67118, 0.36783, 0.04131), (8.23270, 0.12942, 0.03497), (8.66766, 0.37409, 0.03497), (8.22962, 0.13637, 0.02911), (8.66396, 0.38068, 0.02911), (8.22640, 0.14364, 0.02372), (8.66007, 0.38758, 0.02372), (8.22305, 0.15121, 0.01885), (8.65603, 0.39476, 0.01885), (8.21958, 0.15904, 0.01450), (8.65185, 0.40220, 0.01450), (8.21600, 0.16711, 0.01070), (8.64754, 0.40986, 0.01070), (8.21233, 0.17539, 0.00746), (8.64313, 0.41771, 0.00746), (8.20859, 0.18383, 0.00479), (8.63862, 0.42572, 0.00479), (8.20479, 0.19241, 0.00270), (8.63404, 0.43387, 0.00270), (8.20094, 0.20110, 0.00120), (8.62940, 0.44211, 0.00120), (8.19706, 0.20985, 0.00030), (8.62473, 0.45041, 0.00030), (8.19317, 0.21864, 0.00000), (8.62004, 0.45876, 0.00000), (8.18928, 0.22743, 0.00030), (8.61535, 0.46710, 0.00030), (8.18540, 0.23618, 0.00120), (8.61067, 0.47540, 0.00120), (8.18155, 0.24487, 0.00270), (8.60604, 0.48364, 0.00270), (8.17775, 0.25345, 0.00479), (8.60146, 0.49179, 0.00479), (8.17401, 0.26189, 0.00746), (8.59695, 0.49980, 0.00746), (8.17034, 0.27017, 0.01070), (8.59253, 0.50765, 0.01070), (8.16676, 0.27824, 0.01450), (8.58823, 0.51531, 0.01450), (8.16329, 0.28607, 0.01885), (8.58404, 0.52275, 0.01885), (8.15994, 0.29364, 0.02372), (8.58000, 0.52993, 0.02372), (8.15672, 0.30091, 0.02911), (8.57612, 0.53683, 0.02911), (8.15364, 0.30786, 0.03497), (8.57241, 0.54342, 0.03497), (8.15072, 0.31446, 0.04131), (8.56889, 0.54968, 0.04131), (8.14796, 0.32068, 0.04807), (8.56557, 0.55558, 0.04807), (8.14539, 0.32649, 0.05526), (8.56247, 0.56110, 0.05526), (8.55959, 0.56622, 0.06282), (8.14300, 0.33188, 0.06282), (8.55695, 0.57091, 0.07074), (8.14081, 0.33682, 0.07074), (8.55456, 0.57515, 0.07898), (8.13882, 0.34130, 0.07898), (8.55243, 0.57894, 0.08751), (8.13706, 0.34529, 0.08751), (8.55057, 0.58226, 0.09630), (8.13551, 0.34878, 0.09630), (8.54898, 0.58508, 0.10531), (8.13419, 0.35176, 0.10531), (8.54767, 0.58741, 0.11450), (8.13310, 0.35422, 0.11450), (8.54665, 0.58923, 0.12384), (8.13225, 0.35613, 0.12384), (8.54591, 0.59054, 0.13330), (8.13164, 0.35751, 0.13330), (8.54547, 0.59132, 0.14283), (8.13128, 0.35834, 0.14283), (8.54532, 0.59158, 0.15240), (8.13115, 0.35861, 0.15240), (8.54547, 0.59132, 0.16197), (8.13128, 0.35834, 0.16197), (8.54591, 0.59054, 0.17150), (8.13164, 0.35751, 0.17150), (8.54665, 0.58923, 0.18096), (8.13225, 0.35613, 0.18096), (8.54767, 0.58741, 0.19030), (8.13310, 0.35422, 0.19030), (8.54898, 0.58508, 0.19949), (8.13419, 0.35176, 0.19949), (8.55057, 0.58226, 0.20850), (8.13551, 0.34878, 0.20850), (8.55243, 0.57894, 0.21729), (8.13706, 0.34529, 0.21729), (8.55456, 0.57515, 0.22582), (8.13882, 0.34130, 0.22582), (8.55695, 0.57091, 0.23406), (8.14081, 0.33682, 0.23406), (8.55959, 0.56622, 0.24198), (8.14300, 0.33188, 0.24198), (8.56247, 0.56110, 0.24954), (8.14539, 0.32649, 0.24954), (8.14796, 0.32068, 0.25672), (8.56557, 0.55558, 0.25672), (8.15072, 0.31446, 0.26349), (8.56889, 0.54968, 0.26349), (8.15364, 0.30786, 0.26983), (8.57241, 0.54342, 0.26983), (8.15672, 0.30091, 0.27569), (8.57612, 0.53683, 0.27569), (8.15994, 0.29364, 0.28108), (8.58000, 0.52993, 0.28108), (8.16329, 0.28607, 0.28595), (8.58404, 0.52275, 0.28595), (8.16676, 0.27824, 0.29030), (8.58823, 0.51531, 0.29030), (8.17034, 0.27017, 0.29410), (8.59253, 0.50765, 0.29410), (8.17401, 0.26189, 0.29734), (8.59695, 0.49980, 0.29734), (8.17775, 0.25345, 0.30001), (8.60146, 0.49179, 0.30001), (8.18155, 0.24487, 0.30210), (8.60604, 0.48364, 0.30210), (8.18540, 0.23618, 0.30360), (8.61067, 0.47540, 0.30360), (8.18928, 0.22743, 0.30450), (8.61535, 0.46710, 0.30450), (7.63290, 0.03189, 0.30480), (7.63605, 0.02285, 0.30450), (7.63919, 0.01385, 0.30360), (7.64230, 0.00492, 0.30210), (7.64537, -0.00391, 0.30001), (7.64840, -0.01259, 0.29734), (7.65136, -0.02110, 0.29410), (7.65426, -0.02940, 0.29030), (7.65706, -0.03745, 0.28595), (7.65977, -0.04523, 0.28108), (7.66238, -0.05271, 0.27569), (7.66487, -0.05986, 0.26983), (7.66723, -0.06664, 0.26349), (7.66946, -0.07303, 0.25672), (7.67154, -0.07901, 0.24954), (7.67347, -0.08455, 0.24198), (7.67525, -0.08964, 0.23406), (7.67685, -0.09424, 0.22582), (7.67828, -0.09834, 0.21729), (7.67953, -0.10194, 0.20850), (7.68060, -0.10500, 0.19949), (7.68147, -0.10752, 0.19030), (7.68216, -0.10949, 0.18096), (7.68265, -0.11091, 0.17150), (7.68295, -0.11176, 0.16197), (7.68305, -0.11204, 0.15240), (7.68295, -0.11176, 0.14283), (7.68265, -0.11091, 0.13330), (7.68216, -0.10949, 0.12384), (7.68147, -0.10752, 0.11450), (7.68060, -0.10500, 0.10531), (7.67953, -0.10194, 0.09630), (7.67828, -0.09834, 0.08751), (7.67685, -0.09424, 0.07898), (7.67525, -0.08964, 0.07074), (7.67347, -0.08455, 0.06282), (7.67154, -0.07901, 0.05526), (7.66946, -0.07303, 0.04807), (7.66723, -0.06664, 0.04131), (7.66487, -0.05986, 0.03497), (7.66238, -0.05271, 0.02911), (7.65977, -0.04523, 0.02372), (7.65706, -0.03745, 0.01885), (7.65426, -0.02940, 0.01450), (7.65136, -0.02110, 0.01070), (7.64840, -0.01259, 0.00746), (7.64537, -0.00391, 0.00479), (7.64230, 0.00492, 0.00270), (7.63919, 0.01385, 0.00120), (7.63605, 0.02285, 0.00030), (7.63290, 0.03189, 0.00000), (7.62976, 0.04092, 0.00030), (7.62662, 0.04992, 0.00120), (7.62351, 0.05886, 0.00270), (7.62043, 0.06768, 0.00479), (7.61741, 0.07636, 0.00746), (7.61444, 0.08487, 0.01070), (7.61155, 0.09317, 0.01450), (7.60875, 0.10122, 0.01885), (7.60603, 0.10901, 0.02372), (7.60343, 0.11648, 0.02911), (7.60094, 0.12363, 0.03497), (7.59858, 0.13041, 0.04131), (7.59635, 0.13681, 0.04807), (7.59427, 0.14278, 0.05526), (7.59234, 0.14833, 0.06282), (7.59056, 0.15341, 0.07074), (7.58896, 0.15801, 0.07898), (7.58753, 0.16212, 0.08751), (7.58628, 0.16571, 0.09630), (7.58521, 0.16877, 0.10531), (7.58433, 0.17129, 0.11450), (7.58364, 0.17326, 0.12384), (7.58315, 0.17468, 0.13330), (7.58286, 0.17553, 0.14283), (7.58276, 0.17581, 0.15240), (7.58286, 0.17553, 0.16197), (7.58315, 0.17468, 0.17150), (7.58364, 0.17326, 0.18096), (7.58433, 0.17129, 0.19030), (7.58521, 0.16877, 0.19949), (7.58628, 0.16571, 0.20850), (7.58753, 0.16212, 0.21729), (7.58896, 0.15801, 0.22582), (7.59056, 0.15341, 0.23406), (7.59234, 0.14833, 0.24198), (7.59427, 0.14278, 0.24954), (7.59635, 0.13681, 0.25672), (7.59858, 0.13041, 0.26349), (7.60094, 0.12363, 0.26983), (7.60343, 0.11648, 0.27569), (7.60603, 0.10901, 0.28108), (7.60875, 0.10122, 0.28595), (7.61155, 0.09317, 0.29030), (7.61444, 0.08487, 0.29410), (7.61741, 0.07636, 0.29734), (7.62043, 0.06768, 0.30001), (7.62351, 0.05886, 0.30210), (7.62662, 0.04992, 0.30360), (7.62976, 0.04092, 0.30450), (7.04596, -0.18155, 0.30480), (7.04784, -0.19105, 0.30450), (7.04971, -0.20051, 0.30360), (7.05156, -0.20990, 0.30210), (7.05340, -0.21917, 0.30001), (7.05520, -0.22830, 0.29734), (7.05697, -0.23724, 0.29410), (7.05870, -0.24596, 0.29030), (7.06037, -0.25443, 0.28595), (7.06199, -0.26261, 0.28108), (7.06354, -0.27047, 0.27569), (7.06503, -0.27798, 0.26983), (7.06644, -0.28511, 0.26349), (7.06776, -0.29183, 0.25672), (7.06901, -0.29812, 0.24954), (7.07016, -0.30394, 0.24198), (7.07122, -0.30928, 0.23406), (7.07217, -0.31412, 0.22582), (7.07303, -0.31844, 0.21729), (7.07377, -0.32221, 0.20850), (7.07441, -0.32543, 0.19949), (7.07493, -0.32808, 0.19030), (7.07534, -0.33015, 0.18096), (7.07564, -0.33164, 0.17150), (7.07581, -0.33254, 0.16197), (7.07587, -0.33283, 0.15240), (7.07581, -0.33254, 0.14283), (7.07564, -0.33164, 0.13330), (7.07534, -0.33015, 0.12384), (7.07493, -0.32808, 0.11450), (7.07441, -0.32543, 0.10531), (7.07377, -0.32221, 0.09630), (7.07303, -0.31844, 0.08751), (7.07217, -0.31412, 0.07898), (7.07122, -0.30928, 0.07074), (7.07016, -0.30394, 0.06282), (7.06901, -0.29812, 0.05526), (7.06776, -0.29183, 0.04807), (7.06644, -0.28511, 0.04131), (7.06503, -0.27798, 0.03497), (7.06354, -0.27047, 0.02911), (7.06199, -0.26261, 0.02372), (7.06037, -0.25443, 0.01885), (7.05870, -0.24596, 0.01450), (7.05697, -0.23724, 0.01070), (7.05520, -0.22830, 0.00746), (7.05340, -0.21917, 0.00479), (7.05156, -0.20990, 0.00270), (7.04971, -0.20051, 0.00120), (7.04784, -0.19105, 0.00030), (7.04596, -0.18155, 0.00000), (7.04408, -0.17205, 0.00030), (7.04221, -0.16259, 0.00120), (7.04035, -0.15320, 0.00270), (7.03852, -0.14393, 0.00479), (7.03672, -0.13480, 0.00746), (7.03495, -0.12586, 0.01070), (7.03322, -0.11713, 0.01450), (7.03155, -0.10867, 0.01885), (7.02993, -0.10049, 0.02372), (7.02838, -0.09262, 0.02911), (7.02689, -0.08512, 0.03497), (7.02548, -0.07799, 0.04131), (7.02415, -0.07127, 0.04807), (7.02291, -0.06498, 0.05526), (7.02176, -0.05916, 0.06282), (7.02070, -0.05381, 0.07074), (7.01975, -0.04898, 0.07898), (7.01889, -0.04466, 0.08751), (7.01815, -0.04089, 0.09630), (7.01751, -0.03767, 0.10531), (7.01699, -0.03502, 0.11450), (7.01658, -0.03294, 0.12384), (7.01628, -0.03146, 0.13330), (7.01610, -0.03056, 0.14283), (7.01605, -0.03026, 0.15240), (7.01610, -0.03056, 0.16197), (7.01628, -0.03146, 0.17150), (7.01658, -0.03294, 0.18096), (7.01699, -0.03502, 0.19030), (7.01751, -0.03767, 0.19949), (7.01815, -0.04089, 0.20850), (7.01889, -0.04466, 0.21729), (7.01975, -0.04898, 0.22582), (7.02070, -0.05381, 0.23406), (7.02176, -0.05916, 0.24198), (7.02291, -0.06498, 0.24954), (7.02415, -0.07127, 0.25672), (7.02548, -0.07799, 0.26349), (7.02689, -0.08512, 0.26983), (7.02838, -0.09262, 0.27569), (7.02993, -0.10049, 0.28108), (7.03155, -0.10867, 0.28595), (7.03322, -0.11713, 0.29030), (7.03495, -0.12586, 0.29410), (7.03672, -0.13480, 0.29734), (7.03852, -0.14393, 0.30001), (7.04035, -0.15320, 0.30210), (7.04221, -0.16259, 0.30360), (7.04408, -0.17205, 0.30450), (6.40523, -0.21782, 0.30450), (6.40566, -0.20823, 0.30480), (6.40481, -0.22738, 0.30360), (6.40439, -0.23686, 0.30210), (6.40398, -0.24623, 0.30001), (6.40358, -0.25545, 0.29734), (6.40318, -0.26448, 0.29410), (6.40279, -0.27329, 0.29030), (6.40241, -0.28185, 0.28595), (6.40205, -0.29011, 0.28108), (6.40170, -0.29805, 0.27569), (6.40136, -0.30563, 0.26983), (6.40105, -0.31284, 0.26349), (6.40075, -0.31962, 0.25672), (6.40047, -0.32597, 0.24954), (6.40021, -0.33186, 0.24198), (6.39997, -0.33725, 0.23406), (6.39975, -0.34214, 0.22582), (6.39956, -0.34650, 0.21729), (6.39940, -0.35031, 0.20850), (6.39925, -0.35356, 0.19949), (6.39913, -0.35624, 0.19030), (6.39904, -0.35833, 0.18096), (6.39898, -0.35984, 0.17150), (6.39894, -0.36074, 0.16197), (6.39892, -0.36104, 0.15240), (6.39894, -0.36074, 0.14283), (6.39898, -0.35984, 0.13330), (6.39904, -0.35833, 0.12384), (6.39913, -0.35624, 0.11450), (6.39925, -0.35356, 0.10531), (6.39940, -0.35031, 0.09630), (6.39956, -0.34650, 0.08751), (6.39975, -0.34214, 0.07898), (6.39997, -0.33725, 0.07074), (6.40021, -0.33186, 0.06282), (6.40047, -0.32597, 0.05526), (6.40075, -0.31962, 0.04807), (6.40105, -0.31284, 0.04131), (6.40136, -0.30563, 0.03497), (6.40170, -0.29805, 0.02911), (6.40205, -0.29011, 0.02372), (6.40241, -0.28185, 0.01885), (6.40279, -0.27329, 0.01450), (6.40318, -0.26448, 0.01070), (6.40358, -0.25545, 0.00746), (6.40398, -0.24623, 0.00479), (6.40439, -0.23686, 0.00270), (6.40481, -0.22738, 0.00120), (6.40523, -0.21782, 0.00030), (6.40566, -0.20823, 0.00000), (6.40608, -0.19863, 0.00030), (6.40650, -0.18908, 0.00120), (6.40692, -0.17959, 0.00270), (6.40733, -0.17022, 0.00479), (6.40774, -0.16101, 0.00746), (6.40813, -0.15197, 0.01070), (6.40852, -0.14316, 0.01450), (6.40890, -0.13461, 0.01885), (6.40926, -0.12635, 0.02372), (6.40961, -0.11841, 0.02911), (6.40995, -0.11082, 0.03497), (6.41026, -0.10362, 0.04131), (6.41056, -0.09683, 0.04807), (6.41084, -0.09048, 0.05526), (6.41110, -0.08460, 0.06282), (6.41134, -0.07920, 0.07074), (6.41155, -0.07432, 0.07898), (6.41175, -0.06996, 0.08751), (6.41191, -0.06615, 0.09630), (6.41206, -0.06289, 0.10531), (6.41218, -0.06022, 0.11450), (6.41227, -0.05812, 0.12384), (6.41233, -0.05662, 0.13330), (6.41237, -0.05572, 0.14283), (6.41239, -0.05542, 0.15240), (6.41237, -0.05572, 0.16197), (6.41233, -0.05662, 0.17150), (6.41227, -0.05812, 0.18096), (6.41218, -0.06022, 0.19030), (6.41206, -0.06289, 0.19949), (6.41191, -0.06615, 0.20850), (6.41175, -0.06996, 0.21729), (6.41155, -0.07432, 0.22582), (6.41134, -0.07920, 0.23406), (6.41110, -0.08460, 0.24198), (6.41084, -0.09048, 0.24954), (6.41056, -0.09683, 0.25672), (6.41026, -0.10362, 0.26349), (6.40995, -0.11082, 0.26983), (6.40961, -0.11841, 0.27569), (6.40926, -0.12635, 0.28108), (6.40890, -0.13461, 0.28595), (6.40852, -0.14316, 0.29030), (6.40813, -0.15197, 0.29410), (6.40774, -0.16101, 0.29734), (6.40733, -0.17022, 0.30001), (6.40692, -0.17959, 0.30210), (6.40650, -0.18908, 0.30360), (6.40608, -0.19863, 0.30450), (5.78975, -0.13754, 0.30450), (5.79203, -0.12819, 0.30480), (5.78748, -0.14686, 0.30360), (5.78522, -0.15610, 0.30210), (5.78300, -0.16523, 0.30001), (5.78080, -0.17422, 0.29734), (5.77866, -0.18302, 0.29410), (5.77656, -0.19161, 0.29030), (5.77453, -0.19995, 0.28595), (5.77256, -0.20800, 0.28108), (5.77068, -0.21574, 0.27569), (5.76887, -0.22314, 0.26983), (5.76716, -0.23015, 0.26349), (5.76555, -0.23677, 0.25672), (5.76404, -0.24296, 0.24954), (5.76264, -0.24869, 0.24198), (5.76136, -0.25395, 0.23406), (5.76019, -0.25872, 0.22582), (5.75916, -0.26297, 0.21729), (5.75825, -0.26668, 0.20850), (5.75748, -0.26985, 0.19949), (5.75684, -0.27246, 0.19030), (5.75634, -0.27450, 0.18096), (5.75599, -0.27597, 0.17150), (5.75577, -0.27685, 0.16197), (5.75570, -0.27714, 0.15240), (5.75577, -0.27685, 0.14283), (5.75599, -0.27597, 0.13330), (5.75634, -0.27450, 0.12384), (5.75684, -0.27246, 0.11450), (5.75748, -0.26985, 0.10531), (5.75825, -0.26668, 0.09630), (5.75916, -0.26297, 0.08751), (5.76019, -0.25872, 0.07898), (5.76136, -0.25395, 0.07074), (5.76264, -0.24869, 0.06282), (5.76404, -0.24296, 0.05526), (5.76555, -0.23677, 0.04807), (5.76716, -0.23015, 0.04131), (5.76887, -0.22314, 0.03497), (5.77068, -0.21574, 0.02911), (5.77256, -0.20800, 0.02372), (5.77453, -0.19995, 0.01885), (5.77656, -0.19161, 0.01450), (5.77866, -0.18302, 0.01070), (5.78080, -0.17422, 0.00746), (5.78300, -0.16523, 0.00479), (5.78522, -0.15610, 0.00270), (5.78748, -0.14686, 0.00120), (5.78975, -0.13754, 0.00030), (5.79203, -0.12819, 0.00000), (5.79431, -0.11884, 0.00030), (5.79659, -0.10952, 0.00120), (5.79884, -0.10028, 0.00270), (5.80107, -0.09115, 0.00479), (5.80326, -0.08216, 0.00746), (5.80541, -0.07336, 0.01070), (5.80750, -0.06477, 0.01450), (5.80953, -0.05643, 0.01885), (5.81150, -0.04838, 0.02372), (5.81339, -0.04064, 0.02911), (5.81519, -0.03324, 0.03497), (5.81690, -0.02623, 0.04131), (5.81851, -0.01961, 0.04807), (5.82002, -0.01342, 0.05526), (5.82142, -0.00769, 0.06282), (5.82271, -0.00243, 0.07074), (5.82387, 0.00234, 0.07898), (5.82490, 0.00659, 0.08751), (5.82581, 0.01030, 0.09630), (5.82658, 0.01347, 0.10531), (5.82722, 0.01608, 0.11450), (5.82772, 0.01812, 0.12384), (5.82808, 0.01959, 0.13330), (5.82829, 0.02047, 0.14283), (5.82836, 0.02076, 0.15240), (5.82829, 0.02047, 0.16197), (5.82808, 0.01959, 0.17150), (5.82772, 0.01812, 0.18096), (5.82722, 0.01608, 0.19030), (5.82658, 0.01347, 0.19949), (5.82581, 0.01030, 0.20850), (5.82490, 0.00659, 0.21729), (5.82387, 0.00234, 0.22582), (5.82271, -0.00243, 0.23406), (5.82142, -0.00769, 0.24198), (5.82002, -0.01342, 0.24954), (5.81851, -0.01961, 0.25672), (5.81690, -0.02623, 0.26349), (5.81519, -0.03324, 0.26983), (5.81339, -0.04064, 0.27569), (5.81150, -0.04838, 0.28108), (5.80953, -0.05643, 0.28595), (5.80750, -0.06477, 0.29030), (5.80541, -0.07336, 0.29410), (5.80326, -0.08216, 0.29734), (5.80107, -0.09115, 0.30001), (5.79884, -0.10028, 0.30210), (5.79659, -0.10952, 0.30360), (5.79431, -0.11884, 0.30450), (5.20071, 0.07665, 0.30450), (5.20509, 0.08524, 0.30480), (5.19634, 0.06810, 0.30360), (5.19202, 0.05961, 0.30210), (5.18774, 0.05122, 0.30001), (5.18353, 0.04297, 0.29734), (5.17941, 0.03488, 0.29410), (5.17539, 0.02700, 0.29030), (5.17148, 0.01934, 0.28595), (5.16771, 0.01194, 0.28108), (5.16409, 0.00484, 0.27569), (5.16063, -0.00196, 0.26983), (5.15734, -0.00840, 0.26349), (5.15424, -0.01448, 0.25672), (5.15135, -0.02016, 0.24954), (5.14866, -0.02543, 0.24198), (5.14620, -0.03026, 0.23406), (5.14397, -0.03463, 0.22582), (5.14198, -0.03854, 0.21729), (5.14024, -0.04195, 0.20850), (5.13875, -0.04486, 0.19949), (5.13753, -0.04726, 0.19030), (5.13657, -0.04913, 0.18096), (5.13589, -0.05048, 0.17150), (5.13548, -0.05129, 0.16197), (5.13534, -0.05156, 0.15240), (5.13548, -0.05129, 0.14283), (5.13589, -0.05048, 0.13330), (5.13657, -0.04913, 0.12384), (5.13753, -0.04726, 0.11450), (5.13875, -0.04486, 0.10531), (5.14024, -0.04195, 0.09630), (5.14198, -0.03854, 0.08751), (5.14397, -0.03463, 0.07898), (5.14620, -0.03026, 0.07074), (5.14866, -0.02543, 0.06282), (5.15135, -0.02016, 0.05526), (5.15424, -0.01448, 0.04807), (5.15734, -0.00840, 0.04131), (5.16063, -0.00196, 0.03497), (5.16409, 0.00484, 0.02911), (5.16771, 0.01194, 0.02372), (5.17148, 0.01934, 0.01885), (5.17539, 0.02700, 0.01450), (5.17941, 0.03488, 0.01070), (5.18353, 0.04297, 0.00746), (5.18774, 0.05122, 0.00479), (5.19202, 0.05961, 0.00270), (5.19634, 0.06810, 0.00120), (5.20071, 0.07665, 0.00030), (5.20509, 0.08524, 0.00000), (5.20947, 0.09383, 0.00030), (5.21383, 0.10239, 0.00120), (5.21816, 0.11088, 0.00270), (5.22243, 0.11927, 0.00479), (5.22664, 0.12752, 0.00746), (5.23076, 0.13560, 0.01070), (5.23478, 0.14349, 0.01450), (5.23869, 0.15115, 0.01885), (5.24246, 0.15855, 0.02372), (5.24608, 0.16565, 0.02911), (5.24955, 0.17244, 0.03497), (5.25283, 0.17889, 0.04131), (5.25593, 0.18497, 0.04807), (5.25883, 0.19065, 0.05526), (5.26151, 0.19592, 0.06282), (5.26398, 0.20075, 0.07074), (5.26621, 0.20512, 0.07898), (5.26820, 0.20903, 0.08751), (5.26994, 0.21244, 0.09630), (5.27142, 0.21535, 0.10531), (5.27264, 0.21775, 0.11450), (5.27360, 0.21962, 0.12384), (5.27428, 0.22097, 0.13330), (5.27470, 0.22178, 0.14283), (5.27483, 0.22205, 0.15240), (5.27470, 0.22178, 0.16197), (5.27428, 0.22097, 0.17150), (5.27360, 0.21962, 0.18096), (5.27264, 0.21775, 0.19030), (5.27142, 0.21535, 0.19949), (5.26994, 0.21244, 0.20850), (5.26820, 0.20903, 0.21729), (5.26621, 0.20512, 0.22582), (5.26398, 0.20075, 0.23406), (5.26151, 0.19592, 0.24198), (5.25883, 0.19065, 0.24954), (5.25593, 0.18497, 0.25672), (5.25283, 0.17889, 0.26349), (5.24955, 0.17244, 0.26983), (5.24608, 0.16565, 0.27569), (5.24246, 0.15855, 0.28108), (5.23869, 0.15115, 0.28595), (5.23478, 0.14349, 0.29030), (5.23076, 0.13560, 0.29410), (5.22664, 0.12752, 0.29734), (5.22243, 0.11927, 0.30001), (5.21816, 0.11088, 0.30210), (5.21383, 0.10239, 0.30360), (5.20947, 0.09383, 0.30450), (4.21289, 0.74410, 0.30450), (4.21795, 0.75223, 0.30480), (4.20785, 0.73600, 0.30360), (4.20285, 0.72797, 0.30210), (4.19791, 0.72003, 0.30001), (4.19305, 0.71222, 0.29734), (4.18829, 0.70456, 0.29410), (4.18364, 0.69710, 0.29030), (4.17913, 0.68985, 0.28595), (4.17477, 0.68285, 0.28108), (4.17059, 0.67612, 0.27569), (4.16659, 0.66969, 0.26983), (4.16279, 0.66359, 0.26349), (4.15921, 0.65784, 0.25672), (4.15586, 0.65246, 0.24954), (4.15276, 0.64748, 0.24198), (4.14992, 0.64290, 0.23406), (4.14734, 0.63876, 0.22582), (4.14504, 0.63507, 0.21729), (4.14303, 0.63184, 0.20850), (4.14131, 0.62908, 0.19949), (4.13990, 0.62681, 0.19030), (4.13880, 0.62504, 0.18096), (4.13801, 0.62377, 0.17150), (4.13753, 0.62300, 0.16197), (4.13737, 0.62275, 0.15240), (4.13753, 0.62300, 0.14283), (4.13801, 0.62377, 0.13330), (4.13880, 0.62504, 0.12384), (4.13990, 0.62681, 0.11450), (4.14131, 0.62908, 0.10531), (4.14303, 0.63184, 0.09630), (4.14504, 0.63507, 0.08751), (4.14734, 0.63876, 0.07898), (4.14992, 0.64290, 0.07074), (4.15276, 0.64748, 0.06282), (4.15586, 0.65246, 0.05526), (4.15921, 0.65784, 0.04807), (4.16279, 0.66359, 0.04131), (4.16659, 0.66969, 0.03497), (4.17059, 0.67612, 0.02911), (4.17477, 0.68285, 0.02372), (4.17913, 0.68985, 0.01885), (4.18364, 0.69710, 0.01450), (4.18829, 0.70456, 0.01070), (4.19305, 0.71222, 0.00746), (4.19791, 0.72003, 0.00479), (4.20285, 0.72797, 0.00270), (4.20785, 0.73600, 0.00120), (4.21289, 0.74410, 0.00030), (4.21795, 0.75223, 0.00000), (4.22301, 0.76036, 0.00030), (4.22805, 0.76846, 0.00120), (4.23305, 0.77649, 0.00270), (4.23799, 0.78443, 0.00479), (4.24285, 0.79224, 0.00746), (4.24761, 0.79989, 0.01070), (4.25226, 0.80736, 0.01450), (4.25677, 0.81461, 0.01885), (4.26113, 0.82161, 0.02372), (4.26532, 0.82833, 0.02911), (4.26931, 0.83476, 0.03497), (4.27311, 0.84086, 0.04131), (4.27669, 0.84662, 0.04807), (4.28004, 0.85199, 0.05526), (4.28314, 0.85698, 0.06282), (4.28599, 0.86155, 0.07074), (4.28857, 0.86569, 0.07898), (4.29086, 0.86939, 0.08751), (4.29287, 0.87262, 0.09630), (4.29459, 0.87537, 0.10531), (4.29600, 0.87764, 0.11450), (4.29710, 0.87941, 0.12384), (4.29790, 0.88069, 0.13330), (4.29837, 0.88145, 0.14283), (4.29853, 0.88171, 0.15240), (4.29837, 0.88145, 0.16197), (4.29790, 0.88069, 0.17150), (4.29710, 0.87941, 0.18096), (4.29600, 0.87764, 0.19030), (4.29459, 0.87537, 0.19949), (4.29287, 0.87262, 0.20850), (4.29086, 0.86939, 0.21729), (4.28857, 0.86569, 0.22582), (4.28599, 0.86155, 0.23406), (4.28314, 0.85698, 0.24198), (4.28004, 0.85199, 0.24954), (4.27669, 0.84662, 0.25672), (4.27311, 0.84086, 0.26349), (4.26931, 0.83476, 0.26983), (4.26532, 0.82833, 0.27569), (4.26113, 0.82161, 0.28108), (4.25677, 0.81461, 0.28595), (4.25226, 0.80736, 0.29030), (4.24761, 0.79989, 0.29410), (4.24285, 0.79224, 0.29734), (4.23799, 0.78443, 0.30001), (4.23305, 0.77649, 0.30210), (4.22805, 0.76846, 0.30360), (4.22301, 0.76036, 0.30450), (4.02409, 0.85198, 0.30450), (4.03120, 0.85894, 0.30480), (4.01702, 0.84505, 0.30360), (4.01000, 0.83817, 0.30210), (4.00307, 0.83137, 0.30001), (3.99624, 0.82468, 0.29734), (3.98956, 0.81812, 0.29410), (3.98304, 0.81173, 0.29030), (3.97670, 0.80552, 0.28595), (3.97059, 0.79953, 0.28108), (3.96471, 0.79376, 0.27569), (3.95910, 0.78826, 0.26983), (3.95377, 0.78303, 0.26349), (3.94874, 0.77811, 0.25672), (3.94404, 0.77350, 0.24954), (3.93969, 0.76923, 0.24198), (3.93569, 0.76532, 0.23406), (3.93208, 0.76177, 0.22582), (3.92885, 0.75861, 0.21729), (3.92603, 0.75584, 0.20850), (3.92362, 0.75348, 0.19949), (3.92164, 0.75154, 0.19030), (3.92009, 0.75002, 0.18096), (3.91898, 0.74893, 0.17150), (3.91831, 0.74827, 0.16197), (3.91809, 0.74805, 0.15240), (3.91831, 0.74827, 0.14283), (3.91898, 0.74893, 0.13330), (3.92009, 0.75002, 0.12384), (3.92164, 0.75154, 0.11450), (3.92362, 0.75348, 0.10531), (3.92603, 0.75584, 0.09630), (3.92885, 0.75861, 0.08751), (3.93208, 0.76177, 0.07898), (3.93569, 0.76532, 0.07074), (3.93969, 0.76923, 0.06282), (3.94404, 0.77350, 0.05526), (3.94874, 0.77811, 0.04807), (3.95377, 0.78303, 0.04131), (3.95910, 0.78826, 0.03497), (3.96471, 0.79376, 0.02911), (3.97059, 0.79953, 0.02372), (3.97670, 0.80552, 0.01885), (3.98304, 0.81173, 0.01450), (3.98956, 0.81812, 0.01070), (3.99624, 0.82468, 0.00746), (4.00307, 0.83137, 0.00479), (4.01000, 0.83817, 0.00270), (4.01702, 0.84505, 0.00120), (4.02409, 0.85198, 0.00030), (4.03120, 0.85894, 0.00000), (4.03830, 0.86591, 0.00030), (4.04537, 0.87284, 0.00120), (4.05239, 0.87972, 0.00270), (4.05933, 0.88652, 0.00479), (4.06615, 0.89321, 0.00746), (4.07283, 0.89977, 0.01070), (4.07936, 0.90616, 0.01450), (4.08569, 0.91237, 0.01885), (4.09180, 0.91836, 0.02372), (4.09768, 0.92413, 0.02911), (4.10330, 0.92963, 0.03497), (4.10862, 0.93486, 0.04131), (4.11365, 0.93978, 0.04807), (4.11835, 0.94439, 0.05526), (4.12270, 0.94866, 0.06282), (4.12670, 0.95257, 0.07074), (4.13032, 0.95612, 0.07898), (4.13354, 0.95928, 0.08751), (4.13636, 0.96205, 0.09630), (4.13877, 0.96441, 0.10531), (4.14075, 0.96635, 0.11450), (4.14230, 0.96787, 0.12384), (4.14341, 0.96896, 0.13330), (4.14408, 0.96962, 0.14283), (4.14431, 0.96984, 0.15240), (4.14408, 0.96962, 0.16197), (4.14341, 0.96896, 0.17150), (4.14230, 0.96787, 0.18096), (4.14075, 0.96635, 0.19030), (4.13877, 0.96441, 0.19949), (4.13636, 0.96205, 0.20850), (4.13354, 0.95928, 0.21729), (4.13032, 0.95612, 0.22582), (4.12670, 0.95257, 0.23406), (4.12270, 0.94866, 0.24198), (4.11835, 0.94439, 0.24954), (4.11365, 0.93978, 0.25672), (4.10862, 0.93486, 0.26349), (4.10330, 0.92963, 0.26983), (4.09768, 0.92413, 0.27569), (4.09180, 0.91836, 0.28108), (4.08569, 0.91237, 0.28595), (4.07936, 0.90616, 0.29030), (4.07283, 0.89977, 0.29410), (4.06615, 0.89321, 0.29734), (4.05933, 0.88652, 0.30001), (4.05239, 0.87972, 0.30210), (4.04537, 0.87284, 0.30360), (4.03830, 0.86591, 0.30450), (3.86218, 1.14882, 0.30450), (3.85328, 1.14523, 0.30360), (3.84445, 1.14168, 0.30210), (3.83572, 1.13816, 0.30001), (3.82714, 1.13471, 0.29734), (3.81872, 1.13132, 0.29410), (3.81052, 1.12801, 0.29030), (3.80255, 1.12481, 0.28595), (3.79485, 1.12171, 0.28108), (3.78746, 1.11873, 0.27569), (3.78039, 1.11588, 0.26983), (3.77368, 1.11318, 0.26349), (3.76736, 1.11064, 0.25672), (3.76145, 1.10826, 0.24954), (3.75597, 1.10605, 0.24198), (3.75094, 1.10403, 0.23406), (3.74639, 1.10219, 0.22582), (3.74233, 1.10056, 0.21729), (3.73878, 1.09913, 0.20850), (3.73575, 1.09791, 0.19949), (3.73326, 1.09690, 0.19030), (3.73131, 1.09612, 0.18096), (3.72991, 1.09556, 0.17150), (3.72907, 1.09522, 0.16197), (3.72878, 1.09510, 0.15240), (3.72907, 1.09522, 0.14283), (3.72991, 1.09556, 0.13330), (3.73131, 1.09612, 0.12384), (3.73326, 1.09690, 0.11450), (3.73575, 1.09791, 0.10531), (3.73878, 1.09913, 0.09630), (3.74233, 1.10056, 0.08751), (3.74639, 1.10219, 0.07898), (3.75094, 1.10403, 0.07074), (3.75597, 1.10605, 0.06282), (3.76145, 1.10826, 0.05526), (3.76736, 1.11064, 0.04807), (3.77368, 1.11318, 0.04131), (3.78039, 1.11588, 0.03497), (3.78746, 1.11873, 0.02911), (3.79485, 1.12171, 0.02372), (3.80255, 1.12481, 0.01885), (3.81052, 1.12801, 0.01450), (3.81872, 1.13132, 0.01070), (3.82714, 1.13471, 0.00746), (3.83572, 1.13816, 0.00479), (3.84445, 1.14168, 0.00270), (3.85328, 1.14523, 0.00120), (3.86218, 1.14882, 0.00030), (3.88006, 1.15602, 0.00030), (3.88896, 1.15960, 0.00120), (3.89779, 1.16316, 0.00270), (3.90652, 1.16667, 0.00479), (3.91510, 1.17013, 0.00746), (3.92352, 1.17352, 0.01070), (3.93172, 1.17682, 0.01450), (3.93969, 1.18003, 0.01885), (3.94739, 1.18313, 0.02372), (3.95478, 1.18611, 0.02911), (3.96185, 1.18895, 0.03497), (3.96855, 1.19165, 0.04131), (3.97488, 1.19420, 0.04807), (3.98079, 1.19658, 0.05526), (3.98627, 1.19878, 0.06282), (3.99130, 1.20081, 0.07074), (3.99585, 1.20264, 0.07898), (3.99991, 1.20428, 0.08751), (4.00346, 1.20571, 0.09630), (4.00649, 1.20693, 0.10531), (4.00898, 1.20793, 0.11450), (4.01093, 1.20872, 0.12384), (4.01233, 1.20928, 0.13330), (4.01318, 1.20962, 0.14283), (4.01346, 1.20973, 0.15240), (4.01318, 1.20962, 0.16197), (4.01233, 1.20928, 0.17150), (4.01093, 1.20872, 0.18096), (4.00898, 1.20793, 0.19030), (4.00649, 1.20693, 0.19949), (4.00346, 1.20571, 0.20850), (3.99991, 1.20428, 0.21729), (3.99585, 1.20264, 0.22582), (3.99130, 1.20081, 0.23406), (3.98627, 1.19878, 0.24198), (3.98079, 1.19658, 0.24954), (3.97488, 1.19420, 0.25672), (3.96855, 1.19165, 0.26349), (3.96185, 1.18895, 0.26983), (3.95478, 1.18611, 0.27569), (3.94739, 1.18313, 0.28108), (3.93969, 1.18003, 0.28595), (3.93172, 1.17682, 0.29030), (3.92352, 1.17352, 0.29410), (3.91510, 1.17013, 0.29734), (3.90652, 1.16667, 0.30001), (3.89779, 1.16316, 0.30210), (3.88896, 1.15960, 0.30360), (3.88006, 1.15602, 0.30450), (3.70147, 1.73808, 0.30450), (3.71104, 1.73936, 0.30480), (3.69194, 1.73680, 0.30360), (3.68249, 1.73554, 0.30210), (3.67314, 1.73429, 0.30001), (3.66395, 1.73306, 0.29734), (3.65494, 1.73185, 0.29410), (3.64615, 1.73067, 0.29030), (3.63762, 1.72953, 0.28595), (3.62938, 1.72843, 0.28108), (3.62147, 1.72737, 0.27569), (3.61390, 1.72635, 0.26983), (3.60672, 1.72539, 0.26349), (3.59995, 1.72449, 0.25672), (3.59362, 1.72364, 0.24954), (3.58775, 1.72285, 0.24198), (3.58237, 1.72213, 0.23406), (3.57749, 1.72148, 0.22582), (3.57315, 1.72090, 0.21729), (3.56935, 1.72039, 0.20850), (3.56610, 1.71995, 0.19949), (3.56343, 1.71959, 0.19030), (3.56134, 1.71931, 0.18096), (3.55985, 1.71911, 0.17150), (3.55895, 1.71899, 0.16197), (3.72742, 1.10013, 0.15240), (3.55864, 1.71895, 0.15240), (3.55895, 1.71899, 0.14283), (3.55985, 1.71911, 0.13330), (3.56134, 1.71931, 0.12384), (3.56343, 1.71959, 0.11450), (3.56610, 1.71995, 0.10531), (3.56935, 1.72039, 0.09630), (3.57315, 1.72090, 0.08751), (3.57749, 1.72148, 0.07898), (3.58237, 1.72213, 0.07074), (3.58775, 1.72285, 0.06282), (3.59362, 1.72364, 0.05526), (3.59995, 1.72449, 0.04807), (3.60672, 1.72539, 0.04131), (3.61390, 1.72635, 0.03497), (3.62147, 1.72737, 0.02911), (3.62938, 1.72843, 0.02372), (3.63762, 1.72953, 0.01885), (3.64615, 1.73067, 0.01450), (3.65494, 1.73185, 0.01070), (3.66395, 1.73306, 0.00746), (3.67314, 1.73429, 0.00479), (3.68249, 1.73554, 0.00270), (3.69194, 1.73680, 0.00120), (3.70147, 1.73808, 0.00030), (3.71104, 1.73936, 0.00000), (3.72061, 1.74064, 0.00030), (3.73014, 1.74192, 0.00120), (3.73960, 1.74319, 0.00270), (3.74894, 1.74444, 0.00479), (3.75814, 1.74567, 0.00746), (3.76715, 1.74687, 0.01070), (3.77593, 1.74805, 0.01450), (3.78446, 1.74920, 0.01885), (3.79270, 1.75030, 0.02372), (3.80062, 1.75136, 0.02911), (3.80819, 1.75237, 0.03497), (3.81537, 1.75333, 0.04131), (3.82214, 1.75424, 0.04807), (3.82847, 1.75509, 0.05526), (3.83434, 1.75587, 0.06282), (3.83972, 1.75659, 0.07074), (3.84459, 1.75725, 0.07898), (3.84894, 1.75783, 0.08751), (3.85274, 1.75834, 0.09630), (3.85598, 1.75877, 0.10531), (3.85866, 1.75913, 0.11450), (3.86075, 1.75941, 0.12384), (3.86224, 1.75961, 0.13330), (3.86314, 1.75973, 0.14283), (3.86344, 1.75977, 0.15240), (3.86314, 1.75973, 0.16197), (3.86224, 1.75961, 0.17150), (3.86075, 1.75941, 0.18096), (3.85866, 1.75913, 0.19030), (3.85598, 1.75877, 0.19949), (3.85274, 1.75834, 0.20850), (3.84894, 1.75783, 0.21729), (3.84459, 1.75725, 0.22582), (3.83972, 1.75659, 0.23406), (3.83434, 1.75587, 0.24198), (3.82847, 1.75509, 0.24954), (3.82214, 1.75424, 0.25672), (3.81537, 1.75333, 0.26349), (3.80819, 1.75237, 0.26983), (3.80062, 1.75136, 0.27569), (3.79270, 1.75030, 0.28108), (3.78446, 1.74920, 0.28595), (3.77593, 1.74805, 0.29030), (3.76715, 1.74687, 0.29410), (3.75814, 1.74567, 0.29734), (3.74894, 1.74444, 0.30001), (3.73960, 1.74319, 0.30210), (3.73014, 1.74192, 0.30360), (3.72061, 1.74064, 0.30450), (3.70147, 2.30241, 0.30450), (3.71104, 2.29963, 0.30480), (3.69194, 2.30519, 0.30360), (3.68249, 2.30794, 0.30210), (3.67314, 2.31067, 0.30001), (3.66395, 2.31334, 0.29734), (3.65494, 2.31596, 0.29410), (3.64615, 2.31852, 0.29030), (3.63762, 2.32101, 0.28595), (3.62938, 2.32341, 0.28108), (3.62147, 2.32571, 0.27569), (3.61390, 2.32792, 0.26983), (3.60672, 2.33001, 0.26349), (3.59995, 2.33198, 0.25672), (3.59362, 2.33382, 0.24954), (3.58775, 2.33553, 0.24198), (3.58237, 2.33710, 0.23406), (3.57749, 2.33852, 0.22582), (3.57315, 2.33978, 0.21729), (3.56935, 2.34089, 0.20850), (3.56610, 2.34184, 0.19949), (3.56343, 2.34261, 0.19030), (3.56134, 2.34322, 0.18096), (3.55985, 2.34366, 0.17150), (3.55895, 2.34392, 0.16197), (3.55864, 2.34401, 0.15240), (3.55895, 2.34392, 0.14283), (3.55985, 2.34366, 0.13330), (3.56134, 2.34322, 0.12384), (3.56343, 2.34261, 0.11450), (3.56610, 2.34184, 0.10531), (3.56935, 2.34089, 0.09630), (3.57315, 2.33978, 0.08751), (3.57749, 2.33852, 0.07898), (3.58237, 2.33710, 0.07074), (3.58775, 2.33553, 0.06282), (3.59362, 2.33382, 0.05526), (3.59995, 2.33198, 0.04807), (3.60672, 2.33001, 0.04131), (3.61390, 2.32792, 0.03497), (3.62147, 2.32571, 0.02911), (3.62938, 2.32341, 0.02372), (3.63762, 2.32101, 0.01885), (3.64615, 2.31852, 0.01450), (3.65494, 2.31596, 0.01070), (3.66395, 2.31334, 0.00746), (3.67314, 2.31067, 0.00479), (3.68249, 2.30794, 0.00270), (3.69194, 2.30519, 0.00120), (3.70147, 2.30241, 0.00030), (3.71104, 2.29963, 0.00000), (3.72061, 2.29684, 0.00030), (3.73014, 2.29407, 0.00120), (3.73960, 2.29131, 0.00270), (3.74894, 2.28859, 0.00479), (3.75814, 2.28591, 0.00746), (3.76715, 2.28329, 0.01070), (3.77593, 2.28073, 0.01450), (3.78446, 2.27825, 0.01885), (3.79270, 2.27585, 0.02372), (3.80062, 2.27354, 0.02911), (3.80819, 2.27134, 0.03497), (3.81537, 2.26925, 0.04131), (3.82214, 2.26728, 0.04807), (3.82847, 2.26543, 0.05526), (3.83434, 2.26372, 0.06282), (3.83972, 2.26216, 0.07074), (3.84459, 2.26074, 0.07898), (3.84894, 2.25947, 0.08751), (3.85274, 2.25837, 0.09630), (3.85598, 2.25742, 0.10531), (3.85866, 2.25664, 0.11450), (3.86075, 2.25603, 0.12384), (3.86224, 2.25560, 0.13330), (3.86314, 2.25534, 0.14283), (3.86344, 2.25525, 0.15240), (3.86314, 2.25534, 0.16197), (3.86224, 2.25560, 0.17150), (3.86075, 2.25603, 0.18096), (3.85866, 2.25664, 0.19030), (3.85598, 2.25742, 0.19949), (3.85274, 2.25837, 0.20850), (3.84894, 2.25947, 0.21729), (3.84459, 2.26074, 0.22582), (3.83972, 2.26216, 0.23406), (3.83434, 2.26372, 0.24198), (3.82847, 2.26543, 0.24954), (3.82214, 2.26728, 0.25672), (3.81537, 2.26925, 0.26349), (3.80819, 2.27134, 0.26983), (3.80062, 2.27354, 0.27569), (3.79270, 2.27585, 0.28108), (3.78446, 2.27825, 0.28595), (3.77593, 2.28073, 0.29030), (3.76715, 2.28329, 0.29410), (3.75814, 2.28591, 0.29734), (3.74894, 2.28859, 0.30001), (3.73960, 2.29131, 0.30210), (3.73014, 2.29407, 0.30360), (3.72061, 2.29684, 0.30450), (4.07742, 2.89318, 0.30450), (4.08455, 2.88657, 0.30480), (4.07031, 2.89976, 0.30360), (4.06326, 2.90630, 0.30210), (4.05629, 2.91275, 0.30001), (4.04943, 2.91910, 0.29734), (4.04271, 2.92532, 0.29410), (4.03616, 2.93139, 0.29030), (4.02980, 2.93728, 0.28595), (4.02365, 2.94297, 0.28108), (4.01775, 2.94844, 0.27569), (4.01211, 2.95366, 0.26983), (4.00675, 2.95862, 0.26349), (4.00170, 2.96330, 0.25672), (3.99698, 2.96767, 0.24954), (3.99260, 2.97173, 0.24198), (3.98859, 2.97544, 0.23406), (3.98495, 2.97881, 0.22582), (3.98171, 2.98181, 0.21729), (3.97887, 2.98444, 0.20850), (3.97646, 2.98668, 0.19949), (3.97446, 2.98852, 0.19030), (3.97291, 2.98996, 0.18096), (3.97179, 2.99100, 0.17150), (3.97112, 2.99162, 0.16197), (3.97089, 2.99183, 0.15240), (3.97112, 2.99162, 0.14283), (3.97179, 2.99100, 0.13330), (3.97291, 2.98996, 0.12384), (3.97446, 2.98852, 0.11450), (3.97646, 2.98668, 0.10531), (3.97887, 2.98444, 0.09630), (3.98171, 2.98181, 0.08751), (3.98495, 2.97881, 0.07898), (3.98859, 2.97544, 0.07074), (3.99260, 2.97173, 0.06282), (3.99698, 2.96767, 0.05526), (4.00170, 2.96330, 0.04807), (4.00675, 2.95862, 0.04131), (4.01211, 2.95366, 0.03497), (4.01775, 2.94844, 0.02911), (4.02365, 2.94297, 0.02372), (4.02980, 2.93728, 0.01885), (4.03616, 2.93139, 0.01450), (4.04271, 2.92532, 0.01070), (4.04943, 2.91910, 0.00746), (4.05629, 2.91275, 0.00479), (4.06326, 2.90630, 0.00270), (4.07031, 2.89976, 0.00120), (4.07742, 2.89318, 0.00030), (4.08455, 2.88657, 0.00000), (4.09169, 2.87996, 0.00030), (4.09880, 2.87338, 0.00120), (4.10585, 2.86685, 0.00270), (4.11282, 2.86040, 0.00479), (4.11968, 2.85405, 0.00746), (4.12640, 2.84783, 0.01070), (4.13295, 2.84176, 0.01450), (4.13931, 2.83587, 0.01885), (4.14546, 2.83018, 0.02372), (4.15136, 2.82471, 0.02911), (4.15700, 2.81948, 0.03497), (4.16236, 2.81452, 0.04131), (4.16741, 2.80985, 0.04807), (4.17213, 2.80547, 0.05526), (4.17651, 2.80142, 0.06282), (4.18052, 2.79770, 0.07074), (4.18416, 2.79434, 0.07898), (4.18740, 2.79134, 0.08751), (4.19024, 2.78871, 0.09630), (4.19265, 2.78647, 0.10531), (4.19465, 2.78463, 0.11450), (4.19620, 2.78318, 0.12384), (4.19732, 2.78215, 0.13330), (4.19799, 2.78153, 0.14283), (4.19822, 2.78132, 0.15240), (4.19799, 2.78153, 0.16197), (4.19732, 2.78215, 0.17150), (4.19620, 2.78318, 0.18096), (4.19465, 2.78463, 0.19030), (4.19265, 2.78647, 0.19949), (4.19024, 2.78871, 0.20850), (4.18740, 2.79134, 0.21729), (4.18416, 2.79434, 0.22582), (4.18052, 2.79770, 0.23406), (4.17651, 2.80142, 0.24198), (4.17213, 2.80547, 0.24954), (4.16741, 2.80985, 0.25672), (4.16236, 2.81452, 0.26349), (4.15700, 2.81948, 0.26983), (4.15136, 2.82471, 0.27569), (4.14546, 2.83018, 0.28108), (4.13931, 2.83587, 0.28595), (4.13295, 2.84176, 0.29030), (4.12640, 2.84783, 0.29410), (4.11968, 2.85405, 0.29734), (4.11282, 2.86040, 0.30001), (4.10585, 2.86685, 0.30210), (4.09880, 2.87338, 0.30360), (4.09169, 2.87996, 0.30450), (4.61309, 3.29494, 0.30450), (4.61814, 3.28676, 0.30480), (4.60806, 3.30308, 0.30360), (4.60307, 3.31115, 0.30210), (4.59814, 3.31913, 0.30001), (4.59328, 3.32699, 0.29734), (4.58853, 3.33468, 0.29410), (4.58389, 3.34219, 0.29030), (4.57939, 3.34947, 0.28595), (4.57504, 3.35651, 0.28108), (4.57086, 3.36327, 0.27569), (4.56686, 3.36973, 0.26983), (4.56307, 3.37587, 0.26349), (4.55950, 3.38165, 0.25672), (4.55616, 3.38706, 0.24954), (4.55306, 3.39207, 0.24198), (4.55022, 3.39667, 0.23406), (4.54765, 3.40083, 0.22582), (4.54535, 3.40454, 0.21729), (4.54334, 3.40779, 0.20850), (4.54163, 3.41056, 0.19949), (4.54022, 3.41284, 0.19030), (4.53912, 3.41462, 0.18096), (4.53833, 3.41590, 0.17150), (4.53785, 3.41667, 0.16197), (4.53769, 3.41693, 0.15240), (4.53785, 3.41667, 0.14283), (4.53833, 3.41590, 0.13330), (4.53912, 3.41462, 0.12384), (4.54022, 3.41284, 0.11450), (4.54163, 3.41056, 0.10531), (4.54334, 3.40779, 0.09630), (4.54535, 3.40454, 0.08751), (4.54765, 3.40083, 0.07898), (4.55022, 3.39667, 0.07074), (4.55306, 3.39207, 0.06282), (4.55616, 3.38706, 0.05526), (4.55950, 3.38165, 0.04807), (4.56307, 3.37587, 0.04131), (4.56686, 3.36973, 0.03497), (4.57086, 3.36327, 0.02911), (4.57504, 3.35651, 0.02372), (4.57939, 3.34947, 0.01885), (4.58389, 3.34219, 0.01450), (4.58853, 3.33468, 0.01070), (4.59328, 3.32699, 0.00746), (4.59814, 3.31913, 0.00479), (4.60307, 3.31115, 0.00270), (4.60806, 3.30308, 0.00120), (4.61309, 3.29494, 0.00030), (4.61814, 3.28676, 0.00000), (4.62319, 3.27859, 0.00030), (4.62822, 3.27045, 0.00120), (4.63321, 3.26237, 0.00270), (4.63815, 3.25439, 0.00479), (4.64300, 3.24654, 0.00746), (4.64776, 3.23885, 0.01070), (4.65239, 3.23134, 0.01450), (4.65690, 3.22405, 0.01885), (4.66125, 3.21702, 0.02372), (4.66543, 3.21025, 0.02911), (4.66942, 3.20379, 0.03497), (4.67321, 3.19766, 0.04131), (4.67678, 3.19188, 0.04807), (4.68013, 3.18647, 0.05526), (4.68322, 3.18146, 0.06282), (4.68606, 3.17686, 0.07074), (4.68864, 3.17270, 0.07898), (4.69093, 3.16899, 0.08751), (4.69294, 3.16574, 0.09630), (4.69465, 3.16297, 0.10531), (4.69606, 3.16069, 0.11450), (4.69716, 3.15890, 0.12384), (4.69795, 3.15762, 0.13330), (4.69843, 3.15686, 0.14283), (4.69859, 3.15660, 0.15240), (4.69843, 3.15686, 0.16197), (4.69795, 3.15762, 0.17150), (4.69716, 3.15890, 0.18096), (4.69606, 3.16069, 0.19030), (4.69465, 3.16297, 0.19949), (4.69294, 3.16574, 0.20850), (4.69093, 3.16899, 0.21729), (4.68864, 3.17270, 0.22582), (4.68606, 3.17686, 0.23406), (4.68322, 3.18146, 0.24198), (4.68013, 3.18647, 0.24954), (4.67678, 3.19188, 0.25672), (4.67321, 3.19766, 0.26349), (4.66942, 3.20379, 0.26983), (4.66543, 3.21025, 0.27569), (4.66125, 3.21702, 0.28108), (4.65690, 3.22405, 0.28595), (4.65239, 3.23134, 0.29030), (4.64776, 3.23885, 0.29410), (4.64300, 3.24654, 0.29734), (4.63815, 3.25439, 0.30001), (4.63321, 3.26237, 0.30210), (4.62822, 3.27045, 0.30360), (4.62319, 3.27859, 0.30450), (5.14770, 3.56224, 0.30450), (5.15173, 3.55356, 0.30480), (5.14369, 3.57089, 0.30360), (5.13971, 3.57947, 0.30210), (5.13577, 3.58795, 0.30001), (5.13190, 3.59630, 0.29734), (5.12811, 3.60447, 0.29410), (5.12441, 3.61245, 0.29030), (5.12082, 3.62019, 0.28595), (5.11735, 3.62767, 0.28108), (5.11402, 3.63485, 0.27569), (5.11084, 3.64172, 0.26983), (5.10781, 3.64824, 0.26349), (5.10496, 3.65438, 0.25672), (5.10230, 3.66013, 0.24954), (5.09983, 3.66545, 0.24198), (5.09756, 3.67034, 0.23406), (5.09551, 3.67476, 0.22582), (5.09368, 3.67871, 0.21729), (5.09208, 3.68216, 0.20850), (5.09072, 3.68510, 0.19949), (5.08959, 3.68752, 0.19030), (5.08871, 3.68942, 0.18096), (5.08808, 3.69078, 0.17150), (5.08770, 3.69160, 0.16197), (5.08758, 3.69187, 0.15240), (5.08770, 3.69160, 0.14283), (5.08808, 3.69078, 0.13330), (5.08871, 3.68942, 0.12384), (5.08959, 3.68752, 0.11450), (5.09072, 3.68510, 0.10531), (5.09208, 3.68216, 0.09630), (5.09368, 3.67871, 0.08751), (5.09551, 3.67476, 0.07898), (5.09756, 3.67034, 0.07074), (5.09983, 3.66545, 0.06282), (5.10230, 3.66013, 0.05526), (5.10496, 3.65438, 0.04807), (5.10781, 3.64824, 0.04131), (5.11084, 3.64172, 0.03497), (5.11402, 3.63485, 0.02911), (5.11735, 3.62767, 0.02372), (5.12082, 3.62019, 0.01885), (5.12441, 3.61245, 0.01450), (5.12811, 3.60447, 0.01070), (5.13190, 3.59630, 0.00746), (5.13577, 3.58795, 0.00479), (5.13971, 3.57947, 0.00270), (5.14369, 3.57089, 0.00120), (5.14770, 3.56224, 0.00030), (5.15173, 3.55356, 0.00000), (5.15576, 3.54487, 0.00030), (5.15977, 3.53622, 0.00120), (5.16375, 3.52764, 0.00270), (5.16768, 3.51916, 0.00479), (5.17155, 3.51082, 0.00746), (5.17534, 3.50264, 0.01070), (5.17904, 3.49466, 0.01450), (5.18263, 3.48692, 0.01885), (5.18610, 3.47944, 0.02372), (5.18943, 3.47226, 0.02911), (5.19262, 3.46539, 0.03497), (5.19564, 3.45887, 0.04131), (5.19849, 3.45273, 0.04807), (5.20116, 3.44698, 0.05526), (5.20363, 3.44166, 0.06282), (5.20589, 3.43677, 0.07074), (5.20794, 3.43235, 0.07898), (5.20977, 3.42841, 0.08751), (5.21137, 3.42496, 0.09630), (5.21274, 3.42201, 0.10531), (5.21386, 3.41959, 0.11450), (5.21474, 3.41769, 0.12384), (5.21537, 3.41633, 0.13330), (5.21575, 3.41552, 0.14283), (5.21588, 3.41524, 0.15240), (5.21575, 3.41552, 0.16197), (5.21537, 3.41633, 0.17150), (5.21474, 3.41769, 0.18096), (5.21386, 3.41959, 0.19030), (5.21274, 3.42201, 0.19949), (5.21137, 3.42496, 0.20850), (5.20977, 3.42841, 0.21729), (5.20794, 3.43235, 0.22582), (5.20589, 3.43677, 0.23406), (5.20363, 3.44166, 0.24198), (5.20116, 3.44698, 0.24954), (5.19849, 3.45273, 0.25672), (5.19564, 3.45887, 0.26349), (5.19262, 3.46539, 0.26983), (5.18943, 3.47226, 0.27569), (5.18610, 3.47944, 0.28108), (5.18263, 3.48692, 0.28595), (5.17904, 3.49466, 0.29030), (5.17534, 3.50264, 0.29410), (5.17155, 3.51082, 0.29734), (5.16768, 3.51916, 0.30001), (5.16375, 3.52764, 0.30210), (5.15977, 3.53622, 0.30360), (5.15576, 3.54487, 0.30450), (5.70918, 3.80288, 0.30450), (5.71199, 3.79367, 0.30480), (5.70638, 3.81204, 0.30360), (5.70360, 3.82114, 0.30210), (5.70085, 3.83013, 0.30001), (5.69815, 3.83897, 0.29734), (5.69550, 3.84764, 0.29410), (5.69292, 3.85609, 0.29030), (5.69041, 3.86430, 0.28595), (5.68799, 3.87223, 0.28108), (5.68566, 3.87984, 0.27569), (5.68344, 3.88712, 0.26983), (5.68133, 3.89403, 0.26349), (5.67934, 3.90054, 0.25672), (5.67748, 3.90663, 0.24954), (5.67575, 3.91228, 0.24198), (5.67417, 3.91745, 0.23406), (5.67274, 3.92214, 0.22582), (5.67146, 3.92632, 0.21729), (5.67034, 3.92998, 0.20850), (5.66939, 3.93310, 0.19949), (5.66860, 3.93567, 0.19030), (5.66799, 3.93768, 0.18096), (5.66755, 3.93912, 0.17150), (5.66728, 3.93999, 0.16197), (5.66720, 3.94028, 0.15240), (5.66728, 3.93999, 0.14283), (5.66755, 3.93912, 0.13330), (5.66799, 3.93768, 0.12384), (5.66860, 3.93567, 0.11450), (5.66939, 3.93310, 0.10531), (5.67034, 3.92998, 0.09630), (5.67146, 3.92632, 0.08751), (5.67274, 3.92214, 0.07898), (5.67417, 3.91745, 0.07074), (5.67575, 3.91228, 0.06282), (5.67748, 3.90663, 0.05526), (5.67934, 3.90054, 0.04807), (5.68133, 3.89403, 0.04131), (5.68344, 3.88712, 0.03497), (5.68566, 3.87984, 0.02911), (5.68799, 3.87223, 0.02372), (5.69041, 3.86430, 0.01885), (5.69292, 3.85609, 0.01450), (5.69550, 3.84764, 0.01070), (5.69815, 3.83897, 0.00746), (5.70085, 3.83013, 0.00479), (5.70360, 3.82114, 0.00270), (5.70638, 3.81204, 0.00120), (5.70918, 3.80288, 0.00030), (5.71199, 3.79367, 0.00000), (5.71481, 3.78446, 0.00030), (5.71761, 3.77529, 0.00120), (5.72039, 3.76620, 0.00270), (5.72313, 3.75721, 0.00479), (5.72584, 3.74837, 0.00746), (5.72848, 3.73970, 0.01070), (5.73107, 3.73125, 0.01450), (5.73358, 3.72304, 0.01885), (5.73600, 3.71511, 0.02372), (5.73832, 3.70750, 0.02911), (5.74055, 3.70022, 0.03497), (5.74266, 3.69331, 0.04131), (5.74465, 3.68680, 0.04807), (5.74651, 3.68071, 0.05526), (5.74824, 3.67506, 0.06282), (5.74982, 3.66989, 0.07074), (5.75125, 3.66520, 0.07898), (5.75253, 3.66102, 0.08751), (5.75364, 3.65736, 0.09630), (5.75460, 3.65424, 0.10531), (5.75538, 3.65167, 0.11450), (5.75600, 3.64966, 0.12384), (5.75644, 3.64822, 0.13330), (5.75670, 3.64735, 0.14283), (5.75679, 3.64706, 0.15240), (5.75670, 3.64735, 0.16197), (5.75644, 3.64822, 0.17150), (5.75600, 3.64966, 0.18096), (5.75538, 3.65167, 0.19030), (5.75460, 3.65424, 0.19949), (5.75364, 3.65736, 0.20850), (5.75253, 3.66102, 0.21729), (5.75125, 3.66520, 0.22582), (5.74982, 3.66989, 0.23406), (5.74824, 3.67506, 0.24198), (5.74651, 3.68071, 0.24954), (5.74465, 3.68680, 0.25672), (5.74266, 3.69331, 0.26349), (5.74055, 3.70022, 0.26983), (5.73832, 3.70750, 0.27569), (5.73600, 3.71511, 0.28108), (5.73358, 3.72304, 0.28595), (5.73107, 3.73125, 0.29030), (5.72848, 3.73970, 0.29410), (5.72584, 3.74837, 0.29734), (5.72313, 3.75721, 0.30001), (5.72039, 3.76620, 0.30210), (5.71761, 3.77529, 0.30360), (5.71481, 3.78446, 0.30450), (6.27047, 3.90979, 0.30450), (6.27226, 3.90039, 0.30480), (6.26868, 3.91915, 0.30360), (6.26692, 3.92844, 0.30210), (6.26517, 3.93762, 0.30001), (6.26345, 3.94665, 0.29734), (6.26176, 3.95550, 0.29410), (6.26012, 3.96413, 0.29030), (6.25852, 3.97251, 0.28595), (6.25698, 3.98061, 0.28108), (6.25550, 3.98838, 0.27569), (6.25408, 3.99581, 0.26983), (6.25274, 4.00287, 0.26349), (6.25147, 4.00952, 0.25672), (6.25029, 4.01574, 0.24954), (6.24919, 4.02150, 0.24198), (6.24818, 4.02679, 0.23406), (6.24727, 4.03158, 0.22582), (6.24646, 4.03585, 0.21729), (6.24575, 4.03958, 0.20850), (6.24514, 4.04277, 0.19949), (6.24464, 4.04539, 0.19030), (6.24425, 4.04744, 0.18096), (6.24397, 4.04892, 0.17150), (6.24380, 4.04980, 0.16197), (6.24374, 4.05010, 0.15240), (6.24380, 4.04980, 0.14283), (6.24397, 4.04892, 0.13330), (6.24425, 4.04744, 0.12384), (6.24464, 4.04539, 0.11450), (6.24514, 4.04277, 0.10531), (6.24575, 4.03958, 0.09630), (6.24646, 4.03585, 0.08751), (6.24727, 4.03158, 0.07898), (6.24818, 4.02679, 0.07074), (6.24919, 4.02150, 0.06282), (6.25029, 4.01574, 0.05526), (6.25147, 4.00952, 0.04807), (6.25274, 4.00287, 0.04131), (6.25408, 3.99581, 0.03497), (6.25550, 3.98838, 0.02911), (6.25698, 3.98061, 0.02372), (6.25852, 3.97251, 0.01885), (6.26012, 3.96413, 0.01450), (6.26176, 3.95550, 0.01070), (6.26345, 3.94665, 0.00746), (6.26517, 3.93762, 0.00479), (6.26692, 3.92844, 0.00270), (6.26868, 3.91915, 0.00120), (6.27047, 3.90979, 0.00030), (6.27226, 3.90039, 0.00000), (6.27405, 3.89099, 0.00030), (6.27583, 3.88162, 0.00120), (6.27760, 3.87234, 0.00270), (6.27935, 3.86316, 0.00479), (6.28107, 3.85412, 0.00746), (6.28276, 3.84528, 0.01070), (6.28440, 3.83664, 0.01450), (6.28600, 3.82827, 0.01885), (6.28754, 3.82017, 0.02372), (6.28902, 3.81239, 0.02911), (6.29044, 3.80496, 0.03497), (6.29178, 3.79791, 0.04131), (6.29305, 3.79126, 0.04807), (6.29423, 3.78504, 0.05526), (6.29533, 3.77927, 0.06282), (6.29634, 3.77398, 0.07074), (6.29725, 3.76920, 0.07898), (6.29806, 3.76493, 0.08751), (6.29877, 3.76119, 0.09630), (6.29938, 3.75801, 0.10531), (6.29988, 3.75538, 0.11450), (6.30027, 3.75333, 0.12384), (6.30055, 3.75186, 0.13330), (6.30072, 3.75097, 0.14283), (6.30077, 3.75068, 0.15240), (6.30072, 3.75097, 0.16197), (6.30055, 3.75186, 0.17150), (6.30027, 3.75333, 0.18096), (6.29988, 3.75538, 0.19030), (6.29938, 3.75801, 0.19949), (6.29877, 3.76119, 0.20850), (6.29806, 3.76493, 0.21729), (6.29725, 3.76920, 0.22582), (6.29634, 3.77398, 0.23406), (6.29533, 3.77927, 0.24198), (6.29423, 3.78504, 0.24954), (6.29305, 3.79126, 0.25672), (6.29178, 3.79791, 0.26349), (6.29044, 3.80496, 0.26983), (6.28902, 3.81239, 0.27569), (6.28754, 3.82017, 0.28108), (6.28600, 3.82827, 0.28595), (6.28440, 3.83664, 0.29030), (6.28276, 3.84528, 0.29410), (6.28107, 3.85412, 0.29734), (6.27935, 3.86316, 0.30001), (6.27760, 3.87234, 0.30210), (6.27583, 3.88162, 0.30360), (6.27405, 3.89099, 0.30450)]
        float3[] extent = [(-12.17399, -3.30108, 0.00000), (11.88575, 6.29957, 0.30480)]
        uniform bool doubleSided = 1
        color3f[] primvars:displayColor = [(0.25, 0.25, 0.25)]
        uniform token subdivisionScheme = "none"
    }
}
